---,Pitch,StartMs,DurationMs,Hand,Role,Finger,Pressure,KeyDepth,bIsBlack,WristPosNorm,WristYawDeg,WristRollDeg
Note_000000,65,606.06,4848.48,Left,BASS,2,0.283,0.283,False,0.523,15.0,-12
Note_000001,68,606.06,4848.48,Left,INNER,1,0.339,0.339,True,0.523,15.0,-12
Note_000002,77,1212.12,2424.24,Right,INNER,1,0.283,0.283,False,0.661,15.0,0
Note_000003,80,1212.12,2424.24,Right,MELODY,2,0.339,0.339,True,0.661,15.0,0
Note_000004,73,3636.36,2424.24,Right,INNER,1,0.26,0.26,True,0.621,5.0,12
Note_000005,77,3636.36,2424.24,Right,MELODY,4,0.307,0.307,False,0.621,5.0,12
Note_000006,66,5454.54,5454.54,Left,BASS,2,0.236,0.236,True,0.534,15.0,0
Note_000007,69,5454.54,5454.54,Left,INNER,1,0.283,0.283,False,0.534,15.0,0
Note_000008,72,6060.61,606.06,Right,INNER,1,0.244,0.244,False,0.603,5.0,0
Note_000009,75,6060.61,606.06,Right,MELODY,4,0.291,0.291,True,0.603,5.0,0
Note_000010,73,6666.67,606.06,Right,INNER,1,0.213,0.213,True,0.621,5.0,12
Note_000011,77,6666.67,606.06,Right,MELODY,4,0.252,0.252,False,0.621,5.0,12
Note_000012,72,7272.73,4242.42,Right,INNER,1,0.197,0.197,False,0.603,5.0,0
Note_000013,75,7272.73,4242.42,Right,MELODY,4,0.236,0.236,True,0.603,5.0,0
Note_000014,65,10909.09,5454.54,Left,BASS,3,0.26,0.26,False,0.523,5.0,0
Note_000015,68,10909.09,5454.54,Left,INNER,2,0.307,0.307,True,0.523,5.0,0
Note_000016,70,11515.15,606.06,Right,INNER,1,0.268,0.268,True,0.58,5.0,12
Note_000017,73,11515.15,606.06,Right,MELODY,4,0.315,0.315,True,0.58,5.0,12
Note_000018,72,12121.21,606.06,Right,INNER,1,0.22,0.22,False,0.603,5.0,0
Note_000019,75,12121.21,606.06,Right,MELODY,4,0.268,0.268,True,0.603,5.0,0
Note_000020,70,12727.27,4242.42,Right,INNER,2,0.213,0.213,True,0.58,0.0,0
Note_000021,73,12727.27,909.09,Right,MELODY,4,0.252,0.252,True,0.58,0.0,0
Note_000022,77,13636.36,1818.18,Right,MELODY,5,0.362,0.362,False,0.644,-10.0,0
Note_000023,73,15454.54,1515.15,Right,MELODY,4,0.354,0.354,True,0.598,-5.0,0
Note_000024,63,16363.63,5454.54,Left,BASS,5,0.252,0.252,True,0.5,-10.0,12
Note_000025,66,16363.63,5444.44,Left,INNER,3,0.299,0.299,True,0.5,-10.0,12
Note_000026,68,16969.69,606.06,Right,INNER,1,0.22,0.22,True,0.563,5.0,12
Note_000027,72,16969.69,606.06,Right,MELODY,4,0.268,0.268,False,0.563,5.0,12
Note_000028,70,17575.75,606.06,Right,INNER,1,0.205,0.205,True,0.58,5.0,12
Note_000029,73,17575.75,606.06,Right,MELODY,4,0.244,0.244,True,0.58,5.0,12
Note_000030,68,18181.81,4242.42,Right,INNER,3,0.173,0.173,True,0.563,-5.0,0
Note_000031,72,18181.81,4242.42,Right,MELODY,4,0.213,0.213,False,0.563,-5.0,0
Note_000032,61,21818.18,3636.36,Left,BASS,2,0.244,0.244,True,0.471,15.0,-12
Note_000033,63,21818.18,3636.36,Left,INNER,1,0.291,0.291,True,0.471,15.0,-12
Note_000034,66,21818.18,3636.36,Right,MELODY,2,0.26,0.26,True,0.517,5.0,0
Note_000035,70,22424.24,606.06,Right,MELODY,4,0.307,0.307,True,0.563,-5.0,0
Note_000036,72,23030.3,606.06,Right,MELODY,5,0.283,0.283,False,0.586,-10.0,0
Note_000037,70,23636.36,606.06,Right,MELODY,4,0.283,0.283,True,0.563,-5.0,0
Note_000038,75,24242.42,606.06,Right,MELODY,5,0.307,0.307,True,0.621,-10.0,-12
Note_000039,70,24848.48,606.06,Right,MELODY,4,0.291,0.291,True,0.563,-5.0,0
Note_000040,60,25454.54,1818.18,Left,BASS,3,0.22,0.22,False,0.466,5.0,0
Note_000041,63,25454.54,1813.13,Left,INNER,2,0.26,0.26,True,0.466,5.0,0
Note_000042,66,25454.54,1818.18,Right,INNER,2,0.22,0.22,True,0.529,0.0,0
Note_000043,68,25454.54,606.06,Right,MELODY,4,0.315,0.315,True,0.529,0.0,0
Note_000044,70,26060.6,606.06,Right,MELODY,4,0.291,0.291,True,0.563,-5.0,0
Note_000045,68,26666.66,1212.12,Right,MELODY,3,0.283,0.283,True,0.54,0.0,0
Note_000046,58,27272.72,3636.36,Left,BASS,5,0.236,0.236,True,0.443,-10.0,12
Note_000047,61,27272.72,3636.36,Left,INNER,3,0.26,0.26,True,0.443,-10.0,12
Note_000048,63,27272.72,3636.36,Right,MELODY,2,0.236,0.236,True,0.483,5.0,0
Note_000049,66,27878.78,606.06,Right,MELODY,4,0.268,0.268,True,0.517,-5.0,0
Note_000050,68,28484.84,606.06,Right,MELODY,5,0.26,0.26,True,0.54,-10.0,-12
Note_000051,66,29090.9,1818.18,Right,MELODY,4,0.26,0.26,True,0.517,-5.0,0
Note_000052,57,30909.09,1818.18,Left,BASS,2,0.22,0.22,False,0.431,15.0,0
Note_000053,60,30909.09,1818.18,Left,INNER,1,0.26,0.26,False,0.431,15.0,0
Note_000054,63,30909.09,1818.18,Right,INNER,2,0.236,0.236,True,0.494,0.0,0
Note_000055,65,30909.09,2424.24,Right,MELODY,4,0.268,0.268,False,0.494,0.0,0
Note_000056,56,32727.27,3636.36,Left,BASS,3,0.22,0.22,True,0.414,5.0,0
Note_000057,58,32727.27,5449.49,Left,INNER,2,0.26,0.26,True,0.414,5.0,0
Note_000058,61,32727.27,3636.36,Right,MELODY,2,0.22,0.22,True,0.46,5.0,0
Note_000059,65,33333.33,606.06,Right,MELODY,3,0.299,0.299,False,0.506,0.0,0
Note_000060,66,33939.39,606.06,Right,MELODY,4,0.291,0.291,True,0.517,-5.0,0
Note_000061,65,34545.45,606.06,Right,MELODY,2,0.291,0.291,False,0.506,5.0,0
Note_000062,70,35151.51,606.06,Right,MELODY,4,0.307,0.307,True,0.563,-5.0,0
Note_000063,65,35757.57,606.06,Right,MELODY,3,0.291,0.291,False,0.506,0.0,0
Note_000064,54,36363.63,1818.18,Left,BASS,3,0.299,0.299,True,0.379,-0.0,0
Note_000065,63,36363.63,606.06,Right,MELODY,2,0.307,0.307,True,0.483,5.0,0
Note_000066,65,36969.69,606.06,Right,MELODY,5,0.291,0.291,False,0.506,-10.0,0
Note_000067,63,37575.75,1212.12,Right,MELODY,4,0.291,0.291,True,0.483,-5.0,0
Note_000068,53,38181.81,3636.36,Left,BASS,5,0.205,0.205,False,0.385,-10.0,0
Note_000069,56,38181.81,1813.13,Left,INNER,3,0.244,0.244,True,0.385,-10.0,0
Note_000070,58,38181.81,3636.36,Right,MELODY,2,0.22,0.22,True,0.425,5.0,0
Note_000071,61,38787.87,606.06,Right,MELODY,4,0.268,0.268,True,0.46,-5.0,0
Note_000072,63,39393.93,606.06,Right,MELODY,5,0.268,0.268,True,0.483,-10.0,-12
Note_000073,61,39999.99,1818.18,Right,MELODY,4,0.268,0.268,True,0.46,-5.0,0
Note_000074,51,41818.17,909.09,Left,BASS,2,0.181,0.181,True,0.362,15.0,-12
Note_000075,54,41818.17,1818.18,Left,INNER,1,0.22,0.22,True,0.362,15.0,-12
Note_000076,56,41818.17,1818.18,Right,INNER,3,0.173,0.173,True,0.425,-5.0,0
Note_000077,60,41818.17,1818.18,Right,MELODY,4,0.213,0.213,False,0.425,-5.0,0
Note_000078,44,42727.27,1515.15,Left,BASS,2,0.22,0.22,True,0.264,5.0,0
Note_000079,37,43636.36,606.06,Left,BASS,5,0.236,0.236,True,0.184,-10.0,12
Note_000080,53,44242.42,606.06,Right,INNER,2,0.181,0.181,False,0.385,5.0,0
Note_000081,56,44242.42,606.06,Right,MELODY,3,0.22,0.22,True,0.385,5.0,0
Note_000082,65,44848.48,4242.42,Left,BASS,5,0.236,0.236,False,0.523,-5.0,0
Note_000083,68,44848.48,4242.42,Left,INNER,2,0.283,0.283,True,0.523,-5.0,0
Note_000084,77,45454.54,1818.18,Right,INNER,1,0.26,0.26,False,0.661,5.0,0
Note_000085,80,45454.54,1818.18,Right,MELODY,4,0.307,0.307,True,0.661,5.0,0
Note_000086,73,47272.72,2424.24,Right,INNER,4,0.228,0.228,True,0.621,-15.0,0
Note_000087,77,47272.72,2424.24,Right,MELODY,5,0.276,0.276,False,0.621,-15.0,0
Note_000088,42,49090.9,3636.36,Left,BASS,5,0.22,0.22,True,0.241,-10.0,12
Note_000089,49,49696.96,3030.3,Left,BASS,4,0.173,0.173,True,0.397,10.0,-12
Note_000090,54,49696.96,4848.48,Left,INNER,3,0.173,0.173,True,0.397,10.0,-12
Note_000091,58,49696.96,4848.48,Left,INNER,2,0.173,0.173,True,0.397,10.0,-12
Note_000092,61,49696.96,4848.48,Left,INNER,1,0.213,0.213,True,0.397,10.0,-12
Note_000093,66,49696.96,4848.48,Right,INNER,2,0.213,0.213,True,0.567,0.0,0
Note_000094,70,49696.96,4848.48,Right,INNER,3,0.213,0.213,True,0.567,0.0,0
Note_000095,75,49696.96,606.06,Right,MELODY,4,0.331,0.331,True,0.567,0.0,0
Note_000096,77,50303.02,606.06,Right,MELODY,4,0.291,0.291,False,0.644,-5.0,0
Note_000097,75,50909.08,4242.42,Right,MELODY,3,0.244,0.244,True,0.621,0.0,0
Note_000098,41,54545.44,3636.36,Left,BASS,2,0.236,0.236,False,0.276,15.0,-12
Note_000099,49,54545.44,3636.36,Left,INNER,1,0.283,0.283,True,0.276,15.0,-12
Note_000100,53,55151.51,1212.12,Left,BASS,5,0.22,0.22,False,0.385,-10.0,0
Note_000101,56,55151.51,1212.12,Left,INNER,3,0.26,0.26,True,0.385,-10.0,0
Note_000102,61,55151.51,606.06,Right,INNER,1,0.26,0.26,True,0.533,15.0,12
Note_000103,68,55151.51,1212.12,Right,INNER,2,0.307,0.307,True,0.533,15.0,12
Note_000104,73,55151.51,606.06,Right,MELODY,3,0.307,0.307,True,0.533,15.0,12
Note_000105,63,55757.57,606.06,Right,INNER,1,0.268,0.268,True,0.552,10.0,12
Note_000106,75,55757.57,606.06,Right,MELODY,3,0.315,0.315,True,0.552,10.0,12
Note_000107,61,56363.63,1818.18,Left,BASS,3,0.22,0.22,True,0.483,5.0,0
Note_000108,65,56363.63,1813.13,Left,INNER,2,0.26,0.26,False,0.483,5.0,0
Note_000109,68,56363.63,1818.18,Right,INNER,1,0.268,0.268,True,0.605,10.0,12
Note_000110,73,56363.63,1818.18,Right,INNER,2,0.268,0.268,True,0.605,10.0,12
Note_000111,80,56363.63,1818.18,Right,MELODY,4,0.315,0.315,True,0.605,10.0,12
Note_000112,56,58181.81,1818.18,Left,BASS,5,0.213,0.213,True,0.431,-10.0,12
Note_000113,61,58181.81,1818.18,Left,INNER,3,0.252,0.252,True,0.431,-10.0,12
Note_000114,65,58181.81,1818.18,Right,INNER,1,0.252,0.252,False,0.582,5.0,0
Note_000115,73,58181.81,1818.18,Right,INNER,2,0.252,0.252,True,0.582,5.0,0
Note_000116,77,58181.81,2424.24,Right,MELODY,5,0.299,0.299,False,0.582,5.0,0
Note_000117,42,59999.99,3636.36,Left,BASS,5,0.22,0.22,True,0.241,-10.0,12
Note_000118,49,60606.05,3030.3,Left,BASS,4,0.173,0.173,True,0.397,10.0,-12
Note_000119,54,60606.05,4848.48,Left,INNER,3,0.173,0.173,True,0.397,10.0,-12
Note_000120,58,60606.05,4848.48,Left,INNER,2,0.173,0.173,True,0.397,10.0,-12
Note_000121,61,60606.05,4848.48,Left,INNER,1,0.213,0.213,True,0.397,10.0,-12
Note_000122,66,60606.05,4848.48,Right,INNER,2,0.213,0.213,True,0.567,-5.0,-12
Note_000123,70,60606.05,4848.48,Right,INNER,3,0.213,0.213,True,0.567,-5.0,-12
Note_000124,75,60606.05,606.06,Right,MELODY,5,0.331,0.331,True,0.567,-5.0,-12
Note_000125,77,61212.11,606.06,Right,MELODY,5,0.291,0.291,False,0.644,-10.0,0
Note_000126,75,61818.17,1818.18,Right,MELODY,4,0.244,0.244,True,0.621,-5.0,0
Note_000127,73,63636.35,2424.24,Right,MELODY,3,0.291,0.291,True,0.598,0.0,0
Note_000128,44,65454.53,5454.54,Left,BASS,5,0.283,0.283,True,0.264,-10.0,12
Note_000129,53,66060.59,1212.12,Left,BASS,3,0.22,0.22,False,0.402,5.0,0
Note_000130,59,66060.59,1212.12,Left,INNER,2,0.26,0.26,False,0.402,5.0,0
Note_000131,61,66060.59,606.06,Right,INNER,1,0.26,0.26,True,0.533,15.0,12
Note_000132,68,66060.59,1212.12,Right,INNER,2,0.26,0.26,True,0.533,15.0,12
Note_000133,73,66060.59,606.06,Right,MELODY,3,0.307,0.307,True,0.533,15.0,12
Note_000134,63,66666.65,606.06,Right,INNER,1,0.268,0.268,True,0.552,10.0,12
Note_000135,75,66666.65,606.06,Right,MELODY,3,0.315,0.315,True,0.552,10.0,12
Note_000136,59,67272.72,2424.24,Left,BASS,5,0.22,0.22,False,0.467,-5.0,0
Note_000137,61,67272.72,2424.24,Left,INNER,3,0.22,0.22,True,0.467,-5.0,0
Note_000138,65,67272.72,2424.24,Left,INNER,2,0.26,0.26,False,0.467,-5.0,0
Note_000139,70,67272.72,909.09,Right,INNER,1,0.315,0.315,True,0.632,5.0,12
Note_000140,82,67272.72,909.09,Right,MELODY,4,0.378,0.378,True,0.632,5.0,12
Note_000141,68,68181.81,1818.18,Right,INNER,1,0.307,0.307,True,0.609,5.0,12
Note_000142,80,68181.81,1818.18,Right,MELODY,4,0.362,0.362,True,0.609,5.0,12
Note_000143,65,69999.99,1515.15,Right,INNER,1,0.291,0.291,False,0.575,0.0,0
Note_000144,77,69999.99,909.09,Right,MELODY,5,0.346,0.346,False,0.575,0.0,0
Note_000145,46,70909.08,3636.36,Left,BASS,5,0.307,0.307,True,0.287,-10.0,12
Note_000146,53,71515.14,4848.48,Left,BASS,4,0.252,0.252,False,0.425,-0.0,0
Note_000147,58,71515.14,4848.48,Left,INNER,3,0.252,0.252,True,0.425,-0.0,0
Note_000148,63,71515.14,2121.21,Left,INNER,2,0.315,0.315,True,0.425,-0.0,0
Note_000149,65,71515.14,4848.48,Right,INNER,2,0.252,0.252,False,0.563,-5.0,-12
Note_000150,75,71515.14,606.06,Right,MELODY,5,0.315,0.315,True,0.563,-5.0,-12
Note_000151,77,72121.2,606.06,Right,MELODY,5,0.291,0.291,False,0.644,-10.0,0
Note_000152,75,72727.26,909.09,Right,MELODY,4,0.26,0.26,True,0.621,-5.0,0
Note_000153,61,73636.35,2727.27,Left,BASS,1,0.291,0.291,True,0.46,10.0,-12
Note_000154,73,73636.35,1818.18,Right,MELODY,3,0.291,0.291,True,0.598,0.0,0
Note_000155,70,75454.53,909.09,Right,MELODY,2,0.26,0.26,True,0.563,5.0,0
Note_000156,27,76363.62,3636.36,Left,BASS,5,0.236,0.236,True,0.138,-5.0,12
Note_000157,39,76363.62,3636.36,Left,INNER,2,0.283,0.283,True,0.138,-5.0,12
Note_000158,65,77272.71,2727.27,Left,BASS,1,0.252,0.252,False,0.506,10.0,0
Note_000159,77,77272.71,2727.27,Right,INNER,2,0.291,0.291,False,0.713,-5.0,0
Note_000160,89,77272.71,2727.27,Right,MELODY,5,0.315,0.315,False,0.713,-5.0,0
Note_000161,63,78787.86,606.06,Left,BASS,5,0.244,0.244,True,0.521,-5.0,12
Note_000162,66,78787.86,606.06,Left,INNER,3,0.244,0.244,True,0.521,-5.0,12
Note_000163,70,78787.86,606.06,Left,INNER,2,0.244,0.244,True,0.521,-5.0,12
Note_000164,75,78787.87,606.06,Right,INNER,1,0.283,0.283,True,0.693,5.0,12
Note_000165,82,78787.87,606.06,Right,INNER,3,0.283,0.283,True,0.693,5.0,12
Note_000166,87,78787.87,606.06,Right,MELODY,4,0.307,0.307,True,0.693,5.0,12
Note_000167,63,79393.93,555.56,Left,BASS,3,0.244,0.244,True,0.521,15.0,-12
Note_000168,66,79393.93,555.56,Left,INNER,2,0.244,0.244,True,0.521,15.0,-12
Note_000169,70,79393.93,555.56,Left,INNER,1,0.244,0.244,True,0.521,15.0,-12
Note_000170,75,79393.93,555.56,Right,INNER,1,0.283,0.283,True,0.693,10.0,12
Note_000171,82,79393.93,555.56,Right,INNER,2,0.283,0.283,True,0.693,10.0,12
Note_000172,87,79393.93,555.56,Right,MELODY,4,0.307,0.307,True,0.693,10.0,12
Note_000173,63,79999.99,606.06,Left,BASS,5,0.252,0.252,True,0.521,-15.0,12
Note_000174,66,79999.99,606.06,Left,INNER,4,0.252,0.252,True,0.521,-15.0,12
Note_000175,70,79999.99,606.06,Left,INNER,3,0.252,0.252,True,0.521,-15.0,12
Note_000176,75,79999.99,606.06,Right,INNER,1,0.299,0.299,True,0.693,10.0,12
Note_000177,82,79999.99,606.06,Right,INNER,2,0.299,0.299,True,0.693,10.0,12
Note_000178,87,79999.99,606.06,Right,MELODY,4,0.323,0.323,True,0.693,10.0,12
Note_000179,61,80606.05,606.06,Left,BASS,3,0.244,0.244,True,0.513,15.0,-12
Note_000180,66,80606.05,606.06,Left,INNER,2,0.244,0.244,True,0.513,15.0,-12
Note_000181,70,80606.05,606.06,Left,INNER,1,0.244,0.244,True,0.513,15.0,-12
Note_000182,73,80606.05,606.06,Right,INNER,1,0.291,0.291,True,0.678,10.0,12
Note_000183,82,80606.05,606.06,Right,INNER,2,0.291,0.291,True,0.678,10.0,12
Note_000184,85,80606.05,606.06,Right,MELODY,4,0.315,0.315,True,0.678,10.0,12
Note_000185,61,81212.11,555.56,Left,BASS,5,0.244,0.244,True,0.513,-15.0,12
Note_000186,66,81212.11,555.56,Left,INNER,4,0.244,0.244,True,0.513,-15.0,12
Note_000187,70,81212.11,555.56,Left,INNER,3,0.244,0.244,True,0.513,-15.0,12
Note_000188,73,81212.11,555.56,Right,INNER,1,0.291,0.291,True,0.678,10.0,12
Note_000189,82,81212.11,555.56,Right,INNER,2,0.291,0.291,True,0.678,10.0,12
Note_000190,85,81212.11,555.56,Right,MELODY,4,0.315,0.315,True,0.678,10.0,12
Note_000191,61,81818.17,606.06,Left,BASS,3,0.268,0.268,True,0.513,15.0,-12
Note_000192,66,81818.17,606.06,Left,INNER,2,0.268,0.268,True,0.513,15.0,-12
Note_000193,70,81818.17,606.06,Left,INNER,1,0.268,0.268,True,0.513,15.0,-12
Note_000194,73,81818.17,606.06,Right,INNER,1,0.299,0.299,True,0.678,10.0,12
Note_000195,82,81818.17,606.06,Right,INNER,2,0.299,0.299,True,0.678,10.0,12
Note_000196,85,81818.17,606.06,Right,MELODY,4,0.323,0.323,True,0.678,10.0,12
Note_000197,60,82424.23,606.06,Left,BASS,5,0.252,0.252,False,0.51,-15.0,0
Note_000198,66,82424.23,606.06,Left,INNER,4,0.252,0.252,True,0.51,-15.0,0
Note_000199,70,82424.23,606.06,Left,INNER,3,0.252,0.252,True,0.51,-15.0,0
Note_000200,72,82424.23,606.06,Right,INNER,1,0.283,0.283,False,0.667,10.0,0
Note_000201,78,82424.23,606.06,Right,INNER,2,0.283,0.283,True,0.667,10.0,0
Note_000202,82,82424.23,606.06,Right,INNER,3,0.283,0.283,True,0.667,10.0,0
Note_000203,84,82424.23,606.06,Right,MELODY,4,0.307,0.307,False,0.667,10.0,0
Note_000204,60,83030.29,555.56,Left,BASS,3,0.252,0.252,False,0.51,15.0,-12
Note_000205,66,83030.29,555.56,Left,INNER,2,0.252,0.252,True,0.51,15.0,-12
Note_000206,70,83030.29,555.56,Left,INNER,1,0.252,0.252,True,0.51,15.0,-12
Note_000207,72,83030.29,555.56,Right,INNER,1,0.283,0.283,False,0.667,10.0,0
Note_000208,78,83030.29,555.56,Right,INNER,2,0.283,0.283,True,0.667,10.0,0
Note_000209,82,83030.29,555.56,Right,INNER,3,0.283,0.283,True,0.667,10.0,0
Note_000210,84,83030.29,555.56,Right,MELODY,4,0.307,0.307,False,0.667,10.0,0
Note_000211,60,83636.35,909.09,Left,BASS,5,0.244,0.244,False,0.51,-15.0,0
Note_000212,66,83636.35,909.09,Left,INNER,4,0.244,0.244,True,0.51,-15.0,0
Note_000213,70,83636.35,909.09,Left,INNER,3,0.244,0.244,True,0.51,-15.0,0
Note_000214,72,83636.35,909.09,Right,INNER,1,0.283,0.283,False,0.667,5.0,0
Note_000215,78,83636.35,909.09,Right,INNER,2,0.283,0.283,True,0.667,5.0,0
Note_000216,82,83636.35,909.09,Right,INNER,3,0.283,0.283,True,0.667,5.0,0
Note_000217,84,83636.35,909.09,Right,MELODY,5,0.307,0.307,False,0.667,5.0,0
Note_000218,61,84545.44,909.09,Left,BASS,3,0.236,0.236,True,0.513,15.0,-12
Note_000219,66,84545.44,909.09,Left,INNER,2,0.236,0.236,True,0.513,15.0,-12
Note_000220,70,84545.44,909.09,Left,INNER,1,0.236,0.236,True,0.513,15.0,-12
Note_000221,73,84545.44,909.09,Right,INNER,1,0.26,0.26,True,0.678,5.0,0
Note_000222,82,84545.44,909.09,Right,INNER,2,0.26,0.26,True,0.678,5.0,0
Note_000223,85,84545.44,909.09,Right,MELODY,5,0.283,0.283,True,0.678,5.0,0
Note_000224,58,85454.53,1818.18,Left,BASS,5,0.22,0.22,True,0.467,-15.0,12
Note_000225,61,85454.53,1818.18,Left,INNER,4,0.22,0.22,True,0.467,-15.0,12
Note_000226,66,85454.53,1818.18,Left,INNER,3,0.22,0.22,True,0.467,-15.0,12
Note_000227,70,85454.53,1818.18,Right,INNER,1,0.26,0.26,True,0.64,10.0,12
Note_000228,78,85454.53,1818.18,Right,INNER,2,0.26,0.26,True,0.64,10.0,12
Note_000229,82,85454.53,1818.18,Right,MELODY,4,0.283,0.283,True,0.64,10.0,12
Note_000230,27,87272.71,3636.36,Left,BASS,5,0.236,0.236,True,0.069,-10.0,12
Note_000231,39,87272.71,3636.36,Right,INNER,3,0.236,0.236,True,0.247,-10.0,-12
Note_000232,46,87272.71,3636.36,Right,INNER,5,0.283,0.283,True,0.247,-10.0,-12
Note_000233,66,89696.95,606.06,Left,BASS,4,0.268,0.268,True,0.567,-0.0,0
Note_000234,70,89696.95,606.06,Left,INNER,3,0.268,0.268,True,0.567,-0.0,0
Note_000235,75,89696.95,606.06,Left,INNER,2,0.268,0.268,True,0.567,-0.0,0
Note_000236,78,89696.95,606.06,Right,INNER,1,0.315,0.315,True,0.716,10.0,12
Note_000237,82,89696.95,606.06,Right,INNER,2,0.315,0.315,True,0.716,10.0,12
Note_000238,90,89696.95,606.06,Right,MELODY,4,0.331,0.331,True,0.716,10.0,12
Note_000239,65,90303.01,555.56,Left,BASS,5,0.252,0.252,False,0.529,5.0,-12
Note_000240,66,90303.01,555.56,Left,INNER,2,0.252,0.252,True,0.529,5.0,-12
Note_000241,70,90303.01,555.56,Left,INNER,1,0.252,0.252,True,0.529,5.0,-12
Note_000242,77,90303.01,555.56,Right,INNER,1,0.291,0.291,False,0.709,10.0,0
Note_000243,82,90303.01,555.56,Right,INNER,2,0.291,0.291,True,0.709,10.0,0
Note_000244,89,90303.01,555.56,Right,MELODY,4,0.299,0.299,False,0.709,10.0,0
Note_000245,63,90909.07,555.56,Left,BASS,3,0.26,0.26,True,0.521,15.0,-12
Note_000246,66,90909.07,555.56,Left,INNER,2,0.26,0.26,True,0.521,15.0,-12
Note_000247,70,90909.07,555.56,Left,INNER,1,0.26,0.26,True,0.521,15.0,-12
Note_000248,75,90909.08,555.56,Right,INNER,1,0.307,0.307,True,0.693,10.0,12
Note_000249,82,90909.08,555.56,Right,INNER,2,0.307,0.307,True,0.693,10.0,12
Note_000250,87,90909.08,555.56,Right,MELODY,4,0.315,0.315,True,0.693,10.0,12
Note_000251,65,91515.14,606.06,Left,BASS,5,0.252,0.252,False,0.529,-15.0,0
Note_000252,66,91515.14,606.06,Left,INNER,4,0.252,0.252,True,0.529,-15.0,0
Note_000253,70,91515.14,606.06,Left,INNER,3,0.252,0.252,True,0.529,-15.0,0
Note_000254,77,91515.14,606.06,Right,INNER,1,0.299,0.299,False,0.709,10.0,0
Note_000255,82,91515.14,606.06,Right,INNER,2,0.299,0.299,True,0.709,10.0,0
Note_000256,89,91515.14,606.06,Right,MELODY,4,0.307,0.307,False,0.709,10.0,0
Note_000257,63,92121.2,606.06,Left,BASS,3,0.252,0.252,True,0.521,15.0,-12
Note_000258,66,92121.2,606.06,Left,INNER,2,0.252,0.252,True,0.521,15.0,-12
Note_000259,70,92121.2,606.06,Left,INNER,1,0.252,0.252,True,0.521,15.0,-12
Note_000260,75,92121.2,606.06,Right,INNER,1,0.299,0.299,True,0.693,10.0,12
Note_000261,82,92121.2,606.06,Right,INNER,2,0.299,0.299,True,0.693,10.0,12
Note_000262,87,92121.2,606.06,Right,MELODY,4,0.307,0.307,True,0.693,10.0,12
Note_000263,61,92727.26,555.56,Left,BASS,5,0.276,0.276,True,0.513,-15.0,12
Note_000264,66,92727.26,555.56,Left,INNER,4,0.276,0.276,True,0.513,-15.0,12
Note_000265,70,92727.26,555.56,Left,INNER,3,0.276,0.276,True,0.513,-15.0,12
Note_000266,73,92727.26,555.56,Right,INNER,1,0.307,0.307,True,0.678,10.0,12
Note_000267,82,92727.26,555.56,Right,INNER,2,0.307,0.307,True,0.678,10.0,12
Note_000268,85,92727.26,555.56,Right,MELODY,4,0.315,0.315,True,0.678,10.0,12
Note_000269,63,93333.32,606.06,Left,BASS,3,0.26,0.26,True,0.521,15.0,-12
Note_000270,66,93333.32,606.06,Left,INNER,2,0.26,0.26,True,0.521,15.0,-12
Note_000271,70,93333.32,606.06,Left,INNER,1,0.26,0.26,True,0.521,15.0,-12
Note_000272,75,93333.32,606.06,Right,INNER,1,0.291,0.291,True,0.693,10.0,12
Note_000273,82,93333.32,606.06,Right,INNER,2,0.291,0.291,True,0.693,10.0,12
Note_000274,87,93333.32,606.06,Right,MELODY,4,0.299,0.299,True,0.693,10.0,12
Note_000275,61,93939.38,555.56,Left,BASS,3,0.26,0.26,True,0.513,15.0,-12
Note_000276,66,93939.38,555.56,Left,INNER,2,0.26,0.26,True,0.513,15.0,-12
Note_000277,70,93939.38,555.56,Left,INNER,1,0.26,0.26,True,0.513,15.0,-12
Note_000278,73,93939.38,555.56,Right,INNER,1,0.291,0.291,True,0.678,10.0,12
Note_000279,82,93939.38,555.56,Right,INNER,2,0.291,0.291,True,0.678,10.0,12
Note_000280,85,93939.38,555.56,Right,MELODY,4,0.299,0.299,True,0.678,10.0,12
Note_000281,60,94545.44,909.09,Left,BASS,5,0.252,0.252,False,0.51,-15.0,0
Note_000282,66,94545.44,909.09,Left,INNER,4,0.252,0.252,True,0.51,-15.0,0
Note_000283,70,94545.44,909.09,Left,INNER,3,0.252,0.252,True,0.51,-15.0,0
Note_000284,72,94545.44,833.33,Right,INNER,1,0.291,0.291,False,0.67,15.0,0
Note_000285,82,94545.44,833.33,Right,INNER,2,0.291,0.291,True,0.67,15.0,0
Note_000286,84,94545.44,833.33,Right,MELODY,3,0.299,0.299,False,0.67,15.0,0
Note_000287,87,95378.77,75.76,Right,MELODY,4,0.339,0.339,True,0.759,-5.0,0
Note_000288,61,95454.53,909.09,Left,BASS,3,0.244,0.244,True,0.513,15.0,-12
Note_000289,66,95454.53,909.09,Left,INNER,2,0.244,0.244,True,0.513,15.0,-12
Note_000290,70,95454.53,909.09,Left,INNER,1,0.244,0.244,True,0.513,15.0,-12
Note_000291,73,95454.53,909.09,Right,INNER,1,0.268,0.268,True,0.678,10.0,12
Note_000292,82,95454.53,909.09,Right,INNER,2,0.268,0.268,True,0.678,10.0,12
Note_000293,85,95454.53,909.09,Right,MELODY,4,0.291,0.291,True,0.678,10.0,12
Note_000294,58,96363.62,1818.18,Left,BASS,5,0.236,0.236,True,0.475,-15.0,12
Note_000295,63,96363.62,1818.18,Left,INNER,4,0.236,0.236,True,0.475,-15.0,12
Note_000296,66,96363.62,1818.18,Left,INNER,3,0.236,0.236,True,0.475,-15.0,12
Note_000297,70,96363.62,2727.27,Right,INNER,1,0.26,0.26,True,0.64,15.0,12
Note_000298,78,96363.62,2727.27,Right,INNER,2,0.26,0.26,True,0.64,15.0,12
Note_000299,82,96363.62,2727.27,Right,MELODY,3,0.276,0.276,True,0.64,15.0,12
Note_000300,32,98181.8,3636.36,Left,BASS,2,0.276,0.276,True,0.195,15.0,-12
Note_000301,44,98181.8,3636.36,Left,INNER,1,0.331,0.331,True,0.195,15.0,-12
Note_000302,54,99090.89,909.09,Left,BASS,5,0.378,0.378,True,0.379,-10.0,12
Note_000303,66,99090.89,909.09,Right,INNER,1,0.386,0.386,True,0.586,5.0,12
Note_000304,78,99090.89,909.09,Right,MELODY,4,0.402,0.402,True,0.586,5.0,12
Note_000305,56,99999.98,909.09,Left,BASS,5,0.299,0.299,True,0.443,-5.0,12
Note_000306,63,99999.98,1818.18,Left,INNER,2,0.307,0.307,True,0.443,-5.0,12
Note_000307,68,99999.98,909.09,Right,INNER,1,0.354,0.354,True,0.613,10.0,12
Note_000308,75,99999.98,909.09,Right,INNER,2,0.354,0.354,True,0.613,10.0,12
Note_000309,80,99999.98,909.09,Right,MELODY,4,0.37,0.37,True,0.613,10.0,12
Note_000310,60,100909.07,909.09,Left,BASS,1,0.394,0.394,False,0.448,10.0,0
Note_000311,72,100909.07,909.09,Right,INNER,1,0.386,0.386,False,0.655,0.0,0
Note_000312,84,100909.07,909.09,Right,MELODY,5,0.402,0.402,False,0.655,0.0,0
Note_000313,58,101818.16,909.09,Left,BASS,5,0.307,0.307,True,0.475,-5.0,12
Note_000314,63,101818.16,1818.18,Left,INNER,3,0.268,0.268,True,0.475,-5.0,12
Note_000315,66,101818.16,1818.18,Left,INNER,2,0.315,0.315,True,0.475,-5.0,12
Note_000316,70,101818.16,909.09,Right,INNER,2,0.362,0.362,True,0.64,-10.0,-12
Note_000317,78,101818.16,909.09,Right,INNER,4,0.362,0.362,True,0.64,-10.0,-12
Note_000318,82,101818.16,909.09,Right,MELODY,5,0.378,0.378,True,0.64,-10.0,-12
Note_000319,54,102727.25,909.09,Left,BASS,5,0.346,0.346,True,0.379,-10.0,12
Note_000320,66,102727.25,909.09,Right,INNER,1,0.346,0.346,True,0.586,15.0,12
Note_000321,78,102727.25,909.09,Right,MELODY,2,0.362,0.362,True,0.586,15.0,12
Note_000322,33,103636.35,3636.36,Left,BASS,4,0.276,0.276,False,0.207,5.0,0
Note_000323,45,103636.35,3636.36,Left,INNER,1,0.331,0.331,False,0.207,5.0,0
Note_000324,54,104242.41,606.06,Left,BASS,5,0.236,0.236,True,0.437,-5.0,12
Note_000325,60,104242.41,606.06,Left,INNER,3,0.236,0.236,False,0.437,-5.0,12
Note_000326,63,104242.41,606.06,Left,INNER,2,0.236,0.236,True,0.437,-5.0,12
Note_000327,66,104242.41,606.06,Right,INNER,1,0.283,0.283,True,0.595,10.0,12
Note_000328,72,104242.41,606.06,Right,INNER,2,0.283,0.283,False,0.595,10.0,12
Note_000329,75,104242.41,606.06,Right,INNER,3,0.283,0.283,True,0.595,10.0,12
Note_000330,78,104242.41,606.06,Right,MELODY,4,0.307,0.307,True,0.595,10.0,12
Note_000331,54,104848.47,580.81,Left,BASS,3,0.236,0.236,True,0.437,15.0,-12
Note_000332,60,104848.47,580.81,Left,INNER,2,0.236,0.236,False,0.437,15.0,-12
Note_000333,63,104848.47,580.81,Left,INNER,1,0.236,0.236,True,0.437,15.0,-12
Note_000334,66,104848.47,580.81,Right,INNER,1,0.283,0.283,True,0.595,10.0,12
Note_000335,72,104848.47,606.06,Right,INNER,2,0.283,0.283,False,0.595,10.0,12
Note_000336,75,104848.47,580.81,Right,INNER,3,0.283,0.283,True,0.595,10.0,12
Note_000337,78,104848.47,580.81,Right,MELODY,4,0.307,0.307,True,0.595,10.0,12
Note_000338,54,105454.53,606.06,Left,BASS,5,0.26,0.26,True,0.437,-15.0,12
Note_000339,60,105454.53,606.06,Left,INNER,4,0.26,0.26,False,0.437,-15.0,12
Note_000340,63,105454.53,606.06,Left,INNER,3,0.26,0.26,True,0.437,-15.0,12
Note_000341,66,105454.53,606.06,Right,INNER,1,0.307,0.307,True,0.595,10.0,12
Note_000342,72,105454.53,606.06,Right,INNER,2,0.307,0.307,False,0.595,10.0,12
Note_000343,75,105454.53,606.06,Right,INNER,3,0.307,0.307,True,0.595,10.0,12
Note_000344,78,105454.53,606.06,Right,MELODY,4,0.331,0.331,True,0.595,10.0,12
Note_000345,54,106060.59,555.56,Left,BASS,3,0.244,0.244,True,0.437,15.0,-12
Note_000346,60,106060.59,555.56,Left,INNER,2,0.244,0.244,False,0.437,15.0,-12
Note_000347,63,106060.59,555.56,Left,INNER,1,0.244,0.244,True,0.437,15.0,-12
Note_000348,66,106060.59,555.56,Right,INNER,1,0.291,0.291,True,0.595,10.0,12
Note_000349,72,106060.59,555.56,Right,INNER,2,0.291,0.291,False,0.595,10.0,12
Note_000350,75,106060.59,555.56,Right,INNER,3,0.291,0.291,True,0.595,10.0,12
Note_000351,78,106060.59,555.56,Right,MELODY,4,0.315,0.315,True,0.595,10.0,12
Note_000352,56,106666.65,606.06,Left,BASS,5,0.268,0.268,True,0.444,-15.0,12
Note_000353,60,106666.65,606.06,Left,INNER,4,0.268,0.268,False,0.444,-15.0,12
Note_000354,63,106666.65,606.06,Left,INNER,3,0.268,0.268,True,0.444,-15.0,12
Note_000355,68,106666.65,606.06,Right,INNER,1,0.315,0.315,True,0.606,10.0,12
Note_000356,72,106666.65,606.06,Right,INNER,2,0.315,0.315,False,0.606,10.0,12
Note_000357,75,106666.65,606.06,Right,INNER,3,0.315,0.315,True,0.606,10.0,12
Note_000358,80,106666.65,606.06,Right,MELODY,4,0.346,0.346,True,0.606,10.0,12
Note_000359,54,107272.71,1818.18,Left,BASS,3,0.26,0.26,True,0.437,15.0,-12
Note_000360,60,107272.71,1818.18,Left,INNER,2,0.26,0.26,False,0.437,15.0,-12
Note_000361,63,107272.71,1818.18,Left,INNER,1,0.26,0.26,True,0.437,15.0,-12
Note_000362,66,107272.71,1818.18,Right,INNER,1,0.307,0.307,True,0.595,10.0,12
Note_000363,72,107272.71,1818.18,Right,INNER,2,0.307,0.307,False,0.595,10.0,12
Note_000364,75,107272.71,1818.18,Right,INNER,3,0.307,0.307,True,0.595,10.0,12
Note_000365,78,107272.71,1818.18,Right,MELODY,4,0.331,0.331,True,0.595,10.0,12
Note_000366,34,109090.89,3636.36,Left,BASS,5,0.307,0.307,True,0.218,-0.0,0
Note_000367,46,109090.89,3636.36,Left,INNER,1,0.362,0.362,True,0.218,-0.0,0
Note_000368,54,109999.98,909.09,Left,BASS,4,0.315,0.315,True,0.421,-0.0,0
Note_000369,58,109999.98,1818.18,Left,INNER,3,0.299,0.299,True,0.421,-0.0,0
Note_000370,61,109999.98,1818.18,Left,INNER,2,0.299,0.299,True,0.421,-0.0,0
Note_000371,66,109999.98,909.09,Right,INNER,1,0.323,0.323,True,0.59,10.0,12
Note_000372,73,109999.98,1818.18,Right,INNER,2,0.354,0.354,True,0.59,10.0,12
Note_000373,78,109999.98,909.09,Right,MELODY,4,0.417,0.417,True,0.59,10.0,12
Note_000374,56,110909.07,909.09,Left,BASS,5,0.354,0.354,True,0.402,-10.0,12
Note_000375,68,110909.07,909.09,Right,INNER,1,0.433,0.433,True,0.609,5.0,12
Note_000376,80,110909.07,909.09,Right,MELODY,4,0.472,0.472,True,0.609,5.0,12
Note_000377,61,111818.16,909.09,Left,BASS,2,0.346,0.346,True,0.46,5.0,0
Note_000378,73,111818.16,909.09,Right,INNER,2,0.433,0.433,True,0.667,-5.0,-12
Note_000379,85,111818.16,909.09,Right,MELODY,5,0.472,0.472,True,0.667,-5.0,-12
Note_000380,58,112727.25,909.09,Left,BASS,5,0.339,0.339,True,0.467,-5.0,12
Note_000381,61,112727.25,1818.18,Left,INNER,3,0.339,0.339,True,0.467,-5.0,12
Note_000382,66,112727.25,1818.18,Left,INNER,2,0.339,0.339,True,0.467,-5.0,12
Note_000383,70,112727.25,909.09,Right,INNER,1,0.346,0.346,True,0.632,15.0,12
Note_000384,82,112727.25,909.09,Right,MELODY,2,0.449,0.449,True,0.632,15.0,12
Note_000385,54,113636.34,909.09,Left,BASS,5,0.323,0.323,True,0.379,-10.0,12
Note_000386,66,113636.34,909.09,Right,INNER,1,0.378,0.378,True,0.586,5.0,12
Note_000387,78,113636.34,909.09,Right,MELODY,4,0.409,0.409,True,0.586,5.0,12
Note_000388,36,114545.43,3636.36,Left,BASS,5,0.299,0.299,False,0.241,-0.0,0
Note_000389,48,114545.43,3636.36,Left,INNER,1,0.354,0.354,False,0.241,-0.0,0
Note_000390,54,115151.5,606.06,Left,BASS,4,0.26,0.26,True,0.429,0.0,0
Note_000391,58,115151.5,606.06,Left,INNER,3,0.26,0.26,True,0.429,0.0,0
Note_000392,63,115151.5,606.06,Left,INNER,2,0.26,0.26,True,0.429,0.0,0
Note_000393,66,115151.5,606.06,Right,INNER,1,0.307,0.307,True,0.589,10.0,12
Note_000394,70,115151.5,606.06,Right,INNER,2,0.307,0.307,True,0.589,10.0,12
Note_000395,75,115151.5,606.06,Right,INNER,3,0.307,0.307,True,0.589,10.0,12
Note_000396,78,115151.5,606.06,Right,MELODY,4,0.331,0.331,True,0.589,10.0,12
Note_000397,54,115757.56,580.81,Left,BASS,3,0.26,0.26,True,0.429,15.0,-12
Note_000398,58,115757.56,580.81,Left,INNER,2,0.26,0.26,True,0.429,15.0,-12
Note_000399,63,115757.56,580.81,Left,INNER,1,0.26,0.26,True,0.429,15.0,-12
Note_000400,66,115757.56,580.81,Right,INNER,1,0.307,0.307,True,0.589,10.0,12
Note_000401,70,115757.56,606.06,Right,INNER,2,0.307,0.307,True,0.589,10.0,12
Note_000402,75,115757.56,580.81,Right,INNER,3,0.307,0.307,True,0.589,10.0,12
Note_000403,78,115757.56,580.81,Right,MELODY,4,0.331,0.331,True,0.589,10.0,12
Note_000404,54,116363.62,606.06,Left,BASS,5,0.276,0.276,True,0.429,-15.0,12
Note_000405,58,116363.62,606.06,Left,INNER,4,0.276,0.276,True,0.429,-15.0,12
Note_000406,63,116363.62,606.06,Left,INNER,3,0.276,0.276,True,0.429,-15.0,12
Note_000407,66,116363.62,606.06,Right,INNER,1,0.331,0.331,True,0.589,10.0,12
Note_000408,70,116363.62,606.06,Right,INNER,2,0.331,0.331,True,0.589,10.0,12
Note_000409,75,116363.62,606.06,Right,INNER,3,0.331,0.331,True,0.589,10.0,12
Note_000410,78,116363.62,606.06,Right,MELODY,4,0.362,0.362,True,0.589,10.0,12
Note_000411,54,116969.68,555.56,Left,BASS,3,0.268,0.268,True,0.429,15.0,-12
Note_000412,58,116969.68,555.56,Left,INNER,2,0.268,0.268,True,0.429,15.0,-12
Note_000413,63,116969.68,555.56,Left,INNER,1,0.268,0.268,True,0.429,15.0,-12
Note_000414,66,116969.68,555.56,Right,INNER,1,0.315,0.315,True,0.589,10.0,12
Note_000415,70,116969.68,555.56,Right,INNER,2,0.315,0.315,True,0.589,10.0,12
Note_000416,75,116969.68,555.56,Right,INNER,3,0.315,0.315,True,0.589,10.0,12
Note_000417,78,116969.68,555.56,Right,MELODY,4,0.346,0.346,True,0.589,10.0,12
Note_000418,56,117575.74,606.06,Left,BASS,3,0.283,0.283,True,0.452,15.0,0
Note_000419,60,117575.74,606.06,Left,INNER,2,0.283,0.283,False,0.452,15.0,0
Note_000420,65,117575.74,606.06,Left,INNER,1,0.283,0.283,False,0.452,15.0,0
Note_000421,68,117575.74,606.06,Right,INNER,1,0.339,0.339,True,0.612,10.0,12
Note_000422,72,117575.74,606.06,Right,INNER,2,0.339,0.339,False,0.612,10.0,12
Note_000423,77,117575.74,606.06,Right,INNER,3,0.339,0.339,False,0.612,10.0,12
Note_000424,80,117575.74,606.06,Right,MELODY,4,0.37,0.37,True,0.612,10.0,12
Note_000425,54,118181.8,1818.18,Left,BASS,5,0.276,0.276,True,0.429,-15.0,12
Note_000426,58,118181.8,1818.18,Left,INNER,4,0.276,0.276,True,0.429,-15.0,12
Note_000427,63,118181.8,1818.18,Left,INNER,3,0.276,0.276,True,0.429,-15.0,12
Note_000428,66,118181.8,1818.18,Right,INNER,1,0.331,0.331,True,0.589,10.0,12
Note_000429,70,118181.8,1818.18,Right,INNER,2,0.331,0.331,True,0.589,10.0,12
Note_000430,75,118181.8,1818.18,Right,INNER,3,0.331,0.331,True,0.589,10.0,12
Note_000431,78,118181.8,1818.18,Right,MELODY,4,0.362,0.362,True,0.589,10.0,12
Note_000432,37,119999.98,3636.36,Left,BASS,5,0.339,0.339,True,0.253,-0.0,0
Note_000433,49,119999.98,3636.36,Left,INNER,1,0.402,0.402,True,0.253,-0.0,0
Note_000434,54,120909.07,909.09,Left,BASS,4,0.346,0.346,True,0.421,-0.0,0
Note_000435,58,120909.07,1818.18,Left,INNER,3,0.323,0.323,True,0.421,-0.0,0
Note_000436,61,120909.07,1818.18,Left,INNER,2,0.323,0.323,True,0.421,-0.0,0
Note_000437,66,120909.07,909.09,Right,INNER,1,0.425,0.425,True,0.583,10.0,12
Note_000438,70,120909.07,1818.18,Right,INNER,2,0.386,0.386,True,0.583,10.0,12
Note_000439,73,120909.07,1818.18,Right,INNER,3,0.386,0.386,True,0.583,10.0,12
Note_000440,78,120909.07,909.09,Right,MELODY,4,0.48,0.48,True,0.583,10.0,12
Note_000441,56,121818.16,909.09,Left,BASS,5,0.386,0.386,True,0.402,-10.0,12
Note_000442,68,121818.16,909.09,Right,INNER,1,0.48,0.48,True,0.609,5.0,12
Note_000443,80,121818.16,909.09,Right,MELODY,4,0.551,0.551,True,0.609,5.0,12
Note_000444,63,122727.25,909.09,Left,BASS,2,0.402,0.402,True,0.483,5.0,0
Note_000445,75,122727.25,909.09,Right,INNER,1,0.488,0.488,True,0.69,0.0,0
Note_000446,87,122727.25,909.09,Right,MELODY,5,0.559,0.559,True,0.69,0.0,0
Note_000447,61,123636.34,909.09,Left,BASS,5,0.37,0.37,True,0.513,-5.0,12
Note_000448,66,123636.34,1818.18,Left,INNER,3,0.37,0.37,True,0.513,-5.0,12
Note_000449,70,123636.34,1818.18,Left,INNER,2,0.37,0.37,True,0.513,-5.0,12
Note_000450,73,123636.34,909.09,Right,INNER,2,0.378,0.378,True,0.663,-5.0,-12
Note_000451,78,123636.34,1818.18,Right,INNER,3,0.386,0.386,True,0.663,-5.0,-12
Note_000452,85,123636.34,909.09,Right,MELODY,5,0.512,0.512,True,0.663,-5.0,-12
Note_000453,58,124545.43,909.09,Left,BASS,5,0.386,0.386,True,0.425,-10.0,12
Note_000454,70,124545.43,909.09,Right,INNER,1,0.449,0.449,True,0.632,15.0,12
Note_000455,82,124545.43,909.09,Right,MELODY,2,0.512,0.512,True,0.632,15.0,12
Note_000456,39,125454.52,3636.36,Left,BASS,5,0.323,0.323,True,0.276,-0.0,0
Note_000457,51,125454.52,3636.36,Left,INNER,1,0.386,0.386,True,0.276,-0.0,0
Note_000458,54,126060.58,606.06,Left,BASS,4,0.315,0.315,True,0.429,0.0,0
Note_000459,58,126060.58,606.06,Left,INNER,3,0.315,0.315,True,0.429,0.0,0
Note_000460,63,126060.58,606.06,Left,INNER,2,0.315,0.315,True,0.429,0.0,0
Note_000461,70,126060.58,606.06,Right,INNER,1,0.378,0.378,True,0.64,10.0,12
Note_000462,78,126060.58,606.06,Right,INNER,2,0.378,0.378,True,0.64,10.0,12
Note_000463,82,126060.58,606.06,Right,MELODY,4,0.394,0.394,True,0.64,10.0,12
Note_000464,54,126666.64,580.81,Left,BASS,3,0.315,0.315,True,0.429,15.0,-12
Note_000465,58,126666.64,580.81,Left,INNER,2,0.315,0.315,True,0.429,15.0,-12
Note_000466,63,126666.64,580.81,Left,INNER,1,0.315,0.315,True,0.429,15.0,-12
Note_000467,70,126666.64,606.06,Right,INNER,1,0.378,0.378,True,0.64,10.0,12
Note_000468,78,126666.64,580.81,Right,INNER,2,0.378,0.378,True,0.64,10.0,12
Note_000469,82,126666.64,580.81,Right,MELODY,4,0.394,0.394,True,0.64,10.0,12
Note_000470,54,127272.71,606.06,Left,BASS,5,0.339,0.339,True,0.429,-15.0,12
Note_000471,58,127272.71,606.06,Left,INNER,4,0.339,0.339,True,0.429,-15.0,12
Note_000472,63,127272.71,606.06,Left,INNER,3,0.339,0.339,True,0.429,-15.0,12
Note_000473,70,127272.71,606.06,Right,INNER,1,0.402,0.402,True,0.64,10.0,12
Note_000474,78,127272.71,606.06,Right,INNER,2,0.402,0.402,True,0.64,10.0,12
Note_000475,82,127272.71,606.06,Right,MELODY,4,0.417,0.417,True,0.64,10.0,12
Note_000476,54,127878.77,555.56,Left,BASS,3,0.323,0.323,True,0.429,15.0,-12
Note_000477,58,127878.77,555.56,Left,INNER,2,0.323,0.323,True,0.429,15.0,-12
Note_000478,63,127878.77,555.56,Left,INNER,1,0.323,0.323,True,0.429,15.0,-12
Note_000479,70,127878.77,555.56,Right,INNER,1,0.386,0.386,True,0.64,10.0,12
Note_000480,78,127878.77,555.56,Right,INNER,2,0.386,0.386,True,0.64,10.0,12
Note_000481,82,127878.77,555.56,Right,MELODY,4,0.402,0.402,True,0.64,10.0,12
Note_000482,56,128484.83,606.06,Left,BASS,3,0.331,0.331,True,0.452,15.0,0
Note_000483,60,128484.83,606.06,Left,INNER,2,0.331,0.331,False,0.452,15.0,0
Note_000484,65,128484.83,606.06,Left,INNER,1,0.331,0.331,False,0.452,15.0,0
Note_000485,72,128484.83,606.06,Right,INNER,1,0.394,0.394,False,0.663,10.0,0
Note_000486,80,128484.83,606.06,Right,INNER,2,0.394,0.394,True,0.663,10.0,0
Note_000487,84,128484.83,606.06,Right,MELODY,4,0.409,0.409,False,0.663,10.0,0
Note_000488,54,129090.89,555.56,Left,BASS,5,0.331,0.331,True,0.429,-15.0,12
Note_000489,58,129090.89,555.56,Left,INNER,4,0.331,0.331,True,0.429,-15.0,12
Note_000490,63,129090.89,555.56,Left,INNER,3,0.331,0.331,True,0.429,-15.0,12
Note_000491,70,129090.89,555.56,Right,INNER,1,0.394,0.394,True,0.64,10.0,12
Note_000492,78,129090.89,555.56,Right,INNER,2,0.394,0.394,True,0.64,10.0,12
Note_000493,82,129090.89,555.56,Right,MELODY,4,0.409,0.409,True,0.64,10.0,12
Note_000494,61,129696.95,606.06,Left,BASS,3,0.339,0.339,True,0.513,15.0,-12
Note_000495,66,129696.95,606.06,Left,INNER,2,0.339,0.339,True,0.513,15.0,-12
Note_000496,70,129696.95,606.06,Left,INNER,1,0.339,0.339,True,0.513,15.0,-12
Note_000497,73,129696.95,606.06,Right,INNER,1,0.402,0.402,True,0.678,5.0,0
Note_000498,82,129696.95,606.06,Right,INNER,2,0.402,0.402,True,0.678,5.0,0
Note_000499,85,129696.95,606.06,Right,MELODY,5,0.417,0.417,True,0.678,5.0,0
Note_000500,63,130303.01,303.03,Left,BASS,5,0.354,0.354,True,0.521,-15.0,12
Note_000501,66,130303.01,303.03,Left,INNER,4,0.354,0.354,True,0.521,-15.0,12
Note_000502,70,130303.01,303.03,Left,INNER,3,0.354,0.354,True,0.521,-15.0,12
Note_000503,75,130303.01,303.03,Right,INNER,2,0.433,0.433,True,0.693,-10.0,-12
Note_000504,82,130303.01,303.03,Right,INNER,4,0.433,0.433,True,0.693,-10.0,-12
Note_000505,87,130303.01,303.03,Right,MELODY,5,0.449,0.449,True,0.693,-10.0,-12
Note_000506,65,130606.04,3636.36,Left,BASS,5,0.299,0.299,False,0.506,-10.0,0
Note_000507,68,130656.54,3585.86,Left,BASS,3,0.307,0.307,True,0.54,-0.0,0
Note_000508,73,130707.05,3535.35,Left,BASS,2,0.315,0.315,True,0.598,5.0,0
Note_000509,77,130757.55,3484.85,Left,BASS,1,0.331,0.331,False,0.644,10.0,0
Note_000510,80,130808.06,3434.34,Right,MELODY,2,0.402,0.402,True,0.678,5.0,0
Note_000511,85,130858.56,3383.84,Right,MELODY,3,0.441,0.441,True,0.736,0.0,0
Note_000512,92,130909.07,3333.33,Right,MELODY,4,0.512,0.512,True,0.816,-5.0,0
Note_000513,64,134242.4,1818.18,Left,BASS,5,0.26,0.26,False,0.494,-10.0,0
Note_000514,68,134285.33,1775.25,Left,BASS,4,0.268,0.268,True,0.54,-5.0,0
Note_000515,70,134328.26,1732.32,Left,BASS,3,0.268,0.268,True,0.563,-0.0,0
Note_000516,73,134371.19,1689.39,Left,BASS,2,0.283,0.283,True,0.598,5.0,0
Note_000517,76,134414.12,1646.46,Left,BASS,1,0.291,0.291,False,0.632,10.0,0
Note_000518,80,134457.05,1603.54,Right,MELODY,2,0.354,0.354,True,0.678,5.0,0
Note_000519,85,134499.98,1560.61,Right,MELODY,3,0.394,0.394,True,0.736,0.0,0
Note_000520,92,134545.43,1515.15,Right,MELODY,4,0.433,0.433,True,0.816,-5.0,0
Note_000521,63,136060.58,3636.36,Left,BASS,5,0.26,0.26,True,0.483,-10.0,12
Note_000522,66,136103.51,3593.43,Left,BASS,4,0.268,0.268,True,0.517,-5.0,0
Note_000523,68,136146.44,3550.5,Left,BASS,3,0.268,0.268,True,0.54,-0.0,0
Note_000524,73,136189.37,3507.58,Left,BASS,2,0.283,0.283,True,0.598,5.0,0
Note_000525,75,136232.3,3464.65,Left,BASS,1,0.291,0.291,True,0.621,10.0,-12
Note_000526,80,136275.23,3421.72,Right,MELODY,2,0.354,0.354,True,0.678,5.0,0
Note_000527,85,136318.16,3378.79,Right,MELODY,3,0.394,0.394,True,0.736,0.0,0
Note_000528,92,136363.61,3333.33,Right,MELODY,4,0.433,0.433,True,0.816,-5.0,0
Note_000529,56,139696.95,2121.21,Left,BASS,5,0.213,0.213,True,0.402,-10.0,12
Note_000530,63,139747.45,2070.71,Left,BASS,3,0.22,0.22,True,0.483,-0.0,0
Note_000531,66,139797.96,2020.2,Left,BASS,2,0.236,0.236,True,0.517,5.0,0
Note_000532,72,139848.46,1969.7,Left,BASS,1,0.244,0.244,False,0.586,10.0,0
Note_000533,68,139898.97,1919.19,Right,MELODY,2,0.252,0.252,True,0.54,5.0,0
Note_000534,75,139949.47,1868.69,Right,MELODY,3,0.26,0.26,True,0.621,0.0,0
Note_000535,80,139999.98,1818.18,Right,MELODY,4,0.307,0.307,True,0.678,-5.0,0
Note_000536,37,141818.16,909.09,Left,BASS,5,0.252,0.252,True,0.184,-10.0,12
Note_000537,65,141818.16,3636.36,Right,INNER,2,0.291,0.291,False,0.523,5.0,0
Note_000538,68,141818.16,3636.36,Right,MELODY,3,0.315,0.315,True,0.523,5.0,0
Note_000539,44,142121.19,303.03,Left,BASS,3,0.236,0.236,True,0.264,-0.0,0
Note_000540,49,142424.22,303.03,Left,BASS,2,0.236,0.236,True,0.322,5.0,0
Note_000541,53,142727.25,303.03,Left,BASS,1,0.236,0.236,False,0.368,10.0,0
Note_000542,56,143030.28,303.03,Left,BASS,3,0.236,0.236,True,0.402,-0.0,0
Note_000543,61,143333.31,303.03,Left,BASS,2,0.236,0.236,True,0.46,5.0,0
Note_000544,41,143636.34,909.09,Left,BASS,5,0.26,0.26,False,0.23,-10.0,0
Note_000545,48,143939.37,303.03,Left,BASS,1,0.205,0.205,False,0.31,10.0,0
Note_000546,53,144242.4,303.03,Left,BASS,5,0.213,0.213,False,0.368,-10.0,0
Note_000547,56,144545.43,303.03,Left,BASS,3,0.22,0.22,True,0.402,-0.0,0
Note_000548,60,144848.46,303.03,Left,BASS,2,0.236,0.236,False,0.448,5.0,0
Note_000549,65,145151.49,303.03,Left,BASS,1,0.244,0.244,False,0.506,10.0,0
Note_000550,44,145454.52,909.09,Left,BASS,5,0.268,0.268,True,0.264,-10.0,12
Note_000551,68,145454.52,1818.18,Right,INNER,2,0.283,0.283,True,0.557,0.0,0
Note_000552,71,145454.52,1212.12,Right,MELODY,4,0.307,0.307,False,0.557,0.0,0
Note_000553,52,145757.55,303.03,Left,BASS,3,0.252,0.252,False,0.356,-0.0,0
Note_000554,56,146060.58,303.03,Left,BASS,2,0.252,0.252,True,0.402,5.0,0
Note_000555,59,146363.61,303.03,Left,BASS,1,0.252,0.252,False,0.437,10.0,0
Note_000556,64,146666.64,303.03,Left,BASS,5,0.252,0.252,False,0.494,-10.0,0
Note_000557,73,146666.64,606.06,Right,MELODY,4,0.291,0.291,True,0.598,-5.0,0
Note_000558,68,146969.67,297.98,Left,BASS,2,0.252,0.252,True,0.54,5.0,0
Note_000559,37,147272.7,909.09,Left,BASS,5,0.26,0.26,True,0.184,-10.0,12
Note_000560,65,147272.7,3308.08,Right,INNER,2,0.291,0.291,False,0.523,5.0,0
Note_000561,68,147272.7,3636.36,Right,MELODY,3,0.315,0.315,True,0.523,5.0,0
Note_000562,44,147575.73,303.03,Left,BASS,3,0.236,0.236,True,0.264,-0.0,0
Note_000563,49,147878.76,303.03,Left,BASS,2,0.236,0.236,True,0.322,5.0,0
Note_000564,53,148181.79,303.03,Left,BASS,1,0.236,0.236,False,0.368,10.0,0
Note_000565,56,148484.82,303.03,Left,BASS,3,0.236,0.236,True,0.402,-0.0,0
Note_000566,61,148787.85,303.03,Left,BASS,2,0.236,0.236,True,0.46,5.0,0
Note_000567,41,149090.88,909.09,Left,BASS,5,0.26,0.26,False,0.23,-10.0,0
Note_000568,48,149393.91,303.03,Left,BASS,1,0.236,0.236,False,0.31,10.0,0
Note_000569,53,149696.94,303.03,Left,BASS,5,0.236,0.236,False,0.368,-10.0,0
Note_000570,56,149999.97,303.03,Left,BASS,3,0.244,0.244,True,0.402,-0.0,0
Note_000571,60,150303.0,303.03,Left,BASS,2,0.252,0.252,False,0.448,5.0,0
Note_000572,65,150606.03,303.03,Left,BASS,1,0.252,0.252,False,0.506,10.0,0
Note_000573,44,150909.06,909.09,Left,BASS,5,0.268,0.268,True,0.264,-10.0,12
Note_000574,68,150909.06,1212.12,Right,INNER,4,0.291,0.291,True,0.557,-15.0,0
Note_000575,71,150909.06,1212.12,Right,MELODY,5,0.315,0.315,False,0.557,-15.0,0
Note_000576,52,151212.09,303.03,Left,BASS,4,0.252,0.252,False,0.356,-5.0,0
Note_000577,56,151515.13,303.03,Left,BASS,3,0.252,0.252,True,0.402,-0.0,0
Note_000578,59,151818.16,303.03,Left,BASS,2,0.252,0.252,False,0.437,5.0,0
Note_000579,68,152121.19,606.06,Right,MELODY,4,0.315,0.315,True,0.54,-5.0,0
Note_000580,64,152424.22,303.03,Left,BASS,1,0.252,0.252,False,0.494,10.0,0
Note_000581,37,152727.25,303.03,Left,BASS,5,0.26,0.26,True,0.184,-10.0,12
Note_000582,65,152727.25,1212.12,Right,INNER,1,0.331,0.331,False,0.552,10.0,0
Note_000583,73,152727.25,1212.12,Right,MELODY,3,0.362,0.362,True,0.552,10.0,0
Note_000584,44,153030.28,303.03,Left,BASS,3,0.26,0.26,True,0.264,-0.0,0
Note_000585,49,153333.31,303.03,Left,BASS,2,0.26,0.26,True,0.322,5.0,0
Note_000586,53,153636.34,303.03,Left,BASS,1,0.26,0.26,False,0.368,10.0,0
Note_000587,56,153939.37,303.03,Left,BASS,5,0.26,0.26,True,0.402,-10.0,12
Note_000588,68,153939.37,606.06,Right,INNER,1,0.315,0.315,True,0.58,10.0,12
Note_000589,75,153939.37,606.06,Right,MELODY,3,0.346,0.346,True,0.58,10.0,12
Note_000590,61,154242.4,303.03,Left,BASS,3,0.26,0.26,True,0.46,-0.0,0
Note_000591,65,154545.43,303.03,Left,BASS,2,0.268,0.268,False,0.506,5.0,0
Note_000592,73,154545.43,1818.18,Right,INNER,2,0.346,0.346,True,0.621,5.0,0
Note_000593,77,154545.43,1818.18,Right,MELODY,3,0.378,0.378,False,0.621,5.0,0
Note_000594,68,154848.46,303.03,Left,BASS,1,0.268,0.268,True,0.54,10.0,-12
Note_000595,65,155151.49,303.03,Left,BASS,2,0.268,0.268,False,0.506,5.0,0
Note_000596,61,155454.52,303.03,Left,BASS,3,0.268,0.268,True,0.46,-0.0,0
Note_000597,56,155757.55,303.03,Left,BASS,4,0.268,0.268,True,0.402,-5.0,0
Note_000598,53,156060.58,303.03,Left,BASS,5,0.283,0.283,False,0.368,-10.0,0
Note_000599,56,156363.61,303.03,Left,BASS,2,0.283,0.283,True,0.402,5.0,0
Note_000600,65,156363.61,1212.12,Right,INNER,1,0.339,0.339,False,0.552,15.0,0
Note_000601,73,156363.61,1212.12,Right,MELODY,2,0.37,0.37,True,0.552,15.0,0
Note_000602,53,156666.64,303.03,Left,BASS,3,0.283,0.283,False,0.368,-0.0,0
Note_000603,49,156969.67,303.03,Left,BASS,4,0.283,0.283,True,0.322,-5.0,0
Note_000604,44,157272.7,303.03,Left,BASS,5,0.283,0.283,True,0.264,-10.0,12
Note_000605,49,157575.73,303.03,Left,BASS,2,0.283,0.283,True,0.322,5.0,0
Note_000606,73,157575.73,606.06,Right,INNER,1,0.346,0.346,True,0.621,0.0,12
Note_000607,77,157575.73,606.06,Right,MELODY,5,0.378,0.378,False,0.621,0.0,12
Note_000608,44,157878.76,303.03,Left,BASS,3,0.291,0.291,True,0.264,-0.0,0
Note_000609,39,158181.79,303.03,Left,BASS,5,0.291,0.291,True,0.207,-10.0,12
Note_000610,75,158181.79,606.06,Right,INNER,1,0.386,0.386,True,0.644,0.0,12
Note_000611,79,158181.79,606.06,Right,MELODY,5,0.417,0.417,False,0.644,0.0,12
Note_000612,46,158484.82,303.03,Left,BASS,3,0.291,0.291,True,0.287,-0.0,0
Note_000613,51,158787.85,303.03,Left,BASS,2,0.291,0.291,True,0.345,5.0,0
Note_000614,73,158787.85,606.06,Right,INNER,4,0.339,0.339,True,0.621,-15.0,0
Note_000615,77,158787.85,606.06,Right,MELODY,5,0.37,0.37,False,0.621,-15.0,0
Note_000616,55,159090.88,303.03,Left,BASS,1,0.291,0.291,False,0.391,10.0,0
Note_000617,58,159393.91,303.03,Left,BASS,3,0.291,0.291,True,0.425,-0.0,0
Note_000618,70,159393.91,606.06,Right,INNER,3,0.339,0.339,True,0.58,-5.0,0
Note_000619,73,159393.91,606.06,Right,MELODY,4,0.37,0.37,True,0.58,-5.0,0
Note_000620,63,159696.94,303.03,Left,BASS,2,0.291,0.291,True,0.483,5.0,0
Note_000621,67,159999.97,606.06,Right,INNER,1,0.339,0.339,False,0.563,15.0,0
Note_000622,70,159999.97,1818.18,Right,INNER,2,0.307,0.307,True,0.563,15.0,0
Note_000623,73,159999.97,1818.18,Right,MELODY,3,0.331,0.331,True,0.563,15.0,0
Note_000624,63,160303.0,303.03,Left,BASS,2,0.283,0.283,True,0.483,5.0,0
Note_000625,58,160606.03,303.03,Left,BASS,3,0.283,0.283,True,0.425,-0.0,0
Note_000626,65,160606.03,606.06,Right,MELODY,5,0.283,0.283,False,0.506,-10.0,0
Note_000627,55,160909.06,303.03,Left,BASS,1,0.268,0.268,False,0.391,10.0,0
Note_000628,51,161212.09,303.03,Left,BASS,2,0.268,0.268,True,0.345,5.0,0
Note_000629,61,161212.09,606.06,Right,MELODY,4,0.268,0.268,True,0.46,-5.0,0
Note_000630,46,161515.12,303.03,Left,BASS,3,0.268,0.268,True,0.287,-0.0,0
Note_000631,39,161818.15,303.03,Left,BASS,5,0.26,0.26,True,0.207,-10.0,12
Note_000632,61,161818.15,909.09,Right,MELODY,4,0.299,0.299,True,0.46,-5.0,0
Note_000633,46,162121.18,303.03,Left,BASS,3,0.26,0.26,True,0.287,-0.0,0
Note_000634,51,162424.21,303.03,Left,BASS,2,0.26,0.26,True,0.345,5.0,0
Note_000635,55,162727.24,303.03,Left,BASS,1,0.26,0.26,False,0.391,10.0,0
Note_000636,58,162727.24,909.09,Right,MELODY,2,0.283,0.283,True,0.425,5.0,0
Note_000637,51,163030.27,303.03,Left,BASS,2,0.26,0.26,True,0.345,5.0,0
Note_000638,46,163333.3,303.03,Left,BASS,3,0.26,0.26,True,0.287,-0.0,0
Note_000639,44,163636.34,1818.18,Left,BASS,5,0.291,0.291,True,0.264,-10.0,12
Note_000640,70,163636.34,3636.36,Right,MELODY,4,0.409,0.409,True,0.563,-5.0,0
Note_000641,51,163939.37,303.03,Left,BASS,4,0.26,0.26,True,0.345,-5.0,0
Note_000642,54,164242.4,303.03,Left,BASS,3,0.26,0.26,True,0.379,-0.0,0
Note_000643,58,164545.43,303.03,Left,BASS,2,0.26,0.26,True,0.425,5.0,0
Note_000644,60,164848.46,303.03,Left,BASS,1,0.26,0.26,False,0.448,10.0,0
Note_000645,66,165151.49,303.03,Left,BASS,2,0.26,0.26,True,0.517,5.0,0
Note_000646,42,165454.52,1818.18,Left,BASS,5,0.299,0.299,True,0.241,-10.0,12
Note_000647,49,165757.55,303.03,Left,BASS,3,0.252,0.252,True,0.322,-0.0,0
Note_000648,54,166060.58,303.03,Left,BASS,2,0.26,0.26,True,0.379,5.0,0
Note_000649,58,166363.61,303.03,Left,BASS,1,0.268,0.268,True,0.425,10.0,-12
Note_000650,61,166666.64,303.03,Left,BASS,3,0.268,0.268,True,0.46,-0.0,0
Note_000651,66,166969.67,303.03,Left,BASS,2,0.283,0.283,True,0.517,5.0,0
Note_000652,41,167272.7,1818.18,Left,BASS,5,0.315,0.315,False,0.23,-10.0,0
Note_000653,72,167272.7,1212.12,Right,MELODY,5,0.402,0.402,False,0.586,-10.0,0
Note_000654,48,167575.73,303.03,Left,BASS,4,0.283,0.283,False,0.31,-5.0,0
Note_000655,53,167878.76,303.03,Left,BASS,3,0.291,0.291,False,0.368,-0.0,0
Note_000656,56,168181.79,303.03,Left,BASS,2,0.299,0.299,True,0.402,5.0,0
Note_000657,60,168484.82,606.06,Left,BASS,1,0.307,0.307,False,0.448,10.0,0
Note_000658,77,168484.82,606.06,Right,MELODY,4,0.441,0.441,False,0.592,0.0,0
Note_000659,68,168502.5,303.03,Right,INNER,2,0.299,0.299,True,0.592,0.0,0
Note_000660,65,168770.17,303.03,Right,MELODY,1,0.299,0.299,False,0.506,10.0,0
Note_000661,44,169128.76,1818.18,Left,BASS,5,0.291,0.291,True,0.264,-10.0,12
Note_000662,70,169128.76,3636.36,Right,MELODY,4,0.409,0.409,True,0.563,-5.0,0
Note_000663,51,169431.79,303.03,Left,BASS,4,0.26,0.26,True,0.345,-5.0,0
Note_000664,54,169734.82,303.03,Left,BASS,3,0.26,0.26,True,0.379,-0.0,0
Note_000665,58,170037.85,303.03,Left,BASS,2,0.26,0.26,True,0.425,5.0,0
Note_000666,60,170340.88,303.03,Left,BASS,1,0.26,0.26,False,0.448,10.0,0
Note_000667,66,170643.91,303.03,Left,BASS,2,0.268,0.268,True,0.517,5.0,0
Note_000668,42,170946.94,1818.18,Left,BASS,5,0.307,0.307,True,0.241,-10.0,12
Note_000669,49,171249.97,303.03,Left,BASS,3,0.268,0.268,True,0.322,-0.0,0
Note_000670,54,171553.0,303.03,Left,BASS,2,0.291,0.291,True,0.379,5.0,0
Note_000671,58,171856.03,303.03,Left,BASS,1,0.299,0.299,True,0.425,10.0,-12
Note_000672,61,172159.06,303.03,Left,BASS,3,0.299,0.299,True,0.46,-0.0,0
Note_000673,66,172462.09,303.03,Left,BASS,2,0.307,0.307,True,0.517,5.0,0
Note_000674,41,172765.12,1818.18,Left,BASS,5,0.346,0.346,False,0.23,-10.0,0
Note_000675,72,172765.12,1212.12,Right,MELODY,5,0.441,0.441,False,0.586,-10.0,0
Note_000676,48,173068.15,303.03,Left,BASS,4,0.307,0.307,False,0.31,-5.0,0
Note_000677,53,173371.18,303.03,Left,BASS,3,0.315,0.315,False,0.368,-0.0,0
Note_000678,56,173674.21,303.03,Left,BASS,2,0.339,0.339,True,0.402,5.0,0
Note_000679,60,173977.24,606.06,Left,BASS,1,0.346,0.346,False,0.448,10.0,0
Note_000680,77,173977.24,606.06,Right,MELODY,4,0.472,0.472,False,0.592,0.0,0
Note_000681,68,173994.92,303.03,Right,INNER,2,0.299,0.299,True,0.592,0.0,0
Note_000682,65,174262.6,303.03,Right,MELODY,1,0.299,0.299,False,0.506,10.0,0
Note_000683,39,174545.42,1818.18,Left,BASS,5,0.354,0.354,True,0.207,-10.0,12
Note_000684,78,174545.42,2727.27,Right,MELODY,4,0.504,0.504,True,0.655,-5.0,0
Note_000685,46,174848.45,303.03,Left,BASS,3,0.315,0.315,True,0.287,-0.0,0
Note_000686,51,175151.48,303.03,Left,BASS,2,0.315,0.315,True,0.345,5.0,0
Note_000687,54,175454.51,303.03,Left,BASS,1,0.315,0.315,True,0.379,10.0,-12
Note_000688,58,175757.55,303.03,Left,BASS,5,0.315,0.315,True,0.425,-10.0,12
Note_000689,63,176060.58,303.03,Left,BASS,3,0.315,0.315,True,0.483,-0.0,0
Note_000690,66,176363.61,297.98,Left,BASS,2,0.472,0.472,True,0.517,5.0,0
Note_000691,66,176666.64,606.06,Right,MELODY,2,0.362,0.362,True,0.517,5.0,0
Note_000692,70,176969.67,303.03,Right,MELODY,4,0.362,0.362,True,0.563,-5.0,0
Note_000693,65,177272.7,909.09,Left,BASS,3,0.457,0.457,False,0.506,-0.0,0
Note_000694,77,177272.7,909.09,Right,MELODY,5,0.457,0.457,False,0.644,-10.0,0
Note_000695,66,177575.73,303.03,Right,MELODY,2,0.362,0.362,True,0.517,5.0,0
Note_000696,70,177878.76,303.03,Right,MELODY,4,0.362,0.362,True,0.563,-5.0,0
Note_000697,62,178181.79,909.09,Left,BASS,5,0.449,0.449,False,0.471,-10.0,0
Note_000698,74,178181.79,909.09,Right,MELODY,5,0.457,0.457,False,0.609,-10.0,0
Note_000699,66,178484.82,303.03,Right,MELODY,2,0.362,0.362,True,0.517,5.0,0
Note_000700,70,178787.85,303.03,Right,MELODY,3,0.362,0.362,True,0.563,0.0,0
Note_000701,63,179090.88,909.09,Left,BASS,2,0.457,0.457,True,0.483,5.0,0
Note_000702,75,179090.88,909.09,Right,MELODY,4,0.472,0.472,True,0.621,-5.0,0
Note_000703,66,179393.91,303.03,Right,MELODY,2,0.386,0.386,True,0.517,5.0,0
Note_000704,70,179696.94,303.03,Right,MELODY,3,0.386,0.386,True,0.563,0.0,0
Note_000705,62,179999.97,909.09,Left,BASS,5,0.433,0.433,False,0.471,-10.0,0
Note_000706,82,179999.97,1502.52,Right,MELODY,4,0.528,0.528,True,0.701,-5.0,0
Note_000707,66,180303.0,303.03,Left,BASS,3,0.339,0.339,True,0.517,-0.0,0
Note_000708,70,180606.03,303.03,Left,BASS,2,0.339,0.339,True,0.563,5.0,0
Note_000709,70,180909.06,303.03,Left,BASS,5,0.339,0.339,True,0.563,-10.0,12
Note_000710,78,181212.09,303.03,Left,BASS,3,0.339,0.339,True,0.655,-0.0,0
Note_000711,82,181515.12,1818.18,Left,BASS,2,0.339,0.339,True,0.701,5.0,0
Note_000712,63,181818.15,909.09,Left,BASS,5,0.394,0.394,True,0.483,-10.0,12
Note_000713,66,182121.18,303.03,Left,BASS,3,0.299,0.299,True,0.517,-0.0,0
Note_000714,70,182424.21,303.03,Left,BASS,2,0.299,0.299,True,0.563,5.0,0
Note_000715,70,182727.24,303.03,Left,BASS,5,0.299,0.299,True,0.563,-10.0,12
Note_000716,78,183030.27,303.03,Left,BASS,3,0.299,0.299,True,0.655,-0.0,0
Note_000717,82,183333.3,303.03,Left,BASS,2,0.299,0.299,True,0.701,5.0,0
Note_000718,56,183636.33,909.09,Left,BASS,2,0.346,0.346,True,0.425,15.0,0
Note_000719,60,183636.33,303.03,Left,INNER,1,0.346,0.346,False,0.425,15.0,0
Note_000720,80,183636.33,1502.52,Right,MELODY,3,0.402,0.402,True,0.678,0.0,0
Note_000721,64,183939.36,303.03,Left,BASS,5,0.291,0.291,False,0.494,-10.0,0
Note_000722,68,184242.39,303.03,Left,BASS,2,0.283,0.283,True,0.54,5.0,0
Note_000723,72,184545.42,303.03,Left,BASS,1,0.268,0.268,False,0.586,10.0,0
Note_000724,76,184848.45,303.03,Left,BASS,5,0.268,0.268,False,0.632,-10.0,0
Note_000725,80,185151.48,297.98,Left,BASS,2,0.26,0.26,True,0.678,5.0,0
Note_000726,49,185454.51,1818.18,Left,BASS,5,0.339,0.339,True,0.322,-10.0,12
Note_000727,77,185454.51,3636.36,Right,INNER,2,0.402,0.402,False,0.661,5.0,0
Note_000728,80,185454.51,3636.36,Right,MELODY,3,0.402,0.402,True,0.661,5.0,0
Note_000729,56,185757.54,303.03,Left,BASS,3,0.291,0.291,True,0.402,-0.0,0
Note_000730,61,186060.57,303.03,Left,BASS,2,0.291,0.291,True,0.46,5.0,0
Note_000731,65,186363.6,303.03,Left,BASS,1,0.291,0.291,False,0.506,10.0,0
Note_000732,68,186666.63,303.03,Left,BASS,3,0.291,0.291,True,0.54,-0.0,0
Note_000733,73,186969.66,303.03,Left,BASS,2,0.291,0.291,True,0.598,5.0,0
Note_000734,53,187272.69,1818.18,Left,BASS,5,0.307,0.307,False,0.385,-5.0,0
Note_000735,56,187272.69,303.03,Left,INNER,2,0.362,0.362,True,0.385,-5.0,0
Note_000736,60,187575.72,303.03,Left,BASS,1,0.299,0.299,False,0.448,10.0,0
Note_000737,65,187878.76,303.03,Left,BASS,5,0.315,0.315,False,0.506,-10.0,0
Note_000738,68,188181.79,303.03,Left,BASS,3,0.331,0.331,True,0.54,-0.0,0
Note_000739,72,188484.82,303.03,Left,BASS,2,0.346,0.346,False,0.586,5.0,0
Note_000740,77,188787.85,303.03,Left,BASS,1,0.362,0.362,False,0.644,10.0,0
Note_000741,56,189090.88,1818.18,Left,BASS,2,0.331,0.331,True,0.42,15.0,0
Note_000742,59,189090.88,303.03,Left,INNER,1,0.394,0.394,False,0.42,15.0,0
Note_000743,80,189090.88,1212.12,Right,INNER,2,0.449,0.449,True,0.695,0.0,0
Note_000744,83,189090.88,1212.12,Right,MELODY,4,0.449,0.449,False,0.695,0.0,0
Note_000745,64,189393.91,303.03,Left,BASS,5,0.339,0.339,False,0.494,-10.0,0
Note_000746,68,189696.94,303.03,Left,BASS,2,0.339,0.339,True,0.54,5.0,0
Note_000747,71,189999.97,303.03,Left,BASS,1,0.339,0.339,False,0.575,10.0,0
Note_000748,76,190303.0,303.03,Left,BASS,5,0.339,0.339,False,0.632,-10.0,0
Note_000749,85,190303.0,606.06,Right,MELODY,4,0.472,0.472,True,0.736,-5.0,0
Note_000750,80,190606.03,297.98,Left,BASS,2,0.339,0.339,True,0.678,5.0,0
Note_000751,49,190909.06,1818.18,Left,BASS,5,0.378,0.378,True,0.322,-10.0,12
Note_000752,77,190909.06,3636.36,Right,INNER,2,0.449,0.449,False,0.661,5.0,0
Note_000753,80,190909.06,3636.36,Right,MELODY,3,0.449,0.449,True,0.661,5.0,0
Note_000754,56,191212.09,303.03,Left,BASS,3,0.339,0.339,True,0.402,-0.0,0
Note_000755,61,191515.12,303.03,Left,BASS,2,0.339,0.339,True,0.46,5.0,0
Note_000756,65,191818.15,303.03,Left,BASS,1,0.339,0.339,False,0.506,10.0,0
Note_000757,68,192121.18,303.03,Left,BASS,3,0.339,0.339,True,0.54,-0.0,0
Note_000758,73,192424.21,303.03,Left,BASS,2,0.339,0.339,True,0.598,5.0,0
Note_000759,53,192727.24,1818.18,Left,BASS,5,0.339,0.339,False,0.385,-5.0,0
Note_000760,56,192727.24,303.03,Left,INNER,2,0.402,0.402,True,0.385,-5.0,0
Note_000761,60,193030.27,303.03,Left,BASS,1,0.315,0.315,False,0.448,10.0,0
Note_000762,65,193333.3,303.03,Left,BASS,5,0.331,0.331,False,0.506,-10.0,0
Note_000763,68,193636.33,303.03,Left,BASS,3,0.339,0.339,True,0.54,-0.0,0
Note_000764,72,193939.36,303.03,Left,BASS,2,0.346,0.346,False,0.586,5.0,0
Note_000765,77,194242.39,303.03,Left,BASS,1,0.354,0.354,False,0.644,10.0,0
Note_000766,56,194545.42,1818.18,Left,BASS,2,0.354,0.354,True,0.42,15.0,0
Note_000767,59,194545.42,303.03,Left,INNER,1,0.425,0.425,False,0.42,15.0,0
Note_000768,80,194545.42,1212.12,Right,INNER,2,0.488,0.488,True,0.695,0.0,0
Note_000769,83,194545.42,1212.12,Right,MELODY,4,0.488,0.488,False,0.695,0.0,0
Note_000770,64,194848.45,303.03,Left,BASS,5,0.354,0.354,False,0.494,-10.0,0
Note_000771,68,195151.48,303.03,Left,BASS,4,0.354,0.354,True,0.54,-5.0,0
Note_000772,71,195454.51,303.03,Left,BASS,3,0.354,0.354,False,0.575,-0.0,0
Note_000773,80,195757.54,303.03,Left,BASS,2,0.354,0.354,True,0.678,5.0,0
Note_000774,80,195757.54,606.06,Right,MELODY,2,0.551,0.551,True,0.678,5.0,0
Note_000775,76,196060.57,303.03,Left,BASS,3,0.354,0.354,False,0.632,-0.0,0
Note_000776,59,196363.6,909.09,Left,BASS,5,0.346,0.346,False,0.448,-10.0,0
Note_000777,61,196363.6,303.03,Left,INNER,3,0.409,0.409,True,0.448,-10.0,0
Note_000778,85,196363.6,1818.18,Right,MELODY,4,0.685,0.685,True,0.736,-5.0,0
Note_000779,64,196666.63,303.03,Left,BASS,3,0.394,0.394,False,0.494,-0.0,0
Note_000780,68,196969.66,303.03,Left,BASS,2,0.394,0.394,True,0.54,5.0,0
Note_000781,71,197272.69,909.09,Left,BASS,1,0.394,0.394,False,0.575,10.0,0
Note_000782,73,197272.69,303.03,Right,MELODY,2,0.402,0.402,True,0.598,5.0,0
Note_000783,80,197575.72,606.06,Right,MELODY,4,0.575,0.575,True,0.678,-5.0,0
Note_000784,76,197878.75,303.03,Right,MELODY,2,0.402,0.402,False,0.632,5.0,0
Note_000785,61,198181.78,909.09,Left,BASS,2,0.346,0.346,True,0.477,15.0,0
Note_000786,64,198181.78,303.03,Left,INNER,1,0.409,0.409,False,0.477,15.0,0
Note_000787,88,198181.78,1818.18,Right,MELODY,4,0.677,0.677,False,0.77,-5.0,0
Note_000788,68,198484.81,303.03,Left,BASS,5,0.394,0.394,True,0.54,-10.0,12
Note_000789,71,198787.84,303.03,Left,BASS,3,0.394,0.394,False,0.575,-0.0,0
Note_000790,73,199090.87,909.09,Left,BASS,2,0.394,0.394,True,0.598,5.0,0
Note_000791,76,199090.87,303.03,Right,MELODY,2,0.425,0.425,False,0.632,5.0,0
Note_000792,85,199393.9,606.06,Right,MELODY,4,0.551,0.551,True,0.736,-5.0,0
Note_000793,80,199696.93,303.03,Right,MELODY,2,0.425,0.425,True,0.678,5.0,0
Note_000794,64,199999.97,909.09,Left,BASS,5,0.362,0.362,False,0.517,-10.0,0
Note_000795,68,199999.97,303.03,Left,INNER,3,0.433,0.433,True,0.517,-10.0,0
Note_000796,92,199999.97,1818.18,Right,MELODY,4,0.709,0.709,True,0.816,-5.0,0
Note_000797,71,200303.0,303.03,Left,BASS,3,0.409,0.409,False,0.575,-0.0,0
Note_000798,73,200606.03,303.03,Left,BASS,2,0.409,0.409,True,0.598,5.0,0
Note_000799,76,200909.06,909.09,Left,BASS,1,0.409,0.409,False,0.632,10.0,0
Note_000800,80,200909.06,303.03,Right,MELODY,2,0.441,0.441,True,0.678,5.0,0
Note_000801,88,201212.09,606.06,Right,MELODY,4,0.551,0.551,False,0.77,-5.0,0
Note_000802,83,201515.12,303.03,Right,MELODY,2,0.441,0.441,False,0.713,5.0,0
Note_000803,68,201818.15,909.09,Left,BASS,5,0.449,0.449,True,0.54,-10.0,12
Note_000804,92,201818.15,1818.18,Right,MELODY,4,0.724,0.724,True,0.816,-5.0,0
Note_000805,69,202121.18,303.03,Left,BASS,3,0.425,0.425,False,0.552,-0.0,0
Note_000806,73,202424.21,303.03,Left,BASS,2,0.425,0.425,True,0.598,5.0,0
Note_000807,80,202727.24,303.03,Right,MELODY,2,0.441,0.441,True,0.678,5.0,0
Note_000808,85,203030.27,303.03,Right,MELODY,4,0.441,0.441,True,0.736,-5.0,0
Note_000809,81,203333.3,303.03,Right,MELODY,2,0.441,0.441,False,0.69,5.0,0
Note_000810,66,203636.33,909.09,Left,BASS,5,0.441,0.441,True,0.517,-10.0,12
Note_000811,90,203636.33,3636.36,Right,MELODY,4,0.717,0.717,True,0.793,-5.0,0
Note_000812,69,203939.36,303.03,Left,BASS,3,0.409,0.409,False,0.552,-0.0,0
Note_000813,73,204242.39,303.03,Left,BASS,2,0.409,0.409,True,0.598,5.0,0
Note_000814,78,204545.42,303.03,Right,MELODY,2,0.409,0.409,True,0.655,5.0,0
Note_000815,85,204848.45,303.03,Right,MELODY,4,0.409,0.409,True,0.736,-5.0,0
Note_000816,81,205151.48,303.03,Right,MELODY,3,0.409,0.409,False,0.69,0.0,0
Note_000817,65,205454.51,909.09,Left,BASS,5,0.37,0.37,False,0.511,-10.0,0
Note_000818,66,205454.51,303.03,Left,INNER,3,0.441,0.441,True,0.511,-10.0,0
Note_000819,69,205757.54,303.03,Left,BASS,3,0.409,0.409,False,0.552,-0.0,0
Note_000820,73,206060.57,303.03,Left,BASS,2,0.409,0.409,True,0.598,5.0,0
Note_000821,78,206363.6,303.03,Right,MELODY,2,0.409,0.409,True,0.655,5.0,0
Note_000822,85,206666.63,303.03,Right,MELODY,4,0.409,0.409,True,0.736,-5.0,0
Note_000823,81,206969.66,303.03,Right,MELODY,2,0.409,0.409,False,0.69,5.0,0
Note_000824,64,207272.69,909.09,Left,BASS,5,0.441,0.441,False,0.494,-10.0,0
Note_000825,90,207272.69,3636.36,Right,MELODY,4,0.717,0.717,True,0.793,-5.0,0
Note_000826,66,207575.72,303.03,Left,BASS,2,0.409,0.409,True,0.517,5.0,0
Note_000827,69,207878.75,303.03,Left,BASS,1,0.409,0.409,False,0.552,10.0,0
Note_000828,78,208181.78,303.03,Right,MELODY,2,0.409,0.409,True,0.655,5.0,0
Note_000829,85,208484.81,303.03,Right,MELODY,4,0.409,0.409,True,0.736,-5.0,0
Note_000830,81,208787.84,303.03,Right,MELODY,3,0.409,0.409,False,0.69,0.0,0
Note_000831,63,209090.87,909.09,Left,BASS,5,0.37,0.37,True,0.5,-10.0,12
Note_000832,66,209090.87,303.03,Left,INNER,3,0.441,0.441,True,0.5,-10.0,12
Note_000833,69,209393.9,303.03,Left,BASS,3,0.409,0.409,False,0.552,-0.0,0
Note_000834,73,209696.93,303.03,Left,BASS,2,0.409,0.409,True,0.598,5.0,0
Note_000835,78,209999.96,303.03,Right,MELODY,2,0.409,0.409,True,0.655,5.0,0
Note_000836,85,210302.99,303.03,Right,MELODY,4,0.409,0.409,True,0.736,-5.0,0
Note_000837,81,210606.02,303.03,Right,MELODY,2,0.409,0.409,False,0.69,5.0,0
Note_000838,61,210909.05,909.09,Left,BASS,2,0.37,0.37,True,0.477,15.0,0
Note_000839,64,210909.05,303.03,Left,INNER,1,0.441,0.441,False,0.477,15.0,0
Note_000840,93,210909.05,1212.12,Right,MELODY,4,0.717,0.717,False,0.828,-5.0,0
Note_000841,69,211212.08,303.03,Left,BASS,5,0.409,0.409,False,0.552,-10.0,0
Note_000842,73,211515.11,303.03,Left,BASS,2,0.409,0.409,True,0.598,5.0,0
Note_000843,76,211818.14,303.03,Left,BASS,1,0.409,0.409,False,0.632,10.0,0
Note_000844,97,212121.18,606.06,Right,MELODY,5,0.717,0.717,True,0.874,-10.0,-12
Note_000845,85,212424.21,303.03,Right,MELODY,4,0.409,0.409,True,0.736,-5.0,0
Note_000846,59,212727.24,909.09,Left,BASS,5,0.441,0.441,False,0.437,-10.0,0
Note_000847,78,212727.24,3636.36,Right,MELODY,3,0.646,0.646,True,0.655,0.0,0
Note_000848,63,213030.27,303.03,Left,BASS,3,0.409,0.409,True,0.483,-0.0,0
Note_000849,66,213333.3,303.03,Left,BASS,2,0.409,0.409,True,0.517,5.0,0
Note_000850,66,213636.33,303.03,Right,MELODY,2,0.409,0.409,True,0.517,5.0,0
Note_000851,73,213939.36,303.03,Right,MELODY,4,0.409,0.409,True,0.598,-5.0,0
Note_000852,69,214242.39,303.03,Right,MELODY,3,0.409,0.409,False,0.552,0.0,0
Note_000853,57,214545.42,909.09,Left,BASS,5,0.441,0.441,False,0.414,-10.0,0
Note_000854,61,214848.45,303.03,Left,BASS,2,0.409,0.409,True,0.46,5.0,0
Note_000855,64,215151.48,303.03,Left,BASS,1,0.409,0.409,False,0.494,10.0,0
Note_000856,66,215454.51,303.03,Right,MELODY,2,0.409,0.409,True,0.517,5.0,0
Note_000857,73,215757.54,303.03,Right,MELODY,4,0.409,0.409,True,0.598,-5.0,0
Note_000858,69,216060.57,303.03,Right,MELODY,2,0.409,0.409,False,0.552,5.0,0
Note_000859,56,216363.6,909.09,Left,BASS,5,0.441,0.441,True,0.402,-10.0,12
Note_000860,81,216363.6,1212.12,Right,MELODY,5,0.661,0.661,False,0.69,-10.0,0
Note_000861,61,216666.63,303.03,Left,BASS,3,0.409,0.409,True,0.46,-0.0,0
Note_000862,64,216969.66,303.03,Left,BASS,2,0.409,0.409,False,0.494,5.0,0
Note_000863,69,217272.69,303.03,Left,BASS,1,0.409,0.409,False,0.552,10.0,0
Note_000864,76,217575.72,303.03,Right,INNER,2,0.409,0.409,False,0.684,0.0,0
Note_000865,85,217575.72,606.06,Right,MELODY,4,0.622,0.622,True,0.684,0.0,0
Note_000866,81,217878.75,303.03,Right,MELODY,2,0.409,0.409,False,0.69,5.0,0
Note_000867,85,218181.78,606.06,Right,INNER,1,0.622,0.622,True,0.753,5.0,12
Note_000868,88,218181.78,606.06,Right,MELODY,4,0.622,0.622,False,0.753,5.0,12
Note_000869,61,218484.81,303.03,Left,BASS,5,0.339,0.339,True,0.46,-10.0,12
Note_000870,64,218787.84,303.03,Left,BASS,3,0.354,0.354,False,0.494,-0.0,0
Note_000871,83,218787.84,606.06,Right,INNER,1,0.543,0.543,False,0.736,5.0,0
Note_000872,87,218787.84,606.06,Right,MELODY,4,0.543,0.543,True,0.736,5.0,0
Note_000873,66,219090.87,303.03,Left,BASS,2,0.362,0.362,True,0.517,5.0,0
Note_000874,69,219393.9,303.03,Left,BASS,1,0.386,0.386,False,0.552,10.0,0
Note_000875,81,219393.9,606.06,Right,INNER,1,0.543,0.543,False,0.713,5.0,0
Note_000876,85,219393.9,606.06,Right,MELODY,4,0.543,0.543,True,0.713,5.0,0
Note_000877,73,219696.93,303.03,Left,BASS,5,0.394,0.394,True,0.598,-10.0,12
Note_000878,76,219999.96,303.03,Left,BASS,3,0.394,0.394,False,0.632,-0.0,0
Note_000879,80,219999.96,909.09,Right,INNER,1,0.583,0.583,True,0.695,5.0,12
Note_000880,83,219999.96,909.09,Right,MELODY,4,0.583,0.583,False,0.695,5.0,12
Note_000881,78,220302.99,303.03,Left,BASS,2,0.394,0.394,True,0.655,5.0,0
Note_000882,76,220606.02,303.03,Left,BASS,3,0.386,0.386,False,0.632,-0.0,0
Note_000883,73,220909.05,303.03,Left,BASS,5,0.378,0.378,True,0.598,-10.0,12
Note_000884,78,220909.05,1515.15,Right,INNER,1,0.528,0.528,True,0.672,5.0,12
Note_000885,81,220909.05,1515.15,Right,MELODY,4,0.528,0.528,False,0.672,5.0,12
Note_000886,69,221212.08,303.03,Left,BASS,1,0.362,0.362,False,0.552,10.0,0
Note_000887,66,221515.11,303.03,Left,BASS,2,0.362,0.362,True,0.517,5.0,0
Note_000888,64,221818.14,303.03,Left,BASS,5,0.339,0.339,False,0.494,-10.0,0
Note_000889,66,222121.17,303.03,Left,BASS,2,0.331,0.331,True,0.517,5.0,0
Note_000890,64,222424.2,303.03,Left,BASS,3,0.315,0.315,False,0.494,-0.0,0
Note_000891,76,222424.2,606.06,Right,INNER,1,0.472,0.472,False,0.655,5.0,0
Note_000892,80,222424.2,606.06,Right,MELODY,4,0.472,0.472,True,0.655,5.0,0
Note_000893,61,222727.23,303.03,Left,BASS,5,0.307,0.307,True,0.46,-10.0,12
Note_000894,57,223030.26,303.03,Left,BASS,1,0.299,0.299,False,0.414,10.0,0
Note_000895,75,223030.26,606.06,Right,INNER,1,0.472,0.472,True,0.638,5.0,12
Note_000896,78,223030.26,606.06,Right,MELODY,4,0.472,0.472,True,0.638,5.0,12
Note_000897,54,223333.29,303.03,Left,BASS,2,0.291,0.291,True,0.379,5.0,0
Note_000898,42,223636.32,303.03,Left,BASS,3,0.339,0.339,True,0.241,-0.0,0
Note_000899,73,223636.32,606.06,Right,INNER,1,0.488,0.488,True,0.615,5.0,12
Note_000900,76,223636.32,606.06,Right,MELODY,4,0.488,0.488,False,0.615,5.0,12
Note_000901,49,223939.35,303.03,Left,BASS,2,0.299,0.299,True,0.322,5.0,0
Note_000902,52,224242.39,303.03,Left,BASS,1,0.307,0.307,False,0.356,10.0,0
Note_000903,71,224242.39,606.06,Right,INNER,1,0.457,0.457,False,0.598,5.0,0
Note_000904,75,224242.39,606.06,Right,MELODY,4,0.457,0.457,True,0.598,5.0,0
Note_000905,54,224545.42,303.03,Left,BASS,5,0.315,0.315,True,0.379,-10.0,12
Note_000906,57,224848.45,303.03,Left,BASS,3,0.331,0.331,False,0.414,-0.0,0
Note_000907,69,224848.45,606.06,Right,INNER,1,0.441,0.441,False,0.575,5.0,0
Note_000908,73,224848.45,606.06,Right,MELODY,4,0.441,0.441,True,0.575,5.0,0
Note_000909,61,225151.48,303.03,Left,BASS,2,0.339,0.339,True,0.46,5.0,0
Note_000910,64,225454.51,303.03,Left,BASS,1,0.331,0.331,False,0.494,10.0,0
Note_000911,68,225454.51,606.06,Right,INNER,3,0.449,0.449,True,0.557,-5.0,0
Note_000912,71,225454.51,606.06,Right,MELODY,4,0.449,0.449,False,0.557,-5.0,0
Note_000913,61,225757.54,303.03,Left,BASS,2,0.331,0.331,True,0.46,5.0,0
Note_000914,57,226060.57,303.03,Left,BASS,3,0.315,0.315,False,0.414,-0.0,0
Note_000915,66,226060.57,606.06,Right,INNER,2,0.409,0.409,True,0.534,5.0,0
Note_000916,69,226060.57,606.06,Right,MELODY,3,0.409,0.409,False,0.534,5.0,0
Note_000917,54,226363.6,303.03,Left,BASS,5,0.315,0.315,True,0.379,-10.0,12
Note_000918,52,226666.63,303.03,Left,BASS,1,0.307,0.307,False,0.356,10.0,0
Note_000919,64,226666.63,1212.12,Right,INNER,1,0.386,0.386,False,0.517,15.0,0
Note_000920,68,226666.63,1212.12,Right,MELODY,2,0.386,0.386,True,0.517,15.0,0
Note_000921,49,226969.66,303.03,Left,BASS,2,0.299,0.299,True,0.322,5.0,0
Note_000922,42,227272.69,303.03,Left,BASS,3,0.291,0.291,True,0.241,-0.0,0
Note_000923,57,227272.69,1818.18,Right,MELODY,5,0.362,0.362,False,0.414,-10.0,0
Note_000924,49,227575.72,303.03,Left,BASS,2,0.268,0.268,True,0.322,5.0,0
Note_000925,42,227878.75,303.03,Left,BASS,3,0.291,0.291,True,0.241,-0.0,0
Note_000926,63,227878.75,606.06,Right,INNER,1,0.339,0.339,True,0.5,5.0,12
Note_000927,66,227878.75,606.06,Right,MELODY,4,0.339,0.339,True,0.5,5.0,12
Note_000928,49,228181.78,303.03,Left,BASS,2,0.268,0.268,True,0.322,5.0,0
Note_000929,42,228484.81,303.03,Left,BASS,3,0.291,0.291,True,0.241,-0.0,0
Note_000930,61,228484.81,606.06,Right,INNER,1,0.315,0.315,True,0.477,5.0,12
Note_000931,64,228484.81,606.06,Right,MELODY,4,0.315,0.315,False,0.477,5.0,12
Note_000932,49,228787.84,303.03,Left,BASS,2,0.268,0.268,True,0.322,5.0,0
Note_000933,44,229090.87,303.03,Left,BASS,3,0.252,0.252,True,0.264,-0.0,0
Note_000934,54,229090.87,1212.12,Right,INNER,2,0.291,0.291,True,0.431,0.0,0
Note_000935,63,229090.87,3636.36,Right,MELODY,4,0.315,0.315,True,0.431,0.0,0
Note_000936,51,229393.9,303.03,Left,BASS,2,0.244,0.244,True,0.345,5.0,0
Note_000937,44,229696.93,303.03,Left,BASS,3,0.26,0.26,True,0.264,-0.0,0
Note_000938,51,229999.96,303.03,Left,BASS,2,0.244,0.244,True,0.345,5.0,0
Note_000939,44,230302.99,303.03,Left,BASS,3,0.26,0.26,True,0.264,-0.0,0
Note_000940,56,230302.99,606.06,Right,MELODY,2,0.283,0.283,True,0.402,5.0,0
Note_000941,51,230606.02,303.03,Left,BASS,2,0.252,0.252,True,0.345,5.0,0
Note_000942,44,230909.05,303.03,Left,BASS,3,0.268,0.268,True,0.264,-0.0,0
Note_000943,58,230909.05,1212.12,Right,MELODY,3,0.299,0.299,True,0.425,0.0,0
Note_000944,51,231212.08,303.03,Left,BASS,2,0.252,0.252,True,0.345,5.0,0
Note_000945,44,231515.11,303.03,Left,BASS,3,0.268,0.268,True,0.264,-0.0,0
Note_000946,51,231818.14,303.03,Left,BASS,2,0.268,0.268,True,0.345,5.0,0
Note_000947,44,232121.17,303.03,Left,BASS,3,0.283,0.283,True,0.264,-0.0,0
Note_000948,61,232121.17,606.06,Right,MELODY,4,0.291,0.291,True,0.46,-5.0,0
Note_000949,51,232424.2,303.03,Left,BASS,2,0.268,0.268,True,0.345,5.0,0
Note_000950,44,232727.23,303.03,Left,BASS,3,0.26,0.26,True,0.264,-0.0,0
Note_000951,60,232727.23,1818.18,Right,INNER,1,0.291,0.291,False,0.483,15.0,0
Note_000952,63,232727.23,1212.12,Right,INNER,2,0.291,0.291,True,0.483,15.0,0
Note_000953,66,232727.23,1212.12,Right,MELODY,3,0.346,0.346,True,0.483,15.0,0
Note_000954,51,233030.26,303.03,Left,BASS,2,0.244,0.244,True,0.345,5.0,0
Note_000955,44,233333.29,303.03,Left,BASS,3,0.26,0.26,True,0.264,-0.0,0
Note_000956,51,233636.32,303.03,Left,BASS,2,0.244,0.244,True,0.345,5.0,0
Note_000957,44,233939.35,303.03,Left,BASS,3,0.26,0.26,True,0.264,-0.0,0
Note_000958,63,233939.35,606.06,Right,INNER,2,0.315,0.315,True,0.521,0.0,0
Note_000959,66,233939.35,606.06,Right,INNER,3,0.291,0.291,True,0.521,0.0,0
Note_000960,70,233939.35,606.06,Right,MELODY,4,0.346,0.346,True,0.521,0.0,0
Note_000961,51,234242.38,303.03,Left,BASS,2,0.244,0.244,True,0.345,5.0,0
Note_000962,44,234545.41,303.03,Left,BASS,3,0.252,0.252,True,0.264,-0.0,0
Note_000963,54,234545.41,1212.12,Right,INNER,1,0.291,0.291,True,0.431,15.0,12
Note_000964,63,234545.41,3636.36,Right,MELODY,2,0.315,0.315,True,0.431,15.0,12
Note_000965,51,234848.44,303.03,Left,BASS,2,0.244,0.244,True,0.345,5.0,0
Note_000966,44,235151.47,303.03,Left,BASS,3,0.26,0.26,True,0.264,-0.0,0
Note_000967,51,235454.5,303.03,Left,BASS,2,0.244,0.244,True,0.345,5.0,0
Note_000968,44,235757.53,303.03,Left,BASS,3,0.26,0.26,True,0.264,-0.0,0
Note_000969,56,235757.53,606.06,Right,MELODY,3,0.268,0.268,True,0.402,0.0,0
Note_000970,51,236060.56,303.03,Left,BASS,2,0.252,0.252,True,0.345,5.0,0
Note_000971,44,236363.6,303.03,Left,BASS,3,0.268,0.268,True,0.264,-0.0,0
Note_000972,58,236363.6,1212.12,Right,MELODY,4,0.299,0.299,True,0.425,-5.0,0
Note_000973,51,236666.63,303.03,Left,BASS,2,0.252,0.252,True,0.345,5.0,0
Note_000974,44,236969.66,303.03,Left,BASS,3,0.268,0.268,True,0.264,-0.0,0
Note_000975,51,237272.69,303.03,Left,BASS,2,0.26,0.26,True,0.345,5.0,0
Note_000976,44,237575.72,303.03,Left,BASS,3,0.283,0.283,True,0.264,-0.0,0
Note_000977,61,237575.72,606.06,Right,MELODY,5,0.291,0.291,True,0.46,-10.0,-12
Note_000978,51,237878.75,303.03,Left,BASS,2,0.268,0.268,True,0.345,5.0,0
Note_000979,44,238181.78,303.03,Left,BASS,3,0.26,0.26,True,0.264,-0.0,0
Note_000980,60,238181.78,1818.18,Right,INNER,1,0.291,0.291,False,0.483,15.0,0
Note_000981,63,238181.78,1212.12,Right,INNER,2,0.291,0.291,True,0.483,15.0,0
Note_000982,66,238181.78,1212.12,Right,MELODY,3,0.315,0.315,True,0.483,15.0,0
Note_000983,51,238484.81,303.03,Left,BASS,2,0.244,0.244,True,0.345,5.0,0
Note_000984,44,238787.84,303.03,Left,BASS,3,0.26,0.26,True,0.264,-0.0,0
Note_000985,51,239090.87,303.03,Left,BASS,2,0.244,0.244,True,0.345,5.0,0
Note_000986,44,239393.9,303.03,Left,BASS,3,0.26,0.26,True,0.264,-0.0,0
Note_000987,63,239393.9,606.06,Right,INNER,2,0.283,0.283,True,0.521,0.0,0
Note_000988,66,239393.9,1161.62,Right,INNER,3,0.283,0.283,True,0.521,0.0,0
Note_000989,70,239393.9,1161.62,Right,MELODY,4,0.307,0.307,True,0.521,0.0,0
Note_000990,51,239696.93,303.03,Left,BASS,2,0.244,0.244,True,0.345,5.0,0
Note_000991,44,239999.96,303.03,Left,BASS,3,0.291,0.291,True,0.264,-0.0,0
Note_000992,61,239999.96,555.56,Right,MELODY,2,0.268,0.268,True,0.46,5.0,0
Note_000993,39,240302.99,303.03,Left,BASS,5,0.26,0.26,True,0.207,-10.0,12
Note_000994,44,240606.02,303.03,Left,BASS,3,0.291,0.291,True,0.264,-0.0,0
Note_000995,68,240606.02,606.06,Right,INNER,3,0.307,0.307,True,0.59,-15.0,0
Note_000996,72,240606.02,606.06,Right,INNER,4,0.307,0.307,False,0.59,-15.0,0
Note_000997,77,240606.02,606.06,Right,MELODY,5,0.331,0.331,False,0.59,-15.0,0
Note_000998,51,240909.05,303.03,Left,BASS,2,0.283,0.283,True,0.345,5.0,0
Note_000999,44,241212.08,303.03,Left,BASS,5,0.291,0.291,True,0.264,-10.0,12
Note_001000,66,241212.08,606.06,Right,INNER,1,0.299,0.299,True,0.567,15.0,12
Note_001001,70,241212.08,606.06,Right,INNER,2,0.299,0.299,True,0.567,15.0,12
Note_001002,75,241212.08,606.06,Right,MELODY,3,0.323,0.323,True,0.567,15.0,12
Note_001003,51,241515.11,303.03,Left,BASS,3,0.283,0.283,True,0.345,-0.0,0
Note_001004,56,241818.14,303.03,Left,BASS,2,0.307,0.307,True,0.402,5.0,0
Note_001005,61,241818.14,606.06,Right,INNER,2,0.283,0.283,True,0.513,-0.0,0
Note_001006,66,241818.14,1818.18,Right,INNER,3,0.283,0.283,True,0.513,-0.0,0
Note_001007,70,241818.14,1818.18,Right,MELODY,4,0.307,0.307,True,0.513,-0.0,0
Note_001008,51,242121.17,303.03,Left,BASS,5,0.268,0.268,True,0.345,-10.0,12
Note_001009,56,242424.2,303.03,Left,BASS,3,0.291,0.291,True,0.402,-0.0,0
Note_001010,58,242424.2,606.06,Right,MELODY,2,0.268,0.268,True,0.425,5.0,0
Note_001011,63,242727.23,303.03,Left,BASS,2,0.268,0.268,True,0.483,5.0,0
Note_001012,56,243030.26,303.03,Left,BASS,3,0.283,0.283,True,0.402,-0.0,0
Note_001013,61,243030.26,606.06,Right,MELODY,4,0.268,0.268,True,0.46,-5.0,0
Note_001014,51,243333.29,303.03,Left,BASS,5,0.268,0.268,True,0.345,-10.0,12
Note_001015,56,243636.32,303.03,Left,BASS,2,0.291,0.291,True,0.402,5.0,0
Note_001016,58,243636.32,606.06,Right,INNER,1,0.244,0.244,True,0.494,15.0,12
Note_001017,66,243636.32,1818.18,Right,INNER,2,0.26,0.26,True,0.494,15.0,12
Note_001018,68,243636.32,1818.18,Right,MELODY,3,0.283,0.283,True,0.494,15.0,12
Note_001019,51,243939.35,303.03,Left,BASS,3,0.268,0.268,True,0.345,-0.0,0
Note_001020,44,244242.38,303.03,Left,BASS,5,0.268,0.268,True,0.264,-10.0,12
Note_001021,60,244242.38,606.06,Right,MELODY,4,0.268,0.268,False,0.448,-5.0,0
Note_001022,51,244545.41,303.03,Left,BASS,2,0.26,0.26,True,0.345,5.0,0
Note_001023,44,244848.44,303.03,Left,BASS,3,0.268,0.268,True,0.264,-0.0,0
Note_001024,63,244848.44,606.06,Right,MELODY,5,0.268,0.268,True,0.483,-10.0,-12
Note_001025,39,245151.47,303.03,Left,BASS,5,0.26,0.26,True,0.207,-10.0,12
Note_001026,44,245454.5,303.03,Left,BASS,2,0.291,0.291,True,0.264,5.0,0
Note_001027,61,245454.5,555.56,Right,INNER,1,0.268,0.268,True,0.513,10.0,12
Note_001028,66,245454.5,555.56,Right,INNER,2,0.268,0.268,True,0.513,10.0,12
Note_001029,70,245454.5,555.56,Right,MELODY,4,0.268,0.268,True,0.513,10.0,12
Note_001030,39,245757.53,303.03,Left,BASS,5,0.26,0.26,True,0.207,-10.0,12
Note_001031,44,246060.56,303.03,Left,BASS,3,0.291,0.291,True,0.264,-0.0,0
Note_001032,68,246060.56,606.06,Right,INNER,3,0.307,0.307,True,0.59,-15.0,0
Note_001033,72,246060.56,606.06,Right,INNER,4,0.307,0.307,False,0.59,-15.0,0
Note_001034,77,246060.56,606.06,Right,MELODY,5,0.331,0.331,False,0.59,-15.0,0
Note_001035,51,246363.59,303.03,Left,BASS,2,0.283,0.283,True,0.345,5.0,0
Note_001036,44,246666.62,303.03,Left,BASS,5,0.291,0.291,True,0.264,-10.0,12
Note_001037,66,246666.62,606.06,Right,INNER,1,0.299,0.299,True,0.567,15.0,12
Note_001038,70,246666.62,606.06,Right,INNER,2,0.299,0.299,True,0.567,15.0,12
Note_001039,75,246666.62,606.06,Right,MELODY,3,0.323,0.323,True,0.567,15.0,12
Note_001040,51,246969.65,303.03,Left,BASS,3,0.283,0.283,True,0.345,-0.0,0
Note_001041,56,247272.68,303.03,Left,BASS,2,0.307,0.307,True,0.402,5.0,0
Note_001042,61,247272.68,606.06,Right,INNER,2,0.283,0.283,True,0.513,-0.0,0
Note_001043,66,247272.68,1818.18,Right,INNER,3,0.283,0.283,True,0.513,-0.0,0
Note_001044,70,247272.68,1818.18,Right,MELODY,4,0.307,0.307,True,0.513,-0.0,0
Note_001045,51,247575.71,303.03,Left,BASS,5,0.268,0.268,True,0.345,-10.0,12
Note_001046,56,247878.74,303.03,Left,BASS,3,0.291,0.291,True,0.402,-0.0,0
Note_001047,58,247878.74,606.06,Right,MELODY,2,0.268,0.268,True,0.425,5.0,0
Note_001048,63,248181.77,303.03,Left,BASS,2,0.268,0.268,True,0.483,5.0,0
Note_001049,56,248484.81,303.03,Left,BASS,3,0.283,0.283,True,0.402,-0.0,0
Note_001050,61,248484.81,606.06,Right,MELODY,5,0.268,0.268,True,0.46,-10.0,-12
Note_001051,51,248787.84,303.03,Left,BASS,5,0.268,0.268,True,0.345,-10.0,12
Note_001052,56,249090.87,303.03,Left,BASS,2,0.291,0.291,True,0.402,5.0,0
Note_001053,58,249090.87,606.06,Right,INNER,1,0.244,0.244,True,0.494,5.0,12
Note_001054,66,249090.87,1818.18,Right,INNER,3,0.26,0.26,True,0.494,5.0,12
Note_001055,68,249090.87,1818.18,Right,MELODY,4,0.283,0.283,True,0.494,5.0,12
Note_001056,51,249393.9,303.03,Left,BASS,3,0.291,0.291,True,0.345,-0.0,0
Note_001057,56,249696.93,303.03,Left,BASS,2,0.268,0.268,True,0.402,5.0,0
Note_001058,60,249696.93,606.06,Right,MELODY,2,0.268,0.268,False,0.448,5.0,0
Note_001059,51,249999.96,303.03,Left,BASS,3,0.26,0.26,True,0.345,-0.0,0
Note_001060,56,250302.99,303.03,Left,BASS,2,0.268,0.268,True,0.402,5.0,0
Note_001061,63,250302.99,606.06,Right,MELODY,3,0.268,0.268,True,0.483,0.0,0
Note_001062,51,250606.02,303.03,Left,BASS,5,0.26,0.26,True,0.345,-10.0,12
Note_001063,54,250909.05,1212.12,Left,BASS,4,0.315,0.315,True,0.379,-5.0,0
Note_001064,75,250909.05,3636.36,Right,MELODY,4,0.378,0.378,True,0.621,-5.0,0
Note_001065,63,251212.08,303.03,Right,MELODY,2,0.252,0.252,True,0.483,5.0,0
Note_001066,66,251515.11,303.03,Right,MELODY,3,0.268,0.268,True,0.517,0.0,0
Note_001067,70,251818.14,303.03,Right,MELODY,4,0.252,0.252,True,0.563,-5.0,0
Note_001068,56,252121.17,606.06,Left,BASS,3,0.307,0.307,True,0.402,-0.0,0
Note_001069,66,252121.17,303.03,Right,MELODY,3,0.268,0.268,True,0.517,0.0,0
Note_001070,63,252424.2,303.03,Right,MELODY,2,0.252,0.252,True,0.483,5.0,0
Note_001071,58,252727.23,1212.12,Left,BASS,2,0.331,0.331,True,0.425,5.0,0
Note_001072,63,253030.26,303.03,Right,MELODY,2,0.252,0.252,True,0.483,5.0,0
Note_001073,66,253333.29,303.03,Right,MELODY,3,0.283,0.283,True,0.517,0.0,0
Note_001074,70,253636.32,303.03,Right,MELODY,4,0.252,0.252,True,0.563,-5.0,0
Note_001075,61,253939.35,606.06,Left,BASS,1,0.315,0.315,True,0.46,10.0,-12
Note_001076,66,253939.35,303.03,Right,MELODY,3,0.283,0.283,True,0.517,0.0,0
Note_001077,63,254242.38,303.03,Right,MELODY,2,0.252,0.252,True,0.483,5.0,0
Note_001078,60,254545.41,1818.18,Left,BASS,5,0.315,0.315,False,0.448,-10.0,0
Note_001079,78,254545.41,1212.12,Right,MELODY,4,0.417,0.417,True,0.655,-5.0,0
Note_001080,63,254848.44,303.03,Left,BASS,4,0.236,0.236,True,0.483,-5.0,0
Note_001081,66,255151.47,303.03,Left,BASS,3,0.236,0.236,True,0.517,-0.0,0
Note_001082,70,255454.5,303.03,Left,BASS,2,0.236,0.236,True,0.563,5.0,0
Note_001083,72,255757.53,303.03,Right,INNER,1,0.236,0.236,False,0.644,15.0,0
Note_001084,82,255757.53,606.06,Right,MELODY,2,0.394,0.394,True,0.644,15.0,0
Note_001085,75,256060.56,303.03,Right,MELODY,4,0.252,0.252,True,0.621,-5.0,0
Note_001086,54,256363.59,1212.12,Left,BASS,5,0.315,0.315,True,0.379,-10.0,12
Note_001087,75,256363.59,3636.36,Right,MELODY,4,0.378,0.378,True,0.621,-5.0,0
Note_001088,63,256666.62,303.03,Right,MELODY,2,0.252,0.252,True,0.483,5.0,0
Note_001089,66,256969.65,303.03,Right,MELODY,3,0.268,0.268,True,0.517,0.0,0
Note_001090,70,257272.68,303.03,Right,MELODY,4,0.252,0.252,True,0.563,-5.0,0
Note_001091,56,257575.71,606.06,Left,BASS,4,0.307,0.307,True,0.402,-5.0,0
Note_001092,66,257575.71,303.03,Right,MELODY,3,0.268,0.268,True,0.517,0.0,0
Note_001093,63,257878.74,303.03,Right,MELODY,2,0.252,0.252,True,0.483,5.0,0
Note_001094,58,258181.77,1212.12,Left,BASS,3,0.331,0.331,True,0.425,-0.0,0
Note_001095,63,258484.8,303.03,Right,MELODY,2,0.252,0.252,True,0.483,5.0,0
Note_001096,66,258787.83,303.03,Right,MELODY,3,0.283,0.283,True,0.517,0.0,0
Note_001097,70,259090.86,303.03,Right,MELODY,4,0.252,0.252,True,0.563,-5.0,0
Note_001098,61,259393.89,606.06,Left,BASS,2,0.315,0.315,True,0.46,5.0,0
Note_001099,66,259393.89,303.03,Right,MELODY,3,0.283,0.283,True,0.517,0.0,0
Note_001100,63,259696.92,303.03,Right,MELODY,2,0.252,0.252,True,0.483,5.0,0
Note_001101,60,259999.95,1818.18,Left,BASS,5,0.315,0.315,False,0.448,-10.0,0
Note_001102,78,259999.95,1212.12,Right,MELODY,4,0.417,0.417,True,0.655,-5.0,0
Note_001103,63,260302.98,303.03,Left,BASS,4,0.236,0.236,True,0.483,-5.0,0
Note_001104,66,260606.02,303.03,Left,BASS,3,0.236,0.236,True,0.517,-0.0,0
Note_001105,70,260909.05,303.03,Left,BASS,2,0.236,0.236,True,0.563,5.0,0
Note_001106,72,261212.08,303.03,Right,INNER,1,0.252,0.252,False,0.644,10.0,0
Note_001107,82,261212.08,606.06,Right,MELODY,3,0.409,0.409,True,0.644,10.0,0
Note_001108,75,261515.11,303.03,Right,MELODY,2,0.252,0.252,True,0.621,5.0,0
Note_001109,87,261818.14,7272.73,Right,MELODY,4,0.409,0.409,True,0.759,-5.0,0
Note_001110,70,262121.17,303.03,Left,BASS,3,0.291,0.291,True,0.563,-0.0,0
Note_001111,73,262424.2,303.03,Left,BASS,2,0.291,0.291,True,0.598,5.0,0
Note_001112,75,262727.23,303.03,Right,MELODY,2,0.283,0.283,True,0.621,5.0,0
Note_001113,78,263030.26,303.03,Right,MELODY,3,0.26,0.26,True,0.655,0.0,0
Note_001114,82,263333.29,303.03,Right,MELODY,4,0.252,0.252,True,0.701,-5.0,0
Note_001115,66,263636.32,303.03,Left,BASS,5,0.283,0.283,True,0.517,-10.0,12
Note_001116,70,263939.35,303.03,Left,BASS,3,0.252,0.252,True,0.563,-0.0,0
Note_001117,73,264242.38,303.03,Left,BASS,2,0.252,0.252,True,0.598,5.0,0
Note_001118,75,264545.41,303.03,Right,MELODY,2,0.283,0.283,True,0.621,5.0,0
Note_001119,78,264848.44,303.03,Right,MELODY,4,0.26,0.26,True,0.655,-5.0,0
Note_001120,84,265151.47,303.03,Right,MELODY,5,0.252,0.252,False,0.724,-10.0,0
Note_001121,66,265454.5,303.03,Left,BASS,5,0.291,0.291,True,0.517,-10.0,12
Note_001122,70,265757.53,303.03,Left,BASS,3,0.244,0.244,True,0.563,-0.0,0
Note_001123,73,266060.56,303.03,Left,BASS,2,0.244,0.244,True,0.598,5.0,0
Note_001124,75,266363.59,303.03,Right,MELODY,2,0.26,0.26,True,0.621,5.0,0
Note_001125,78,266666.62,303.03,Right,MELODY,3,0.252,0.252,True,0.655,0.0,0
Note_001126,82,266969.65,303.03,Right,MELODY,4,0.244,0.244,True,0.701,-5.0,0
Note_001127,69,267575.71,303.03,Left,BASS,5,0.236,0.236,False,0.552,-10.0,0
Note_001128,73,267878.74,303.03,Left,BASS,2,0.236,0.236,True,0.598,5.0,0
Note_001129,75,268181.77,303.03,Right,MELODY,2,0.252,0.252,True,0.621,5.0,0
Note_001130,78,268484.8,303.03,Right,MELODY,3,0.244,0.244,True,0.655,0.0,0
Note_001131,81,268787.83,303.03,Right,MELODY,4,0.244,0.244,False,0.69,-5.0,0
Note_001132,66,269090.86,303.03,Left,BASS,5,0.268,0.268,True,0.517,-10.0,12
Note_001133,85,269090.86,1818.18,Right,MELODY,5,0.409,0.409,True,0.736,-10.0,-12
Note_001134,69,269393.89,303.03,Left,BASS,3,0.236,0.236,False,0.552,-0.0,0
Note_001135,73,269696.92,303.03,Left,BASS,2,0.22,0.22,True,0.598,5.0,0
Note_001136,75,269999.95,303.03,Right,MELODY,2,0.244,0.244,True,0.621,5.0,0
Note_001137,78,270302.98,303.03,Right,MELODY,3,0.236,0.236,True,0.655,0.0,0
Note_001138,83,270606.01,303.03,Right,MELODY,4,0.22,0.22,False,0.713,-5.0,0
Note_001139,66,270909.04,303.03,Left,BASS,5,0.268,0.268,True,0.517,-10.0,12
Note_001140,87,270909.04,1818.18,Right,MELODY,5,0.409,0.409,True,0.759,-10.0,-12
Note_001141,69,271212.07,303.03,Left,BASS,3,0.22,0.22,False,0.552,-0.0,0
Note_001142,73,271515.1,303.03,Left,BASS,2,0.22,0.22,True,0.598,5.0,0
Note_001143,75,271818.13,303.03,Right,MELODY,2,0.22,0.22,True,0.621,5.0,0
Note_001144,78,272121.16,303.03,Right,MELODY,4,0.22,0.22,True,0.655,-5.0,0
Note_001145,81,272424.19,303.03,Right,MELODY,5,0.213,0.213,False,0.69,-10.0,0
Note_001146,65,272727.23,3636.36,Left,BASS,5,0.252,0.252,False,0.506,-10.0,0
Note_001147,68,273030.26,303.03,Left,BASS,2,0.252,0.252,True,0.54,5.0,0
Note_001148,72,273333.29,303.03,Left,BASS,1,0.252,0.252,False,0.586,10.0,0
Note_001149,77,273636.32,303.03,Left,BASS,5,0.252,0.252,False,0.644,-10.0,0
Note_001150,80,273939.35,303.03,Left,BASS,2,0.252,0.252,True,0.678,5.0,0
Note_001151,84,274242.38,303.03,Left,BASS,1,0.252,0.252,False,0.724,10.0,0
Note_001152,89,274545.41,1818.18,Right,INNER,1,0.299,0.299,False,0.799,15.0,0
Note_001153,92,274545.41,1818.18,Right,MELODY,2,0.299,0.299,True,0.799,15.0,0
Note_001154,65,276363.59,1818.18,Left,BASS,5,0.228,0.228,False,0.506,-10.0,0
Note_001155,89,276363.59,2424.24,Right,MELODY,4,0.307,0.307,False,0.782,-5.0,0
Note_001156,65,278181.77,3636.36,Left,BASS,5,0.236,0.236,False,0.506,-10.0,0
Note_001157,69,278484.8,303.03,Left,BASS,1,0.236,0.236,False,0.552,10.0,0
Note_001158,72,278787.83,303.03,Left,BASS,5,0.228,0.228,False,0.586,-10.0,0
Note_001159,84,278787.83,606.06,Right,INNER,1,0.26,0.26,False,0.741,5.0,0
Note_001160,87,278787.83,606.06,Right,MELODY,4,0.283,0.283,True,0.741,5.0,0
Note_001161,75,279090.86,303.03,Left,BASS,3,0.22,0.22,True,0.621,-0.0,0
Note_001162,77,279393.89,303.03,Left,BASS,2,0.213,0.213,False,0.644,5.0,0
Note_001163,85,279393.89,606.06,Right,INNER,1,0.228,0.228,True,0.759,5.0,12
Note_001164,89,279393.89,606.06,Right,MELODY,4,0.244,0.244,False,0.759,5.0,12
Note_001165,81,279696.92,303.03,Left,BASS,1,0.213,0.213,False,0.69,10.0,0
Note_001166,84,279999.95,4242.42,Right,INNER,1,0.213,0.213,False,0.741,5.0,0
Note_001167,87,279999.95,4242.42,Right,MELODY,4,0.228,0.228,True,0.741,5.0,0
Note_001168,65,281818.13,1818.18,Left,BASS,5,0.22,0.22,False,0.506,-10.0,0
Note_001169,65,283636.31,3636.36,Left,BASS,5,0.228,0.228,False,0.506,-10.0,0
Note_001170,68,283939.34,303.03,Left,BASS,4,0.228,0.228,True,0.54,-5.0,0
Note_001171,70,284242.37,303.03,Left,BASS,3,0.22,0.22,True,0.563,-0.0,0
Note_001172,82,284242.37,606.06,Right,INNER,1,0.283,0.283,True,0.718,5.0,12
Note_001173,85,284242.37,606.06,Right,MELODY,4,0.307,0.307,True,0.718,5.0,12
Note_001174,73,284545.4,303.03,Left,BASS,2,0.22,0.22,True,0.598,5.0,0
Note_001175,77,284848.44,303.03,Left,BASS,1,0.213,0.213,False,0.644,10.0,0
Note_001176,84,284848.44,606.06,Right,INNER,1,0.236,0.236,False,0.741,5.0,0
Note_001177,87,284848.44,606.06,Right,MELODY,4,0.26,0.26,True,0.741,5.0,0
Note_001178,80,285151.47,303.03,Left,BASS,2,0.213,0.213,True,0.678,5.0,0
Note_001179,82,285454.5,909.09,Right,INNER,2,0.22,0.22,True,0.718,0.0,0
Note_001180,85,285454.5,909.09,Right,MELODY,4,0.236,0.236,True,0.718,0.0,0
Note_001181,85,286363.59,1818.18,Right,INNER,4,0.299,0.299,True,0.759,-15.0,0
Note_001182,89,286363.59,1818.18,Right,MELODY,5,0.323,0.323,False,0.759,-15.0,0
Note_001183,65,287272.68,1818.18,Left,BASS,3,0.22,0.22,False,0.506,-0.0,0
Note_001184,82,288181.77,1515.15,Right,INNER,1,0.26,0.26,True,0.718,5.0,12
Note_001185,85,288181.77,1515.15,Right,MELODY,4,0.283,0.283,True,0.718,5.0,12
Note_001186,63,289090.86,3636.36,Left,BASS,5,0.22,0.22,True,0.483,-10.0,12
Note_001187,66,289393.89,303.03,Left,BASS,3,0.22,0.22,True,0.517,-0.0,0
Note_001188,68,289696.92,303.03,Left,BASS,2,0.205,0.205,True,0.54,5.0,0
Note_001189,80,289696.92,606.06,Right,INNER,1,0.22,0.22,True,0.701,5.0,12
Note_001190,84,289696.92,606.06,Right,MELODY,4,0.236,0.236,False,0.701,5.0,12
Note_001191,72,289999.95,303.03,Left,BASS,1,0.197,0.197,False,0.586,10.0,0
Note_001192,75,290302.98,303.03,Left,BASS,3,0.197,0.197,True,0.621,-0.0,0
Note_001193,82,290302.98,606.06,Right,INNER,1,0.213,0.213,True,0.718,5.0,12
Note_001194,85,290302.98,606.06,Right,MELODY,4,0.228,0.228,True,0.718,5.0,12
Note_001195,78,290606.01,303.03,Left,BASS,2,0.181,0.181,True,0.655,5.0,0
Note_001196,80,290909.04,3636.36,Right,INNER,1,0.189,0.189,True,0.701,5.0,12
Note_001197,84,290909.04,3636.36,Right,MELODY,4,0.205,0.205,False,0.701,5.0,12
Note_001198,63,292727.22,1818.18,Left,BASS,3,0.213,0.213,True,0.483,-0.0,0
Note_001199,61,294545.4,3636.36,Left,BASS,5,0.252,0.252,True,0.46,-10.0,12
Note_001200,63,294848.43,303.03,Left,BASS,3,0.252,0.252,True,0.483,-0.0,0
Note_001201,66,295151.46,303.03,Left,BASS,2,0.252,0.252,True,0.517,5.0,0
Note_001202,78,295151.46,606.06,Right,INNER,1,0.276,0.276,True,0.678,5.0,12
Note_001203,82,295151.46,606.06,Right,MELODY,4,0.299,0.299,True,0.678,5.0,12
Note_001204,70,295454.49,303.03,Left,BASS,1,0.252,0.252,True,0.563,10.0,-12
Note_001205,73,295757.52,303.03,Left,BASS,3,0.252,0.252,True,0.598,-0.0,0
Note_001206,80,295757.52,606.06,Right,INNER,3,0.252,0.252,True,0.701,-5.0,0
Note_001207,84,295757.52,606.06,Right,MELODY,4,0.276,0.276,False,0.701,-5.0,0
Note_001208,75,296060.55,303.03,Left,BASS,2,0.252,0.252,True,0.621,5.0,0
Note_001209,78,296363.58,1818.18,Right,INNER,2,0.228,0.228,True,0.678,5.0,0
Note_001210,82,296363.58,606.06,Right,MELODY,3,0.276,0.276,True,0.678,5.0,0
Note_001211,87,296969.65,606.06,Right,MELODY,5,0.299,0.299,True,0.759,-10.0,-12
Note_001212,60,297575.71,2424.24,Left,BASS,5,0.189,0.189,False,0.448,-10.0,0
Note_001213,82,297575.71,606.06,Right,MELODY,4,0.283,0.283,True,0.701,-5.0,0
Note_001214,63,297727.22,2272.73,Left,BASS,4,0.189,0.189,True,0.483,-5.0,0
Note_001215,65,297878.74,2121.21,Left,BASS,3,0.189,0.189,False,0.506,-0.0,0
Note_001216,68,298030.25,1969.7,Left,BASS,2,0.189,0.189,True,0.54,5.0,0
Note_001217,72,298181.77,1818.18,Left,BASS,1,0.189,0.189,False,0.586,10.0,0
Note_001218,77,298181.77,2424.24,Right,INNER,2,0.228,0.228,False,0.661,0.0,0
Note_001219,80,298181.77,606.06,Right,MELODY,4,0.307,0.307,True,0.661,0.0,0
Note_001220,82,298787.83,606.06,Right,MELODY,4,0.283,0.283,True,0.701,-5.0,0
Note_001221,80,299393.89,1212.12,Right,MELODY,3,0.276,0.276,True,0.678,0.0,0
Note_001222,48,299999.95,3636.36,Left,BASS,5,0.236,0.236,False,0.31,-10.0,0
Note_001223,54,300302.98,303.03,Left,BASS,3,0.236,0.236,True,0.379,-0.0,0
Note_001224,58,300606.01,303.03,Left,BASS,2,0.228,0.228,True,0.425,5.0,0
Note_001225,75,300606.01,606.06,Right,INNER,2,0.236,0.236,True,0.638,5.0,0
Note_001226,78,300606.01,606.06,Right,MELODY,3,0.26,0.26,True,0.638,5.0,0
Note_001227,60,300909.04,303.03,Left,BASS,1,0.228,0.228,False,0.448,10.0,0
Note_001228,63,301212.07,303.03,Left,BASS,5,0.22,0.22,True,0.483,-10.0,12
Note_001229,77,301212.07,606.06,Right,INNER,1,0.228,0.228,False,0.661,15.0,0
Note_001230,80,301212.07,606.06,Right,MELODY,2,0.244,0.244,True,0.661,15.0,0
Note_001231,66,301515.1,303.03,Left,BASS,3,0.22,0.22,True,0.517,-0.0,0
Note_001232,70,301818.13,1818.18,Left,BASS,2,0.228,0.228,True,0.563,5.0,0
Note_001233,75,301818.13,1818.18,Right,INNER,1,0.228,0.228,True,0.638,15.0,12
Note_001234,78,301818.13,1818.18,Right,MELODY,2,0.244,0.244,True,0.638,15.0,12
Note_001235,53,303636.31,1818.18,Left,BASS,5,0.228,0.228,False,0.433,-5.0,0
Note_001236,60,303636.31,1818.18,Left,INNER,3,0.228,0.228,False,0.433,-5.0,0
Note_001237,63,303636.31,1818.18,Left,INNER,2,0.228,0.228,True,0.433,-5.0,0
Note_001238,69,303636.31,1818.18,Right,INNER,1,0.252,0.252,False,0.598,15.0,0
Note_001239,77,303636.31,2424.24,Right,MELODY,2,0.26,0.26,False,0.598,15.0,0
Note_001240,56,305454.49,3636.36,Left,BASS,5,0.236,0.236,True,0.402,-10.0,12
Note_001241,58,305757.52,303.03,Left,BASS,3,0.22,0.22,True,0.425,-0.0,0
Note_001242,61,306060.55,303.03,Left,BASS,2,0.22,0.22,True,0.46,5.0,0
Note_001243,73,306060.55,606.06,Right,INNER,1,0.268,0.268,True,0.621,5.0,12
Note_001244,77,306060.55,606.06,Right,MELODY,4,0.291,0.291,False,0.621,5.0,12
Note_001245,65,306363.58,303.03,Left,BASS,1,0.213,0.213,False,0.506,10.0,0
Note_001246,68,306666.61,303.03,Left,BASS,3,0.213,0.213,True,0.54,-0.0,0
Note_001247,75,306666.61,606.06,Right,INNER,3,0.26,0.26,True,0.638,-5.0,0
Note_001248,78,306666.61,606.06,Right,MELODY,4,0.283,0.283,True,0.638,-5.0,0
Note_001249,70,306969.64,303.03,Left,BASS,2,0.213,0.213,True,0.563,5.0,0
Note_001250,73,307272.67,1818.18,Right,INNER,2,0.228,0.228,True,0.621,5.0,0
Note_001251,77,307272.67,606.06,Right,MELODY,3,0.283,0.283,False,0.621,5.0,0
Note_001252,82,307878.73,606.06,Right,MELODY,4,0.299,0.299,True,0.701,-5.0,0
Note_001253,77,308484.79,606.06,Right,MELODY,3,0.283,0.283,False,0.644,0.0,0
Note_001254,54,308636.31,2272.73,Left,BASS,5,0.213,0.213,True,0.379,-10.0,12
Note_001255,58,308787.82,2121.21,Left,BASS,4,0.213,0.213,True,0.425,-5.0,0
Note_001256,61,308939.34,1969.7,Left,BASS,3,0.213,0.213,True,0.46,-0.0,0
Note_001257,63,309090.86,1818.18,Left,BASS,2,0.213,0.213,True,0.483,5.0,0
Note_001258,73,309090.86,1818.18,Right,INNER,2,0.22,0.22,True,0.609,5.0,0
Note_001259,75,309090.86,606.06,Right,MELODY,3,0.291,0.291,True,0.609,5.0,0
Note_001260,77,309696.92,606.06,Right,MELODY,5,0.283,0.283,False,0.644,-10.0,0
Note_001261,75,310302.98,1212.12,Right,MELODY,4,0.283,0.283,True,0.621,-5.0,0
Note_001262,53,310909.04,3636.36,Left,BASS,5,0.228,0.228,False,0.368,-10.0,0
Note_001263,56,311212.07,303.03,Left,BASS,4,0.228,0.228,True,0.402,-5.0,0
Note_001264,58,311515.1,303.03,Left,BASS,3,0.22,0.22,True,0.425,-0.0,0
Note_001265,70,311515.1,606.06,Right,INNER,1,0.236,0.236,True,0.58,5.0,12
Note_001266,73,311515.1,606.06,Right,MELODY,4,0.26,0.26,True,0.58,5.0,12
Note_001267,61,311818.13,303.03,Left,BASS,2,0.22,0.22,True,0.46,5.0,0
Note_001268,65,312121.16,303.03,Left,BASS,1,0.213,0.213,False,0.506,10.0,0
Note_001269,72,312121.16,606.06,Right,INNER,1,0.228,0.228,False,0.603,5.0,0
Note_001270,75,312121.16,606.06,Right,MELODY,4,0.244,0.244,True,0.603,5.0,0
Note_001271,68,312424.19,303.03,Left,BASS,2,0.213,0.213,True,0.54,5.0,0
Note_001272,70,312727.22,1818.18,Right,INNER,1,0.228,0.228,True,0.58,5.0,12
Note_001273,73,312727.22,1818.18,Right,MELODY,4,0.244,0.244,True,0.58,5.0,12
Note_001274,51,314545.4,909.09,Left,BASS,3,0.252,0.252,True,0.391,15.0,0
Note_001275,54,314545.4,1818.18,Left,INNER,2,0.252,0.252,True,0.391,15.0,0
Note_001276,60,314545.4,1818.18,Left,INNER,1,0.252,0.252,False,0.391,15.0,0
Note_001277,68,314545.4,1818.18,Right,INNER,3,0.189,0.189,True,0.563,-5.0,0
Note_001278,72,314545.4,1818.18,Right,MELODY,4,0.205,0.205,False,0.563,-5.0,0
Note_001279,44,315454.49,4545.45,Left,BASS,3,0.252,0.252,True,0.264,-0.0,0
Note_001280,37,316363.58,3636.36,Left,BASS,5,0.22,0.22,True,0.184,-10.0,12
Note_001281,53,316969.64,606.06,Right,INNER,2,0.205,0.205,False,0.385,5.0,0
Note_001282,56,316969.64,606.06,Right,MELODY,3,0.205,0.205,True,0.385,5.0,0
Note_001283,65,317575.7,4242.42,Left,BASS,3,0.26,0.26,False,0.523,5.0,0
Note_001284,68,317575.7,4242.42,Left,INNER,2,0.26,0.26,True,0.523,5.0,0
Note_001285,59,318181.76,3636.36,Left,BASS,1,0.22,0.22,False,0.437,10.0,0
Note_001286,77,318181.76,1818.18,Right,INNER,1,0.283,0.283,False,0.661,5.0,0
Note_001287,80,318181.76,1818.18,Right,MELODY,4,0.283,0.283,True,0.661,5.0,0
Note_001288,73,319999.94,2424.24,Right,INNER,1,0.26,0.26,True,0.621,0.0,12
Note_001289,77,319999.94,2424.24,Right,MELODY,5,0.26,0.26,False,0.621,0.0,12
Note_001290,42,321818.13,3636.36,Left,BASS,5,0.205,0.205,True,0.241,-10.0,12
Note_001291,49,322424.19,3030.3,Left,BASS,4,0.165,0.165,True,0.397,10.0,-12
Note_001292,54,322424.19,4848.48,Left,INNER,3,0.165,0.165,True,0.397,10.0,-12
Note_001293,58,322424.19,4848.48,Left,INNER,2,0.165,0.165,True,0.397,10.0,-12
Note_001294,61,322424.19,4848.48,Left,INNER,1,0.197,0.197,True,0.397,10.0,-12
Note_001295,66,322424.19,4848.48,Right,INNER,2,0.197,0.197,True,0.567,-5.0,-12
Note_001296,70,322424.19,4848.48,Right,INNER,3,0.197,0.197,True,0.567,-5.0,-12
Note_001297,75,322424.19,606.06,Right,MELODY,5,0.307,0.307,True,0.567,-5.0,-12
Note_001298,77,323030.25,606.06,Right,MELODY,5,0.268,0.268,False,0.644,-10.0,0
Note_001299,75,323636.31,4242.42,Right,MELODY,4,0.228,0.228,True,0.621,-5.0,0
Note_001300,44,327272.67,3636.36,Left,BASS,5,0.26,0.26,True,0.264,-10.0,12
Note_001301,53,327878.73,1212.12,Left,BASS,4,0.244,0.244,False,0.385,-5.0,0
Note_001302,56,327878.73,1212.12,Left,INNER,3,0.244,0.244,True,0.385,-5.0,0
Note_001303,61,327878.73,606.06,Right,INNER,1,0.283,0.283,True,0.533,10.0,12
Note_001304,68,327878.73,1212.12,Right,INNER,2,0.283,0.283,True,0.533,10.0,12
Note_001305,73,327878.73,606.06,Right,MELODY,4,0.283,0.283,True,0.533,10.0,12
Note_001306,63,328484.79,606.06,Right,INNER,1,0.291,0.291,True,0.552,5.0,12
Note_001307,75,328484.79,606.06,Right,MELODY,4,0.291,0.291,True,0.552,5.0,12
Note_001308,59,329090.85,3636.36,Left,BASS,3,0.205,0.205,False,0.467,15.0,0
Note_001309,61,329090.85,1818.18,Left,INNER,2,0.244,0.244,True,0.467,15.0,0
Note_001310,65,329090.85,1813.13,Left,INNER,1,0.244,0.244,False,0.467,15.0,0
Note_001311,68,329090.85,1818.18,Right,INNER,1,0.291,0.291,True,0.621,15.0,12
Note_001312,77,329090.85,1818.18,Right,INNER,2,0.291,0.291,False,0.621,15.0,12
Note_001313,80,329090.85,1818.18,Right,MELODY,3,0.291,0.291,True,0.621,15.0,12
Note_001314,61,330909.03,1818.18,Left,BASS,4,0.236,0.236,True,0.46,-5.0,0
Note_001315,65,330909.03,1818.18,Right,INNER,1,0.26,0.26,False,0.582,10.0,0
Note_001316,73,330909.03,1818.18,Right,INNER,2,0.26,0.26,True,0.582,10.0,0
Note_001317,77,330909.03,2424.24,Right,MELODY,4,0.26,0.26,False,0.582,10.0,0
Note_001318,46,332727.21,3636.36,Left,BASS,5,0.244,0.244,True,0.287,-10.0,12
Note_001319,53,333333.28,4848.48,Left,BASS,4,0.165,0.165,False,0.425,-0.0,0
Note_001320,58,333333.28,4848.48,Left,INNER,3,0.197,0.197,True,0.425,-0.0,0
Note_001321,63,333333.28,3030.3,Left,INNER,2,0.197,0.197,True,0.425,-0.0,0
Note_001322,65,333333.28,4848.48,Right,INNER,2,0.197,0.197,False,0.563,0.0,0
Note_001323,70,333333.28,4848.48,Right,INNER,3,0.197,0.197,True,0.563,0.0,0
Note_001324,75,333333.28,606.06,Right,MELODY,4,0.307,0.307,True,0.563,0.0,0
Note_001325,77,333939.34,606.06,Right,MELODY,4,0.268,0.268,False,0.644,-5.0,0
Note_001326,75,334545.4,1818.18,Right,MELODY,2,0.228,0.228,True,0.621,5.0,0
Note_001327,61,336363.58,1818.18,Left,BASS,1,0.236,0.236,True,0.46,10.0,-12
Note_001328,73,336363.58,1818.18,Right,MELODY,1,0.228,0.228,True,0.598,10.0,12
Note_001329,41,338181.76,5454.54,Left,BASS,2,0.268,0.268,False,0.23,5.0,0
Note_001330,56,338787.82,1212.12,Right,INNER,2,0.26,0.26,True,0.431,0.0,0
Note_001331,61,338787.82,606.06,Right,MELODY,4,0.291,0.291,True,0.431,0.0,0
Note_001332,63,339393.88,606.06,Right,MELODY,4,0.315,0.315,True,0.483,-5.0,0
Note_001333,61,339999.94,1818.18,Right,INNER,1,0.26,0.26,True,0.51,15.0,12
Note_001334,65,339999.94,1818.18,Right,INNER,2,0.26,0.26,False,0.51,15.0,12
Note_001335,70,339999.94,1818.18,Right,MELODY,3,0.291,0.291,True,0.51,15.0,12
Note_001336,56,341818.12,1818.18,Right,INNER,1,0.213,0.213,True,0.456,10.0,12
Note_001337,61,341818.12,1818.18,Right,INNER,2,0.213,0.213,True,0.456,10.0,12
Note_001338,65,341818.12,1818.18,Right,MELODY,4,0.244,0.244,False,0.456,10.0,12
Note_001339,39,343636.3,3636.36,Left,BASS,5,0.268,0.268,True,0.207,-10.0,12
Note_001340,58,344242.36,1212.12,Right,INNER,2,0.26,0.26,True,0.467,0.0,0
Note_001341,61,344242.36,1212.12,Right,INNER,3,0.26,0.26,True,0.467,0.0,0
Note_001342,66,344242.36,606.06,Right,MELODY,4,0.291,0.291,True,0.467,0.0,0
Note_001343,68,344848.42,606.06,Right,MELODY,4,0.315,0.315,True,0.54,-5.0,0
Note_001344,51,345454.49,1818.18,Left,BASS,3,0.197,0.197,True,0.345,-0.0,0
Note_001345,66,345454.49,1818.18,Right,INNER,1,0.228,0.228,True,0.559,15.0,12
Note_001346,70,345454.49,1818.18,Right,INNER,2,0.228,0.228,True,0.559,15.0,12
Note_001347,73,345454.49,1818.18,Right,MELODY,3,0.26,0.26,True,0.559,15.0,12
Note_001348,63,347272.67,1818.18,Left,BASS,2,0.205,0.205,True,0.483,5.0,0
Note_001349,61,347272.67,1818.18,Right,INNER,1,0.205,0.205,True,0.513,10.0,12
Note_001350,66,347272.67,1818.18,Right,INNER,2,0.205,0.205,True,0.513,10.0,12
Note_001351,70,347272.67,1818.18,Right,MELODY,4,0.228,0.228,True,0.513,10.0,12
Note_001352,44,349090.85,3636.36,Left,BASS,5,0.268,0.268,True,0.264,-10.0,12
Note_001353,60,349696.91,1212.12,Right,INNER,2,0.276,0.276,False,0.51,0.0,0
Note_001354,66,349696.91,1212.12,Right,INNER,3,0.276,0.276,True,0.51,0.0,0
Note_001355,70,349696.91,606.06,Right,MELODY,4,0.276,0.276,True,0.51,0.0,0
Note_001356,51,349999.94,909.09,Left,BASS,3,0.244,0.244,True,0.345,-0.0,0
Note_001357,72,350302.97,606.06,Right,MELODY,4,0.291,0.291,False,0.586,-5.0,0
Note_001358,80,350909.03,1818.18,Left,BASS,2,0.197,0.197,True,0.678,5.0,0
Note_001359,68,350909.03,1818.18,Right,INNER,1,0.189,0.189,True,0.59,15.0,12
Note_001360,72,350909.03,1818.18,Right,INNER,2,0.228,0.228,False,0.59,15.0,12
Note_001361,77,350909.03,1818.18,Right,MELODY,3,0.228,0.228,False,0.59,15.0,12
Note_001362,56,352727.21,1818.18,Left,BASS,3,0.197,0.197,True,0.402,-0.0,0
Note_001363,60,352727.21,1818.18,Right,INNER,2,0.165,0.165,False,0.502,-0.0,0
Note_001364,66,352727.21,1818.18,Right,INNER,3,0.197,0.197,True,0.502,-0.0,0
Note_001365,68,352727.21,1818.18,Right,MELODY,4,0.197,0.197,True,0.502,-0.0,0
Note_001366,37,354545.39,1818.18,Left,BASS,5,0.244,0.244,True,0.184,-10.0,12
Note_001367,44,354848.42,303.03,Left,BASS,3,0.213,0.213,True,0.264,-0.0,0
Note_001368,49,355151.45,303.03,Left,BASS,2,0.205,0.205,True,0.322,5.0,0
Note_001369,53,355454.48,303.03,Left,BASS,1,0.205,0.205,False,0.368,10.0,0
Note_001370,56,355757.51,303.03,Right,MELODY,2,0.197,0.197,True,0.402,5.0,0
Note_001371,61,356060.54,303.03,Right,MELODY,4,0.197,0.197,True,0.46,-5.0,0
Note_001372,41,356363.57,1818.18,Left,BASS,5,0.244,0.244,False,0.23,-10.0,0
Note_001373,48,356666.6,303.03,Left,BASS,2,0.22,0.22,False,0.31,5.0,0
Note_001374,53,356969.63,303.03,Left,BASS,1,0.213,0.213,False,0.368,10.0,0
Note_001375,56,357272.66,303.03,Right,MELODY,2,0.205,0.205,True,0.402,5.0,0
Note_001376,60,357575.7,303.03,Right,MELODY,4,0.205,0.205,False,0.448,-5.0,0
Note_001377,65,357878.73,303.03,Right,MELODY,5,0.205,0.205,False,0.506,-10.0,0
Note_001378,37,358181.76,1818.18,Left,BASS,5,0.244,0.244,True,0.184,-10.0,12
Note_001379,44,358484.79,303.03,Left,BASS,3,0.22,0.22,True,0.264,-0.0,0
Note_001380,49,358787.82,303.03,Left,BASS,2,0.22,0.22,True,0.322,5.0,0
Note_001381,53,359090.85,303.03,Left,BASS,1,0.213,0.213,False,0.368,10.0,0
Note_001382,56,359393.88,303.03,Right,MELODY,2,0.22,0.22,True,0.402,5.0,0
Note_001383,61,359696.91,303.03,Right,MELODY,4,0.205,0.205,True,0.46,-5.0,0
Note_001384,41,359999.94,1818.18,Left,BASS,5,0.244,0.244,False,0.23,-10.0,0
Note_001385,48,360302.97,303.03,Left,BASS,2,0.22,0.22,False,0.31,5.0,0
Note_001386,53,360606.0,303.03,Left,BASS,1,0.22,0.22,False,0.368,10.0,0
Note_001387,56,360909.03,303.03,Right,MELODY,2,0.213,0.213,True,0.402,5.0,0
Note_001388,60,361212.06,303.03,Right,MELODY,4,0.213,0.213,False,0.448,-5.0,0
Note_001389,65,361515.09,303.03,Right,MELODY,5,0.213,0.213,False,0.506,-10.0,0
Note_001390,44,361818.12,3636.36,Left,BASS,5,0.244,0.244,True,0.264,-10.0,12
Note_001391,68,361818.12,1818.18,Right,INNER,1,0.236,0.236,True,0.557,5.0,12
Note_001392,71,361818.12,1818.18,Right,MELODY,4,0.26,0.26,False,0.557,5.0,12
Note_001393,52,362121.15,303.03,Left,BASS,3,0.22,0.22,False,0.356,-0.0,0
Note_001394,56,362424.18,303.03,Left,BASS,2,0.22,0.22,True,0.402,5.0,0
Note_001395,59,362727.21,303.03,Left,BASS,1,0.213,0.213,False,0.437,10.0,0
Note_001396,64,363030.24,303.03,Left,BASS,5,0.213,0.213,False,0.494,-10.0,0
Note_001397,66,363333.27,303.03,Left,BASS,3,0.213,0.213,True,0.517,-0.0,0
Note_001398,68,363636.3,1818.18,Left,BASS,2,0.213,0.213,True,0.54,5.0,0
Note_001399,64,363636.3,1818.18,Right,INNER,2,0.213,0.213,False,0.546,0.0,0
Note_001400,73,363636.3,1818.18,Right,MELODY,4,0.228,0.228,True,0.546,0.0,0
Note_001401,49,365454.48,1818.18,Left,BASS,5,0.244,0.244,True,0.322,-10.0,12
Note_001402,56,365757.51,303.03,Left,BASS,3,0.236,0.236,True,0.402,-0.0,0
Note_001403,61,366060.54,303.03,Left,BASS,2,0.205,0.205,True,0.46,5.0,0
Note_001404,65,366363.57,303.03,Left,BASS,1,0.205,0.205,False,0.506,10.0,0
Note_001405,68,366666.6,303.03,Right,MELODY,2,0.197,0.197,True,0.54,5.0,0
Note_001406,73,366969.63,303.03,Right,MELODY,4,0.197,0.197,True,0.598,-5.0,0
Note_001407,53,367272.66,1818.18,Left,BASS,5,0.244,0.244,False,0.368,-10.0,0
Note_001408,60,367575.69,303.03,Left,BASS,2,0.22,0.22,False,0.448,5.0,0
Note_001409,65,367878.72,303.03,Left,BASS,1,0.213,0.213,False,0.506,10.0,0
Note_001410,68,368181.75,303.03,Right,MELODY,2,0.205,0.205,True,0.54,5.0,0
Note_001411,72,368484.78,303.03,Right,MELODY,4,0.205,0.205,False,0.586,-5.0,0
Note_001412,77,368787.81,303.03,Right,MELODY,5,0.205,0.205,False,0.644,-10.0,0
Note_001413,49,369090.84,1818.18,Left,BASS,5,0.244,0.244,True,0.322,-10.0,12
Note_001414,56,369393.87,303.03,Left,BASS,3,0.22,0.22,True,0.402,-0.0,0
Note_001415,61,369696.91,303.03,Left,BASS,2,0.22,0.22,True,0.46,5.0,0
Note_001416,65,369999.94,303.03,Left,BASS,1,0.213,0.213,False,0.506,10.0,0
Note_001417,68,370302.97,303.03,Right,MELODY,2,0.22,0.22,True,0.54,5.0,0
Note_001418,73,370606.0,303.03,Right,MELODY,4,0.205,0.205,True,0.598,-5.0,0
Note_001419,53,370909.03,1818.18,Left,BASS,5,0.244,0.244,False,0.368,-10.0,0
Note_001420,60,371212.06,303.03,Left,BASS,2,0.22,0.22,False,0.448,5.0,0
Note_001421,65,371515.09,303.03,Left,BASS,1,0.22,0.22,False,0.506,10.0,0
Note_001422,68,371818.12,303.03,Right,MELODY,2,0.213,0.213,True,0.54,5.0,0
Note_001423,72,372121.15,303.03,Right,MELODY,4,0.213,0.213,False,0.586,-5.0,0
Note_001424,77,372424.18,303.03,Right,MELODY,5,0.213,0.213,False,0.644,-10.0,0
Note_001425,56,372727.21,3636.36,Left,BASS,2,0.244,0.244,True,0.402,5.0,0
Note_001426,80,372727.21,3636.36,Right,INNER,1,0.236,0.236,True,0.695,10.0,12
Note_001427,83,372727.21,1818.18,Right,MELODY,3,0.26,0.26,False,0.695,10.0,12
Note_001428,59,373030.24,303.03,Left,BASS,1,0.197,0.197,False,0.437,10.0,0
Note_001429,64,373333.27,303.03,Left,BASS,5,0.197,0.197,False,0.494,-10.0,0
Note_001430,68,373636.3,303.03,Left,BASS,3,0.189,0.189,True,0.54,-0.0,0
Note_001431,71,373939.33,303.03,Left,BASS,2,0.189,0.189,False,0.575,5.0,0
Note_001432,76,374242.36,2121.21,Left,BASS,1,0.173,0.173,False,0.632,10.0,0
Note_001433,85,374545.39,1818.18,Right,MELODY,3,0.268,0.268,True,0.736,0.0,0
Note_001434,56,376363.57,3636.36,Left,BASS,2,0.244,0.244,True,0.402,5.0,0
Note_001435,80,376363.57,5454.54,Right,INNER,2,0.236,0.236,True,0.695,5.0,0
Note_001436,83,376363.57,1818.18,Right,MELODY,3,0.26,0.26,False,0.695,5.0,0
Note_001437,59,376666.6,303.03,Left,BASS,1,0.197,0.197,False,0.437,10.0,0
Note_001438,64,376969.63,303.03,Left,BASS,5,0.197,0.197,False,0.494,-10.0,0
Note_001439,68,377272.66,303.03,Left,BASS,3,0.189,0.189,True,0.54,-0.0,0
Note_001440,71,377575.69,303.03,Left,BASS,2,0.189,0.189,False,0.575,5.0,0
Note_001441,76,377878.72,2121.21,Left,BASS,1,0.173,0.173,False,0.632,10.0,0
Note_001442,85,378181.75,1818.18,Right,MELODY,3,0.268,0.268,True,0.736,0.0,0
Note_001443,44,379999.93,1818.18,Left,BASS,2,0.236,0.236,True,0.264,5.0,0
Note_001444,88,379999.93,1818.18,Right,MELODY,4,0.291,0.291,False,0.77,-5.0,0
Note_001445,37,381818.12,3636.36,Left,BASS,5,0.26,0.26,True,0.184,-10.0,12
Note_001446,92,381818.12,5454.54,Right,MELODY,5,0.315,0.315,True,0.816,-10.0,-12
Note_001447,44,382121.15,303.03,Left,BASS,3,0.205,0.205,True,0.264,-0.0,0
Note_001448,49,382424.18,303.03,Left,BASS,2,0.189,0.189,True,0.322,5.0,0
Note_001449,53,382727.21,303.03,Left,BASS,1,0.173,0.173,False,0.368,10.0,0
Note_001450,56,383030.24,303.03,Left,BASS,5,0.165,0.165,True,0.402,-10.0,12
Note_001451,61,383333.27,303.03,Left,BASS,4,0.157,0.157,True,0.46,-5.0,0
Note_001452,65,383636.3,606.06,Left,BASS,3,0.213,0.213,False,0.506,-0.0,0
Note_001453,68,384242.36,606.06,Left,BASS,2,0.173,0.173,True,0.54,5.0,0
Note_001454,73,384848.42,606.06,Left,BASS,1,0.173,0.173,True,0.598,10.0,-12
Note_001455,77,385454.48,606.06,Left,BASS,5,0.213,0.213,False,0.644,-10.0,0
Note_001456,80,386060.54,606.06,Left,BASS,3,0.173,0.173,True,0.678,-0.0,0
Note_001457,85,386666.6,429.29,Left,BASS,2,0.173,0.173,True,0.736,5.0,0
Note_001458,61,387095.89,3813.13,Left,BASS,5,0.157,0.157,True,0.5,-10.0,12
Note_001459,68,387121.14,3787.88,Left,INNER,3,0.173,0.173,True,0.5,-10.0,12
Note_001460,73,387146.4,3762.63,Left,BASS,2,0.173,0.173,True,0.621,15.0,0
Note_001461,77,387171.65,3737.37,Left,INNER,1,0.197,0.197,False,0.621,15.0,0
Note_001462,80,387196.9,3712.12,Right,INNER,3,0.189,0.189,True,0.707,-5.0,0
Note_001463,85,387222.15,3686.87,Right,MELODY,4,0.205,0.205,True,0.707,-5.0,0
Note_001464,89,387247.41,25.25,Right,INNER,1,0.22,0.22,False,0.799,15.0,0
Note_001465,92,387272.66,3636.36,Right,MELODY,2,0.268,0.268,True,0.799,15.0,0
