---,Pitch,StartMs,DurationMs,Hand,Role,Finger,Pressure,KeyDepth,bIsBlack,WristPosNorm,WristYawDeg,WristRollDeg
Note_000000,38,0.0,266.98,Left,BASS,1,0.866,0.866,False,0.195,10.0,0
Note_000001,76,0.0,266.98,Right,MELODY,1,0.866,0.866,False,0.632,10.0,0
Note_000002,38,272.84,266.98,Left,BASS,5,0.866,0.866,False,0.195,-10.0,0
Note_000003,76,272.84,266.98,Right,MELODY,4,0.866,0.866,False,0.632,-5.0,0
Note_000004,38,818.53,266.98,Left,BASS,5,0.866,0.866,False,0.195,-10.0,0
Note_000005,76,818.53,266.98,Right,MELODY,4,0.866,0.866,False,0.632,-5.0,0
Note_000006,38,1364.22,266.98,Left,BASS,5,0.866,0.866,False,0.195,-10.0,0
Note_000007,72,1364.22,266.98,Right,MELODY,2,0.866,0.866,False,0.586,5.0,0
Note_000008,38,1637.07,454.56,Left,BASS,5,0.866,0.866,False,0.195,-10.0,0
Note_000009,76,1637.07,454.56,Right,MELODY,4,0.866,0.866,False,0.632,-5.0,0
Note_000010,43,2182.76,454.56,Left,INNER,3,0.866,0.866,False,0.253,-0.0,0
Note_000011,79,2182.76,454.56,Right,MELODY,5,0.866,0.866,False,0.667,-10.0,0
Note_000012,47,3274.13,454.56,Left,INNER,2,0.866,0.866,False,0.299,5.0,0
Note_000013,67,3274.13,454.56,Right,MELODY,4,0.866,0.866,False,0.529,-5.0,0
Note_000014,43,4365.51,3137.71,Left,INNER,3,0.866,0.866,False,0.253,-0.0,0
Note_000015,67,4365.51,266.98,Right,MELODY,4,0.866,0.866,False,0.529,-5.0,0
Note_000016,74,4638.36,266.98,Right,MELODY,5,0.866,0.866,False,0.609,-10.0,0
Note_000017,74,4911.2,266.98,Right,MELODY,5,0.866,0.866,False,0.609,-10.0,0
Note_000018,69,5184.05,266.98,Right,MELODY,4,0.866,0.866,False,0.552,-5.0,0
Note_000019,74,5729.73,266.98,Right,MELODY,5,0.866,0.866,False,0.609,-10.0,0
Note_000020,71,6002.58,1000.25,Right,MELODY,4,0.866,0.866,False,0.575,-5.0,0
Note_000021,74,7366.8,266.98,Right,MELODY,5,0.866,0.866,False,0.609,-10.0,0
Note_000022,71,7639.65,266.98,Right,MELODY,2,0.866,0.866,False,0.575,5.0,0
Note_000023,72,7912.49,266.98,Right,MELODY,4,0.866,0.866,False,0.586,-5.0,0
Note_000024,74,8185.34,454.56,Right,MELODY,5,0.866,0.866,False,0.609,-10.0,0
Note_000025,48,8731.02,3137.71,Left,INNER,2,0.866,0.866,False,0.31,5.0,0
Note_000026,67,8731.02,266.98,Right,MELODY,4,0.866,0.866,False,0.529,-5.0,0
Note_000027,74,9003.87,266.98,Right,MELODY,5,0.866,0.866,False,0.609,-10.0,0
Note_000028,74,9276.71,266.98,Right,MELODY,5,0.866,0.866,False,0.609,-10.0,0
Note_000029,69,9549.56,266.98,Right,MELODY,4,0.866,0.866,False,0.552,-5.0,0
Note_000030,74,10095.25,266.98,Right,MELODY,5,0.866,0.866,False,0.609,-10.0,0
Note_000031,71,10368.09,1000.25,Right,MELODY,4,0.866,0.866,False,0.575,-5.0,0
Note_000032,43,13096.54,3137.71,Left,INNER,3,0.866,0.866,False,0.253,-0.0,0
Note_000033,67,13096.54,266.98,Right,MELODY,2,0.866,0.866,False,0.529,5.0,0
Note_000034,74,13369.38,266.98,Right,MELODY,4,0.866,0.866,False,0.609,-5.0,0
Note_000035,74,13642.22,266.98,Right,MELODY,5,0.866,0.866,False,0.609,-10.0,0
Note_000036,69,13915.07,266.98,Right,MELODY,4,0.866,0.866,False,0.552,-5.0,0
Note_000037,74,14460.76,266.98,Right,MELODY,5,0.866,0.866,False,0.609,-10.0,0
Note_000038,71,14733.6,1000.25,Right,MELODY,4,0.866,0.866,False,0.575,-5.0,0
Note_000039,74,16097.83,266.98,Right,MELODY,5,0.866,0.866,False,0.609,-10.0,0
Note_000040,71,16370.67,266.98,Right,MELODY,2,0.866,0.866,False,0.575,5.0,0
Note_000041,72,16643.51,266.98,Right,MELODY,4,0.866,0.866,False,0.586,-5.0,0
Note_000042,74,16916.36,454.56,Right,MELODY,5,0.866,0.866,False,0.609,-10.0,0
Note_000043,48,17462.05,3137.71,Left,INNER,2,0.866,0.866,False,0.31,5.0,0
Note_000044,67,17462.05,266.98,Right,MELODY,4,0.866,0.866,False,0.529,-5.0,0
Note_000045,74,17734.89,266.98,Right,MELODY,5,0.866,0.866,False,0.609,-10.0,0
Note_000046,74,18007.74,266.98,Right,MELODY,5,0.866,0.866,False,0.609,-10.0,0
Note_000047,69,18280.58,266.98,Right,MELODY,4,0.866,0.866,False,0.552,-5.0,0
Note_000048,74,18826.27,266.98,Right,MELODY,5,0.866,0.866,False,0.609,-10.0,0
Note_000049,71,19099.11,1000.25,Right,MELODY,4,0.866,0.866,False,0.575,-5.0,0
Note_000050,47,21827.56,3137.71,Left,INNER,3,0.866,0.866,False,0.299,-0.0,0
Note_000051,74,21827.56,266.98,Right,MELODY,5,0.866,0.866,False,0.609,-10.0,0
Note_000052,72,22100.4,266.98,Right,MELODY,4,0.866,0.866,False,0.586,-5.0,0
Note_000053,74,22373.25,266.98,Right,MELODY,5,0.866,0.866,False,0.609,-10.0,0
Note_000054,71,22646.09,266.98,Right,MELODY,2,0.866,0.866,False,0.575,5.0,0
Note_000055,74,23191.78,266.98,Right,MELODY,4,0.866,0.866,False,0.609,-5.0,0
Note_000056,79,23464.63,1500.64,Right,MELODY,5,0.866,0.866,False,0.667,-10.0,0
Note_000057,45,26193.07,3137.71,Left,INNER,5,0.866,0.866,False,0.276,-10.0,0
Note_000058,74,26193.07,266.98,Right,MELODY,4,0.866,0.866,False,0.609,-5.0,0
Note_000059,72,26465.92,266.98,Right,MELODY,2,0.866,0.866,False,0.586,5.0,0
Note_000060,74,26738.76,266.98,Right,MELODY,5,0.866,0.866,False,0.609,-10.0,0
Note_000061,71,27011.61,266.98,Right,MELODY,4,0.866,0.866,False,0.575,-5.0,0
Note_000062,74,27557.29,266.98,Right,MELODY,5,0.866,0.866,False,0.609,-10.0,0
Note_000063,72,27830.14,1500.64,Right,MELODY,4,0.866,0.866,False,0.586,-5.0,0
Note_000064,47,30558.58,3137.71,Left,INNER,3,0.866,0.866,False,0.299,-0.0,0
Note_000065,74,30558.58,266.98,Right,MELODY,5,0.866,0.866,False,0.609,-10.0,0
Note_000066,72,30831.43,266.98,Right,MELODY,4,0.866,0.866,False,0.586,-5.0,0
Note_000067,74,31104.27,266.98,Right,MELODY,5,0.866,0.866,False,0.609,-10.0,0
Note_000068,71,31377.12,266.98,Right,MELODY,2,0.866,0.866,False,0.575,5.0,0
Note_000069,74,31922.81,266.98,Right,MELODY,3,0.866,0.866,False,0.609,0.0,0
Note_000070,79,32195.65,1500.64,Right,MELODY,4,0.866,0.866,False,0.667,-5.0,0
Note_000071,50,34924.1,3137.71,Left,INNER,2,0.866,0.866,False,0.333,5.0,0
Note_000072,81,34924.1,266.98,Right,MELODY,5,0.866,0.866,False,0.69,-10.0,0
Note_000073,79,35196.94,266.98,Right,MELODY,4,0.866,0.866,False,0.667,-5.0,0
Note_000074,81,35469.78,266.98,Right,MELODY,5,0.866,0.866,False,0.69,-10.0,0
Note_000075,79,35742.63,266.98,Right,MELODY,4,0.866,0.866,False,0.667,-5.0,0
Note_000076,83,36288.32,266.98,Right,MELODY,5,0.866,0.866,False,0.713,-10.0,0
Note_000077,79,36561.16,1500.64,Right,MELODY,4,0.866,0.866,False,0.667,-5.0,0
Note_000078,36,39289.61,4229.09,Left,BASS,5,0.866,0.866,False,0.172,-10.0,0
Note_000079,48,39289.61,4229.09,Right,MELODY,2,0.866,0.866,False,0.31,5.0,0
Note_000080,64,41472.36,266.98,Right,MELODY,4,0.866,0.866,False,0.494,-5.0,0
Note_000081,64,41745.21,266.98,Right,MELODY,4,0.866,0.866,False,0.494,-5.0,0
Note_000082,64,42836.59,266.98,Right,MELODY,4,0.866,0.866,False,0.494,-5.0,0
Note_000083,64,43109.43,266.98,Right,MELODY,4,0.866,0.866,False,0.494,-5.0,0
Note_000084,64,43382.28,130.56,Right,MELODY,4,0.866,0.866,False,0.494,-5.0,0
Note_000085,64,43518.7,130.56,Right,MELODY,5,0.866,0.866,False,0.494,-10.0,0
Note_000086,36,43655.12,2046.33,Left,BASS,5,0.866,0.866,False,0.172,-10.0,0
Note_000087,48,43655.12,2046.33,Right,INNER,1,0.866,0.866,False,0.408,0.0,0
Note_000088,65,43655.12,266.98,Right,MELODY,5,0.866,0.866,False,0.408,0.0,0
Note_000089,65,43927.96,266.98,Right,MELODY,4,0.866,0.866,False,0.506,-5.0,0
Note_000090,65,45019.34,266.98,Right,MELODY,4,0.866,0.866,False,0.506,-5.0,0
Note_000091,65,45292.19,266.98,Right,MELODY,4,0.866,0.866,False,0.506,-5.0,0
Note_000092,65,45565.03,130.56,Right,MELODY,4,0.866,0.866,False,0.506,-5.0,0
Note_000093,65,45701.45,130.56,Right,MELODY,4,0.866,0.866,False,0.506,-5.0,0
Note_000094,36,45837.88,2046.33,Left,BASS,5,0.866,0.866,False,0.241,-5.0,0
Note_000095,48,45837.88,2046.33,Left,INNER,2,0.866,0.866,False,0.241,-5.0,0
Note_000096,67,45837.88,266.98,Right,MELODY,5,0.866,0.866,False,0.529,-10.0,0
Note_000097,67,46110.72,266.98,Right,MELODY,4,0.866,0.866,False,0.529,-5.0,0
Note_000098,67,47202.1,266.98,Right,MELODY,4,0.866,0.866,False,0.529,-5.0,0
Note_000099,67,47474.94,266.98,Right,MELODY,4,0.866,0.866,False,0.529,-5.0,0
Note_000100,67,47747.79,130.56,Right,MELODY,4,0.866,0.866,False,0.529,-5.0,0
Note_000101,67,47884.21,130.56,Right,MELODY,5,0.866,0.866,False,0.529,-10.0,0
Note_000102,36,48020.63,2046.33,Left,BASS,5,0.866,0.866,False,0.172,-10.0,0
Note_000103,48,48020.63,2046.33,Right,INNER,1,0.866,0.866,False,0.408,0.0,0
Note_000104,65,48020.63,266.98,Right,MELODY,5,0.866,0.866,False,0.408,0.0,0
Note_000105,65,48293.48,266.98,Right,MELODY,4,0.866,0.866,False,0.506,-5.0,0
Note_000106,65,49384.85,266.98,Right,MELODY,4,0.866,0.866,False,0.506,-5.0,0
Note_000107,65,49657.7,266.98,Right,MELODY,4,0.866,0.866,False,0.506,-5.0,0
Note_000108,65,49930.54,130.56,Right,MELODY,4,0.866,0.866,False,0.506,-5.0,0
Note_000109,65,50066.97,130.56,Right,MELODY,5,0.866,0.866,False,0.506,-10.0,0
Note_000110,36,50203.39,2046.33,Left,BASS,5,0.866,0.866,False,0.172,-10.0,0
Note_000111,48,50203.39,2046.33,Right,INNER,1,0.866,0.866,False,0.402,0.0,0
Note_000112,64,50203.39,727.41,Right,MELODY,5,0.866,0.866,False,0.402,0.0,0
Note_000113,64,51021.92,539.83,Right,MELODY,2,0.866,0.866,False,0.494,5.0,0
Note_000114,67,51567.61,266.98,Right,MELODY,4,0.866,0.866,False,0.529,-5.0,0
Note_000115,69,51840.46,266.98,Right,MELODY,5,0.866,0.866,False,0.552,-10.0,0
Note_000116,67,52113.3,266.98,Right,MELODY,4,0.866,0.866,False,0.529,-5.0,0
Note_000117,37,52386.14,2046.33,Left,BASS,4,0.866,0.866,True,0.184,-5.0,0
Note_000118,49,52386.14,2046.33,Right,INNER,1,0.866,0.866,True,0.385,15.0,12
Note_000119,60,52386.14,2046.33,Right,MELODY,2,0.866,0.866,False,0.385,15.0,12
Note_000120,38,54568.9,2046.33,Left,BASS,3,0.866,0.866,False,0.195,-0.0,0
Note_000121,50,54568.9,2046.33,Right,INNER,1,0.866,0.866,False,0.42,5.0,0
Note_000122,65,54568.9,727.41,Right,MELODY,4,0.866,0.866,False,0.42,5.0,0
Note_000123,65,55387.43,539.83,Right,MELODY,2,0.866,0.866,False,0.506,5.0,0
Note_000124,69,55933.12,266.98,Right,MELODY,4,0.866,0.866,False,0.552,-5.0,0
Note_000125,71,56205.97,266.98,Right,MELODY,5,0.866,0.866,False,0.575,-10.0,0
Note_000126,69,56478.81,266.98,Right,MELODY,4,0.866,0.866,False,0.552,-5.0,0
Note_000127,39,56751.66,2046.33,Left,BASS,2,0.866,0.866,True,0.207,5.0,0
Note_000128,51,56751.66,2046.33,Right,INNER,1,0.866,0.866,True,0.414,15.0,12
Note_000129,63,56751.66,2046.33,Right,MELODY,2,0.866,0.866,True,0.414,15.0,12
Note_000130,40,58934.41,2046.33,Left,INNER,2,0.866,0.866,False,0.287,15.0,0
Note_000131,52,58934.41,2046.33,Left,INNER,1,0.866,0.866,False,0.287,15.0,0
Note_000132,67,58934.41,727.41,Right,MELODY,4,0.866,0.866,False,0.529,-5.0,0
Note_000133,67,59752.95,539.83,Right,MELODY,2,0.866,0.866,False,0.529,5.0,0
Note_000134,72,60298.63,266.98,Right,MELODY,4,0.866,0.866,False,0.586,-5.0,0
Note_000135,74,60571.48,266.98,Right,MELODY,5,0.866,0.866,False,0.609,-10.0,0
Note_000136,72,60844.32,266.98,Right,MELODY,4,0.866,0.866,False,0.586,-5.0,0
Note_000137,39,61117.17,2046.33,Left,BASS,5,0.866,0.866,True,0.276,-5.0,12
Note_000138,51,61117.17,2046.33,Left,INNER,2,0.866,0.866,True,0.276,-5.0,12
Note_000139,79,61117.17,727.41,Right,MELODY,5,0.866,0.866,False,0.667,-10.0,0
Note_000140,77,61935.7,539.83,Right,MELODY,4,0.866,0.866,False,0.644,-5.0,0
Note_000141,72,62481.39,266.98,Right,MELODY,3,0.866,0.866,False,0.586,0.0,0
Note_000142,67,62754.24,266.98,Right,MELODY,2,0.866,0.866,False,0.529,5.0,0
Note_000143,65,63027.08,266.98,Right,MELODY,1,0.866,0.866,False,0.506,10.0,0
Note_000144,38,63299.92,2046.33,Left,BASS,5,0.866,0.866,False,0.264,-0.0,0
Note_000145,50,63299.92,2046.33,Left,INNER,1,0.866,0.866,False,0.264,-0.0,0
Note_000146,76,63299.92,727.41,Right,MELODY,5,0.866,0.866,False,0.632,-10.0,0
Note_000147,72,64118.46,539.83,Right,MELODY,4,0.866,0.866,False,0.586,-5.0,0
Note_000148,69,64664.15,266.98,Right,MELODY,3,0.866,0.866,False,0.552,0.0,0
Note_000149,65,64936.99,266.98,Right,MELODY,2,0.866,0.866,False,0.506,5.0,0
Note_000150,64,65209.84,266.98,Right,MELODY,1,0.866,0.866,False,0.494,10.0,0
Note_000151,37,65482.68,4229.09,Left,BASS,5,0.866,0.866,True,0.184,-10.0,12
Note_000152,49,65482.68,4229.09,Right,INNER,1,0.866,0.866,True,0.402,5.0,12
Note_000153,63,65482.68,1500.64,Right,MELODY,4,0.866,0.866,True,0.402,5.0,12
Note_000154,61,67119.75,2592.02,Right,MELODY,4,0.866,0.866,True,0.46,-5.0,0
Note_000155,48,69848.19,266.98,Right,INNER,1,0.866,0.866,False,0.379,5.0,0
Note_000156,60,69848.19,266.98,Right,MELODY,4,0.866,0.866,False,0.379,5.0,0
Note_000157,45,70121.04,266.98,Right,INNER,1,0.866,0.866,False,0.345,15.0,0
Note_000158,57,70121.04,266.98,Right,MELODY,2,0.866,0.866,False,0.345,15.0,0
Note_000159,48,70393.88,266.98,Right,INNER,2,0.866,0.866,False,0.379,-5.0,0
Note_000160,60,70393.88,266.98,Right,MELODY,5,0.866,0.866,False,0.379,-5.0,0
Note_000161,62,70666.73,62.35,Right,MELODY,5,0.866,0.866,False,0.471,-10.0,0
Note_000162,50,70734.94,62.35,Right,MELODY,4,0.866,0.866,False,0.333,-5.0,0
Note_000163,48,70803.15,130.56,Right,INNER,1,0.866,0.866,False,0.379,15.0,0
Note_000164,60,70803.15,130.56,Right,MELODY,2,0.866,0.866,False,0.379,15.0,0
Note_000165,40,71075.99,403.4,Right,INNER,1,0.866,0.866,False,0.287,5.0,0
Note_000166,52,71075.99,403.4,Right,MELODY,4,0.866,0.866,False,0.287,5.0,0
Note_000167,41,71485.26,266.98,Right,INNER,1,0.866,0.866,False,0.299,5.0,0
Note_000168,53,71485.26,266.98,Right,MELODY,4,0.866,0.866,False,0.299,5.0,0
Note_000169,42,71758.1,266.98,Right,INNER,1,0.866,0.866,True,0.31,5.0,12
Note_000170,54,71758.1,266.98,Right,MELODY,4,0.866,0.866,True,0.31,5.0,12
Note_000171,43,72030.95,454.56,Right,INNER,1,0.866,0.866,False,0.322,5.0,0
Note_000172,55,72030.95,454.56,Right,MELODY,4,0.866,0.866,False,0.322,5.0,0
Note_000173,43,72576.64,130.56,Right,INNER,1,0.866,0.866,False,0.322,5.0,0
Note_000174,55,72576.64,130.56,Right,MELODY,4,0.866,0.866,False,0.322,5.0,0
Note_000175,43,72713.06,266.98,Right,INNER,2,0.866,0.866,False,0.322,-5.0,0
Note_000176,55,72713.06,266.98,Right,MELODY,5,0.866,0.866,False,0.322,-5.0,0
Note_000177,43,72985.9,130.56,Right,INNER,1,0.866,0.866,False,0.322,15.0,0
Note_000178,55,72985.9,130.56,Right,MELODY,2,0.866,0.866,False,0.322,15.0,0
Note_000179,62,73940.86,198.77,Right,MELODY,4,0.866,0.866,False,0.471,-5.0,0
Note_000180,52,74213.7,454.56,Right,INNER,1,0.866,0.866,False,0.414,10.0,0
Note_000181,55,74213.7,454.56,Right,INNER,2,0.866,0.866,False,0.414,10.0,0
Note_000182,64,74213.7,130.56,Right,MELODY,4,0.866,0.866,False,0.414,10.0,0
Note_000183,63,74350.13,130.56,Right,MELODY,3,0.866,0.866,True,0.483,0.0,0
Note_000184,64,74486.55,130.56,Right,MELODY,4,0.866,0.866,False,0.494,-5.0,0
Note_000185,67,74622.97,266.98,Right,MELODY,5,0.866,0.866,False,0.529,-10.0,0
Note_000186,52,74759.39,266.98,Right,INNER,2,0.866,0.866,False,0.374,0.0,0
Note_000187,55,74759.39,266.98,Right,MELODY,4,0.866,0.866,False,0.374,0.0,0
Note_000188,69,74895.82,130.56,Right,MELODY,5,0.866,0.866,False,0.552,-10.0,0
Note_000189,52,75032.24,266.98,Right,INNER,1,0.866,0.866,False,0.425,5.0,0
Note_000190,55,75032.24,266.98,Right,INNER,2,0.866,0.866,False,0.425,5.0,0
Note_000191,67,75032.24,266.98,Right,MELODY,5,0.866,0.866,False,0.425,5.0,0
Note_000192,60,75305.08,454.56,Right,MELODY,4,0.866,0.866,False,0.448,-5.0,0
Note_000193,52,75577.93,266.98,Right,INNER,1,0.866,0.866,False,0.374,15.0,0
Note_000194,55,75577.93,266.98,Right,MELODY,2,0.866,0.866,False,0.374,15.0,0
Note_000195,52,75850.77,454.56,Right,INNER,3,0.866,0.866,False,0.374,-5.0,0
Note_000196,55,75850.77,454.56,Right,MELODY,4,0.866,0.866,False,0.374,-5.0,0
Note_000197,55,76123.62,130.56,Right,MELODY,2,0.866,0.866,False,0.391,5.0,0
Note_000198,56,76260.04,130.56,Right,MELODY,3,0.866,0.866,True,0.402,0.0,0
Note_000199,53,76396.46,454.56,Right,INNER,1,0.866,0.866,False,0.398,15.0,0
Note_000200,57,76396.46,454.56,Right,INNER,2,0.866,0.866,False,0.398,15.0,0
Note_000201,57,76396.46,130.56,Right,MELODY,3,0.866,0.866,False,0.398,15.0,0
Note_000202,56,76532.88,130.56,Right,MELODY,3,0.866,0.866,True,0.402,0.0,0
Note_000203,57,76669.3,130.56,Right,MELODY,4,0.866,0.866,False,0.414,-5.0,0
Note_000204,60,76805.73,266.98,Right,MELODY,5,0.866,0.866,False,0.448,-10.0,0
Note_000205,53,76942.15,403.4,Right,INNER,2,0.866,0.866,False,0.391,0.0,0
Note_000206,57,76942.15,403.4,Right,MELODY,4,0.866,0.866,False,0.391,0.0,0
Note_000207,62,77078.57,130.56,Right,MELODY,5,0.866,0.866,False,0.471,-10.0,0
Note_000208,60,77214.99,266.98,Right,MELODY,4,0.866,0.866,False,0.448,-5.0,0
Note_000209,53,77351.42,130.56,Right,INNER,2,0.866,0.866,False,0.391,5.0,0
Note_000210,57,77351.42,130.56,Right,MELODY,3,0.866,0.866,False,0.391,5.0,0
Note_000211,57,77487.84,454.56,Right,MELODY,4,0.866,0.866,False,0.414,-5.0,0
Note_000212,53,77760.68,727.41,Right,INNER,2,0.866,0.866,False,0.391,5.0,0
Note_000213,57,77760.68,727.41,Right,MELODY,3,0.866,0.866,False,0.391,5.0,0
Note_000214,57,78306.37,266.98,Right,MELODY,4,0.866,0.866,False,0.414,-5.0,0
Note_000215,52,78579.22,454.56,Right,INNER,1,0.866,0.866,False,0.379,5.0,0
Note_000216,55,78579.22,454.56,Right,INNER,3,0.866,0.866,False,0.379,5.0,0
Note_000217,55,78579.22,130.56,Right,MELODY,4,0.866,0.866,False,0.379,5.0,0
Note_000218,52,78715.64,130.56,Right,MELODY,2,0.866,0.866,False,0.356,5.0,0
Note_000219,53,78852.06,130.56,Right,MELODY,4,0.866,0.866,False,0.368,-5.0,0
Note_000220,67,78988.48,403.4,Right,MELODY,5,0.866,0.866,False,0.529,-10.0,0
Note_000221,52,79124.9,403.4,Right,INNER,2,0.866,0.866,False,0.374,0.0,0
Note_000222,55,79124.9,403.4,Right,MELODY,4,0.866,0.866,False,0.374,0.0,0
Note_000223,55,79397.75,130.56,Right,MELODY,5,0.866,0.866,False,0.391,-10.0,0
Note_000224,52,79534.17,130.56,Right,INNER,1,0.866,0.866,False,0.368,10.0,0
Note_000225,52,79534.17,130.56,Right,INNER,2,0.866,0.866,False,0.368,10.0,0
Note_000226,55,79534.17,130.56,Right,MELODY,4,0.866,0.866,False,0.368,10.0,0
Note_000227,53,79670.59,130.56,Right,MELODY,4,0.866,0.866,False,0.368,-5.0,0
Note_000228,67,79807.02,403.4,Right,MELODY,5,0.866,0.866,False,0.529,-10.0,0
Note_000229,52,79943.44,266.98,Right,INNER,1,0.866,0.866,False,0.374,5.0,0
Note_000230,55,79943.44,266.98,Right,MELODY,4,0.866,0.866,False,0.374,5.0,0
Note_000231,52,80216.28,454.56,Right,INNER,2,0.866,0.866,False,0.379,0.0,0
Note_000232,55,80216.28,454.56,Right,INNER,3,0.866,0.866,False,0.379,0.0,0
Note_000233,55,80216.28,335.73,Right,MELODY,4,0.866,0.866,False,0.379,0.0,0
Note_000234,67,80557.87,198.24,Right,MELODY,5,0.866,0.866,False,0.529,-10.0,0
Note_000235,50,80761.97,454.56,Right,INNER,1,0.866,0.866,False,0.402,5.0,0
Note_000236,53,80761.97,454.56,Right,INNER,2,0.866,0.866,False,0.402,5.0,0
Note_000237,65,80761.97,266.98,Right,MELODY,5,0.866,0.866,False,0.402,5.0,0
Note_000238,67,81034.82,266.98,Right,MELODY,5,0.866,0.866,False,0.529,-10.0,0
Note_000239,50,81307.66,403.4,Left,INNER,3,0.866,0.866,False,0.351,5.0,0
Note_000240,53,81307.66,403.4,Left,INNER,2,0.866,0.866,False,0.351,5.0,0
Note_000241,69,81307.66,130.56,Right,MELODY,5,0.866,0.866,False,0.552,-10.0,0
Note_000242,67,81444.08,266.98,Right,MELODY,1,0.866,0.866,False,0.529,10.0,0
Note_000243,50,81716.93,130.56,Right,INNER,1,0.866,0.866,False,0.398,10.0,0
Note_000244,55,81716.93,130.56,Right,INNER,2,0.866,0.866,False,0.398,10.0,0
Note_000245,62,81716.93,590.99,Right,MELODY,4,0.866,0.866,False,0.398,10.0,0
Note_000246,50,82126.19,539.83,Right,INNER,1,0.866,0.866,False,0.362,0.0,0
Note_000247,55,82126.19,539.83,Right,MELODY,5,0.866,0.866,False,0.362,0.0,0
Note_000248,52,82671.88,266.98,Right,INNER,1,0.866,0.866,False,0.406,10.0,0
Note_000249,55,82671.88,266.98,Right,INNER,2,0.866,0.866,False,0.406,10.0,0
Note_000250,62,82671.88,198.77,Right,MELODY,4,0.866,0.866,False,0.406,10.0,0
Note_000251,52,82944.73,454.56,Right,INNER,1,0.866,0.866,False,0.414,10.0,0
Note_000252,55,82944.73,454.56,Right,INNER,2,0.866,0.866,False,0.414,10.0,0
Note_000253,64,82944.73,130.56,Right,MELODY,4,0.866,0.866,False,0.414,10.0,0
Note_000254,63,83081.15,130.56,Right,MELODY,3,0.866,0.866,True,0.483,0.0,0
Note_000255,64,83217.57,130.56,Right,MELODY,4,0.866,0.866,False,0.494,-5.0,0
Note_000256,67,83353.99,266.98,Right,MELODY,5,0.866,0.866,False,0.529,-10.0,0
Note_000257,52,83490.42,266.98,Right,INNER,2,0.866,0.866,False,0.374,0.0,0
Note_000258,55,83490.42,266.98,Right,MELODY,4,0.866,0.866,False,0.374,0.0,0
Note_000259,69,83626.84,130.56,Right,MELODY,5,0.866,0.866,False,0.552,-10.0,0
Note_000260,52,83763.26,266.98,Right,INNER,1,0.866,0.866,False,0.425,5.0,0
Note_000261,55,83763.26,266.98,Right,INNER,2,0.866,0.866,False,0.425,5.0,0
Note_000262,67,83763.26,266.98,Right,MELODY,5,0.866,0.866,False,0.425,5.0,0
Note_000263,70,84036.11,454.56,Right,MELODY,5,0.866,0.866,True,0.563,-10.0,-12
Note_000264,52,84308.95,266.98,Right,INNER,1,0.866,0.866,False,0.374,5.0,0
Note_000265,55,84308.95,266.98,Right,MELODY,4,0.866,0.866,False,0.374,5.0,0
Note_000266,52,84581.79,454.56,Right,INNER,2,0.866,0.866,False,0.374,0.0,0
Note_000267,55,84581.79,454.56,Right,MELODY,4,0.866,0.866,False,0.374,0.0,0
Note_000268,68,84854.64,266.98,Right,MELODY,5,0.866,0.866,True,0.54,-10.0,-12
Note_000269,53,85127.48,454.56,Right,INNER,1,0.866,0.866,False,0.444,5.0,0
Note_000270,57,85127.48,454.56,Right,INNER,2,0.866,0.866,False,0.444,5.0,0
Note_000271,69,85127.48,130.56,Right,MELODY,5,0.866,0.866,False,0.444,5.0,0
Note_000272,68,85263.91,130.56,Right,MELODY,3,0.866,0.866,True,0.54,0.0,0
Note_000273,69,85400.33,130.56,Right,MELODY,4,0.866,0.866,False,0.552,-5.0,0
Note_000274,72,85536.75,266.98,Right,MELODY,5,0.866,0.866,False,0.586,-10.0,0
Note_000275,53,85673.17,403.4,Right,INNER,2,0.866,0.866,False,0.391,0.0,0
Note_000276,57,85673.17,403.4,Right,MELODY,4,0.866,0.866,False,0.391,0.0,0
Note_000277,74,85809.6,130.56,Right,MELODY,5,0.866,0.866,False,0.609,-10.0,0
Note_000278,72,85946.02,266.98,Right,MELODY,4,0.866,0.866,False,0.586,-5.0,0
Note_000279,54,86082.44,130.56,Right,INNER,2,0.866,0.866,True,0.397,5.0,0
Note_000280,57,86082.44,130.56,Right,MELODY,3,0.866,0.866,False,0.397,5.0,0
Note_000281,69,86218.86,454.56,Right,MELODY,5,0.866,0.866,False,0.552,-10.0,0
Note_000282,54,86491.71,266.98,Right,INNER,3,0.866,0.866,True,0.397,-5.0,0
Note_000283,57,86491.71,266.98,Right,MELODY,4,0.866,0.866,False,0.397,-5.0,0
Note_000284,54,86764.55,454.56,Right,INNER,2,0.866,0.866,True,0.397,5.0,0
Note_000285,57,86764.55,454.56,Right,MELODY,3,0.866,0.866,False,0.397,5.0,0
Note_000286,69,87037.4,266.98,Right,MELODY,5,0.866,0.866,False,0.552,-10.0,0
Note_000287,52,87310.24,454.56,Right,INNER,1,0.866,0.866,False,0.425,5.0,0
Note_000288,55,87310.24,454.56,Right,INNER,2,0.866,0.866,False,0.425,5.0,0
Note_000289,67,87310.24,130.56,Right,MELODY,5,0.866,0.866,False,0.425,5.0,0
Note_000290,66,87446.66,130.56,Right,MELODY,4,0.866,0.866,True,0.517,-5.0,0
Note_000291,67,87583.08,130.56,Right,MELODY,5,0.866,0.866,False,0.529,-10.0,0
Note_000292,55,87719.51,403.4,Right,MELODY,4,0.866,0.866,False,0.391,-5.0,0
Note_000293,52,87855.93,266.98,Right,INNER,1,0.866,0.866,False,0.374,15.0,0
Note_000294,55,87855.93,266.98,Right,MELODY,2,0.866,0.866,False,0.374,15.0,0
Note_000295,52,88128.77,266.98,Right,INNER,1,0.866,0.866,False,0.425,5.0,0
Note_000296,55,88128.77,266.98,Right,INNER,2,0.866,0.866,False,0.425,5.0,0
Note_000297,67,88128.77,130.56,Right,MELODY,5,0.866,0.866,False,0.425,5.0,0
Note_000298,66,88265.2,130.56,Right,MELODY,4,0.866,0.866,True,0.517,-5.0,0
Note_000299,67,88401.62,130.56,Right,MELODY,5,0.866,0.866,False,0.529,-10.0,0
Note_000300,55,88538.04,266.98,Right,MELODY,4,0.866,0.866,False,0.391,-5.0,0
Note_000301,52,88674.46,266.98,Right,INNER,2,0.866,0.866,False,0.374,5.0,0
Note_000302,55,88674.46,266.98,Right,MELODY,3,0.866,0.866,False,0.374,5.0,0
Note_000303,55,88810.88,130.56,Right,MELODY,1,0.866,0.866,False,0.391,10.0,0
Note_000304,52,88947.31,454.56,Right,INNER,1,0.866,0.866,False,0.431,0.0,0
Note_000305,55,88947.31,454.56,Right,INNER,2,0.866,0.866,False,0.431,0.0,0
Note_000306,62,88947.31,266.98,Right,INNER,4,0.866,0.866,False,0.431,0.0,0
Note_000307,65,88947.31,266.98,Right,MELODY,5,0.866,0.866,False,0.431,0.0,0
Note_000308,64,89220.15,266.98,Right,MELODY,5,0.866,0.866,False,0.494,-10.0,0
Note_000309,48,89493.0,454.56,Right,INNER,1,0.866,0.866,False,0.376,10.0,0
Note_000310,52,89493.0,1500.64,Right,INNER,2,0.866,0.866,False,0.376,10.0,0
Note_000311,55,89493.0,454.56,Right,INNER,3,0.866,0.866,False,0.376,10.0,0
Note_000312,60,89493.0,1500.64,Right,MELODY,4,0.866,0.866,False,0.376,10.0,0
Note_000313,55,90038.68,130.56,Right,MELODY,1,0.866,0.866,False,0.391,10.0,0
Note_000314,57,90175.11,266.98,Right,MELODY,2,0.866,0.866,False,0.414,5.0,0
Note_000315,60,90447.95,130.56,Right,MELODY,3,0.866,0.866,False,0.448,0.0,0
Note_000316,62,91402.91,130.56,Right,MELODY,4,0.866,0.866,False,0.471,-5.0,0
Note_000317,63,91539.33,130.56,Right,MELODY,5,0.866,0.866,True,0.483,-10.0,-12
Note_000318,52,91675.75,266.98,Right,INNER,1,0.866,0.866,False,0.414,5.0,0
Note_000319,55,91675.75,266.98,Right,INNER,2,0.866,0.866,False,0.414,5.0,0
Note_000320,64,91675.75,130.56,Right,MELODY,5,0.866,0.866,False,0.414,5.0,0
Note_000321,63,91812.17,130.56,Right,MELODY,5,0.866,0.866,True,0.483,-10.0,-12
Note_000322,52,91948.6,266.98,Right,INNER,2,0.866,0.866,False,0.414,-5.0,0
Note_000323,55,91948.6,266.98,Right,INNER,3,0.866,0.866,False,0.414,-5.0,0
Note_000324,64,91948.6,130.56,Right,MELODY,5,0.866,0.866,False,0.414,-5.0,0
Note_000325,67,92085.02,266.98,Right,MELODY,1,0.866,0.866,False,0.529,10.0,0
Note_000326,69,92357.86,130.56,Right,MELODY,5,0.866,0.866,False,0.552,-10.0,0
Note_000327,67,92494.29,266.98,Right,MELODY,4,0.866,0.866,False,0.529,-5.0,0
Note_000328,52,92630.71,130.56,Right,INNER,2,0.866,0.866,False,0.374,5.0,0
Note_000329,55,92630.71,130.56,Right,MELODY,3,0.866,0.866,False,0.374,5.0,0
Note_000330,60,92767.13,454.56,Right,MELODY,4,0.866,0.866,False,0.448,-5.0,0
Note_000331,52,93039.97,266.98,Right,INNER,2,0.866,0.866,False,0.374,5.0,0
Note_000332,55,93039.97,266.98,Right,MELODY,3,0.866,0.866,False,0.374,5.0,0
Note_000333,67,93312.82,266.98,Right,MELODY,4,0.866,0.866,False,0.529,-5.0,0
Note_000334,55,93585.66,130.56,Right,INNER,1,0.866,0.866,False,0.448,5.0,0
Note_000335,65,93585.66,62.35,Right,MELODY,4,0.866,0.866,False,0.448,5.0,0
Note_000336,64,93653.87,62.35,Right,MELODY,4,0.866,0.866,False,0.494,-5.0,0
Note_000337,56,93722.09,130.56,Right,INNER,2,0.866,0.866,True,0.437,0.0,0
Note_000338,62,93722.09,62.35,Right,MELODY,4,0.866,0.866,False,0.437,0.0,0
Note_000339,57,93858.51,130.56,Right,INNER,1,0.866,0.866,False,0.425,15.0,0
Note_000340,59,93858.51,62.35,Right,MELODY,2,0.866,0.866,False,0.425,15.0,0
Note_000341,57,93926.72,62.35,Right,MELODY,2,0.866,0.866,False,0.414,5.0,0
Note_000342,55,93994.93,62.35,Right,INNER,1,0.866,0.866,False,0.397,15.0,0
Note_000343,56,93994.93,130.56,Right,MELODY,2,0.866,0.866,True,0.397,15.0,0
Note_000344,53,94063.14,62.35,Right,MELODY,4,0.866,0.866,False,0.368,-5.0,0
Note_000345,53,94131.35,266.98,Right,INNER,1,0.866,0.866,False,0.398,15.0,0
Note_000346,57,94131.35,266.98,Right,INNER,2,0.866,0.866,False,0.398,15.0,0
Note_000347,57,94131.35,130.56,Right,MELODY,3,0.866,0.866,False,0.398,15.0,0
Note_000348,60,94267.77,266.98,Right,MELODY,4,0.866,0.866,False,0.448,-5.0,0
Note_000349,62,94540.62,130.56,Right,MELODY,5,0.866,0.866,False,0.471,-10.0,0
Note_000350,60,94677.04,266.98,Right,MELODY,4,0.866,0.866,False,0.448,-5.0,0
Note_000351,53,94813.46,130.56,Right,INNER,2,0.866,0.866,False,0.391,5.0,0
Note_000352,57,94813.46,130.56,Right,MELODY,3,0.866,0.866,False,0.391,5.0,0
Note_000353,57,94949.89,454.56,Right,MELODY,4,0.866,0.866,False,0.414,-5.0,0
Note_000354,53,95222.73,266.98,Right,INNER,2,0.866,0.866,False,0.391,5.0,0
Note_000355,57,95222.73,266.98,Right,MELODY,3,0.866,0.866,False,0.391,5.0,0
Note_000356,65,95495.57,266.98,Right,MELODY,4,0.866,0.866,False,0.506,-5.0,0
Note_000357,57,95768.42,266.98,Right,INNER,1,0.866,0.866,False,0.454,5.0,0
Note_000358,64,95768.42,62.35,Right,MELODY,4,0.866,0.866,False,0.454,5.0,0
Note_000359,62,95836.63,62.35,Right,MELODY,4,0.866,0.866,False,0.471,-5.0,0
Note_000360,60,95904.84,62.35,Right,MELODY,1,0.866,0.866,False,0.448,10.0,0
Note_000361,55,96041.26,130.56,Right,INNER,1,0.866,0.866,False,0.402,5.0,0
Note_000362,57,96041.26,62.35,Right,MELODY,4,0.866,0.866,False,0.402,5.0,0
Note_000363,55,96109.48,62.35,Right,MELODY,4,0.866,0.866,False,0.391,-5.0,0
Note_000364,52,96177.69,130.56,Right,INNER,1,0.866,0.866,False,0.362,5.0,0
Note_000365,53,96177.69,62.35,Right,MELODY,4,0.866,0.866,False,0.362,5.0,0
Note_000366,52,96245.9,198.77,Right,INNER,2,0.866,0.866,False,0.374,0.0,0
Note_000367,55,96245.9,198.77,Right,MELODY,4,0.866,0.866,False,0.374,0.0,0
Note_000368,53,96314.11,130.56,Right,MELODY,1,0.866,0.866,False,0.368,10.0,0
Note_000369,52,96450.53,130.56,Right,INNER,1,0.866,0.866,False,0.425,5.0,0
Note_000370,55,96450.53,130.56,Right,INNER,2,0.866,0.866,False,0.425,5.0,0
Note_000371,67,96450.53,471.62,Right,MELODY,5,0.866,0.866,False,0.425,5.0,0
Note_000372,52,96859.8,266.98,Right,INNER,2,0.866,0.866,False,0.374,0.0,0
Note_000373,55,96859.8,266.98,Right,MELODY,4,0.866,0.866,False,0.374,0.0,0
Note_000374,55,96928.01,62.35,Right,MELODY,5,0.866,0.866,False,0.391,-10.0,0
Note_000375,53,96996.22,130.56,Right,MELODY,4,0.866,0.866,False,0.368,-5.0,0
Note_000376,52,97132.64,954.96,Right,INNER,2,0.866,0.866,False,0.368,0.0,0
Note_000377,52,97132.64,130.56,Right,INNER,3,0.866,0.866,False,0.368,0.0,0
Note_000378,55,97132.64,954.96,Right,MELODY,4,0.866,0.866,False,0.368,0.0,0
Note_000379,55,97269.06,403.4,Right,MELODY,5,0.866,0.866,False,0.391,-10.0,0
Note_000380,55,97678.33,335.73,Right,MELODY,4,0.866,0.866,False,0.391,-5.0,0
Note_000381,67,98019.92,198.24,Right,MELODY,5,0.866,0.866,False,0.529,-10.0,0
Note_000382,53,98224.02,403.4,Right,INNER,2,0.866,0.866,False,0.429,-5.0,0
Note_000383,57,98224.02,403.4,Right,INNER,3,0.866,0.866,False,0.429,-5.0,0
Note_000384,65,98224.02,266.98,Right,MELODY,5,0.866,0.866,False,0.429,-5.0,0
Note_000385,67,98496.86,266.98,Right,MELODY,5,0.866,0.866,False,0.529,-10.0,0
Note_000386,60,98633.29,62.35,Right,MELODY,4,0.866,0.866,False,0.448,-5.0,0
Note_000387,55,98701.5,62.35,Right,MELODY,2,0.866,0.866,False,0.391,5.0,0
Note_000388,69,98769.71,130.56,Right,MELODY,5,0.866,0.866,False,0.552,-10.0,0
Note_000389,67,98906.13,266.98,Right,MELODY,4,0.866,0.866,False,0.529,-5.0,0
Note_000390,55,99042.55,608.04,Right,INNER,1,0.866,0.866,False,0.431,15.0,0
Note_000391,62,99042.55,608.04,Right,MELODY,2,0.866,0.866,False,0.431,15.0,0
Note_000392,62,99178.98,590.99,Right,MELODY,5,0.866,0.866,False,0.471,-10.0,0
Note_000393,60,99656.45,62.35,Right,MELODY,4,0.866,0.866,False,0.448,-5.0,0
Note_000394,59,99724.66,62.35,Right,MELODY,1,0.866,0.866,False,0.437,10.0,0
Note_000395,57,99792.88,62.35,Right,MELODY,5,0.866,0.866,False,0.414,-10.0,0
Note_000396,55,99861.09,62.35,Right,MELODY,4,0.866,0.866,False,0.391,-5.0,0
Note_000397,53,99929.3,62.35,Right,MELODY,2,0.866,0.866,False,0.368,5.0,0
Note_000398,50,99997.51,130.56,Right,MELODY,1,0.866,0.866,False,0.333,10.0,0
Note_000399,48,100133.93,266.98,Right,INNER,1,0.866,0.866,False,0.379,10.0,0
Note_000400,52,100133.93,266.98,Right,INNER,2,0.866,0.866,False,0.379,10.0,0
Note_000401,62,100133.93,198.77,Right,MELODY,4,0.866,0.866,False,0.379,10.0,0
Note_000402,52,100406.78,403.4,Right,INNER,1,0.866,0.866,False,0.414,10.0,0
Note_000403,55,100406.78,403.4,Right,INNER,2,0.866,0.866,False,0.414,10.0,0
Note_000404,64,100406.78,130.56,Right,MELODY,4,0.866,0.866,False,0.414,10.0,0
Note_000405,63,100543.2,130.56,Right,MELODY,4,0.866,0.866,True,0.483,-5.0,0
Note_000406,64,100679.62,130.56,Right,MELODY,5,0.866,0.866,False,0.494,-10.0,0
Note_000407,52,100816.04,130.56,Right,INNER,1,0.866,0.866,False,0.425,5.0,0
Note_000408,55,100816.04,130.56,Right,INNER,2,0.866,0.866,False,0.425,5.0,0
Note_000409,67,100816.04,266.98,Right,MELODY,5,0.866,0.866,False,0.425,5.0,0
Note_000410,69,101088.89,130.56,Right,MELODY,5,0.866,0.866,False,0.552,-10.0,0
Note_000411,52,101225.31,266.98,Right,INNER,1,0.866,0.866,False,0.425,5.0,0
Note_000412,55,101225.31,266.98,Right,INNER,2,0.866,0.866,False,0.425,5.0,0
Note_000413,67,101225.31,266.98,Right,MELODY,5,0.866,0.866,False,0.425,5.0,0
Note_000414,70,101498.15,454.56,Right,MELODY,5,0.866,0.866,True,0.563,-10.0,-12
Note_000415,52,101771.0,266.98,Right,INNER,1,0.866,0.866,False,0.402,15.0,0
Note_000416,60,101771.0,266.98,Right,MELODY,2,0.866,0.866,False,0.402,15.0,0
Note_000417,62,102043.84,130.56,Right,MELODY,2,0.866,0.866,False,0.471,5.0,0
Note_000418,64,102180.27,266.98,Right,MELODY,3,0.866,0.866,False,0.494,0.0,0
Note_000419,68,102316.69,266.98,Right,MELODY,4,0.866,0.866,True,0.54,-5.0,0
Note_000420,60,102453.11,130.56,Right,MELODY,1,0.866,0.866,False,0.448,10.0,0
Note_000421,53,102589.53,454.56,Right,INNER,1,0.866,0.866,False,0.444,5.0,0
Note_000422,57,102589.53,454.56,Right,INNER,2,0.866,0.866,False,0.444,5.0,0
Note_000423,69,102589.53,130.56,Right,MELODY,5,0.866,0.866,False,0.444,5.0,0
Note_000424,68,102725.95,130.56,Right,MELODY,3,0.866,0.866,True,0.54,0.0,0
Note_000425,69,102862.38,130.56,Right,MELODY,4,0.866,0.866,False,0.552,-5.0,0
Note_000426,72,102998.8,130.56,Right,MELODY,5,0.866,0.866,False,0.586,-10.0,0
Note_000427,53,103135.22,403.4,Right,INNER,2,0.866,0.866,False,0.391,0.0,0
Note_000428,57,103135.22,403.4,Right,MELODY,4,0.866,0.866,False,0.391,0.0,0
Note_000429,74,103271.64,130.56,Right,MELODY,5,0.866,0.866,False,0.609,-10.0,0
Note_000430,72,103408.07,266.98,Right,MELODY,4,0.866,0.866,False,0.586,-5.0,0
Note_000431,54,103544.49,130.56,Right,INNER,2,0.866,0.866,True,0.397,5.0,0
Note_000432,57,103544.49,130.56,Right,MELODY,3,0.866,0.866,False,0.397,5.0,0
Note_000433,69,103680.91,454.56,Right,MELODY,4,0.866,0.866,False,0.552,-5.0,0
Note_000434,54,103953.75,266.98,Right,INNER,2,0.866,0.866,True,0.414,5.0,0
Note_000435,60,103953.75,266.98,Right,MELODY,3,0.866,0.866,False,0.414,5.0,0
Note_000436,63,104226.6,130.56,Right,MELODY,4,0.866,0.866,True,0.483,-5.0,0
Note_000437,62,104363.02,266.98,Right,MELODY,2,0.866,0.866,False,0.471,5.0,0
Note_000438,69,104499.44,266.98,Right,MELODY,5,0.866,0.866,False,0.552,-10.0,0
Note_000439,55,104635.87,130.56,Right,INNER,2,0.866,0.866,False,0.42,0.0,0
Note_000440,60,104635.87,130.56,Right,MELODY,4,0.866,0.866,False,0.42,0.0,0
Note_000441,67,104772.29,130.56,Right,MELODY,5,0.866,0.866,False,0.529,-10.0,0
Note_000442,66,104908.71,130.56,Right,MELODY,5,0.866,0.866,True,0.517,-10.0,-12
Note_000443,52,105045.13,266.98,Right,INNER,1,0.866,0.866,False,0.425,5.0,0
Note_000444,55,105045.13,266.98,Right,INNER,2,0.866,0.866,False,0.425,5.0,0
Note_000445,67,105045.13,130.56,Right,MELODY,5,0.866,0.866,False,0.425,5.0,0
Note_000446,55,105181.55,403.4,Right,MELODY,4,0.866,0.866,False,0.391,-5.0,0
Note_000447,67,105590.82,130.56,Right,MELODY,5,0.866,0.866,False,0.529,-10.0,0
Note_000448,52,105727.24,130.56,Right,INNER,1,0.866,0.866,False,0.421,5.0,-12
Note_000449,55,105727.24,130.56,Right,INNER,2,0.866,0.866,False,0.421,5.0,-12
Note_000450,66,105727.24,130.56,Right,MELODY,5,0.866,0.866,True,0.421,5.0,-12
Note_000451,67,105863.67,130.56,Right,MELODY,5,0.866,0.866,False,0.529,-10.0,0
Note_000452,55,106000.09,266.98,Right,MELODY,4,0.866,0.866,False,0.391,-5.0,0
Note_000453,52,106136.51,266.98,Right,INNER,2,0.866,0.866,False,0.374,5.0,0
Note_000454,55,106136.51,266.98,Right,MELODY,3,0.866,0.866,False,0.374,5.0,0
Note_000455,55,106272.93,130.56,Right,MELODY,4,0.866,0.866,False,0.391,-5.0,0
Note_000456,65,106409.36,266.98,Right,MELODY,5,0.866,0.866,False,0.506,-10.0,0
Note_000457,52,106682.2,266.98,Right,INNER,1,0.866,0.866,False,0.414,5.0,0
Note_000458,55,106682.2,266.98,Right,INNER,2,0.866,0.866,False,0.414,5.0,0
Note_000459,64,106682.2,266.98,Right,MELODY,5,0.866,0.866,False,0.414,5.0,0
Note_000460,52,106955.04,454.56,Right,INNER,2,0.866,0.866,False,0.398,0.0,0
Note_000461,55,106955.04,454.56,Right,INNER,3,0.866,0.866,False,0.398,0.0,0
Note_000462,60,106955.04,2046.33,Right,MELODY,4,0.866,0.866,False,0.398,0.0,0
Note_000463,58,107500.73,130.56,Right,MELODY,2,0.866,0.866,True,0.425,5.0,0
Note_000464,59,107637.16,266.98,Right,MELODY,3,0.866,0.866,False,0.437,0.0,0
Note_000465,60,107910.0,590.99,Right,MELODY,4,0.866,0.866,False,0.448,-5.0,0
Note_000466,64,108592.11,198.77,Right,MELODY,5,0.866,0.866,False,0.494,-10.0,0
Note_000467,65,108796.74,62.35,Right,MELODY,1,0.866,0.866,False,0.506,10.0,0
Note_000468,67,108864.96,130.56,Right,MELODY,4,0.866,0.866,False,0.529,-5.0,0
Note_000469,68,109001.38,130.56,Right,MELODY,5,0.866,0.866,True,0.54,-10.0,-12
Note_000470,65,109137.8,727.41,Right,INNER,1,0.866,0.866,False,0.598,0.0,0
Note_000471,69,109137.8,727.41,Right,INNER,2,0.866,0.866,False,0.598,0.0,0
Note_000472,77,109137.8,727.41,Right,INNER,4,0.866,0.866,False,0.598,0.0,0
Note_000473,81,109137.8,727.41,Right,MELODY,5,0.866,0.866,False,0.598,0.0,0
Note_000474,60,109956.33,266.98,Right,INNER,1,0.866,0.866,False,0.546,0.0,0
Note_000475,65,109956.33,266.98,Right,INNER,2,0.866,0.866,False,0.546,0.0,0
Note_000476,72,109956.33,266.98,Right,INNER,4,0.866,0.866,False,0.546,0.0,0
Note_000477,77,109956.33,266.98,Right,MELODY,5,0.866,0.866,False,0.546,0.0,0
Note_000478,64,110229.18,727.41,Right,INNER,1,0.866,0.866,False,0.58,0.0,0
Note_000479,67,110229.18,727.41,Right,INNER,2,0.866,0.866,False,0.58,0.0,0
Note_000480,76,110229.18,727.41,Right,INNER,4,0.866,0.866,False,0.58,0.0,0
Note_000481,79,110229.18,727.41,Right,MELODY,5,0.866,0.866,False,0.58,0.0,0
Note_000482,60,111047.71,266.98,Right,INNER,1,0.866,0.866,False,0.54,0.0,0
Note_000483,64,111047.71,266.98,Right,INNER,2,0.866,0.866,False,0.54,0.0,0
Note_000484,72,111047.71,266.98,Right,INNER,4,0.866,0.866,False,0.54,0.0,0
Note_000485,76,111047.71,266.98,Right,MELODY,5,0.866,0.866,False,0.54,0.0,0
Note_000486,65,111320.56,403.4,Right,INNER,1,0.866,0.866,False,0.575,0.0,0
Note_000487,77,111320.56,403.4,Right,MELODY,5,0.866,0.866,False,0.575,0.0,0
Note_000488,67,111729.82,130.56,Right,INNER,1,0.866,0.866,False,0.598,0.0,0
Note_000489,79,111729.82,130.56,Right,MELODY,5,0.866,0.866,False,0.598,0.0,0
Note_000490,64,112207.83,112.97,Right,INNER,1,0.866,0.866,False,0.563,5.0,0
Note_000491,76,112207.83,112.97,Right,MELODY,4,0.866,0.866,False,0.563,5.0,0
Note_000492,64,112411.93,198.77,Right,INNER,1,0.866,0.866,False,0.563,5.0,0
Note_000493,76,112411.93,198.77,Right,MELODY,4,0.866,0.866,False,0.563,5.0,0
Note_000494,65,112616.57,62.35,Right,INNER,1,0.866,0.866,False,0.575,5.0,0
Note_000495,77,112616.57,62.35,Right,MELODY,4,0.866,0.866,False,0.575,5.0,0
Note_000496,67,112684.78,130.56,Right,INNER,1,0.866,0.866,False,0.598,5.0,0
Note_000497,79,112684.78,130.56,Right,MELODY,4,0.866,0.866,False,0.598,5.0,0
Note_000498,68,112821.2,130.56,Right,INNER,1,0.866,0.866,True,0.609,5.0,12
Note_000499,80,112821.2,130.56,Right,MELODY,4,0.866,0.866,True,0.609,5.0,12
Note_000500,65,113503.31,727.41,Right,INNER,1,0.866,0.866,False,0.598,0.0,0
Note_000501,69,113503.31,727.41,Right,INNER,2,0.866,0.866,False,0.598,0.0,0
Note_000502,77,113503.31,727.41,Right,INNER,4,0.866,0.866,False,0.598,0.0,0
Note_000503,81,113503.31,727.41,Right,MELODY,5,0.866,0.866,False,0.598,0.0,0
Note_000504,65,114321.85,266.98,Right,INNER,1,0.866,0.866,False,0.592,0.0,-12
Note_000505,68,114321.85,266.98,Right,INNER,2,0.866,0.866,True,0.592,0.0,-12
Note_000506,77,114321.85,266.98,Right,INNER,4,0.866,0.866,False,0.592,0.0,-12
Note_000507,80,114321.85,266.98,Right,MELODY,5,0.866,0.866,True,0.592,0.0,-12
Note_000508,64,114594.69,727.41,Right,INNER,1,0.866,0.866,False,0.58,0.0,0
Note_000509,67,114594.69,727.41,Right,INNER,2,0.866,0.866,False,0.58,0.0,0
Note_000510,76,114594.69,727.41,Right,INNER,4,0.866,0.866,False,0.58,0.0,0
Note_000511,79,114594.69,727.41,Right,MELODY,5,0.866,0.866,False,0.58,0.0,0
Note_000512,66,115413.22,266.98,Right,INNER,2,0.866,0.866,True,0.586,-5.0,-12
Note_000513,78,115413.22,266.98,Right,MELODY,5,0.866,0.866,True,0.586,-5.0,-12
Note_000514,65,115686.07,403.4,Right,INNER,1,0.866,0.866,False,0.575,15.0,0
Note_000515,77,115686.07,403.4,Right,MELODY,2,0.866,0.866,False,0.575,15.0,0
Note_000516,64,116095.33,403.4,Right,INNER,1,0.866,0.866,False,0.563,15.0,0
Note_000517,76,116095.33,403.4,Right,MELODY,2,0.866,0.866,False,0.563,15.0,0
Note_000518,60,116504.6,727.41,Right,INNER,1,0.866,0.866,False,0.517,5.0,0
Note_000519,72,116504.6,727.41,Right,MELODY,4,0.866,0.866,False,0.517,5.0,0
Note_000520,65,117868.82,266.98,Right,INNER,1,0.866,0.866,False,0.598,0.0,0
Note_000521,69,117868.82,266.98,Right,INNER,2,0.866,0.866,False,0.598,0.0,0
Note_000522,77,117868.82,266.98,Right,INNER,4,0.866,0.866,False,0.598,0.0,0
Note_000523,81,117868.82,266.98,Right,MELODY,5,0.866,0.866,False,0.598,0.0,0
Note_000524,65,118141.67,266.98,Right,INNER,1,0.866,0.866,False,0.598,0.0,0
Note_000525,69,118141.67,266.98,Right,INNER,2,0.866,0.866,False,0.598,0.0,0
Note_000526,77,118141.67,266.98,Right,INNER,4,0.866,0.866,False,0.598,0.0,0
Note_000527,81,118141.67,266.98,Right,MELODY,5,0.866,0.866,False,0.598,0.0,0
Note_000528,65,118414.51,266.98,Right,INNER,1,0.866,0.866,False,0.592,0.0,-12
Note_000529,68,118414.51,266.98,Right,INNER,2,0.866,0.866,True,0.592,0.0,-12
Note_000530,77,118414.51,266.98,Right,INNER,4,0.866,0.866,False,0.592,0.0,-12
Note_000531,80,118414.51,266.98,Right,MELODY,5,0.866,0.866,True,0.592,0.0,-12
Note_000532,65,118687.36,266.98,Right,INNER,1,0.866,0.866,False,0.592,0.0,-12
Note_000533,68,118687.36,266.98,Right,INNER,2,0.866,0.866,True,0.592,0.0,-12
Note_000534,77,118687.36,266.98,Right,INNER,4,0.866,0.866,False,0.592,0.0,-12
Note_000535,80,118687.36,266.98,Right,MELODY,5,0.866,0.866,True,0.592,0.0,-12
Note_000536,64,118960.2,266.98,Right,INNER,1,0.866,0.866,False,0.58,0.0,0
Note_000537,67,118960.2,266.98,Right,INNER,2,0.866,0.866,False,0.58,0.0,0
Note_000538,76,118960.2,266.98,Right,INNER,4,0.866,0.866,False,0.58,0.0,0
Note_000539,79,118960.2,266.98,Right,MELODY,5,0.866,0.866,False,0.58,0.0,0
Note_000540,64,119233.05,266.98,Right,INNER,1,0.866,0.866,False,0.58,0.0,0
Note_000541,67,119233.05,266.98,Right,INNER,2,0.866,0.866,False,0.58,0.0,0
Note_000542,76,119233.05,266.98,Right,INNER,4,0.866,0.866,False,0.58,0.0,0
Note_000543,79,119233.05,266.98,Right,MELODY,5,0.866,0.866,False,0.58,0.0,0
Note_000544,63,119505.89,266.98,Right,INNER,1,0.866,0.866,True,0.569,0.0,0
Note_000545,66,119505.89,266.98,Right,INNER,2,0.866,0.866,True,0.569,0.0,0
Note_000546,75,119505.89,266.98,Right,INNER,4,0.866,0.866,True,0.569,0.0,0
Note_000547,78,119505.89,266.98,Right,MELODY,5,0.866,0.866,True,0.569,0.0,0
Note_000548,63,119778.74,266.98,Right,INNER,1,0.866,0.866,True,0.569,0.0,0
Note_000549,66,119778.74,266.98,Right,INNER,2,0.866,0.866,True,0.569,0.0,0
Note_000550,75,119778.74,266.98,Right,INNER,4,0.866,0.866,True,0.569,0.0,0
Note_000551,78,119778.74,266.98,Right,MELODY,5,0.866,0.866,True,0.569,0.0,0
Note_000552,62,120051.58,403.4,Right,INNER,1,0.866,0.866,False,0.557,0.0,0
Note_000553,65,120051.58,403.4,Right,INNER,2,0.866,0.866,False,0.557,0.0,0
Note_000554,74,120051.58,403.4,Right,INNER,4,0.866,0.866,False,0.557,0.0,0
Note_000555,77,120051.58,403.4,Right,MELODY,5,0.866,0.866,False,0.557,0.0,0
Note_000556,64,120460.85,130.56,Right,INNER,1,0.866,0.866,False,0.58,0.0,0
Note_000557,67,120460.85,130.56,Right,INNER,2,0.866,0.866,False,0.58,0.0,0
Note_000558,76,120460.85,130.56,Right,INNER,4,0.866,0.866,False,0.58,0.0,0
Note_000559,79,120460.85,130.56,Right,MELODY,5,0.866,0.866,False,0.58,0.0,0
Note_000560,60,120870.11,1227.8,Right,INNER,1,0.866,0.866,False,0.54,0.0,0
Note_000561,64,120870.11,1227.8,Right,INNER,2,0.866,0.866,False,0.54,0.0,0
Note_000562,72,120870.11,1227.8,Right,INNER,4,0.866,0.866,False,0.54,0.0,0
Note_000563,76,120870.11,1227.8,Right,MELODY,5,0.866,0.866,False,0.54,0.0,0
Note_000564,65,122234.34,266.98,Right,INNER,1,0.866,0.866,False,0.598,0.0,0
Note_000565,69,122234.34,266.98,Right,INNER,2,0.866,0.866,False,0.598,0.0,0
Note_000566,77,122234.34,266.98,Right,INNER,4,0.866,0.866,False,0.598,0.0,0
Note_000567,81,122234.34,266.98,Right,MELODY,5,0.866,0.866,False,0.598,0.0,0
Note_000568,65,122507.18,266.98,Right,INNER,1,0.866,0.866,False,0.598,0.0,0
Note_000569,69,122507.18,266.98,Right,INNER,2,0.866,0.866,False,0.598,0.0,0
Note_000570,77,122507.18,266.98,Right,INNER,4,0.866,0.866,False,0.598,0.0,0
Note_000571,81,122507.18,266.98,Right,MELODY,5,0.866,0.866,False,0.598,0.0,0
Note_000572,65,122780.02,266.98,Right,INNER,1,0.866,0.866,False,0.592,0.0,-12
Note_000573,68,122780.02,266.98,Right,INNER,2,0.866,0.866,True,0.592,0.0,-12
Note_000574,77,122780.02,266.98,Right,INNER,4,0.866,0.866,False,0.592,0.0,-12
Note_000575,80,122780.02,266.98,Right,MELODY,5,0.866,0.866,True,0.592,0.0,-12
Note_000576,65,123052.87,266.98,Right,INNER,1,0.866,0.866,False,0.592,0.0,-12
Note_000577,68,123052.87,266.98,Right,INNER,2,0.866,0.866,True,0.592,0.0,-12
Note_000578,77,123052.87,266.98,Right,INNER,4,0.866,0.866,False,0.592,0.0,-12
Note_000579,80,123052.87,266.98,Right,MELODY,5,0.866,0.866,True,0.592,0.0,-12
Note_000580,64,123325.71,266.98,Right,INNER,1,0.866,0.866,False,0.58,0.0,0
Note_000581,67,123325.71,266.98,Right,INNER,2,0.866,0.866,False,0.58,0.0,0
Note_000582,76,123325.71,266.98,Right,INNER,4,0.866,0.866,False,0.58,0.0,0
Note_000583,79,123325.71,266.98,Right,MELODY,5,0.866,0.866,False,0.58,0.0,0
Note_000584,64,123598.56,266.98,Right,INNER,1,0.866,0.866,False,0.58,0.0,0
Note_000585,67,123598.56,266.98,Right,INNER,2,0.866,0.866,False,0.58,0.0,0
Note_000586,76,123598.56,266.98,Right,INNER,4,0.866,0.866,False,0.58,0.0,0
Note_000587,79,123598.56,266.98,Right,MELODY,5,0.866,0.866,False,0.58,0.0,0
Note_000588,63,123871.4,266.98,Right,INNER,1,0.866,0.866,True,0.569,0.0,0
Note_000589,66,123871.4,266.98,Right,INNER,2,0.866,0.866,True,0.569,0.0,0
Note_000590,75,123871.4,266.98,Right,INNER,4,0.866,0.866,True,0.569,0.0,0
Note_000591,78,123871.4,266.98,Right,MELODY,5,0.866,0.866,True,0.569,0.0,0
Note_000592,63,124144.25,266.98,Right,INNER,1,0.866,0.866,True,0.569,0.0,0
Note_000593,66,124144.25,266.98,Right,INNER,2,0.866,0.866,True,0.569,0.0,0
Note_000594,75,124144.25,266.98,Right,INNER,4,0.866,0.866,True,0.569,0.0,0
Note_000595,78,124144.25,266.98,Right,MELODY,5,0.866,0.866,True,0.569,0.0,0
Note_000596,62,124417.09,403.4,Right,INNER,1,0.866,0.866,False,0.557,0.0,0
Note_000597,65,124417.09,403.4,Right,INNER,2,0.866,0.866,False,0.557,0.0,0
Note_000598,74,124417.09,403.4,Right,INNER,4,0.866,0.866,False,0.557,0.0,0
Note_000599,77,124417.09,403.4,Right,MELODY,5,0.866,0.866,False,0.557,0.0,0
Note_000600,60,124826.36,130.56,Right,INNER,1,0.866,0.866,False,0.54,0.0,0
Note_000601,64,124826.36,130.56,Right,INNER,2,0.866,0.866,False,0.54,0.0,0
Note_000602,72,124826.36,130.56,Right,INNER,4,0.866,0.866,False,0.54,0.0,0
Note_000603,76,124826.36,130.56,Right,MELODY,5,0.866,0.866,False,0.54,0.0,0
Note_000604,55,125235.63,1227.8,Right,INNER,1,0.866,0.866,False,0.489,0.0,0
Note_000605,60,125235.63,1227.8,Right,INNER,2,0.866,0.866,False,0.489,0.0,0
Note_000606,67,125235.63,1227.8,Right,INNER,4,0.866,0.866,False,0.489,0.0,0
Note_000607,72,125235.63,1227.8,Right,MELODY,5,0.866,0.866,False,0.489,0.0,0
Note_000608,60,126599.85,130.56,Right,INNER,1,0.866,0.866,False,0.517,5.0,0
Note_000609,72,126599.85,130.56,Right,MELODY,4,0.866,0.866,False,0.517,5.0,0
Note_000610,52,126736.27,266.98,Right,INNER,1,0.866,0.866,False,0.425,0.0,0
Note_000611,64,126736.27,266.98,Right,MELODY,5,0.866,0.866,False,0.425,0.0,0
Note_000612,58,127009.11,130.56,Right,INNER,1,0.866,0.866,True,0.494,5.0,12
Note_000613,70,127009.11,130.56,Right,MELODY,4,0.866,0.866,True,0.494,5.0,12
Note_000614,60,127691.23,130.56,Right,INNER,1,0.866,0.866,False,0.517,5.0,0
Note_000615,72,127691.23,130.56,Right,MELODY,4,0.866,0.866,False,0.517,5.0,0
Note_000616,52,127827.65,266.98,Right,INNER,1,0.866,0.866,False,0.425,0.0,0
Note_000617,64,127827.65,266.98,Right,MELODY,5,0.866,0.866,False,0.425,0.0,0
Note_000618,58,128100.49,130.56,Right,INNER,1,0.866,0.866,True,0.494,5.0,12
Note_000619,70,128100.49,130.56,Right,MELODY,4,0.866,0.866,True,0.494,5.0,12
Note_000620,57,128782.6,130.56,Right,INNER,1,0.866,0.866,False,0.483,5.0,0
Note_000621,69,128782.6,130.56,Right,MELODY,4,0.866,0.866,False,0.483,5.0,0
Note_000622,48,128919.03,266.98,Right,INNER,1,0.866,0.866,False,0.379,15.0,0
Note_000623,60,128919.03,266.98,Right,MELODY,2,0.866,0.866,False,0.379,15.0,0
Note_000624,51,129191.87,130.56,Right,INNER,2,0.866,0.866,True,0.414,-5.0,-12
Note_000625,63,129191.87,130.56,Right,MELODY,5,0.866,0.866,True,0.414,-5.0,-12
Note_000626,57,129873.98,130.56,Right,INNER,1,0.866,0.866,False,0.483,15.0,0
Note_000627,69,129873.98,130.56,Right,MELODY,2,0.866,0.866,False,0.483,15.0,0
Note_000628,48,130010.4,266.98,Right,INNER,1,0.866,0.866,False,0.379,5.0,0
Note_000629,60,130010.4,266.98,Right,MELODY,4,0.866,0.866,False,0.379,5.0,0
Note_000630,51,130283.25,130.56,Right,INNER,2,0.866,0.866,True,0.414,-5.0,-12
Note_000631,63,130283.25,130.56,Right,MELODY,5,0.866,0.866,True,0.414,-5.0,-12
Note_000632,60,130965.36,130.56,Right,INNER,1,0.866,0.866,False,0.517,15.0,0
Note_000633,72,130965.36,130.56,Right,MELODY,2,0.866,0.866,False,0.517,15.0,0
Note_000634,52,131101.78,266.98,Right,INNER,1,0.866,0.866,False,0.425,0.0,0
Note_000635,64,131101.78,266.98,Right,MELODY,5,0.866,0.866,False,0.425,0.0,0
Note_000636,58,131374.63,130.56,Right,INNER,1,0.866,0.866,True,0.494,5.0,12
Note_000637,70,131374.63,130.56,Right,MELODY,4,0.866,0.866,True,0.494,5.0,12
Note_000638,60,132056.74,130.56,Right,INNER,1,0.866,0.866,False,0.517,5.0,0
Note_000639,72,132056.74,130.56,Right,MELODY,4,0.866,0.866,False,0.517,5.0,0
Note_000640,52,132193.16,266.98,Right,INNER,1,0.866,0.866,False,0.425,15.0,0
Note_000641,64,132193.16,266.98,Right,MELODY,2,0.866,0.866,False,0.425,15.0,0
Note_000642,58,132466.0,130.56,Right,INNER,1,0.866,0.866,True,0.494,0.0,0
Note_000643,70,132466.0,130.56,Right,MELODY,5,0.866,0.866,True,0.494,0.0,0
Note_000644,53,133148.12,266.98,Right,INNER,1,0.866,0.866,False,0.46,0.0,0
Note_000645,57,133148.12,266.98,Right,INNER,2,0.866,0.866,False,0.46,0.0,0
Note_000646,65,133148.12,266.98,Right,INNER,4,0.866,0.866,False,0.46,0.0,0
Note_000647,69,133148.12,266.98,Right,MELODY,5,0.866,0.866,False,0.46,0.0,0
Note_000648,53,133420.96,266.98,Right,INNER,1,0.866,0.866,False,0.46,0.0,0
Note_000649,57,133420.96,266.98,Right,INNER,2,0.866,0.866,False,0.46,0.0,0
Note_000650,65,133420.96,266.98,Right,INNER,4,0.866,0.866,False,0.46,0.0,0
Note_000651,69,133420.96,266.98,Right,MELODY,5,0.866,0.866,False,0.46,0.0,0
Note_000652,53,133693.8,266.98,Right,INNER,1,0.866,0.866,False,0.46,0.0,0
Note_000653,57,133693.8,266.98,Right,INNER,2,0.866,0.866,False,0.46,0.0,0
Note_000654,65,133693.8,266.98,Right,INNER,4,0.866,0.866,False,0.46,0.0,0
Note_000655,69,133693.8,266.98,Right,MELODY,5,0.866,0.866,False,0.46,0.0,0
Note_000656,53,133966.65,266.98,Right,INNER,1,0.866,0.866,False,0.46,0.0,0
Note_000657,57,133966.65,266.98,Right,INNER,2,0.866,0.866,False,0.46,0.0,0
Note_000658,65,133966.65,266.98,Right,INNER,4,0.866,0.866,False,0.46,0.0,0
Note_000659,69,133966.65,266.98,Right,MELODY,5,0.866,0.866,False,0.46,0.0,0
Note_000660,53,134239.49,454.56,Right,INNER,1,0.866,0.866,False,0.454,0.0,-12
Note_000661,56,134239.49,454.56,Right,INNER,2,0.866,0.866,True,0.454,0.0,-12
Note_000662,65,134239.49,454.56,Right,INNER,4,0.866,0.866,False,0.454,0.0,-12
Note_000663,68,134239.49,454.56,Right,MELODY,5,0.866,0.866,True,0.454,0.0,-12
Note_000664,55,134785.18,62.35,Right,INNER,1,0.866,0.866,False,0.46,0.0,0
Note_000665,67,134785.18,62.35,Right,MELODY,5,0.866,0.866,False,0.46,0.0,0
Note_000666,53,134853.39,62.35,Right,INNER,1,0.866,0.866,False,0.437,0.0,0
Note_000667,65,134853.39,62.35,Right,MELODY,5,0.866,0.866,False,0.437,0.0,0
Note_000668,52,134921.61,62.35,Right,INNER,1,0.866,0.866,False,0.425,0.0,0
Note_000669,64,134921.61,62.35,Right,MELODY,5,0.866,0.866,False,0.425,0.0,0
Note_000670,50,134989.82,62.35,Right,INNER,1,0.866,0.866,False,0.402,0.0,0
Note_000671,62,134989.82,62.35,Right,MELODY,5,0.866,0.866,False,0.402,0.0,0
Note_000672,48,135058.03,62.35,Right,INNER,1,0.866,0.866,False,0.379,0.0,0
Note_000673,60,135058.03,62.35,Right,MELODY,5,0.866,0.866,False,0.379,0.0,0
Note_000674,46,135126.24,62.35,Right,INNER,2,0.866,0.866,True,0.356,-5.0,-12
Note_000675,58,135126.24,62.35,Right,MELODY,5,0.866,0.866,True,0.356,-5.0,-12
Note_000676,43,135194.45,130.56,Right,INNER,1,0.866,0.866,False,0.322,15.0,0
Note_000677,55,135194.45,130.56,Right,MELODY,2,0.866,0.866,False,0.322,15.0,0
Note_000678,60,135330.87,130.56,Right,INNER,1,0.866,0.866,False,0.517,5.0,0
Note_000679,72,135330.87,130.56,Right,MELODY,4,0.866,0.866,False,0.517,5.0,0
Note_000680,52,135467.29,266.98,Right,INNER,1,0.866,0.866,False,0.425,0.0,0
Note_000681,64,135467.29,266.98,Right,MELODY,5,0.866,0.866,False,0.425,0.0,0
Note_000682,58,135740.14,130.56,Right,INNER,1,0.866,0.866,True,0.494,5.0,12
Note_000683,70,135740.14,130.56,Right,MELODY,4,0.866,0.866,True,0.494,5.0,12
Note_000684,60,136422.25,130.56,Right,INNER,1,0.866,0.866,False,0.517,5.0,0
Note_000685,72,136422.25,130.56,Right,MELODY,4,0.866,0.866,False,0.517,5.0,0
Note_000686,52,136558.67,266.98,Right,INNER,1,0.866,0.866,False,0.425,0.0,0
Note_000687,64,136558.67,266.98,Right,MELODY,5,0.866,0.866,False,0.425,0.0,0
Note_000688,58,136831.52,130.56,Right,INNER,1,0.866,0.866,True,0.494,5.0,12
Note_000689,70,136831.52,130.56,Right,MELODY,4,0.866,0.866,True,0.494,5.0,12
Note_000690,57,137513.63,130.56,Right,INNER,1,0.866,0.866,False,0.483,5.0,0
Note_000691,69,137513.63,130.56,Right,MELODY,4,0.866,0.866,False,0.483,5.0,0
Note_000692,48,137650.05,266.98,Right,INNER,1,0.866,0.866,False,0.379,15.0,0
Note_000693,60,137650.05,266.98,Right,MELODY,2,0.866,0.866,False,0.379,15.0,0
Note_000694,51,137922.89,130.56,Right,INNER,2,0.866,0.866,True,0.414,-5.0,-12
Note_000695,63,137922.89,130.56,Right,MELODY,5,0.866,0.866,True,0.414,-5.0,-12
Note_000696,57,138605.01,130.56,Right,INNER,1,0.866,0.866,False,0.483,15.0,0
Note_000697,69,138605.01,130.56,Right,MELODY,2,0.866,0.866,False,0.483,15.0,0
Note_000698,48,138741.43,266.98,Right,INNER,1,0.866,0.866,False,0.379,5.0,0
Note_000699,60,138741.43,266.98,Right,MELODY,4,0.866,0.866,False,0.379,5.0,0
Note_000700,51,139014.27,130.56,Right,INNER,2,0.866,0.866,True,0.414,-5.0,-12
Note_000701,63,139014.27,130.56,Right,MELODY,5,0.866,0.866,True,0.414,-5.0,-12
Note_000702,60,139696.38,130.56,Right,INNER,1,0.866,0.866,False,0.517,15.0,0
Note_000703,72,139696.38,130.56,Right,MELODY,2,0.866,0.866,False,0.517,15.0,0
Note_000704,52,139832.81,266.98,Right,INNER,1,0.866,0.866,False,0.425,0.0,0
Note_000705,64,139832.81,266.98,Right,MELODY,5,0.866,0.866,False,0.425,0.0,0
Note_000706,58,140105.65,130.56,Right,INNER,1,0.866,0.866,True,0.494,5.0,12
Note_000707,70,140105.65,130.56,Right,MELODY,4,0.866,0.866,True,0.494,5.0,12
Note_000708,60,140787.76,130.56,Right,INNER,1,0.866,0.866,False,0.517,5.0,0
Note_000709,72,140787.76,130.56,Right,MELODY,4,0.866,0.866,False,0.517,5.0,0
Note_000710,52,140924.18,266.98,Right,INNER,1,0.866,0.866,False,0.425,15.0,0
Note_000711,64,140924.18,266.98,Right,MELODY,2,0.866,0.866,False,0.425,15.0,0
Note_000712,58,141197.03,130.56,Right,INNER,2,0.866,0.866,True,0.494,-5.0,-12
Note_000713,70,141197.03,130.56,Right,MELODY,5,0.866,0.866,True,0.494,-5.0,-12
Note_000714,52,141879.14,454.56,Left,INNER,2,0.866,0.866,False,0.402,15.0,0
Note_000715,60,141879.14,454.56,Left,INNER,1,0.866,0.866,False,0.402,15.0,0
Note_000716,72,141879.14,454.56,Right,INNER,1,0.866,0.866,False,0.628,10.0,0
Note_000717,76,141879.14,454.56,Right,INNER,2,0.866,0.866,False,0.628,10.0,0
Note_000718,79,141879.14,454.56,Right,MELODY,4,0.866,0.866,False,0.628,10.0,0
Note_000719,53,142697.67,266.98,Left,INNER,2,0.866,0.866,False,0.408,15.0,0
Note_000720,60,142697.67,266.98,Left,INNER,1,0.866,0.866,False,0.408,15.0,0
Note_000721,72,142697.67,266.98,Right,INNER,1,0.866,0.866,False,0.64,10.0,0
Note_000722,77,142697.67,266.98,Right,INNER,2,0.866,0.866,False,0.64,10.0,0
Note_000723,81,142697.67,266.98,Right,MELODY,4,0.866,0.866,False,0.64,10.0,0
Note_000724,52,143243.36,266.98,Left,INNER,2,0.866,0.866,False,0.402,15.0,0
Note_000725,60,143243.36,266.98,Left,INNER,1,0.866,0.866,False,0.402,15.0,0
Note_000726,72,143243.36,266.98,Right,INNER,1,0.866,0.866,False,0.628,10.0,0
Note_000727,76,143243.36,266.98,Right,INNER,2,0.866,0.866,False,0.628,10.0,0
Note_000728,79,143243.36,266.98,Right,MELODY,4,0.866,0.866,False,0.628,10.0,0
Note_000729,51,143789.05,266.98,Left,INNER,3,0.866,0.866,True,0.368,5.0,0
Note_000730,55,143789.05,266.98,Left,INNER,2,0.866,0.866,False,0.368,5.0,0
Note_000731,72,143789.05,266.98,Right,INNER,1,0.866,0.866,False,0.621,10.0,0
Note_000732,75,143789.05,266.98,Right,INNER,2,0.866,0.866,True,0.621,10.0,0
Note_000733,78,143789.05,266.98,Right,MELODY,4,0.866,0.866,True,0.621,10.0,0
Note_000734,52,144061.9,266.98,Left,INNER,2,0.866,0.866,False,0.402,15.0,0
Note_000735,60,144061.9,266.98,Left,INNER,1,0.866,0.866,False,0.402,15.0,0
Note_000736,72,144061.9,266.98,Right,INNER,1,0.866,0.866,False,0.628,10.0,0
Note_000737,76,144061.9,266.98,Right,INNER,2,0.866,0.866,False,0.628,10.0,0
Note_000738,79,144061.9,266.98,Right,MELODY,4,0.866,0.866,False,0.628,10.0,0
Note_000739,55,144334.74,266.98,Left,INNER,3,0.866,0.866,False,0.42,5.0,0
Note_000740,60,144334.74,266.98,Left,INNER,2,0.866,0.866,False,0.42,5.0,0
Note_000741,76,144334.74,266.98,Right,INNER,1,0.866,0.866,False,0.674,5.0,0
Note_000742,79,144334.74,266.98,Right,INNER,2,0.866,0.866,False,0.674,5.0,0
Note_000743,84,144334.74,266.98,Right,MELODY,5,0.866,0.866,False,0.674,5.0,0
Note_000744,60,144607.59,454.56,Left,INNER,2,0.866,0.866,False,0.448,5.0,0
Note_000745,79,144607.59,454.56,Right,INNER,2,0.866,0.866,False,0.72,-0.0,0
Note_000746,84,144607.59,454.56,Right,INNER,3,0.866,0.866,False,0.72,-0.0,0
Note_000747,88,144607.59,454.56,Right,MELODY,4,0.866,0.866,False,0.72,-0.0,0
Note_000748,67,145698.96,266.98,Right,MELODY,2,0.866,0.866,False,0.529,5.0,0
Note_000749,72,145971.81,266.98,Right,MELODY,5,0.866,0.866,False,0.586,-10.0,0
Note_000750,50,146244.65,454.56,Left,INNER,2,0.866,0.866,False,0.385,15.0,0
Note_000751,59,146244.65,454.56,Left,INNER,1,0.866,0.866,False,0.385,15.0,0
Note_000752,71,146244.65,454.56,Right,INNER,1,0.866,0.866,False,0.609,10.0,0
Note_000753,74,146244.65,454.56,Right,INNER,2,0.866,0.866,False,0.609,10.0,0
Note_000754,77,146244.65,454.56,Right,MELODY,4,0.866,0.866,False,0.609,10.0,0
Note_000755,52,147063.19,266.98,Left,INNER,2,0.866,0.866,False,0.397,15.0,0
Note_000756,59,147063.19,266.98,Left,INNER,1,0.866,0.866,False,0.397,15.0,0
Note_000757,71,147063.19,266.98,Right,INNER,1,0.866,0.866,False,0.625,10.0,0
Note_000758,76,147063.19,266.98,Right,INNER,2,0.866,0.866,False,0.625,10.0,0
Note_000759,79,147063.19,266.98,Right,MELODY,4,0.866,0.866,False,0.625,10.0,0
Note_000760,50,147608.87,266.98,Left,INNER,2,0.866,0.866,False,0.385,15.0,0
Note_000761,59,147608.87,266.98,Left,INNER,1,0.866,0.866,False,0.385,15.0,0
Note_000762,71,147608.87,266.98,Right,INNER,1,0.866,0.866,False,0.609,10.0,0
Note_000763,74,147608.87,266.98,Right,INNER,2,0.866,0.866,False,0.609,10.0,0
Note_000764,77,147608.87,266.98,Right,MELODY,4,0.866,0.866,False,0.609,10.0,0
Note_000765,49,148154.56,266.98,Left,INNER,3,0.866,0.866,True,0.356,5.0,0
Note_000766,55,148154.56,266.98,Left,INNER,2,0.866,0.866,False,0.356,5.0,0
Note_000767,70,148154.56,266.98,Right,INNER,1,0.866,0.866,True,0.598,10.0,12
Note_000768,73,148154.56,266.98,Right,INNER,2,0.866,0.866,True,0.598,10.0,12
Note_000769,76,148154.56,266.98,Right,MELODY,4,0.866,0.866,False,0.598,10.0,12
Note_000770,50,148427.41,266.98,Left,INNER,2,0.866,0.866,False,0.385,15.0,0
Note_000771,59,148427.41,266.98,Left,INNER,1,0.866,0.866,False,0.385,15.0,0
Note_000772,71,148427.41,266.98,Right,INNER,1,0.866,0.866,False,0.609,10.0,0
Note_000773,74,148427.41,266.98,Right,INNER,2,0.866,0.866,False,0.609,10.0,0
Note_000774,77,148427.41,266.98,Right,MELODY,4,0.866,0.866,False,0.609,10.0,0
Note_000775,55,148700.25,266.98,Left,INNER,3,0.866,0.866,False,0.414,5.0,0
Note_000776,59,148700.25,266.98,Left,INNER,2,0.866,0.866,False,0.414,5.0,0
Note_000777,74,148700.25,266.98,Right,INNER,1,0.866,0.866,False,0.663,5.0,0
Note_000778,79,148700.25,266.98,Right,INNER,2,0.866,0.866,False,0.663,5.0,0
Note_000779,83,148700.25,266.98,Right,MELODY,5,0.866,0.866,False,0.663,5.0,0
Note_000780,59,148973.1,454.56,Left,INNER,2,0.866,0.866,False,0.437,5.0,0
Note_000781,79,148973.1,454.56,Right,INNER,2,0.866,0.866,False,0.709,-0.0,0
Note_000782,83,148973.1,454.56,Right,INNER,3,0.866,0.866,False,0.709,-0.0,0
Note_000783,86,148973.1,454.56,Right,MELODY,4,0.866,0.866,False,0.709,-0.0,0
Note_000784,67,150064.48,266.98,Right,MELODY,2,0.866,0.866,False,0.529,5.0,0
Note_000785,71,150337.32,266.98,Right,MELODY,5,0.866,0.866,False,0.575,-10.0,0
Note_000786,48,150610.16,454.56,Left,INNER,2,0.866,0.866,False,0.362,15.0,0
Note_000787,57,150610.16,454.56,Left,INNER,1,0.866,0.866,False,0.362,15.0,0
Note_000788,69,150610.16,454.56,Right,INNER,1,0.866,0.866,False,0.59,10.0,0
Note_000789,72,150610.16,454.56,Right,INNER,2,0.866,0.866,False,0.59,10.0,0
Note_000790,76,150610.16,454.56,Right,MELODY,4,0.866,0.866,False,0.59,10.0,0
Note_000791,50,151428.7,266.98,Left,INNER,2,0.866,0.866,False,0.374,15.0,0
Note_000792,57,151428.7,266.98,Left,INNER,1,0.866,0.866,False,0.374,15.0,0
Note_000793,69,151428.7,266.98,Right,INNER,1,0.866,0.866,False,0.602,10.0,0
Note_000794,74,151428.7,266.98,Right,INNER,2,0.866,0.866,False,0.602,10.0,0
Note_000795,77,151428.7,266.98,Right,MELODY,4,0.866,0.866,False,0.602,10.0,0
Note_000796,48,151974.39,266.98,Left,INNER,2,0.866,0.866,False,0.362,15.0,0
Note_000797,57,151974.39,266.98,Left,INNER,1,0.866,0.866,False,0.362,15.0,0
Note_000798,69,151974.39,266.98,Right,INNER,1,0.866,0.866,False,0.59,10.0,0
Note_000799,72,151974.39,266.98,Right,INNER,2,0.866,0.866,False,0.59,10.0,0
Note_000800,76,151974.39,266.98,Right,MELODY,4,0.866,0.866,False,0.59,10.0,0
Note_000801,47,152520.08,266.98,Left,INNER,3,0.866,0.866,False,0.328,5.0,0
Note_000802,52,152520.08,266.98,Left,INNER,2,0.866,0.866,False,0.328,5.0,0
Note_000803,68,152520.08,266.98,Right,INNER,1,0.866,0.866,True,0.579,10.0,12
Note_000804,71,152520.08,266.98,Right,INNER,2,0.866,0.866,False,0.579,10.0,12
Note_000805,75,152520.08,266.98,Right,MELODY,4,0.866,0.866,True,0.579,10.0,12
Note_000806,48,152792.92,266.98,Left,INNER,2,0.866,0.866,False,0.362,15.0,0
Note_000807,57,152792.92,266.98,Left,INNER,1,0.866,0.866,False,0.362,15.0,0
Note_000808,69,152792.92,266.98,Right,INNER,1,0.866,0.866,False,0.59,10.0,0
Note_000809,72,152792.92,266.98,Right,INNER,2,0.866,0.866,False,0.59,10.0,0
Note_000810,76,152792.92,266.98,Right,MELODY,4,0.866,0.866,False,0.59,10.0,0
Note_000811,52,153065.76,266.98,Left,INNER,3,0.866,0.866,False,0.385,5.0,0
Note_000812,57,153065.76,266.98,Left,INNER,2,0.866,0.866,False,0.385,5.0,0
Note_000813,72,153065.76,266.98,Right,INNER,1,0.866,0.866,False,0.636,5.0,0
Note_000814,76,153065.76,266.98,Right,INNER,2,0.866,0.866,False,0.636,5.0,0
Note_000815,81,153065.76,266.98,Right,MELODY,5,0.866,0.866,False,0.636,5.0,0
Note_000816,57,153338.61,454.56,Left,INNER,2,0.866,0.866,False,0.414,5.0,0
Note_000817,76,153338.61,454.56,Right,INNER,1,0.866,0.866,False,0.682,15.0,0
Note_000818,81,153338.61,454.56,Right,INNER,2,0.866,0.866,False,0.682,15.0,0
Note_000819,84,153338.61,454.56,Right,MELODY,3,0.866,0.866,False,0.682,15.0,0
Note_000820,48,154157.14,266.98,Left,INNER,2,0.866,0.866,False,0.362,15.0,0
Note_000821,57,154157.14,266.98,Left,INNER,1,0.866,0.866,False,0.362,15.0,0
Note_000822,72,154157.14,266.98,Right,INNER,1,0.866,0.866,False,0.636,10.0,0
Note_000823,76,154157.14,266.98,Right,INNER,2,0.866,0.866,False,0.636,10.0,0
Note_000824,81,154157.14,266.98,Right,MELODY,4,0.866,0.866,False,0.636,10.0,0
Note_000825,50,154429.99,266.98,Left,INNER,2,0.866,0.866,False,0.385,15.0,0
Note_000826,59,154429.99,266.98,Left,INNER,1,0.866,0.866,False,0.385,15.0,0
Note_000827,74,154429.99,266.98,Right,INNER,1,0.866,0.866,False,0.659,10.0,0
Note_000828,78,154429.99,266.98,Right,INNER,2,0.866,0.866,True,0.659,10.0,0
Note_000829,83,154429.99,266.98,Right,MELODY,4,0.866,0.866,False,0.659,10.0,0
Note_000830,52,154702.83,266.98,Left,INNER,2,0.866,0.866,False,0.402,15.0,0
Note_000831,60,154702.83,266.98,Left,INNER,1,0.866,0.866,False,0.402,15.0,0
Note_000832,69,154702.83,266.98,Right,INNER,1,0.866,0.866,False,0.649,10.0,0
Note_000833,76,154702.83,266.98,Right,INNER,2,0.866,0.866,False,0.649,10.0,0
Note_000834,81,154702.83,266.98,Right,INNER,3,0.866,0.866,False,0.649,10.0,0
Note_000835,84,154702.83,266.98,Right,MELODY,4,0.866,0.866,False,0.649,10.0,0
Note_000836,54,154975.68,266.98,Left,INNER,2,0.866,0.866,True,0.425,15.0,0
Note_000837,62,154975.68,266.98,Left,INNER,1,0.866,0.866,False,0.425,15.0,0
Note_000838,78,154975.68,266.98,Right,INNER,1,0.866,0.866,True,0.705,10.0,12
Note_000839,83,154975.68,266.98,Right,INNER,2,0.866,0.866,False,0.705,10.0,12
Note_000840,86,154975.68,266.98,Right,MELODY,4,0.866,0.866,False,0.705,10.0,12
Note_000841,54,155248.52,266.98,Left,INNER,3,0.866,0.866,True,0.414,5.0,0
Note_000842,60,155248.52,266.98,Left,INNER,2,0.866,0.866,False,0.414,5.0,0
Note_000843,78,155248.52,266.98,Right,INNER,1,0.866,0.866,True,0.69,10.0,12
Note_000844,81,155248.52,266.98,Right,INNER,2,0.866,0.866,False,0.69,10.0,12
Note_000845,84,155248.52,266.98,Right,MELODY,4,0.866,0.866,False,0.69,10.0,12
Note_000846,54,155521.37,266.98,Left,INNER,2,0.866,0.866,True,0.425,15.0,0
Note_000847,62,155521.37,266.98,Left,INNER,1,0.866,0.866,False,0.425,15.0,0
Note_000848,78,155521.37,266.98,Right,INNER,1,0.866,0.866,True,0.705,10.0,12
Note_000849,83,155521.37,266.98,Right,INNER,2,0.866,0.866,False,0.705,10.0,12
Note_000850,86,155521.37,266.98,Right,MELODY,4,0.866,0.866,False,0.705,10.0,12
Note_000851,54,155794.21,539.83,Left,INNER,3,0.866,0.866,True,0.414,5.0,0
Note_000852,60,155794.21,539.83,Left,INNER,2,0.866,0.866,False,0.414,5.0,0
Note_000853,78,155794.21,539.83,Right,INNER,1,0.866,0.866,True,0.69,10.0,12
Note_000854,81,155794.21,539.83,Right,INNER,2,0.866,0.866,False,0.69,10.0,12
Note_000855,84,155794.21,539.83,Right,MELODY,4,0.866,0.866,False,0.69,10.0,12
Note_000856,50,156339.9,266.98,Left,INNER,2,0.866,0.866,False,0.374,15.0,0
Note_000857,57,156339.9,266.98,Left,INNER,1,0.866,0.866,False,0.374,15.0,0
Note_000858,74,156339.9,266.98,Right,INNER,1,0.866,0.866,False,0.651,5.0,0
Note_000859,78,156339.9,266.98,Right,INNER,2,0.866,0.866,True,0.651,5.0,0
Note_000860,81,156339.9,266.98,Right,MELODY,5,0.866,0.866,False,0.651,5.0,0
Note_000861,48,156612.74,266.98,Left,INNER,3,0.866,0.866,False,0.345,5.0,0
Note_000862,54,156612.74,266.98,Left,INNER,2,0.866,0.866,True,0.345,5.0,0
Note_000863,72,156612.74,266.98,Right,INNER,1,0.866,0.866,False,0.617,15.0,0
Note_000864,74,156612.74,266.98,Right,INNER,2,0.866,0.866,False,0.617,15.0,0
Note_000865,78,156612.74,266.98,Right,MELODY,3,0.866,0.866,True,0.617,15.0,0
Note_000866,45,156885.59,266.98,Left,INNER,2,0.866,0.866,False,0.305,15.0,0
Note_000867,50,156885.59,266.98,Left,INNER,1,0.866,0.866,False,0.305,15.0,0
Note_000868,69,156885.59,266.98,Right,INNER,1,0.866,0.866,False,0.582,10.0,0
Note_000869,72,156885.59,266.98,Right,INNER,2,0.866,0.866,False,0.582,10.0,0
Note_000870,74,156885.59,266.98,Right,MELODY,4,0.866,0.866,False,0.582,10.0,0
Note_000871,45,157158.43,266.98,Left,INNER,3,0.866,0.866,False,0.305,5.0,0
Note_000872,50,157158.43,266.98,Left,INNER,2,0.866,0.866,False,0.305,5.0,0
Note_000873,69,157158.43,266.98,Right,INNER,1,0.866,0.866,False,0.569,5.0,0
Note_000874,72,157158.43,266.98,Right,MELODY,4,0.866,0.866,False,0.569,5.0,0
Note_000875,47,157431.28,266.98,Left,INNER,2,0.866,0.866,False,0.328,15.0,0
Note_000876,52,157431.28,266.98,Left,INNER,1,0.866,0.866,False,0.328,15.0,0
Note_000877,69,157431.28,266.98,Right,MELODY,5,0.866,0.866,False,0.552,-10.0,0
Note_000878,49,157704.12,266.98,Right,INNER,3,0.866,0.866,True,0.345,-5.0,0
Note_000879,53,157704.12,266.98,Right,MELODY,4,0.866,0.866,False,0.345,-5.0,0
Note_000880,50,157976.97,1227.8,Right,INNER,2,0.866,0.866,False,0.356,5.0,0
Note_000881,54,157976.97,1227.8,Right,MELODY,3,0.866,0.866,True,0.356,5.0,0
Note_000882,43,159341.19,266.98,Right,MELODY,2,0.866,0.866,False,0.253,5.0,0
Note_000883,50,159614.03,266.98,Right,MELODY,3,0.866,0.866,False,0.333,0.0,0
Note_000884,55,159886.88,454.56,Right,MELODY,4,0.866,0.866,False,0.391,-5.0,0
Note_000885,57,160159.72,266.98,Right,MELODY,5,0.866,0.866,False,0.414,-10.0,0
Note_000886,59,160705.41,266.98,Right,MELODY,1,0.866,0.866,False,0.437,10.0,0
Note_000887,62,161251.1,266.98,Right,MELODY,4,0.866,0.866,False,0.471,-5.0,0
Note_000888,43,161523.94,266.98,Left,INNER,2,0.866,0.866,False,0.253,5.0,0
Note_000889,67,161523.94,454.56,Right,MELODY,5,0.866,0.866,False,0.529,-10.0,0
Note_000890,50,161796.79,266.98,Right,MELODY,4,0.866,0.866,False,0.333,-5.0,0
Note_000891,55,162069.63,454.56,Right,MELODY,5,0.866,0.866,False,0.391,-10.0,0
Note_000892,74,162342.48,266.98,Right,INNER,1,0.866,0.866,False,0.638,5.0,0
Note_000893,79,162342.48,266.98,Right,MELODY,4,0.866,0.866,False,0.638,5.0,0
Note_000894,41,163706.7,266.98,Right,MELODY,2,0.866,0.866,False,0.23,5.0,0
Note_000895,48,163979.54,266.98,Right,MELODY,3,0.866,0.866,False,0.31,0.0,0
Note_000896,53,164252.39,454.56,Right,MELODY,4,0.866,0.866,False,0.368,-5.0,0
Note_000897,57,164525.23,266.98,Right,MELODY,5,0.866,0.866,False,0.414,-10.0,0
Note_000898,59,165070.92,266.98,Right,MELODY,1,0.866,0.866,False,0.437,10.0,0
Note_000899,62,165616.61,266.98,Right,MELODY,4,0.866,0.866,False,0.471,-5.0,0
Note_000900,41,165889.46,266.98,Left,INNER,3,0.866,0.866,False,0.23,-0.0,0
Note_000901,67,165889.46,454.56,Right,MELODY,5,0.866,0.866,False,0.529,-10.0,0
Note_000902,48,166162.3,266.98,Right,MELODY,4,0.866,0.866,False,0.31,-5.0,0
Note_000903,53,166435.15,454.56,Right,MELODY,5,0.866,0.866,False,0.368,-10.0,0
Note_000904,74,166707.99,266.98,Right,INNER,1,0.866,0.866,False,0.638,5.0,0
Note_000905,79,166707.99,266.98,Right,MELODY,4,0.866,0.866,False,0.638,5.0,0
Note_000906,48,167526.52,454.56,Right,MELODY,5,0.866,0.866,False,0.31,-10.0,0
Note_000907,43,168072.21,266.98,Right,MELODY,2,0.866,0.866,False,0.253,5.0,0
Note_000908,50,168345.06,266.98,Right,MELODY,3,0.866,0.866,False,0.333,0.0,0
Note_000909,55,168617.9,454.56,Right,MELODY,4,0.866,0.866,False,0.391,-5.0,0
Note_000910,57,168890.75,266.98,Right,MELODY,5,0.866,0.866,False,0.414,-10.0,0
Note_000911,59,169436.43,266.98,Right,MELODY,1,0.866,0.866,False,0.437,10.0,0
Note_000912,62,169982.12,266.98,Right,MELODY,4,0.866,0.866,False,0.471,-5.0,0
Note_000913,43,170254.97,266.98,Left,INNER,2,0.866,0.866,False,0.253,5.0,0
Note_000914,67,170254.97,454.56,Right,MELODY,5,0.866,0.866,False,0.529,-10.0,0
Note_000915,50,170527.81,266.98,Right,MELODY,4,0.866,0.866,False,0.333,-5.0,0
Note_000916,55,170800.66,454.56,Right,MELODY,5,0.866,0.866,False,0.391,-10.0,0
Note_000917,74,171073.5,266.98,Right,INNER,1,0.866,0.866,False,0.638,5.0,0
Note_000918,79,171073.5,266.98,Right,MELODY,4,0.866,0.866,False,0.638,5.0,0
Note_000919,41,172437.72,266.98,Right,MELODY,2,0.866,0.866,False,0.23,5.0,0
Note_000920,48,172710.57,266.98,Right,MELODY,3,0.866,0.866,False,0.31,0.0,0
Note_000921,53,172983.41,454.56,Right,MELODY,4,0.866,0.866,False,0.368,-5.0,0
Note_000922,57,173256.26,266.98,Right,MELODY,5,0.866,0.866,False,0.414,-10.0,0
Note_000923,59,173801.95,266.98,Right,MELODY,1,0.866,0.866,False,0.437,10.0,0
Note_000924,62,174347.64,266.98,Right,MELODY,4,0.866,0.866,False,0.471,-5.0,0
Note_000925,41,174620.48,266.98,Left,INNER,3,0.866,0.866,False,0.23,-0.0,0
Note_000926,67,174620.48,454.56,Right,MELODY,5,0.866,0.866,False,0.529,-10.0,0
Note_000927,48,174893.32,266.98,Right,MELODY,4,0.866,0.866,False,0.31,-5.0,0
Note_000928,53,175166.17,454.56,Right,MELODY,5,0.866,0.866,False,0.368,-10.0,0
Note_000929,74,175439.01,266.98,Right,INNER,1,0.866,0.866,False,0.638,5.0,0
Note_000930,79,175439.01,266.98,Right,MELODY,4,0.866,0.866,False,0.638,5.0,0
Note_000931,39,176803.24,266.98,Left,BASS,5,0.866,0.866,True,0.207,-10.0,12
Note_000932,46,177076.08,266.98,Right,MELODY,2,0.866,0.866,True,0.287,5.0,0
Note_000933,51,177348.93,454.56,Right,MELODY,4,0.866,0.866,True,0.345,-5.0,0
Note_000934,57,177621.77,266.98,Right,MELODY,1,0.866,0.866,False,0.414,10.0,0
Note_000935,58,178167.46,266.98,Right,MELODY,2,0.866,0.866,True,0.425,5.0,0
Note_000936,62,178713.15,266.98,Right,MELODY,4,0.866,0.866,False,0.471,-5.0,0
Note_000937,39,178985.99,266.98,Left,BASS,5,0.866,0.866,True,0.207,-10.0,12
Note_000938,67,178985.99,454.56,Right,MELODY,5,0.866,0.866,False,0.529,-10.0,0
Note_000939,46,179258.84,266.98,Right,MELODY,2,0.866,0.866,True,0.287,5.0,0
Note_000940,51,179531.68,454.56,Right,MELODY,4,0.866,0.866,True,0.345,-5.0,0
Note_000941,74,179804.53,266.98,Right,INNER,1,0.866,0.866,False,0.638,0.0,0
Note_000942,79,179804.53,266.98,Right,MELODY,5,0.866,0.866,False,0.638,0.0,0
Note_000943,41,181168.75,266.98,Right,MELODY,2,0.866,0.866,False,0.23,5.0,0
Note_000944,48,181441.59,266.98,Right,MELODY,4,0.866,0.866,False,0.31,-5.0,0
Note_000945,53,181714.44,454.56,Right,MELODY,5,0.866,0.866,False,0.368,-10.0,0
Note_000946,57,181987.28,266.98,Right,MELODY,1,0.866,0.866,False,0.414,10.0,0
Note_000947,58,182532.97,266.98,Right,MELODY,2,0.866,0.866,True,0.425,5.0,0
Note_000948,62,183078.66,266.98,Right,MELODY,4,0.866,0.866,False,0.471,-5.0,0
Note_000949,41,183351.5,266.98,Left,INNER,3,0.866,0.866,False,0.23,-0.0,0
Note_000950,67,183351.5,454.56,Right,MELODY,5,0.866,0.866,False,0.529,-10.0,0
Note_000951,48,183624.35,266.98,Right,MELODY,4,0.866,0.866,False,0.31,-5.0,0
Note_000952,53,183897.19,454.56,Right,MELODY,5,0.866,0.866,False,0.368,-10.0,0
Note_000953,74,184170.04,266.98,Right,INNER,1,0.866,0.866,False,0.638,5.0,0
Note_000954,79,184170.04,266.98,Right,MELODY,4,0.866,0.866,False,0.638,5.0,0
Note_000955,48,184988.57,454.56,Right,MELODY,5,0.866,0.866,False,0.31,-10.0,0
Note_000956,43,185534.26,266.98,Right,MELODY,4,0.866,0.866,False,0.253,-5.0,0
Note_000957,50,185807.1,266.98,Right,INNER,1,0.866,0.866,False,0.402,0.0,0
Note_000958,62,185807.1,266.98,Right,MELODY,5,0.866,0.866,False,0.402,0.0,0
Note_000959,67,186079.95,266.98,Right,MELODY,1,0.866,0.866,False,0.529,10.0,0
Note_000960,69,186352.79,266.98,Right,MELODY,2,0.866,0.866,False,0.552,5.0,0
Note_000961,71,186625.64,266.98,Right,MELODY,4,0.866,0.866,False,0.575,-5.0,0
Note_000962,72,186898.48,266.98,Right,MELODY,5,0.866,0.866,False,0.586,-10.0,0
Note_000963,55,187171.33,266.98,Right,INNER,1,0.866,0.866,False,0.483,0.0,0
Note_000964,71,187171.33,266.98,Right,MELODY,5,0.866,0.866,False,0.483,0.0,0
Note_000965,50,187444.17,266.98,Left,INNER,2,0.866,0.866,False,0.333,5.0,0
Note_000966,69,187444.17,266.98,Right,MELODY,5,0.866,0.866,False,0.552,-10.0,0
Note_000967,41,187717.02,266.98,Left,INNER,3,0.866,0.866,False,0.23,-0.0,0
Note_000968,67,187717.02,454.56,Right,MELODY,4,0.866,0.866,False,0.529,-5.0,0
Note_000969,48,187989.86,266.98,Right,MELODY,2,0.866,0.866,False,0.31,5.0,0
Note_000970,53,188262.71,454.56,Right,INNER,1,0.866,0.866,False,0.42,5.0,0
Note_000971,62,188262.71,454.56,Right,MELODY,4,0.866,0.866,False,0.42,5.0,0
Note_000972,60,188808.39,454.56,Right,MELODY,4,0.866,0.866,False,0.448,-5.0,0
Note_000973,67,189354.08,454.56,Right,MELODY,5,0.866,0.866,False,0.529,-10.0,0
Note_000974,39,189899.77,266.98,Left,BASS,5,0.866,0.866,True,0.207,-10.0,12
Note_000975,62,189899.77,454.56,Right,MELODY,4,0.866,0.866,False,0.471,-5.0,0
Note_000976,46,190172.62,266.98,Right,MELODY,2,0.866,0.866,True,0.287,5.0,0
Note_000977,51,190445.46,454.56,Right,MELODY,4,0.866,0.866,True,0.345,-5.0,0
Note_000978,55,190718.31,266.98,Right,MELODY,5,0.866,0.866,False,0.391,-10.0,0
Note_000979,51,191536.84,454.56,Right,MELODY,4,0.866,0.866,True,0.345,-5.0,0
Note_000980,55,191809.68,266.98,Right,MELODY,5,0.866,0.866,False,0.391,-10.0,0
Note_000981,41,192082.53,266.98,Right,MELODY,2,0.866,0.866,False,0.23,5.0,0
Note_000982,48,192355.37,266.98,Right,MELODY,3,0.866,0.866,False,0.31,0.0,0
Note_000983,53,192628.22,454.56,Right,MELODY,4,0.866,0.866,False,0.368,-5.0,0
Note_000984,60,193446.75,266.98,Right,MELODY,5,0.866,0.866,False,0.448,-10.0,0
Note_000985,48,193719.6,266.98,Right,MELODY,4,0.866,0.866,False,0.31,-5.0,0
Note_000986,53,193992.44,266.98,Right,INNER,1,0.866,0.866,False,0.408,0.0,0
Note_000987,60,193992.44,266.98,Right,MELODY,5,0.866,0.866,False,0.408,0.0,0
Note_000988,43,194265.28,266.98,Right,INNER,1,0.866,0.866,False,0.345,0.0,0
Note_000989,59,194265.28,266.98,Right,MELODY,5,0.866,0.866,False,0.345,0.0,0
Note_000990,50,194538.13,266.98,Right,INNER,1,0.866,0.866,False,0.402,5.0,0
Note_000991,62,194538.13,266.98,Right,MELODY,4,0.866,0.866,False,0.402,5.0,0
Note_000992,55,194810.97,454.56,Right,INNER,1,0.866,0.866,False,0.46,0.0,0
Note_000993,67,194810.97,454.56,Right,MELODY,5,0.866,0.866,False,0.46,0.0,0
Note_000994,57,195629.51,266.98,Right,MELODY,4,0.866,0.866,False,0.414,-5.0,0
Note_000995,55,196175.2,266.98,Right,INNER,2,0.866,0.866,False,0.414,0.0,0
Note_000996,59,196175.2,266.98,Right,MELODY,4,0.866,0.866,False,0.414,0.0,0
Note_000997,43,196448.04,266.98,Right,MELODY,1,0.866,0.866,False,0.253,10.0,0
Note_000998,50,196720.88,266.98,Right,MELODY,2,0.866,0.866,False,0.333,5.0,0
Note_000999,55,196993.73,454.56,Right,MELODY,3,0.866,0.866,False,0.391,0.0,0
Note_001000,62,197266.57,266.98,Right,MELODY,4,0.866,0.866,False,0.471,-5.0,0
Note_001001,67,197812.26,266.98,Right,MELODY,5,0.866,0.866,False,0.529,-10.0,0
Note_001002,43,198630.8,266.98,Right,MELODY,4,0.866,0.866,False,0.253,-5.0,0
Note_001003,50,198903.64,266.98,Right,INNER,1,0.866,0.866,False,0.402,0.0,0
Note_001004,62,198903.64,266.98,Right,MELODY,5,0.866,0.866,False,0.402,0.0,0
Note_001005,67,199176.49,266.98,Right,MELODY,1,0.866,0.866,False,0.529,10.0,0
Note_001006,69,199449.33,266.98,Right,MELODY,2,0.866,0.866,False,0.552,5.0,0
Note_001007,71,199722.17,266.98,Right,MELODY,4,0.866,0.866,False,0.575,-5.0,0
Note_001008,72,199995.02,266.98,Right,MELODY,5,0.866,0.866,False,0.586,-10.0,0
Note_001009,55,200267.86,266.98,Right,INNER,1,0.866,0.866,False,0.483,0.0,0
Note_001010,71,200267.86,266.98,Right,MELODY,5,0.866,0.866,False,0.483,0.0,0
Note_001011,50,200540.71,266.98,Left,INNER,2,0.866,0.866,False,0.333,5.0,0
Note_001012,69,200540.71,266.98,Right,MELODY,5,0.866,0.866,False,0.552,-10.0,0
Note_001013,41,200813.55,266.98,Left,INNER,3,0.866,0.866,False,0.23,-0.0,0
Note_001014,67,200813.55,454.56,Right,MELODY,4,0.866,0.866,False,0.529,-5.0,0
Note_001015,48,201086.4,266.98,Right,MELODY,2,0.866,0.866,False,0.31,5.0,0
Note_001016,53,201359.24,454.56,Right,INNER,1,0.866,0.866,False,0.42,5.0,0
Note_001017,62,201359.24,454.56,Right,MELODY,4,0.866,0.866,False,0.42,5.0,0
Note_001018,60,201904.93,454.56,Right,MELODY,4,0.866,0.866,False,0.448,-5.0,0
Note_001019,67,202450.62,454.56,Right,MELODY,5,0.866,0.866,False,0.529,-10.0,0
Note_001020,39,202996.31,266.98,Left,BASS,5,0.866,0.866,True,0.207,-10.0,12
Note_001021,62,202996.31,454.56,Right,MELODY,4,0.866,0.866,False,0.471,-5.0,0
Note_001022,46,203269.15,266.98,Right,MELODY,2,0.866,0.866,True,0.287,5.0,0
Note_001023,51,203542.0,454.56,Right,MELODY,4,0.866,0.866,True,0.345,-5.0,0
Note_001024,55,203814.84,266.98,Right,MELODY,5,0.866,0.866,False,0.391,-10.0,0
Note_001025,55,204360.53,266.98,Right,MELODY,5,0.866,0.866,False,0.391,-10.0,0
Note_001026,51,204633.38,454.56,Right,MELODY,4,0.866,0.866,True,0.345,-5.0,0
Note_001027,55,204906.22,266.98,Right,MELODY,5,0.866,0.866,False,0.391,-10.0,0
Note_001028,41,205179.06,266.98,Right,MELODY,4,0.866,0.866,False,0.23,-5.0,0
Note_001029,48,205451.91,266.98,Right,MELODY,5,0.866,0.866,False,0.31,-10.0,0
Note_001030,53,205997.6,266.98,Right,INNER,1,0.866,0.866,False,0.408,5.0,0
Note_001031,60,205997.6,266.98,Right,MELODY,4,0.866,0.866,False,0.408,5.0,0
Note_001032,60,206543.29,266.98,Right,MELODY,5,0.866,0.866,False,0.448,-10.0,0
Note_001033,48,206816.13,454.56,Right,MELODY,4,0.866,0.866,False,0.31,-5.0,0
Note_001034,60,207088.98,266.98,Right,MELODY,5,0.866,0.866,False,0.448,-10.0,0
Note_001035,43,207361.82,266.98,Right,INNER,1,0.866,0.866,False,0.345,0.0,0
Note_001036,59,207361.82,266.98,Right,MELODY,5,0.866,0.866,False,0.345,0.0,0
Note_001037,50,207634.66,266.98,Right,INNER,1,0.866,0.866,False,0.402,5.0,0
Note_001038,62,207634.66,266.98,Right,MELODY,4,0.866,0.866,False,0.402,5.0,0
Note_001039,67,207907.51,454.56,Right,MELODY,5,0.866,0.866,False,0.529,-10.0,0
Note_001040,55,208180.35,266.98,Right,MELODY,4,0.866,0.866,False,0.391,-5.0,0
Note_001041,57,208726.04,266.98,Right,MELODY,5,0.866,0.866,False,0.414,-10.0,0
Note_001042,50,208998.89,454.56,Right,MELODY,4,0.866,0.866,False,0.333,-5.0,0
Note_001043,59,209271.73,266.98,Right,MELODY,5,0.866,0.866,False,0.437,-10.0,0
Note_001044,43,209544.58,266.98,Right,MELODY,2,0.866,0.866,False,0.253,5.0,0
Note_001045,50,209817.42,266.98,Right,MELODY,3,0.866,0.866,False,0.333,0.0,0
Note_001046,55,210090.27,454.56,Right,MELODY,4,0.866,0.866,False,0.391,-5.0,0
Note_001047,59,210363.11,266.98,Right,MELODY,5,0.866,0.866,False,0.437,-10.0,0
Note_001048,48,211727.33,266.98,Right,MELODY,1,0.866,0.866,False,0.31,10.0,0
Note_001049,55,212000.18,266.98,Right,MELODY,2,0.866,0.866,False,0.391,5.0,0
Note_001050,60,212273.02,454.56,Right,MELODY,3,0.866,0.866,False,0.448,0.0,0
Note_001051,67,212545.87,266.98,Right,MELODY,4,0.866,0.866,False,0.529,-5.0,0
Note_001052,76,212818.71,266.98,Right,MELODY,5,0.866,0.866,False,0.632,-10.0,0
Note_001053,74,213091.55,266.98,Right,MELODY,4,0.866,0.866,False,0.609,-5.0,0
Note_001054,72,213364.4,266.98,Right,MELODY,2,0.866,0.866,False,0.586,5.0,0
Note_001055,76,213637.24,266.98,Right,MELODY,5,0.866,0.866,False,0.632,-10.0,0
Note_001056,47,213910.09,266.98,Left,INNER,3,0.866,0.866,False,0.299,-0.0,0
Note_001057,74,213910.09,454.56,Right,MELODY,4,0.866,0.866,False,0.609,-5.0,0
Note_001058,55,214182.93,266.98,Right,MELODY,2,0.866,0.866,False,0.391,5.0,0
Note_001059,59,214455.78,454.56,Right,MELODY,4,0.866,0.866,False,0.437,-5.0,0
Note_001060,67,214728.62,266.98,Right,MELODY,5,0.866,0.866,False,0.529,-10.0,0
Note_001061,55,215274.31,266.98,Right,MELODY,4,0.866,0.866,False,0.391,-5.0,0
Note_001062,59,215547.16,454.56,Right,MELODY,5,0.866,0.866,False,0.437,-10.0,0
Note_001063,45,216092.84,266.98,Right,MELODY,1,0.866,0.866,False,0.276,10.0,0
Note_001064,52,216365.69,266.98,Right,MELODY,2,0.866,0.866,False,0.356,5.0,0
Note_001065,57,216638.53,454.56,Right,MELODY,3,0.866,0.866,False,0.414,0.0,0
Note_001066,64,216911.38,266.98,Right,MELODY,4,0.866,0.866,False,0.494,-5.0,0
Note_001067,74,217184.22,266.98,Right,MELODY,5,0.866,0.866,False,0.609,-10.0,0
Note_001068,72,217457.07,266.98,Right,MELODY,4,0.866,0.866,False,0.586,-5.0,0
Note_001069,52,217729.91,454.56,Left,INNER,2,0.866,0.866,False,0.356,5.0,0
Note_001070,71,217729.91,266.98,Right,MELODY,2,0.866,0.866,False,0.575,5.0,0
Note_001071,72,218002.76,266.98,Right,MELODY,5,0.866,0.866,False,0.586,-10.0,0
Note_001072,43,218275.6,266.98,Left,INNER,3,0.866,0.866,False,0.253,-0.0,0
Note_001073,71,218275.6,454.56,Right,MELODY,4,0.866,0.866,False,0.575,-5.0,0
Note_001074,50,218548.44,266.98,Right,MELODY,2,0.866,0.866,False,0.333,5.0,0
Note_001075,55,218821.29,454.56,Right,MELODY,4,0.866,0.866,False,0.391,-5.0,0
Note_001076,67,219094.13,266.98,Right,MELODY,5,0.866,0.866,False,0.529,-10.0,0
Note_001077,50,219912.67,454.56,Right,MELODY,4,0.866,0.866,False,0.333,-5.0,0
Note_001078,48,220458.36,266.98,Right,MELODY,1,0.866,0.866,False,0.31,10.0,0
Note_001079,55,220731.2,266.98,Right,MELODY,2,0.866,0.866,False,0.391,5.0,0
Note_001080,60,221004.05,454.56,Right,MELODY,3,0.866,0.866,False,0.448,0.0,0
Note_001081,67,221276.89,266.98,Right,MELODY,4,0.866,0.866,False,0.529,-5.0,0
Note_001082,76,221549.73,266.98,Right,MELODY,5,0.866,0.866,False,0.632,-10.0,0
Note_001083,74,221822.58,266.98,Right,MELODY,4,0.866,0.866,False,0.609,-5.0,0
Note_001084,72,222095.42,266.98,Right,MELODY,2,0.866,0.866,False,0.586,5.0,0
Note_001085,76,222368.27,266.98,Right,MELODY,5,0.866,0.866,False,0.632,-10.0,0
Note_001086,47,222641.11,266.98,Left,INNER,2,0.866,0.866,False,0.299,5.0,0
Note_001087,74,222641.11,454.56,Right,MELODY,4,0.866,0.866,False,0.609,-5.0,0
Note_001088,55,222913.96,266.98,Right,MELODY,2,0.866,0.866,False,0.391,5.0,0
Note_001089,59,223186.8,454.56,Right,MELODY,4,0.866,0.866,False,0.437,-5.0,0
Note_001090,67,223459.65,266.98,Right,MELODY,5,0.866,0.866,False,0.529,-10.0,0
Note_001091,59,224278.18,454.56,Right,MELODY,4,0.866,0.866,False,0.437,-5.0,0
Note_001092,46,224823.87,266.98,Right,MELODY,2,0.866,0.866,True,0.287,5.0,0
Note_001093,53,225096.71,266.98,Right,MELODY,3,0.866,0.866,False,0.368,0.0,0
Note_001094,58,225369.56,454.56,Right,MELODY,4,0.866,0.866,True,0.425,-5.0,0
Note_001095,72,225915.25,266.98,Right,MELODY,5,0.866,0.866,False,0.586,-10.0,0
Note_001096,74,226188.09,266.98,Right,MELODY,5,0.866,0.866,False,0.609,-10.0,0
Note_001097,58,226460.94,454.56,Right,INNER,1,0.866,0.866,True,0.506,0.0,12
Note_001098,72,226460.94,266.98,Right,MELODY,5,0.866,0.866,False,0.506,0.0,12
Note_001099,71,226733.78,266.98,Right,MELODY,5,0.866,0.866,False,0.575,-10.0,0
Note_001100,45,227006.62,266.98,Right,MELODY,2,0.866,0.866,False,0.276,5.0,0
Note_001101,57,227279.47,266.98,Right,MELODY,4,0.866,0.866,False,0.414,-5.0,0
Note_001102,67,227552.31,454.56,Right,MELODY,5,0.866,0.866,False,0.529,-10.0,0
Note_001103,50,228098.0,266.98,Right,INNER,1,0.866,0.866,False,0.414,5.0,0
Note_001104,64,228098.0,454.56,Right,MELODY,4,0.866,0.866,False,0.414,5.0,0
Note_001105,57,228370.85,266.98,Right,MELODY,5,0.866,0.866,False,0.414,-10.0,0
Note_001106,43,229189.38,266.98,Right,MELODY,4,0.866,0.866,False,0.253,-5.0,0
Note_001107,50,229462.22,266.98,Right,INNER,1,0.866,0.866,False,0.402,0.0,0
Note_001108,62,229462.22,266.98,Right,MELODY,5,0.866,0.866,False,0.402,0.0,0
Note_001109,67,229735.07,266.98,Right,MELODY,1,0.866,0.866,False,0.529,10.0,0
Note_001110,69,230007.91,266.98,Right,MELODY,2,0.866,0.866,False,0.552,5.0,0
Note_001111,71,230280.76,266.98,Right,MELODY,4,0.866,0.866,False,0.575,-5.0,0
Note_001112,72,230553.6,266.98,Right,MELODY,5,0.866,0.866,False,0.586,-10.0,0
Note_001113,55,230826.45,454.56,Right,INNER,1,0.866,0.866,False,0.483,0.0,0
Note_001114,71,230826.45,266.98,Right,MELODY,5,0.866,0.866,False,0.483,0.0,0
Note_001115,69,231099.29,266.98,Right,MELODY,5,0.866,0.866,False,0.552,-10.0,0
Note_001116,41,231372.14,266.98,Left,INNER,3,0.866,0.866,False,0.23,-0.0,0
Note_001117,67,231372.14,454.56,Right,MELODY,4,0.866,0.866,False,0.529,-5.0,0
Note_001118,48,231644.98,266.98,Right,MELODY,2,0.866,0.866,False,0.31,5.0,0
Note_001119,53,231917.83,454.56,Right,INNER,1,0.866,0.866,False,0.42,5.0,0
Note_001120,62,231917.83,454.56,Right,MELODY,4,0.866,0.866,False,0.42,5.0,0
Note_001121,60,232463.51,454.56,Right,MELODY,4,0.866,0.866,False,0.448,-5.0,0
Note_001122,48,232736.36,266.98,Right,MELODY,2,0.866,0.866,False,0.31,5.0,0
Note_001123,53,233009.2,454.56,Right,INNER,1,0.866,0.866,False,0.448,0.0,0
Note_001124,67,233009.2,454.56,Right,MELODY,5,0.866,0.866,False,0.448,0.0,0
Note_001125,39,233554.89,266.98,Left,BASS,5,0.866,0.866,True,0.207,-10.0,12
Note_001126,62,233554.89,454.56,Right,MELODY,4,0.866,0.866,False,0.471,-5.0,0
Note_001127,46,233827.74,266.98,Right,MELODY,2,0.866,0.866,True,0.287,5.0,0
Note_001128,51,234100.58,454.56,Right,MELODY,4,0.866,0.866,True,0.345,-5.0,0
Note_001129,55,234373.43,266.98,Right,MELODY,5,0.866,0.866,False,0.391,-10.0,0
Note_001130,46,235191.96,454.56,Right,MELODY,4,0.866,0.866,True,0.287,-5.0,0
Note_001131,55,235464.8,266.98,Right,MELODY,5,0.866,0.866,False,0.391,-10.0,0
Note_001132,41,235737.65,266.98,Right,MELODY,2,0.866,0.866,False,0.23,5.0,0
Note_001133,48,236010.49,266.98,Right,MELODY,4,0.866,0.866,False,0.31,-5.0,0
Note_001134,53,236283.34,454.56,Right,MELODY,5,0.866,0.866,False,0.368,-10.0,0
Note_001135,48,237374.72,454.56,Right,MELODY,4,0.866,0.866,False,0.31,-5.0,0
Note_001136,60,237647.56,266.98,Right,MELODY,5,0.866,0.866,False,0.448,-10.0,0
Note_001137,43,237920.4,266.98,Right,INNER,1,0.866,0.866,False,0.345,0.0,0
Note_001138,59,237920.4,266.98,Right,MELODY,5,0.866,0.866,False,0.345,0.0,0
Note_001139,50,238193.25,266.98,Right,INNER,1,0.866,0.866,False,0.402,5.0,0
Note_001140,62,238193.25,266.98,Right,MELODY,4,0.866,0.866,False,0.402,5.0,0
Note_001141,55,238466.09,454.56,Right,INNER,1,0.866,0.866,False,0.46,0.0,0
Note_001142,67,238466.09,454.56,Right,MELODY,5,0.866,0.866,False,0.46,0.0,0
Note_001143,57,239284.63,266.98,Right,MELODY,4,0.866,0.866,False,0.414,-5.0,0
Note_001144,55,239557.47,454.56,Right,MELODY,2,0.866,0.866,False,0.391,5.0,0
Note_001145,59,239830.32,266.98,Right,MELODY,4,0.866,0.866,False,0.437,-5.0,0
Note_001146,43,240103.16,454.56,Right,MELODY,2,0.866,0.866,False,0.253,5.0,0
Note_001147,50,240648.85,454.56,Right,MELODY,4,0.866,0.866,False,0.333,-5.0,0
Note_001148,62,240921.69,266.98,Right,MELODY,5,0.866,0.866,False,0.471,-10.0,0
Note_001149,43,242285.92,266.98,Right,MELODY,4,0.866,0.866,False,0.253,-5.0,0
Note_001150,50,242558.76,266.98,Right,INNER,1,0.866,0.866,False,0.402,0.0,0
Note_001151,62,242558.76,266.98,Right,MELODY,5,0.866,0.866,False,0.402,0.0,0
Note_001152,67,242831.61,266.98,Right,MELODY,1,0.866,0.866,False,0.529,10.0,0
Note_001153,69,243104.45,266.98,Right,MELODY,2,0.866,0.866,False,0.552,5.0,0
Note_001154,71,243377.29,266.98,Right,MELODY,4,0.866,0.866,False,0.575,-5.0,0
Note_001155,72,243650.14,266.98,Right,MELODY,5,0.866,0.866,False,0.586,-10.0,0
Note_001156,55,243922.98,266.98,Right,INNER,1,0.866,0.866,False,0.483,0.0,0
Note_001157,71,243922.98,266.98,Right,MELODY,5,0.866,0.866,False,0.483,0.0,0
Note_001158,50,244195.83,266.98,Left,INNER,2,0.866,0.866,False,0.333,5.0,0
Note_001159,69,244195.83,266.98,Right,MELODY,5,0.866,0.866,False,0.552,-10.0,0
Note_001160,41,244468.67,266.98,Left,INNER,3,0.866,0.866,False,0.23,-0.0,0
Note_001161,67,244468.67,454.56,Right,MELODY,4,0.866,0.866,False,0.529,-5.0,0
Note_001162,48,244741.52,266.98,Right,MELODY,2,0.866,0.866,False,0.31,5.0,0
Note_001163,53,245014.36,454.56,Right,INNER,1,0.866,0.866,False,0.42,5.0,0
Note_001164,62,245014.36,454.56,Right,MELODY,4,0.866,0.866,False,0.42,5.0,0
Note_001165,60,245560.05,454.56,Right,MELODY,4,0.866,0.866,False,0.448,-5.0,0
Note_001166,48,245832.89,266.98,Right,MELODY,2,0.866,0.866,False,0.31,5.0,0
Note_001167,67,246105.74,454.56,Right,MELODY,5,0.866,0.866,False,0.529,-10.0,0
Note_001168,39,246651.43,266.98,Left,BASS,5,0.866,0.866,True,0.207,-10.0,12
Note_001169,62,246651.43,454.56,Right,MELODY,4,0.866,0.866,False,0.471,-5.0,0
Note_001170,46,246924.27,266.98,Right,MELODY,2,0.866,0.866,True,0.287,5.0,0
Note_001171,51,247197.12,454.56,Right,MELODY,3,0.866,0.866,True,0.345,0.0,0
Note_001172,55,247469.96,266.98,Right,MELODY,4,0.866,0.866,False,0.391,-5.0,0
Note_001173,60,248015.65,266.98,Right,MELODY,5,0.866,0.866,False,0.448,-10.0,0
Note_001174,51,248288.5,454.56,Right,MELODY,4,0.866,0.866,True,0.345,-5.0,0
Note_001175,55,248561.34,266.98,Right,MELODY,5,0.866,0.866,False,0.391,-10.0,0
Note_001176,41,248834.18,266.98,Right,MELODY,2,0.866,0.866,False,0.23,5.0,0
Note_001177,48,249107.03,266.98,Right,MELODY,3,0.866,0.866,False,0.31,0.0,0
Note_001178,53,249379.87,454.56,Right,MELODY,4,0.866,0.866,False,0.368,-5.0,0
Note_001179,60,250198.41,266.98,Right,MELODY,5,0.866,0.866,False,0.448,-10.0,0
Note_001180,48,250471.25,454.56,Right,MELODY,4,0.866,0.866,False,0.31,-5.0,0
Note_001181,60,250744.1,266.98,Right,MELODY,5,0.866,0.866,False,0.448,-10.0,0
Note_001182,43,251016.94,266.98,Right,INNER,1,0.866,0.866,False,0.345,0.0,0
Note_001183,59,251016.94,266.98,Right,MELODY,5,0.866,0.866,False,0.345,0.0,0
Note_001184,50,251289.78,266.98,Right,INNER,1,0.866,0.866,False,0.402,5.0,0
Note_001185,62,251289.78,266.98,Right,MELODY,4,0.866,0.866,False,0.402,5.0,0
Note_001186,55,251562.63,454.56,Right,INNER,1,0.866,0.866,False,0.46,0.0,0
Note_001187,67,251562.63,454.56,Right,MELODY,5,0.866,0.866,False,0.46,0.0,0
Note_001188,57,252381.16,266.98,Right,MELODY,4,0.866,0.866,False,0.414,-5.0,0
Note_001189,55,252654.01,454.56,Right,MELODY,2,0.866,0.866,False,0.391,5.0,0
Note_001190,59,252926.85,266.98,Right,MELODY,4,0.866,0.866,False,0.437,-5.0,0
Note_001191,43,253199.7,266.98,Right,MELODY,2,0.866,0.866,False,0.253,5.0,0
Note_001192,50,253472.54,266.98,Right,MELODY,4,0.866,0.866,False,0.333,-5.0,0
Note_001193,55,253745.39,454.56,Right,MELODY,5,0.866,0.866,False,0.391,-10.0,0
Note_001194,59,254563.92,266.98,Right,INNER,1,0.866,0.866,False,0.483,5.0,0
Note_001195,67,254563.92,266.98,Right,MELODY,4,0.866,0.866,False,0.483,5.0,0
Note_001196,41,255382.45,266.98,Right,MELODY,2,0.866,0.866,False,0.23,5.0,0
Note_001197,48,255655.3,266.98,Right,MELODY,4,0.866,0.866,False,0.31,-5.0,0
Note_001198,53,255928.14,454.56,Right,MELODY,5,0.866,0.866,False,0.368,-10.0,0
Note_001199,57,256200.99,266.98,Right,INNER,1,0.866,0.866,False,0.46,5.0,0
Note_001200,65,256200.99,266.98,Right,MELODY,4,0.866,0.866,False,0.46,5.0,0
Note_001201,57,256746.67,266.98,Right,INNER,1,0.866,0.866,False,0.46,5.0,0
Note_001202,65,256746.67,266.98,Right,MELODY,4,0.866,0.866,False,0.46,5.0,0
Note_001203,57,257019.52,266.98,Right,INNER,1,0.866,0.866,False,0.46,5.0,0
Note_001204,65,257019.52,266.98,Right,MELODY,4,0.866,0.866,False,0.46,5.0,0
Note_001205,57,257292.36,266.98,Right,INNER,2,0.866,0.866,False,0.46,0.0,0
Note_001206,65,257292.36,266.98,Right,MELODY,4,0.866,0.866,False,0.46,0.0,0
Note_001207,41,257565.21,454.56,Right,MELODY,2,0.866,0.866,False,0.23,5.0,0
Note_001208,57,257838.05,266.98,Right,INNER,1,0.866,0.866,False,0.46,5.0,0
Note_001209,65,257838.05,266.98,Right,MELODY,4,0.866,0.866,False,0.46,5.0,0
Note_001210,57,258110.9,266.98,Right,INNER,1,0.866,0.866,False,0.46,5.0,0
Note_001211,65,258110.9,266.98,Right,MELODY,4,0.866,0.866,False,0.46,5.0,0
Note_001212,57,258383.74,266.98,Right,INNER,2,0.866,0.866,False,0.46,0.0,0
Note_001213,65,258383.74,266.98,Right,MELODY,4,0.866,0.866,False,0.46,0.0,0
Note_001214,48,258656.59,454.56,Right,MELODY,2,0.866,0.866,False,0.31,5.0,0
Note_001215,57,258929.43,266.98,Right,INNER,1,0.866,0.866,False,0.46,5.0,0
Note_001216,65,258929.43,266.98,Right,MELODY,4,0.866,0.866,False,0.46,5.0,0
Note_001217,53,259202.28,454.56,Right,INNER,1,0.866,0.866,False,0.429,10.0,0
Note_001218,57,259202.28,266.98,Right,INNER,2,0.866,0.866,False,0.429,10.0,0
Note_001219,65,259202.28,266.98,Right,MELODY,4,0.866,0.866,False,0.429,10.0,0
Note_001220,57,259475.12,266.98,Right,INNER,2,0.866,0.866,False,0.46,0.0,0
Note_001221,65,259475.12,266.98,Right,MELODY,4,0.866,0.866,False,0.46,0.0,0
Note_001222,39,259747.96,266.98,Left,BASS,2,0.866,0.866,True,0.207,5.0,0
Note_001223,46,260020.81,266.98,Right,MELODY,2,0.866,0.866,True,0.287,5.0,0
Note_001224,51,260293.65,454.56,Right,MELODY,4,0.866,0.866,True,0.345,-5.0,0
Note_001225,58,260566.5,266.98,Right,INNER,1,0.866,0.866,True,0.477,0.0,12
Note_001226,67,260566.5,266.98,Right,MELODY,5,0.866,0.866,False,0.477,0.0,12
Note_001227,58,261112.19,266.98,Right,INNER,2,0.866,0.866,True,0.477,0.0,0
Note_001228,67,261112.19,266.98,Right,MELODY,4,0.866,0.866,False,0.477,0.0,0
Note_001229,51,261385.03,454.56,Right,MELODY,2,0.866,0.866,True,0.345,5.0,0
Note_001230,58,261657.88,266.98,Right,INNER,1,0.866,0.866,True,0.477,5.0,12
Note_001231,67,261657.88,266.98,Right,MELODY,4,0.866,0.866,False,0.477,5.0,12
Note_001232,39,261930.72,454.56,Left,BASS,2,0.866,0.866,True,0.207,5.0,0
Note_001233,58,262203.56,266.98,Right,INNER,2,0.866,0.866,True,0.477,0.0,0
Note_001234,67,262203.56,266.98,Right,MELODY,4,0.866,0.866,False,0.477,0.0,0
Note_001235,58,262476.41,266.98,Right,MELODY,2,0.866,0.866,True,0.425,5.0,0
Note_001236,58,262749.25,266.98,Right,INNER,3,0.866,0.866,True,0.477,-10.0,0
Note_001237,67,262749.25,266.98,Right,MELODY,5,0.866,0.866,False,0.477,-10.0,0
Note_001238,51,262885.68,130.56,Right,MELODY,2,0.866,0.866,True,0.345,5.0,0
Note_001239,58,263022.1,266.98,Right,INNER,1,0.866,0.866,True,0.477,5.0,12
Note_001240,67,263022.1,266.98,Right,MELODY,4,0.866,0.866,False,0.477,5.0,12
Note_001241,58,263294.94,266.98,Right,INNER,2,0.866,0.866,True,0.477,0.0,0
Note_001242,67,263294.94,266.98,Right,MELODY,4,0.866,0.866,False,0.477,0.0,0
Note_001243,58,263567.79,266.98,Right,INNER,1,0.866,0.866,True,0.477,15.0,12
Note_001244,67,263567.79,266.98,Right,MELODY,2,0.866,0.866,False,0.477,15.0,12
Note_001245,58,263840.63,266.98,Right,INNER,2,0.866,0.866,True,0.477,0.0,0
Note_001246,67,263840.63,266.98,Right,MELODY,4,0.866,0.866,False,0.477,0.0,0
Note_001247,38,264113.48,266.98,Left,BASS,5,0.866,0.866,False,0.195,-10.0,0
Note_001248,45,264386.32,266.98,Right,MELODY,2,0.866,0.866,False,0.276,5.0,0
Note_001249,50,264659.17,454.56,Right,MELODY,5,0.866,0.866,False,0.333,-10.0,0
Note_001250,60,264932.01,266.98,Right,INNER,1,0.866,0.866,False,0.489,5.0,0
Note_001251,67,264932.01,266.98,Right,MELODY,4,0.866,0.866,False,0.489,5.0,0
Note_001252,60,265477.7,266.98,Right,INNER,2,0.866,0.866,False,0.489,0.0,0
Note_001253,67,265477.7,266.98,Right,MELODY,4,0.866,0.866,False,0.489,0.0,0
Note_001254,50,265750.54,454.56,Right,MELODY,2,0.866,0.866,False,0.333,5.0,0
Note_001255,60,266023.39,266.98,Right,INNER,1,0.866,0.866,False,0.489,5.0,0
Note_001256,67,266023.39,266.98,Right,MELODY,4,0.866,0.866,False,0.489,5.0,0
Note_001257,38,266296.23,454.56,Left,BASS,5,0.866,0.866,False,0.195,-10.0,0
Note_001258,60,266569.08,266.98,Right,INNER,2,0.866,0.866,False,0.5,0.0,0
Note_001259,69,266569.08,266.98,Right,MELODY,4,0.866,0.866,False,0.5,0.0,0
Note_001260,50,266841.92,454.56,Right,MELODY,2,0.866,0.866,False,0.333,5.0,0
Note_001261,60,267114.77,266.98,Right,INNER,1,0.866,0.866,False,0.5,5.0,0
Note_001262,69,267114.77,266.98,Right,MELODY,4,0.866,0.866,False,0.5,5.0,0
Note_001263,50,267660.45,266.98,Left,INNER,2,0.866,0.866,False,0.333,5.0,0
Note_001264,60,267660.45,266.98,Right,INNER,1,0.866,0.866,False,0.5,0.0,0
Note_001265,69,267660.45,266.98,Right,MELODY,5,0.866,0.866,False,0.5,0.0,0
Note_001266,50,268206.14,266.98,Right,MELODY,4,0.866,0.866,False,0.333,-5.0,0
Note_001267,45,268478.99,266.98,Right,INNER,2,0.866,0.866,False,0.305,0.0,0
Note_001268,50,268478.99,266.98,Right,MELODY,4,0.866,0.866,False,0.305,0.0,0
Note_001269,38,268751.83,266.98,Left,BASS,5,0.866,0.866,False,0.195,-10.0,0
Note_001270,53,268751.83,266.98,Right,MELODY,5,0.866,0.866,False,0.368,-10.0,0
Note_001271,45,269024.68,266.98,Right,INNER,1,0.866,0.866,False,0.345,5.0,0
Note_001272,57,269024.68,266.98,Right,MELODY,4,0.866,0.866,False,0.345,5.0,0
Note_001273,44,269297.52,1273.1,Right,INNER,2,0.866,0.866,True,0.333,-5.0,-12
Note_001274,56,269297.52,1273.1,Right,MELODY,5,0.866,0.866,True,0.333,-5.0,-12
Note_001275,57,270116.06,454.56,Right,INNER,1,0.866,0.866,False,0.443,5.0,0
Note_001276,62,270116.06,454.56,Right,MELODY,4,0.866,0.866,False,0.443,5.0,0
Note_001277,62,270661.74,198.77,Right,INNER,1,0.866,0.866,False,0.54,0.0,0
Note_001278,74,270661.74,198.77,Right,MELODY,5,0.866,0.866,False,0.54,0.0,0
Note_001279,60,270866.38,198.77,Right,INNER,2,0.866,0.866,False,0.517,-5.0,0
Note_001280,72,270866.38,198.77,Right,MELODY,5,0.866,0.866,False,0.517,-5.0,0
Note_001281,55,271071.01,130.56,Right,INNER,1,0.866,0.866,False,0.46,15.0,0
Note_001282,67,271071.01,130.56,Right,MELODY,2,0.866,0.866,False,0.46,15.0,0
Note_001283,50,271207.43,198.77,Right,INNER,1,0.866,0.866,False,0.402,5.0,0
Note_001284,62,271207.43,198.77,Right,MELODY,4,0.866,0.866,False,0.402,5.0,0
Note_001285,48,271412.07,198.77,Right,INNER,1,0.866,0.866,False,0.379,5.0,0
Note_001286,60,271412.07,198.77,Right,MELODY,4,0.866,0.866,False,0.379,5.0,0
Note_001287,43,271616.7,130.56,Right,INNER,1,0.866,0.866,False,0.322,0.0,0
Note_001288,55,271616.7,130.56,Right,MELODY,5,0.866,0.866,False,0.322,0.0,0
Note_001289,38,271753.12,3137.71,Left,BASS,5,0.866,0.866,False,0.195,-10.0,0
Note_001290,45,271753.12,3137.71,Right,INNER,1,0.866,0.866,False,0.314,10.0,0
Note_001291,50,271753.12,3137.71,Right,INNER,2,0.866,0.866,False,0.314,10.0,0
Note_001292,50,271753.12,454.56,Right,MELODY,4,0.866,0.866,False,0.314,10.0,0
Note_001293,38,275027.26,8594.6,Left,BASS,5,0.866,0.866,False,0.195,-10.0,0
Note_001294,45,275027.26,8594.6,Right,INNER,1,0.866,0.866,False,0.374,0.0,0
Note_001295,50,275027.26,8594.6,Right,INNER,2,0.866,0.866,False,0.374,0.0,0
Note_001296,57,275027.26,2046.33,Right,INNER,4,0.866,0.866,False,0.374,0.0,0
Note_001297,62,275027.26,2046.33,Right,MELODY,5,0.866,0.866,False,0.374,0.0,0
Note_001298,59,277210.01,2046.33,Right,INNER,4,0.866,0.866,False,0.466,-15.0,0
Note_001299,64,277210.01,2046.33,Right,MELODY,5,0.866,0.866,False,0.466,-15.0,0
Note_001300,60,279392.77,2046.33,Right,INNER,1,0.866,0.866,False,0.477,5.0,0
Note_001301,65,279392.77,2046.33,Right,MELODY,4,0.866,0.866,False,0.477,5.0,0
Note_001302,62,281575.52,2046.33,Right,INNER,1,0.866,0.866,False,0.5,5.0,0
Note_001303,67,281575.52,2046.33,Right,MELODY,4,0.866,0.866,False,0.5,5.0,0
Note_001304,38,283758.28,7503.22,Left,BASS,5,0.866,0.866,False,0.195,-10.0,0
Note_001305,45,283758.28,7503.22,Right,INNER,1,0.866,0.866,False,0.374,0.0,0
Note_001306,50,283758.28,7503.22,Right,INNER,2,0.866,0.866,False,0.374,0.0,0
Note_001307,57,283758.28,2046.33,Right,INNER,4,0.866,0.866,False,0.374,0.0,0
Note_001308,62,283758.28,2046.33,Right,MELODY,5,0.866,0.866,False,0.374,0.0,0
Note_001309,59,285941.04,2046.33,Right,INNER,4,0.866,0.866,False,0.466,-15.0,0
Note_001310,64,285941.04,2046.33,Right,MELODY,5,0.866,0.866,False,0.466,-15.0,0
Note_001311,60,288123.79,2046.33,Right,INNER,1,0.866,0.866,False,0.477,5.0,0
Note_001312,65,288123.79,2046.33,Right,MELODY,4,0.866,0.866,False,0.477,5.0,0
Note_001313,62,290306.55,954.96,Right,INNER,1,0.866,0.866,False,0.5,5.0,0
Note_001314,67,290306.55,954.96,Right,MELODY,4,0.866,0.866,False,0.5,5.0,0
Note_001315,50,292489.3,454.56,Right,INNER,1,0.866,0.866,False,0.422,5.0,0
Note_001316,57,292489.3,454.56,Right,INNER,2,0.866,0.866,False,0.422,5.0,0
Note_001317,62,292489.3,454.56,Right,INNER,3,0.866,0.866,False,0.422,5.0,0
Note_001318,62,292489.3,1358.36,Right,MELODY,5,0.866,0.866,False,0.422,5.0,0
Note_001319,50,293034.99,454.56,Right,INNER,1,0.866,0.866,False,0.406,10.0,0
Note_001320,57,293034.99,454.56,Right,INNER,2,0.866,0.866,False,0.406,10.0,0
Note_001321,62,293034.99,454.56,Right,MELODY,4,0.866,0.866,False,0.406,10.0,0
Note_001322,50,293853.53,266.98,Right,INNER,1,0.866,0.866,False,0.408,10.0,0
Note_001323,57,293853.53,266.98,Right,INNER,2,0.866,0.866,False,0.408,10.0,0
Note_001324,57,293853.53,266.98,Right,INNER,3,0.866,0.866,False,0.408,10.0,0
Note_001325,62,293853.53,266.98,Right,MELODY,4,0.866,0.866,False,0.408,10.0,0
Note_001326,50,294126.37,130.56,Right,INNER,1,0.866,0.866,False,0.422,10.0,0
Note_001327,57,294126.37,130.56,Right,INNER,2,0.866,0.866,False,0.422,10.0,0
Note_001328,62,294126.37,130.56,Right,INNER,3,0.866,0.866,False,0.422,10.0,0
Note_001329,62,294126.37,266.98,Right,MELODY,4,0.866,0.866,False,0.422,10.0,0
Note_001330,50,294262.79,130.56,Right,INNER,1,0.866,0.866,False,0.406,15.0,0
Note_001331,57,294262.79,130.56,Right,INNER,2,0.866,0.866,False,0.406,15.0,0
Note_001332,62,294262.79,130.56,Right,MELODY,3,0.866,0.866,False,0.406,15.0,0
Note_001333,50,294399.22,130.56,Left,INNER,5,0.866,0.866,False,0.406,-5.0,0
Note_001334,57,294399.22,130.56,Left,INNER,3,0.866,0.866,False,0.406,-5.0,0
Note_001335,62,294399.22,130.56,Left,INNER,2,0.866,0.866,False,0.406,-5.0,0
Note_001336,72,294399.22,266.98,Right,MELODY,4,0.866,0.866,False,0.586,-5.0,0
Note_001337,50,294535.64,130.56,Right,INNER,1,0.866,0.866,False,0.406,15.0,0
Note_001338,57,294535.64,130.56,Right,INNER,2,0.866,0.866,False,0.406,15.0,0
Note_001339,62,294535.64,130.56,Right,MELODY,3,0.866,0.866,False,0.406,15.0,0
Note_001340,52,294672.06,454.56,Left,INNER,1,0.866,0.866,False,0.356,10.0,0
Note_001341,59,294672.06,454.56,Right,INNER,1,0.866,0.866,False,0.502,10.0,0
Note_001342,64,294672.06,454.56,Right,INNER,2,0.866,0.866,False,0.502,10.0,0
Note_001343,71,294672.06,266.98,Right,MELODY,4,0.866,0.866,False,0.502,10.0,0
Note_001344,67,294944.9,266.98,Right,MELODY,5,0.866,0.866,False,0.529,-10.0,0
Note_001345,52,295217.75,454.56,Right,INNER,1,0.866,0.866,False,0.44,10.0,0
Note_001346,59,295217.75,454.56,Right,INNER,2,0.866,0.866,False,0.44,10.0,0
Note_001347,62,295217.75,1500.64,Right,INNER,3,0.866,0.866,False,0.44,10.0,0
Note_001348,64,295217.75,454.56,Right,MELODY,4,0.866,0.866,False,0.44,10.0,0
Note_001349,52,296036.28,266.98,Right,INNER,1,0.866,0.866,False,0.429,10.0,0
Note_001350,59,296036.28,266.98,Right,INNER,2,0.866,0.866,False,0.429,10.0,0
Note_001351,64,296036.28,266.98,Right,MELODY,4,0.866,0.866,False,0.429,10.0,0
Note_001352,52,296309.13,130.56,Right,INNER,1,0.866,0.866,False,0.429,10.0,0
Note_001353,59,296309.13,130.56,Right,INNER,2,0.866,0.866,False,0.429,10.0,0
Note_001354,64,296309.13,130.56,Right,MELODY,4,0.866,0.866,False,0.429,10.0,0
Note_001355,52,296445.55,130.56,Right,INNER,1,0.866,0.866,False,0.429,10.0,0
Note_001356,59,296445.55,130.56,Right,INNER,2,0.866,0.866,False,0.429,10.0,0
Note_001357,64,296445.55,130.56,Right,MELODY,4,0.866,0.866,False,0.429,10.0,0
Note_001358,52,296581.97,130.56,Right,INNER,1,0.866,0.866,False,0.429,10.0,0
Note_001359,59,296581.97,130.56,Right,INNER,2,0.866,0.866,False,0.429,10.0,0
Note_001360,64,296581.97,130.56,Right,MELODY,4,0.866,0.866,False,0.429,10.0,0
Note_001361,52,296718.39,130.56,Right,INNER,1,0.866,0.866,False,0.429,10.0,0
Note_001362,59,296718.39,130.56,Right,INNER,2,0.866,0.866,False,0.429,10.0,0
Note_001363,64,296718.39,130.56,Right,MELODY,4,0.866,0.866,False,0.429,10.0,0
Note_001364,53,296854.82,454.56,Right,INNER,1,0.866,0.866,False,0.448,10.0,0
Note_001365,60,296854.82,454.56,Right,INNER,2,0.866,0.866,False,0.448,10.0,0
Note_001366,62,296854.82,727.41,Right,INNER,3,0.866,0.866,False,0.448,10.0,0
Note_001367,65,296854.82,454.56,Right,MELODY,4,0.866,0.866,False,0.448,10.0,0
Note_001368,53,297400.51,454.56,Right,INNER,1,0.866,0.866,False,0.441,10.0,0
Note_001369,60,297400.51,454.56,Right,INNER,2,0.866,0.866,False,0.441,10.0,0
Note_001370,65,297400.51,454.56,Right,MELODY,4,0.866,0.866,False,0.441,10.0,0
Note_001371,60,297673.35,539.83,Right,MELODY,5,0.866,0.866,False,0.448,-10.0,0
Note_001372,53,298219.04,266.98,Right,INNER,1,0.866,0.866,False,0.448,10.0,0
Note_001373,60,298219.04,266.98,Right,INNER,2,0.866,0.866,False,0.448,10.0,0
Note_001374,62,298219.04,266.98,Right,INNER,3,0.866,0.866,False,0.448,10.0,0
Note_001375,65,298219.04,266.98,Right,MELODY,4,0.866,0.866,False,0.448,10.0,0
Note_001376,53,298491.88,130.56,Right,INNER,1,0.866,0.866,False,0.463,10.0,0
Note_001377,60,298491.88,130.56,Right,INNER,2,0.866,0.866,False,0.463,10.0,0
Note_001378,65,298491.88,130.56,Right,INNER,3,0.866,0.866,False,0.463,10.0,0
Note_001379,67,298491.88,266.98,Right,MELODY,4,0.866,0.866,False,0.463,10.0,0
Note_001380,53,298628.31,130.56,Right,INNER,1,0.866,0.866,False,0.441,5.0,0
Note_001381,60,298628.31,130.56,Right,INNER,2,0.866,0.866,False,0.441,5.0,0
Note_001382,65,298628.31,130.56,Right,MELODY,5,0.866,0.866,False,0.441,5.0,0
Note_001383,53,298764.73,130.56,Right,INNER,1,0.866,0.866,False,0.457,10.0,0
Note_001384,60,298764.73,130.56,Right,INNER,2,0.866,0.866,False,0.457,10.0,0
Note_001385,65,298764.73,130.56,Right,INNER,3,0.866,0.866,False,0.457,10.0,0
Note_001386,65,298764.73,266.98,Right,MELODY,4,0.866,0.866,False,0.457,10.0,0
Note_001387,53,298901.15,130.56,Right,INNER,1,0.866,0.866,False,0.441,5.0,0
Note_001388,60,298901.15,130.56,Right,INNER,2,0.866,0.866,False,0.441,5.0,0
Note_001389,65,298901.15,130.56,Right,MELODY,5,0.866,0.866,False,0.441,5.0,0
Note_001390,55,299037.57,454.56,Right,INNER,1,0.866,0.866,False,0.48,5.0,0
Note_001391,62,299037.57,454.56,Right,INNER,2,0.866,0.866,False,0.48,5.0,0
Note_001392,67,299037.57,454.56,Right,INNER,3,0.866,0.866,False,0.48,5.0,0
Note_001393,67,299037.57,2046.33,Right,MELODY,5,0.866,0.866,False,0.48,5.0,0
Note_001394,55,299583.26,454.56,Right,INNER,1,0.866,0.866,False,0.464,10.0,0
Note_001395,62,299583.26,454.56,Right,INNER,2,0.866,0.866,False,0.464,10.0,0
Note_001396,67,299583.26,454.56,Right,MELODY,4,0.866,0.866,False,0.464,10.0,0
Note_001397,55,300401.79,266.98,Right,INNER,1,0.866,0.866,False,0.464,10.0,0
Note_001398,62,300401.79,266.98,Right,INNER,2,0.866,0.866,False,0.464,10.0,0
Note_001399,67,300401.79,266.98,Right,MELODY,4,0.866,0.866,False,0.464,10.0,0
Note_001400,55,300674.64,130.56,Right,INNER,1,0.866,0.866,False,0.464,10.0,0
Note_001401,62,300674.64,130.56,Right,INNER,2,0.866,0.866,False,0.464,10.0,0
Note_001402,67,300674.64,130.56,Right,MELODY,4,0.866,0.866,False,0.464,10.0,0
Note_001403,55,300811.06,130.56,Right,INNER,1,0.866,0.866,False,0.464,10.0,0
Note_001404,62,300811.06,130.56,Right,INNER,2,0.866,0.866,False,0.464,10.0,0
Note_001405,67,300811.06,130.56,Right,MELODY,4,0.866,0.866,False,0.464,10.0,0
Note_001406,55,300947.48,130.56,Right,INNER,1,0.866,0.866,False,0.464,10.0,0
Note_001407,62,300947.48,130.56,Right,INNER,2,0.866,0.866,False,0.464,10.0,0
Note_001408,67,300947.48,130.56,Right,MELODY,4,0.866,0.866,False,0.464,10.0,0
Note_001409,55,301083.91,130.56,Right,INNER,1,0.866,0.866,False,0.464,10.0,0
Note_001410,62,301083.91,130.56,Right,INNER,2,0.866,0.866,False,0.464,10.0,0
Note_001411,67,301083.91,130.56,Right,MELODY,4,0.866,0.866,False,0.464,10.0,0
Note_001412,50,301220.33,454.56,Right,INNER,1,0.866,0.866,False,0.422,5.0,0
Note_001413,57,301220.33,454.56,Right,INNER,2,0.866,0.866,False,0.422,5.0,0
Note_001414,62,301220.33,454.56,Right,INNER,3,0.866,0.866,False,0.422,5.0,0
Note_001415,62,301220.33,1358.36,Right,MELODY,5,0.866,0.866,False,0.422,5.0,0
Note_001416,50,301766.02,454.56,Right,INNER,1,0.866,0.866,False,0.406,10.0,0
Note_001417,57,301766.02,454.56,Right,INNER,2,0.866,0.866,False,0.406,10.0,0
Note_001418,62,301766.02,454.56,Right,MELODY,4,0.866,0.866,False,0.406,10.0,0
Note_001419,50,302584.55,266.98,Right,INNER,1,0.866,0.866,False,0.408,10.0,0
Note_001420,57,302584.55,266.98,Right,INNER,2,0.866,0.866,False,0.408,10.0,0
Note_001421,57,302584.55,266.98,Right,INNER,3,0.866,0.866,False,0.408,10.0,0
Note_001422,62,302584.55,266.98,Right,MELODY,4,0.866,0.866,False,0.408,10.0,0
Note_001423,50,302857.4,130.56,Right,INNER,1,0.866,0.866,False,0.422,10.0,0
Note_001424,57,302857.4,130.56,Right,INNER,2,0.866,0.866,False,0.422,10.0,0
Note_001425,62,302857.4,130.56,Right,INNER,3,0.866,0.866,False,0.422,10.0,0
Note_001426,62,302857.4,266.98,Right,MELODY,4,0.866,0.866,False,0.422,10.0,0
Note_001427,50,302993.82,130.56,Right,INNER,1,0.866,0.866,False,0.406,15.0,0
Note_001428,57,302993.82,130.56,Right,INNER,2,0.866,0.866,False,0.406,15.0,0
Note_001429,62,302993.82,130.56,Right,MELODY,3,0.866,0.866,False,0.406,15.0,0
Note_001430,50,303130.24,130.56,Left,INNER,5,0.866,0.866,False,0.406,-5.0,0
Note_001431,57,303130.24,130.56,Left,INNER,3,0.866,0.866,False,0.406,-5.0,0
Note_001432,62,303130.24,130.56,Left,INNER,2,0.866,0.866,False,0.406,-5.0,0
Note_001433,72,303130.24,266.98,Right,MELODY,4,0.866,0.866,False,0.586,-5.0,0
Note_001434,50,303266.66,130.56,Right,INNER,1,0.866,0.866,False,0.406,15.0,0
Note_001435,57,303266.66,130.56,Right,INNER,2,0.866,0.866,False,0.406,15.0,0
Note_001436,62,303266.66,130.56,Right,MELODY,3,0.866,0.866,False,0.406,15.0,0
Note_001437,52,303403.08,454.56,Left,INNER,1,0.866,0.866,False,0.356,10.0,0
Note_001438,59,303403.08,454.56,Right,INNER,1,0.866,0.866,False,0.502,10.0,0
Note_001439,64,303403.08,454.56,Right,INNER,2,0.866,0.866,False,0.502,10.0,0
Note_001440,71,303403.08,266.98,Right,MELODY,4,0.866,0.866,False,0.502,10.0,0
Note_001441,67,303675.93,266.98,Right,MELODY,5,0.866,0.866,False,0.529,-10.0,0
Note_001442,52,303948.77,454.56,Right,INNER,1,0.866,0.866,False,0.44,10.0,0
Note_001443,59,303948.77,454.56,Right,INNER,2,0.866,0.866,False,0.44,10.0,0
Note_001444,62,303948.77,727.41,Right,INNER,3,0.866,0.866,False,0.44,10.0,0
Note_001445,64,303948.77,454.56,Right,MELODY,4,0.866,0.866,False,0.44,10.0,0
Note_001446,52,304767.31,266.98,Right,INNER,1,0.866,0.866,False,0.425,10.0,0
Note_001447,57,304767.31,266.98,Right,INNER,2,0.866,0.866,False,0.425,10.0,0
Note_001448,59,304767.31,266.98,Right,INNER,3,0.866,0.866,False,0.425,10.0,0
Note_001449,64,304767.31,266.98,Right,MELODY,4,0.866,0.866,False,0.425,10.0,0
Note_001450,52,305040.15,130.56,Right,INNER,1,0.866,0.866,False,0.44,10.0,0
Note_001451,59,305040.15,130.56,Right,INNER,2,0.866,0.866,False,0.44,10.0,0
Note_001452,62,305040.15,266.98,Right,INNER,3,0.866,0.866,False,0.44,10.0,0
Note_001453,64,305040.15,130.56,Right,MELODY,4,0.866,0.866,False,0.44,10.0,0
Note_001454,52,305176.57,130.56,Right,INNER,1,0.866,0.866,False,0.429,10.0,0
Note_001455,59,305176.57,130.56,Right,INNER,2,0.866,0.866,False,0.429,10.0,0
Note_001456,64,305176.57,130.56,Right,MELODY,4,0.866,0.866,False,0.429,10.0,0
Note_001457,52,305313.0,130.56,Left,INNER,5,0.866,0.866,False,0.429,-5.0,0
Note_001458,59,305313.0,130.56,Left,INNER,3,0.866,0.866,False,0.429,-5.0,0
Note_001459,64,305313.0,130.56,Left,INNER,2,0.866,0.866,False,0.429,-5.0,0
Note_001460,74,305313.0,266.98,Right,MELODY,5,0.866,0.866,False,0.609,-10.0,0
Note_001461,52,305449.42,130.56,Right,INNER,1,0.866,0.866,False,0.429,10.0,0
Note_001462,59,305449.42,130.56,Right,INNER,2,0.866,0.866,False,0.429,10.0,0
Note_001463,64,305449.42,130.56,Right,MELODY,4,0.866,0.866,False,0.429,10.0,0
Note_001464,53,305585.84,454.56,Left,INNER,1,0.866,0.866,False,0.368,10.0,0
Note_001465,60,305585.84,454.56,Right,INNER,1,0.866,0.866,False,0.513,5.0,0
Note_001466,65,305585.84,454.56,Right,INNER,2,0.866,0.866,False,0.513,5.0,0
Note_001467,72,305585.84,454.56,Right,MELODY,5,0.866,0.866,False,0.513,5.0,0
Note_001468,53,306131.53,454.56,Left,INNER,2,0.866,0.866,False,0.368,5.0,0
Note_001469,60,306131.53,454.56,Right,INNER,1,0.866,0.866,False,0.51,5.0,0
Note_001470,65,306131.53,454.56,Right,INNER,2,0.866,0.866,False,0.51,5.0,0
Note_001471,71,306131.53,1358.36,Right,MELODY,5,0.866,0.866,False,0.51,5.0,0
Note_001472,53,306950.06,266.98,Right,INNER,1,0.866,0.866,False,0.441,10.0,0
Note_001473,60,306950.06,266.98,Right,INNER,2,0.866,0.866,False,0.441,10.0,0
Note_001474,65,306950.06,266.98,Right,MELODY,4,0.866,0.866,False,0.441,10.0,0
Note_001475,53,307222.91,130.56,Right,INNER,1,0.866,0.866,False,0.441,10.0,0
Note_001476,60,307222.91,130.56,Right,INNER,2,0.866,0.866,False,0.441,10.0,0
Note_001477,65,307222.91,130.56,Right,MELODY,4,0.866,0.866,False,0.441,10.0,0
Note_001478,53,307359.33,130.56,Right,INNER,1,0.866,0.866,False,0.441,10.0,0
Note_001479,60,307359.33,130.56,Right,INNER,2,0.866,0.866,False,0.441,10.0,0
Note_001480,65,307359.33,130.56,Right,MELODY,4,0.866,0.866,False,0.441,10.0,0
Note_001481,53,307495.75,130.56,Right,INNER,1,0.866,0.866,False,0.468,5.0,0
Note_001482,60,307495.75,130.56,Right,INNER,2,0.866,0.866,False,0.468,5.0,0
Note_001483,65,307495.75,130.56,Right,INNER,3,0.866,0.866,False,0.468,5.0,0
Note_001484,69,307495.75,266.98,Right,MELODY,5,0.866,0.866,False,0.468,5.0,0
Note_001485,53,307632.17,130.56,Right,INNER,1,0.866,0.866,False,0.441,10.0,0
Note_001486,60,307632.17,130.56,Right,INNER,2,0.866,0.866,False,0.441,10.0,0
Note_001487,65,307632.17,130.56,Right,MELODY,4,0.866,0.866,False,0.441,10.0,0
Note_001488,55,307768.6,454.56,Right,INNER,1,0.866,0.866,False,0.499,-0.0,0
Note_001489,62,307768.6,454.56,Right,INNER,2,0.866,0.866,False,0.499,-0.0,0
Note_001490,67,307768.6,454.56,Right,INNER,3,0.866,0.866,False,0.499,-0.0,0
Note_001491,67,307768.6,2046.33,Right,INNER,4,0.866,0.866,False,0.499,-0.0,0
Note_001492,71,307768.6,2046.33,Right,MELODY,5,0.866,0.866,False,0.499,-0.0,0
Note_001493,55,308314.29,454.56,Right,INNER,1,0.866,0.866,False,0.464,15.0,0
Note_001494,62,308314.29,454.56,Right,INNER,2,0.866,0.866,False,0.464,15.0,0
Note_001495,67,308314.29,454.56,Right,MELODY,3,0.866,0.866,False,0.464,15.0,0
Note_001496,55,309132.82,266.98,Right,INNER,1,0.866,0.866,False,0.464,10.0,0
Note_001497,62,309132.82,266.98,Right,INNER,2,0.866,0.866,False,0.464,10.0,0
Note_001498,67,309132.82,266.98,Right,MELODY,4,0.866,0.866,False,0.464,10.0,0
Note_001499,55,309405.66,130.56,Right,INNER,1,0.866,0.866,False,0.464,10.0,0
Note_001500,62,309405.66,130.56,Right,INNER,2,0.866,0.866,False,0.464,10.0,0
Note_001501,67,309405.66,130.56,Right,MELODY,4,0.866,0.866,False,0.464,10.0,0
Note_001502,55,309542.09,130.56,Right,INNER,1,0.866,0.866,False,0.464,10.0,0
Note_001503,62,309542.09,130.56,Right,INNER,2,0.866,0.866,False,0.464,10.0,0
Note_001504,67,309542.09,130.56,Right,MELODY,4,0.866,0.866,False,0.464,10.0,0
Note_001505,55,309678.51,130.56,Right,INNER,1,0.866,0.866,False,0.464,10.0,0
Note_001506,62,309678.51,130.56,Right,INNER,2,0.866,0.866,False,0.464,10.0,0
Note_001507,67,309678.51,130.56,Right,MELODY,4,0.866,0.866,False,0.464,10.0,0
Note_001508,55,309814.93,130.56,Right,INNER,1,0.866,0.866,False,0.464,5.0,0
Note_001509,62,309814.93,130.56,Right,INNER,2,0.866,0.866,False,0.464,5.0,0
Note_001510,67,309814.93,130.56,Right,MELODY,5,0.866,0.866,False,0.464,5.0,0
Note_001511,53,309951.35,454.56,Right,INNER,1,0.866,0.866,False,0.462,-0.0,0
Note_001512,60,309951.35,454.56,Right,INNER,2,0.866,0.866,False,0.462,-0.0,0
Note_001513,63,309951.35,1358.36,Right,INNER,3,0.866,0.866,True,0.462,-0.0,0
Note_001514,65,309951.35,454.56,Right,INNER,4,0.866,0.866,False,0.462,-0.0,0
Note_001515,65,309951.35,1358.36,Right,MELODY,5,0.866,0.866,False,0.462,-0.0,0
Note_001516,53,310497.04,454.56,Right,INNER,1,0.866,0.866,False,0.441,10.0,0
Note_001517,60,310497.04,454.56,Right,INNER,2,0.866,0.866,False,0.441,10.0,0
Note_001518,65,310497.04,454.56,Right,MELODY,4,0.866,0.866,False,0.441,10.0,0
Note_001519,53,311315.57,266.98,Right,INNER,1,0.866,0.866,False,0.443,10.0,0
Note_001520,60,311315.57,266.98,Right,INNER,2,0.866,0.866,False,0.443,10.0,0
Note_001521,60,311315.57,266.98,Right,INNER,3,0.866,0.866,False,0.443,10.0,0
Note_001522,65,311315.57,266.98,Right,MELODY,4,0.866,0.866,False,0.443,10.0,0
Note_001523,53,311588.42,130.56,Right,INNER,1,0.866,0.866,False,0.457,10.0,0
Note_001524,60,311588.42,130.56,Right,INNER,2,0.866,0.866,False,0.457,10.0,0
Note_001525,65,311588.42,130.56,Right,INNER,3,0.866,0.866,False,0.457,10.0,0
Note_001526,65,311588.42,266.98,Right,MELODY,4,0.866,0.866,False,0.457,10.0,0
Note_001527,53,311724.84,130.56,Right,INNER,1,0.866,0.866,False,0.441,15.0,0
Note_001528,60,311724.84,130.56,Right,INNER,2,0.866,0.866,False,0.441,15.0,0
Note_001529,65,311724.84,130.56,Right,MELODY,3,0.866,0.866,False,0.441,15.0,0
Note_001530,53,311861.26,130.56,Left,INNER,5,0.866,0.866,False,0.441,-5.0,0
Note_001531,60,311861.26,130.56,Left,INNER,3,0.866,0.866,False,0.441,-5.0,0
Note_001532,65,311861.26,130.56,Left,INNER,2,0.866,0.866,False,0.441,-5.0,0
Note_001533,75,311861.26,266.98,Right,MELODY,4,0.866,0.866,True,0.621,-5.0,0
Note_001534,53,311997.69,130.56,Right,INNER,1,0.866,0.866,False,0.441,15.0,0
Note_001535,60,311997.69,130.56,Right,INNER,2,0.866,0.866,False,0.441,15.0,0
Note_001536,65,311997.69,130.56,Right,MELODY,3,0.866,0.866,False,0.441,15.0,0
Note_001537,55,312134.11,454.56,Left,INNER,1,0.866,0.866,False,0.391,10.0,0
Note_001538,62,312134.11,454.56,Right,INNER,1,0.866,0.866,False,0.536,10.0,0
Note_001539,67,312134.11,454.56,Right,INNER,2,0.866,0.866,False,0.536,10.0,0
Note_001540,74,312134.11,266.98,Right,MELODY,4,0.866,0.866,False,0.536,10.0,0
Note_001541,70,312406.95,266.98,Right,MELODY,5,0.866,0.866,True,0.563,-10.0,-12
Note_001542,55,312679.8,454.56,Right,INNER,1,0.866,0.866,False,0.474,10.0,0
Note_001543,62,312679.8,454.56,Right,INNER,2,0.866,0.866,False,0.474,10.0,0
Note_001544,65,312679.8,1494.78,Right,INNER,3,0.866,0.866,False,0.474,10.0,0
Note_001545,67,312679.8,454.56,Right,MELODY,4,0.866,0.866,False,0.474,10.0,0
Note_001546,55,313498.33,266.98,Right,INNER,1,0.866,0.866,False,0.464,10.0,0
Note_001547,62,313498.33,266.98,Right,INNER,2,0.866,0.866,False,0.464,10.0,0
Note_001548,67,313498.33,266.98,Right,MELODY,4,0.866,0.866,False,0.464,10.0,0
Note_001549,55,313771.18,130.56,Right,INNER,1,0.866,0.866,False,0.464,10.0,0
Note_001550,62,313771.18,130.56,Right,INNER,2,0.866,0.866,False,0.464,10.0,0
Note_001551,67,313771.18,130.56,Right,MELODY,4,0.866,0.866,False,0.464,10.0,0
Note_001552,55,313907.6,130.56,Right,INNER,1,0.866,0.866,False,0.464,10.0,0
Note_001553,62,313907.6,130.56,Right,INNER,2,0.866,0.866,False,0.464,10.0,0
Note_001554,67,313907.6,130.56,Right,MELODY,4,0.866,0.866,False,0.464,10.0,0
Note_001555,55,314044.02,130.56,Right,INNER,1,0.866,0.866,False,0.464,10.0,0
Note_001556,62,314044.02,130.56,Right,INNER,2,0.866,0.866,False,0.464,10.0,0
Note_001557,67,314044.02,130.56,Right,MELODY,4,0.866,0.866,False,0.464,10.0,0
Note_001558,55,314180.44,130.56,Right,INNER,1,0.866,0.866,False,0.468,10.0,0
Note_001559,62,314180.44,130.56,Right,INNER,2,0.866,0.866,False,0.468,10.0,0
Note_001560,63,314180.44,403.4,Right,INNER,3,0.866,0.866,True,0.468,10.0,0
Note_001561,67,314180.44,130.56,Right,MELODY,4,0.866,0.866,False,0.468,10.0,0
Note_001562,56,314316.86,454.56,Right,INNER,1,0.866,0.866,True,0.475,10.0,12
Note_001563,63,314316.86,454.56,Right,INNER,2,0.866,0.866,True,0.475,10.0,12
Note_001564,68,314316.86,454.56,Right,MELODY,4,0.866,0.866,True,0.475,10.0,12
Note_001565,65,314589.71,1631.21,Right,MELODY,5,0.866,0.866,False,0.506,-10.0,0
Note_001566,56,314862.55,454.56,Right,INNER,1,0.866,0.866,True,0.475,10.0,12
Note_001567,63,314862.55,454.56,Right,INNER,2,0.866,0.866,True,0.475,10.0,12
Note_001568,68,314862.55,454.56,Right,MELODY,4,0.866,0.866,True,0.475,10.0,12
Note_001569,56,315681.09,266.98,Right,INNER,1,0.866,0.866,True,0.475,10.0,12
Note_001570,63,315681.09,266.98,Right,INNER,2,0.866,0.866,True,0.475,10.0,12
Note_001571,68,315681.09,266.98,Right,MELODY,4,0.866,0.866,True,0.475,10.0,12
Note_001572,56,315953.93,130.56,Right,INNER,1,0.866,0.866,True,0.475,10.0,12
Note_001573,63,315953.93,130.56,Right,INNER,2,0.866,0.866,True,0.475,10.0,12
Note_001574,68,315953.93,130.56,Right,MELODY,4,0.866,0.866,True,0.475,10.0,12
Note_001575,56,316090.35,130.56,Right,INNER,1,0.866,0.866,True,0.475,10.0,12
Note_001576,63,316090.35,130.56,Right,INNER,2,0.866,0.866,True,0.475,10.0,12
Note_001577,68,316090.35,130.56,Right,MELODY,4,0.866,0.866,True,0.475,10.0,12
Note_001578,56,316226.78,130.56,Right,INNER,1,0.866,0.866,True,0.491,10.0,12
Note_001579,63,316226.78,130.56,Right,INNER,2,0.866,0.866,True,0.491,10.0,12
Note_001580,68,316226.78,266.98,Right,INNER,3,0.866,0.866,True,0.491,10.0,12
Note_001581,68,316226.78,130.56,Right,MELODY,4,0.866,0.866,True,0.491,10.0,12
Note_001582,56,316363.2,130.56,Right,INNER,1,0.866,0.866,True,0.475,10.0,12
Note_001583,63,316363.2,130.56,Right,INNER,2,0.866,0.866,True,0.475,10.0,12
Note_001584,68,316363.2,130.56,Right,MELODY,4,0.866,0.866,True,0.475,10.0,12
Note_001585,58,316499.62,454.56,Right,INNER,1,0.866,0.866,True,0.5,10.0,12
Note_001586,65,316499.62,2046.33,Right,INNER,2,0.866,0.866,False,0.5,10.0,12
Note_001587,65,316499.62,454.56,Right,INNER,3,0.866,0.866,False,0.5,10.0,12
Note_001588,70,316499.62,454.56,Right,MELODY,4,0.866,0.866,True,0.5,10.0,12
Note_001589,58,317045.31,454.56,Right,INNER,1,0.866,0.866,True,0.498,5.0,12
Note_001590,65,317045.31,454.56,Right,INNER,3,0.866,0.866,False,0.498,5.0,12
Note_001591,70,317045.31,454.56,Right,MELODY,4,0.866,0.866,True,0.498,5.0,12
Note_001592,58,317863.84,266.98,Right,INNER,1,0.866,0.866,True,0.498,10.0,12
Note_001593,65,317863.84,266.98,Right,INNER,2,0.866,0.866,False,0.498,10.0,12
Note_001594,70,317863.84,266.98,Right,MELODY,4,0.866,0.866,True,0.498,10.0,12
Note_001595,58,318136.69,130.56,Right,INNER,1,0.866,0.866,True,0.498,10.0,12
Note_001596,65,318136.69,130.56,Right,INNER,2,0.866,0.866,False,0.498,10.0,12
Note_001597,70,318136.69,130.56,Right,MELODY,4,0.866,0.866,True,0.498,10.0,12
Note_001598,58,318273.11,130.56,Right,INNER,1,0.866,0.866,True,0.498,10.0,12
Note_001599,65,318273.11,130.56,Right,INNER,2,0.866,0.866,False,0.498,10.0,12
Note_001600,70,318273.11,130.56,Right,MELODY,4,0.866,0.866,True,0.498,10.0,12
Note_001601,58,318409.53,130.56,Right,INNER,1,0.866,0.866,True,0.498,10.0,12
Note_001602,65,318409.53,130.56,Right,INNER,2,0.866,0.866,False,0.498,10.0,12
Note_001603,70,318409.53,130.56,Right,MELODY,4,0.866,0.866,True,0.498,10.0,12
Note_001604,58,318545.95,130.56,Right,INNER,1,0.866,0.866,True,0.498,10.0,12
Note_001605,65,318545.95,130.56,Right,INNER,2,0.866,0.866,False,0.498,10.0,12
Note_001606,70,318545.95,130.56,Right,MELODY,4,0.866,0.866,True,0.498,10.0,12
Note_001607,50,318682.38,454.56,Right,INNER,1,0.866,0.866,False,0.422,5.0,0
Note_001608,57,318682.38,454.56,Right,INNER,2,0.866,0.866,False,0.422,5.0,0
Note_001609,62,318682.38,1358.36,Right,INNER,3,0.866,0.866,False,0.422,5.0,0
Note_001610,62,318682.38,454.56,Right,MELODY,5,0.866,0.866,False,0.422,5.0,0
Note_001611,50,319228.07,454.56,Right,INNER,1,0.866,0.866,False,0.406,10.0,0
Note_001612,57,319228.07,454.56,Right,INNER,2,0.866,0.866,False,0.406,10.0,0
Note_001613,62,319228.07,454.56,Right,MELODY,4,0.866,0.866,False,0.406,10.0,0
Note_001614,50,320046.6,266.98,Right,INNER,1,0.866,0.866,False,0.408,10.0,0
Note_001615,57,320046.6,266.98,Right,INNER,2,0.866,0.866,False,0.408,10.0,0
Note_001616,57,320046.6,266.98,Right,INNER,3,0.866,0.866,False,0.408,10.0,0
Note_001617,62,320046.6,266.98,Right,MELODY,4,0.866,0.866,False,0.408,10.0,0
Note_001618,50,320319.44,130.56,Right,INNER,1,0.866,0.866,False,0.422,10.0,0
Note_001619,57,320319.44,130.56,Right,INNER,2,0.866,0.866,False,0.422,10.0,0
Note_001620,62,320319.44,266.98,Right,INNER,3,0.866,0.866,False,0.422,10.0,0
Note_001621,62,320319.44,130.56,Right,MELODY,4,0.866,0.866,False,0.422,10.0,0
Note_001622,50,320455.87,130.56,Right,INNER,1,0.866,0.866,False,0.406,10.0,0
Note_001623,57,320455.87,130.56,Right,INNER,2,0.866,0.866,False,0.406,10.0,0
Note_001624,62,320455.87,130.56,Right,MELODY,4,0.866,0.866,False,0.406,10.0,0
Note_001625,50,320592.29,130.56,Left,INNER,5,0.866,0.866,False,0.406,-5.0,0
Note_001626,57,320592.29,130.56,Left,INNER,3,0.866,0.866,False,0.406,-5.0,0
Note_001627,62,320592.29,130.56,Left,INNER,2,0.866,0.866,False,0.406,-5.0,0
Note_001628,72,320592.29,266.98,Right,MELODY,5,0.866,0.866,False,0.586,-10.0,0
Note_001629,50,320728.71,130.56,Right,INNER,1,0.866,0.866,False,0.406,15.0,0
Note_001630,57,320728.71,130.56,Right,INNER,2,0.866,0.866,False,0.406,15.0,0
Note_001631,62,320728.71,130.56,Right,MELODY,3,0.866,0.866,False,0.406,15.0,0
Note_001632,52,320865.13,454.56,Left,INNER,1,0.866,0.866,False,0.356,10.0,0
Note_001633,59,320865.13,454.56,Right,INNER,1,0.866,0.866,False,0.502,10.0,0
Note_001634,64,320865.13,454.56,Right,INNER,2,0.866,0.866,False,0.502,10.0,0
Note_001635,71,320865.13,266.98,Right,MELODY,4,0.866,0.866,False,0.502,10.0,0
Note_001636,67,321137.98,266.98,Right,MELODY,5,0.866,0.866,False,0.529,-10.0,0
Note_001637,52,321410.82,454.56,Right,INNER,1,0.866,0.866,False,0.44,10.0,0
Note_001638,59,321410.82,454.56,Right,INNER,2,0.866,0.866,False,0.44,10.0,0
Note_001639,62,321410.82,1500.64,Right,INNER,3,0.866,0.866,False,0.44,10.0,0
Note_001640,64,321410.82,454.56,Right,MELODY,4,0.866,0.866,False,0.44,10.0,0
Note_001641,52,322229.35,266.98,Right,INNER,1,0.866,0.866,False,0.429,10.0,0
Note_001642,59,322229.35,266.98,Right,INNER,2,0.866,0.866,False,0.429,10.0,0
Note_001643,64,322229.35,266.98,Right,MELODY,4,0.866,0.866,False,0.429,10.0,0
Note_001644,52,322502.2,130.56,Right,INNER,1,0.866,0.866,False,0.429,10.0,0
Note_001645,59,322502.2,130.56,Right,INNER,2,0.866,0.866,False,0.429,10.0,0
Note_001646,64,322502.2,130.56,Right,MELODY,4,0.866,0.866,False,0.429,10.0,0
Note_001647,52,322638.62,130.56,Right,INNER,1,0.866,0.866,False,0.429,10.0,0
Note_001648,59,322638.62,130.56,Right,INNER,2,0.866,0.866,False,0.429,10.0,0
Note_001649,64,322638.62,130.56,Right,MELODY,4,0.866,0.866,False,0.429,10.0,0
Note_001650,52,322775.04,130.56,Right,INNER,1,0.866,0.866,False,0.429,10.0,0
Note_001651,59,322775.04,130.56,Right,INNER,2,0.866,0.866,False,0.429,10.0,0
Note_001652,64,322775.04,130.56,Right,MELODY,4,0.866,0.866,False,0.429,10.0,0
Note_001653,52,322911.47,130.56,Right,INNER,1,0.866,0.866,False,0.429,10.0,0
Note_001654,59,322911.47,130.56,Right,INNER,2,0.866,0.866,False,0.429,10.0,0
Note_001655,64,322911.47,130.56,Right,MELODY,4,0.866,0.866,False,0.429,10.0,0
Note_001656,53,323047.89,454.56,Right,INNER,1,0.866,0.866,False,0.467,-0.0,0
Note_001657,60,323047.89,454.56,Right,INNER,2,0.866,0.866,False,0.467,-0.0,0
Note_001658,63,323047.89,2046.33,Right,INNER,3,0.866,0.866,True,0.467,-0.0,0
Note_001659,65,323047.89,454.56,Right,INNER,4,0.866,0.866,False,0.467,-0.0,0
Note_001660,67,323047.89,2046.33,Right,MELODY,5,0.866,0.866,False,0.467,-0.0,0
Note_001661,53,323593.58,454.56,Right,INNER,1,0.866,0.866,False,0.441,10.0,0
Note_001662,60,323593.58,454.56,Right,INNER,2,0.866,0.866,False,0.441,10.0,0
Note_001663,65,323593.58,454.56,Right,MELODY,4,0.866,0.866,False,0.441,10.0,0
Note_001664,53,324412.11,266.98,Right,INNER,1,0.866,0.866,False,0.441,10.0,0
Note_001665,60,324412.11,266.98,Right,INNER,2,0.866,0.866,False,0.441,10.0,0
Note_001666,65,324412.11,266.98,Right,MELODY,4,0.866,0.866,False,0.441,10.0,0
Note_001667,53,324684.96,130.56,Right,INNER,1,0.866,0.866,False,0.441,10.0,0
Note_001668,60,324684.96,130.56,Right,INNER,2,0.866,0.866,False,0.441,10.0,0
Note_001669,65,324684.96,130.56,Right,MELODY,4,0.866,0.866,False,0.441,10.0,0
Note_001670,53,324821.38,130.56,Right,INNER,1,0.866,0.866,False,0.441,10.0,0
Note_001671,60,324821.38,130.56,Right,INNER,2,0.866,0.866,False,0.441,10.0,0
Note_001672,65,324821.38,130.56,Right,MELODY,4,0.866,0.866,False,0.441,10.0,0
Note_001673,53,324957.8,130.56,Right,INNER,1,0.866,0.866,False,0.441,10.0,0
Note_001674,60,324957.8,130.56,Right,INNER,2,0.866,0.866,False,0.441,10.0,0
Note_001675,65,324957.8,130.56,Right,MELODY,4,0.866,0.866,False,0.441,10.0,0
Note_001676,53,325094.22,130.56,Right,INNER,1,0.866,0.866,False,0.441,5.0,0
Note_001677,60,325094.22,130.56,Right,INNER,2,0.866,0.866,False,0.441,5.0,0
Note_001678,65,325094.22,130.56,Right,MELODY,5,0.866,0.866,False,0.441,5.0,0
Note_001679,55,325230.64,454.56,Right,INNER,1,0.866,0.866,False,0.485,-0.0,0
Note_001680,62,325230.64,454.56,Right,INNER,2,0.866,0.866,False,0.485,-0.0,0
Note_001681,65,325230.64,2046.33,Right,INNER,3,0.866,0.866,False,0.485,-0.0,0
Note_001682,67,325230.64,2046.33,Right,INNER,4,0.866,0.866,False,0.485,-0.0,0
Note_001683,67,325230.64,454.56,Right,MELODY,5,0.866,0.866,False,0.485,-0.0,0
Note_001684,55,325776.33,454.56,Right,INNER,1,0.866,0.866,False,0.464,5.0,0
Note_001685,62,325776.33,454.56,Right,INNER,2,0.866,0.866,False,0.464,5.0,0
Note_001686,67,325776.33,454.56,Right,MELODY,5,0.866,0.866,False,0.464,5.0,0
Note_001687,55,326594.87,266.98,Right,INNER,1,0.866,0.866,False,0.464,10.0,0
Note_001688,62,326594.87,266.98,Right,INNER,2,0.866,0.866,False,0.464,10.0,0
Note_001689,67,326594.87,266.98,Right,MELODY,4,0.866,0.866,False,0.464,10.0,0
Note_001690,55,326867.71,130.56,Right,INNER,1,0.866,0.866,False,0.464,10.0,0
Note_001691,62,326867.71,130.56,Right,INNER,2,0.866,0.866,False,0.464,10.0,0
Note_001692,67,326867.71,130.56,Right,MELODY,4,0.866,0.866,False,0.464,10.0,0
Note_001693,55,327004.13,130.56,Right,INNER,1,0.866,0.866,False,0.464,10.0,0
Note_001694,62,327004.13,130.56,Right,INNER,2,0.866,0.866,False,0.464,10.0,0
Note_001695,67,327004.13,130.56,Right,MELODY,4,0.866,0.866,False,0.464,10.0,0
Note_001696,55,327140.56,130.56,Right,INNER,1,0.866,0.866,False,0.464,10.0,0
Note_001697,62,327140.56,130.56,Right,INNER,2,0.866,0.866,False,0.464,10.0,0
Note_001698,67,327140.56,130.56,Right,MELODY,4,0.866,0.866,False,0.464,10.0,0
Note_001699,55,327276.98,130.56,Right,INNER,1,0.866,0.866,False,0.464,15.0,0
Note_001700,62,327276.98,130.56,Right,INNER,2,0.866,0.866,False,0.464,15.0,0
Note_001701,67,327276.98,130.56,Right,MELODY,3,0.866,0.866,False,0.464,15.0,0
Note_001702,68,327413.4,954.96,Right,INNER,3,0.866,0.866,True,0.563,-5.0,0
Note_001703,72,327413.4,954.96,Right,MELODY,4,0.866,0.866,False,0.563,-5.0,0
Note_001704,79,328504.78,954.96,Right,MELODY,5,0.866,0.866,False,0.667,-10.0,0
Note_001705,77,329596.16,454.56,Right,MELODY,4,0.866,0.866,False,0.644,-5.0,0
Note_001706,71,330141.85,1500.64,Right,INNER,1,0.866,0.866,False,0.592,10.0,0
Note_001707,74,330141.85,1500.64,Right,MELODY,3,0.866,0.866,False,0.592,10.0,0
Note_001708,68,331778.91,954.96,Right,INNER,2,0.866,0.866,True,0.563,5.0,0
Note_001709,72,331778.91,954.96,Right,MELODY,3,0.866,0.866,False,0.563,5.0,0
Note_001710,79,332870.29,954.96,Right,MELODY,5,0.866,0.866,False,0.667,-10.0,0
Note_001711,77,333961.67,454.56,Right,MELODY,4,0.866,0.866,False,0.644,-5.0,0
Note_001712,74,334507.36,954.96,Right,MELODY,2,0.866,0.866,False,0.609,5.0,0
Note_001713,83,335598.74,454.56,Right,MELODY,5,0.866,0.866,False,0.713,-10.0,0
Note_001714,72,336144.42,954.96,Right,MELODY,4,0.866,0.866,False,0.586,-5.0,0
Note_001715,67,337235.8,954.96,Right,INNER,1,0.866,0.866,False,0.598,15.0,0
Note_001716,79,337235.8,954.96,Right,MELODY,2,0.866,0.866,False,0.598,15.0,0
Note_001717,67,338327.18,954.96,Right,INNER,1,0.866,0.866,False,0.586,15.0,0
Note_001718,77,338327.18,954.96,Right,MELODY,2,0.866,0.866,False,0.586,15.0,0
Note_001719,67,339418.56,954.96,Right,INNER,1,0.866,0.866,False,0.569,5.0,0
Note_001720,74,339418.56,954.96,Right,MELODY,4,0.866,0.866,False,0.569,5.0,0
Note_001721,68,340509.94,3137.71,Right,INNER,2,0.866,0.866,True,0.58,0.0,0
Note_001722,75,340509.94,3137.71,Right,MELODY,4,0.866,0.866,True,0.58,0.0,0
Note_001723,72,343784.07,954.96,Right,MELODY,2,0.866,0.866,False,0.586,5.0,0
Note_001724,74,344875.45,4229.09,Right,MELODY,4,0.866,0.866,False,0.609,-5.0,0
Note_001725,68,349240.96,2046.33,Right,INNER,2,0.866,0.866,True,0.58,0.0,0
Note_001726,75,349240.96,2046.33,Right,MELODY,4,0.866,0.866,True,0.58,0.0,0
Note_001727,80,351423.72,954.96,Right,MELODY,5,0.866,0.866,True,0.678,-10.0,-12
Note_001728,75,352515.09,954.96,Right,MELODY,4,0.866,0.866,True,0.621,-5.0,0
Note_001729,67,353606.47,2046.33,Right,INNER,2,0.866,0.866,False,0.569,0.0,0
Note_001730,74,353606.47,2046.33,Right,MELODY,4,0.866,0.866,False,0.569,0.0,0
Note_001731,79,355789.23,1358.36,Right,MELODY,5,0.866,0.866,False,0.667,-10.0,0
Note_001732,67,357153.45,62.35,Right,MELODY,4,0.866,0.866,False,0.529,-5.0,0
Note_001733,65,357221.66,62.35,Right,MELODY,3,0.866,0.866,False,0.506,0.0,0
Note_001734,64,357289.87,62.35,Right,MELODY,2,0.866,0.866,False,0.494,5.0,0
Note_001735,62,357358.08,62.35,Right,MELODY,1,0.866,0.866,False,0.471,10.0,0
Note_001736,67,357426.3,62.35,Right,MELODY,5,0.866,0.866,False,0.529,-10.0,0
Note_001737,65,357494.51,62.35,Right,MELODY,4,0.866,0.866,False,0.506,-5.0,0
Note_001738,64,357562.72,62.35,Right,MELODY,3,0.866,0.866,False,0.494,0.0,0
Note_001739,62,357630.93,62.35,Right,MELODY,2,0.866,0.866,False,0.471,5.0,0
Note_001740,67,357699.14,62.35,Right,MELODY,5,0.866,0.866,False,0.529,-10.0,0
Note_001741,65,357767.35,62.35,Right,MELODY,4,0.866,0.866,False,0.506,-5.0,0
Note_001742,64,357835.56,62.35,Right,MELODY,1,0.866,0.866,False,0.494,10.0,0
Note_001743,33,357971.98,266.98,Left,BASS,5,0.866,0.866,False,0.138,-10.0,0
Note_001744,38,358244.83,266.98,Left,BASS,1,0.866,0.866,False,0.195,10.0,0
Note_001745,45,358517.67,266.98,Right,MELODY,5,0.866,0.866,False,0.276,-10.0,0
Note_001746,44,358790.52,1227.8,Right,MELODY,4,0.866,0.866,True,0.264,-5.0,0
Note_001747,33,360154.74,266.98,Left,BASS,5,0.866,0.866,False,0.138,-10.0,0
Note_001748,38,360427.58,266.98,Left,BASS,1,0.866,0.866,False,0.195,10.0,0
Note_001749,43,360700.43,266.98,Right,MELODY,3,0.866,0.866,False,0.253,0.0,0
Note_001750,41,360973.27,1227.8,Right,MELODY,2,0.866,0.866,False,0.23,5.0,0
Note_001751,33,362337.5,266.98,Left,BASS,5,0.866,0.866,False,0.138,-10.0,0
Note_001752,38,362610.34,266.98,Left,BASS,1,0.866,0.866,False,0.195,10.0,0
Note_001753,45,362883.19,266.98,Right,MELODY,5,0.866,0.866,False,0.276,-10.0,0
Note_001754,44,363156.03,539.83,Right,MELODY,4,0.866,0.866,True,0.264,-5.0,0
Note_001755,43,363701.72,539.83,Right,MELODY,3,0.866,0.866,False,0.253,0.0,0
Note_001756,41,364247.41,539.83,Right,MELODY,2,0.866,0.866,False,0.23,5.0,0
Note_001757,38,364793.1,1773.49,Left,BASS,1,0.866,0.866,False,0.195,10.0,0
Note_001758,33,366703.01,266.98,Left,BASS,5,0.866,0.866,False,0.138,-10.0,0
Note_001759,74,366703.01,727.41,Right,INNER,3,0.866,0.866,False,0.649,-10.0,0
Note_001760,81,366703.01,727.41,Right,MELODY,5,0.866,0.866,False,0.649,-10.0,0
Note_001761,38,366975.85,266.98,Left,BASS,3,0.866,0.866,False,0.195,-0.0,0
Note_001762,45,367248.7,266.98,Right,MELODY,2,0.866,0.866,False,0.276,5.0,0
Note_001763,44,367521.54,1227.8,Left,INNER,2,0.866,0.866,True,0.264,5.0,0
Note_001764,73,367521.54,1227.8,Right,INNER,2,0.866,0.866,True,0.638,0.0,0
Note_001765,80,367521.54,1227.8,Right,MELODY,4,0.866,0.866,True,0.638,0.0,0
Note_001766,33,368885.76,266.98,Left,BASS,5,0.866,0.866,False,0.138,-10.0,0
Note_001767,72,368885.76,727.41,Right,INNER,1,0.866,0.866,False,0.626,15.0,0
Note_001768,79,368885.76,727.41,Right,MELODY,2,0.866,0.866,False,0.626,15.0,0
Note_001769,38,369158.61,266.98,Left,BASS,3,0.866,0.866,False,0.195,-0.0,0
Note_001770,43,369431.45,266.98,Right,MELODY,5,0.866,0.866,False,0.253,-10.0,0
Note_001771,41,369704.3,1227.8,Left,INNER,2,0.866,0.866,False,0.23,5.0,0
Note_001772,69,369704.3,1227.8,Right,INNER,1,0.866,0.866,False,0.598,5.0,0
Note_001773,77,369704.3,1227.8,Right,MELODY,4,0.866,0.866,False,0.598,5.0,0
Note_001774,33,371068.52,266.98,Left,BASS,5,0.866,0.866,False,0.138,-10.0,0
Note_001775,74,371068.52,727.41,Right,INNER,3,0.866,0.866,False,0.649,-10.0,0
Note_001776,81,371068.52,727.41,Right,MELODY,5,0.866,0.866,False,0.649,-10.0,0
Note_001777,38,371341.36,266.98,Left,BASS,2,0.866,0.866,False,0.195,5.0,0
Note_001778,45,371614.21,266.98,Right,MELODY,2,0.866,0.866,False,0.276,5.0,0
Note_001779,44,371887.05,539.83,Left,INNER,1,0.866,0.866,True,0.264,10.0,-12
Note_001780,73,371887.05,539.83,Right,INNER,2,0.866,0.866,True,0.638,0.0,0
Note_001781,80,371887.05,539.83,Right,MELODY,4,0.866,0.866,True,0.638,0.0,0
Note_001782,43,372432.74,539.83,Left,INNER,2,0.866,0.866,False,0.253,5.0,0
Note_001783,72,372432.74,539.83,Right,INNER,1,0.866,0.866,False,0.626,15.0,0
Note_001784,79,372432.74,539.83,Right,MELODY,2,0.866,0.866,False,0.626,15.0,0
Note_001785,41,372978.43,539.83,Left,INNER,3,0.866,0.866,False,0.23,-0.0,0
Note_001786,69,372978.43,539.83,Right,INNER,1,0.866,0.866,False,0.598,15.0,0
Note_001787,77,372978.43,539.83,Right,MELODY,2,0.866,0.866,False,0.598,15.0,0
Note_001788,38,373524.12,1773.49,Left,BASS,4,0.866,0.866,False,0.195,-5.0,0
Note_001789,69,373524.12,1773.49,Right,INNER,2,0.866,0.866,False,0.58,0.0,0
Note_001790,74,373524.12,1773.49,Right,MELODY,4,0.866,0.866,False,0.58,0.0,0
Note_001791,33,375434.03,266.98,Left,BASS,5,0.866,0.866,False,0.138,-10.0,0
Note_001792,74,375434.03,727.41,Right,INNER,3,0.866,0.866,False,0.649,-10.0,0
Note_001793,81,375434.03,727.41,Right,MELODY,5,0.866,0.866,False,0.649,-10.0,0
Note_001794,38,375706.88,266.98,Left,BASS,3,0.866,0.866,False,0.195,-0.0,0
Note_001795,45,375979.72,266.98,Right,MELODY,2,0.866,0.866,False,0.276,5.0,0
Note_001796,44,376252.57,1227.8,Left,INNER,2,0.866,0.866,True,0.264,5.0,0
Note_001797,73,376252.57,1227.8,Right,INNER,2,0.866,0.866,True,0.638,0.0,0
Note_001798,80,376252.57,1227.8,Right,MELODY,4,0.866,0.866,True,0.638,0.0,0
Note_001799,33,377616.79,266.98,Left,BASS,5,0.866,0.866,False,0.138,-10.0,0
Note_001800,72,377616.79,727.41,Right,INNER,1,0.866,0.866,False,0.626,15.0,0
Note_001801,79,377616.79,727.41,Right,MELODY,2,0.866,0.866,False,0.626,15.0,0
Note_001802,38,377889.63,266.98,Left,BASS,3,0.866,0.866,False,0.195,-0.0,0
Note_001803,43,378162.48,266.98,Right,MELODY,4,0.866,0.866,False,0.253,-5.0,0
Note_001804,41,378435.32,1227.8,Left,INNER,2,0.866,0.866,False,0.23,5.0,0
Note_001805,69,378435.32,1227.8,Right,INNER,1,0.866,0.866,False,0.598,0.0,0
Note_001806,77,378435.32,1227.8,Right,MELODY,5,0.866,0.866,False,0.598,0.0,0
Note_001807,33,379799.54,266.98,Left,BASS,5,0.866,0.866,False,0.138,-10.0,0
Note_001808,74,379799.54,727.41,Right,INNER,1,0.866,0.866,False,0.649,5.0,0
Note_001809,81,379799.54,727.41,Right,MELODY,4,0.866,0.866,False,0.649,5.0,0
Note_001810,38,380072.39,266.98,Left,BASS,3,0.866,0.866,False,0.195,-0.0,0
Note_001811,45,380345.23,266.98,Right,MELODY,5,0.866,0.866,False,0.276,-10.0,0
Note_001812,44,380618.08,539.83,Left,INNER,2,0.866,0.866,True,0.264,5.0,0
Note_001813,73,380618.08,539.83,Right,INNER,1,0.866,0.866,True,0.638,5.0,12
Note_001814,80,380618.08,539.83,Right,MELODY,4,0.866,0.866,True,0.638,5.0,12
Note_001815,43,381163.77,539.83,Left,INNER,3,0.866,0.866,False,0.253,-0.0,0
Note_001816,72,381163.77,539.83,Right,INNER,1,0.866,0.866,False,0.626,5.0,0
Note_001817,79,381163.77,539.83,Right,MELODY,4,0.866,0.866,False,0.626,5.0,0
Note_001818,41,381709.46,539.83,Left,INNER,4,0.866,0.866,False,0.23,-5.0,0
Note_001819,69,381709.46,539.83,Right,INNER,2,0.866,0.866,False,0.598,0.0,0
Note_001820,77,381709.46,539.83,Right,MELODY,4,0.866,0.866,False,0.598,0.0,0
Note_001821,38,382255.14,1773.49,Left,BASS,5,0.866,0.866,False,0.195,-10.0,0
Note_001822,69,382255.14,1773.49,Right,INNER,1,0.866,0.866,False,0.58,15.0,0
Note_001823,74,382255.14,1773.49,Right,MELODY,2,0.866,0.866,False,0.58,15.0,0
Note_001824,38,384165.06,266.98,Left,BASS,1,0.866,0.866,False,0.195,10.0,0
Note_001825,69,384165.06,727.41,Right,INNER,1,0.866,0.866,False,0.58,5.0,0
Note_001826,74,384165.06,727.41,Right,MELODY,4,0.866,0.866,False,0.58,5.0,0
Note_001827,33,384437.9,266.98,Left,BASS,5,0.866,0.866,False,0.138,-10.0,0
Note_001828,38,384710.75,266.98,Left,BASS,1,0.866,0.866,False,0.195,10.0,0
Note_001829,37,384983.59,1227.8,Left,BASS,2,0.866,0.866,True,0.184,5.0,0
Note_001830,69,384983.59,1227.8,Right,INNER,1,0.866,0.866,False,0.575,5.0,0
Note_001831,73,384983.59,1227.8,Right,MELODY,4,0.866,0.866,True,0.575,5.0,0
Note_001832,36,386347.81,266.98,Left,BASS,3,0.866,0.866,False,0.172,-0.0,0
Note_001833,69,386347.81,727.41,Right,INNER,1,0.866,0.866,False,0.569,5.0,0
Note_001834,72,386347.81,727.41,Right,MELODY,4,0.866,0.866,False,0.569,5.0,0
Note_001835,33,386620.66,266.98,Left,BASS,5,0.866,0.866,False,0.138,-10.0,0
Note_001836,36,386893.5,266.98,Left,BASS,1,0.866,0.866,False,0.172,10.0,0
Note_001837,35,387166.35,1227.8,Left,BASS,5,0.866,0.866,False,0.161,-10.0,0
Note_001838,68,387166.35,1227.8,Right,INNER,3,0.866,0.866,True,0.557,-5.0,0
Note_001839,71,387166.35,1227.8,Right,MELODY,4,0.866,0.866,False,0.557,-5.0,0
Note_001840,38,388530.57,266.98,Left,BASS,1,0.866,0.866,False,0.195,10.0,0
Note_001841,69,388530.57,727.41,Right,INNER,1,0.866,0.866,False,0.58,10.0,0
Note_001842,74,388530.57,727.41,Right,MELODY,3,0.866,0.866,False,0.58,10.0,0
Note_001843,33,388803.41,266.98,Left,BASS,5,0.866,0.866,False,0.138,-10.0,0
Note_001844,38,389076.26,266.98,Left,BASS,1,0.866,0.866,False,0.195,10.0,0
Note_001845,37,389349.1,1227.8,Left,BASS,2,0.866,0.866,True,0.184,5.0,0
Note_001846,69,389349.1,1227.8,Right,INNER,1,0.866,0.866,False,0.575,10.0,0
Note_001847,73,389349.1,1227.8,Right,MELODY,3,0.866,0.866,True,0.575,10.0,0
Note_001848,36,390713.32,266.98,Left,BASS,3,0.866,0.866,False,0.172,-0.0,0
Note_001849,69,390713.32,727.41,Right,INNER,1,0.866,0.866,False,0.569,10.0,0
Note_001850,72,390713.32,727.41,Right,MELODY,3,0.866,0.866,False,0.569,10.0,0
Note_001851,33,390986.17,266.98,Left,BASS,5,0.866,0.866,False,0.138,-10.0,0
Note_001852,36,391259.01,266.98,Left,BASS,1,0.866,0.866,False,0.172,10.0,0
Note_001853,35,391531.86,1227.8,Left,BASS,5,0.866,0.866,False,0.161,-10.0,0
Note_001854,68,391531.86,1227.8,Right,INNER,2,0.866,0.866,True,0.557,5.0,0
Note_001855,71,391531.86,1227.8,Right,MELODY,3,0.866,0.866,False,0.557,5.0,0
Note_001856,38,392896.08,266.98,Left,BASS,1,0.866,0.866,False,0.195,10.0,0
Note_001857,69,392896.08,727.41,Right,INNER,1,0.866,0.866,False,0.58,15.0,0
Note_001858,74,392896.08,727.41,Right,MELODY,2,0.866,0.866,False,0.58,15.0,0
Note_001859,33,393168.92,266.98,Left,BASS,5,0.866,0.866,False,0.138,-10.0,0
Note_001860,38,393441.77,266.98,Left,BASS,1,0.866,0.866,False,0.195,10.0,0
Note_001861,37,393714.61,539.83,Left,BASS,2,0.866,0.866,True,0.184,5.0,0
Note_001862,69,393714.61,1227.8,Right,INNER,1,0.866,0.866,False,0.575,15.0,0
Note_001863,73,393714.61,1227.8,Right,MELODY,2,0.866,0.866,True,0.575,15.0,0
Note_001864,40,394260.3,727.41,Right,MELODY,5,0.866,0.866,False,0.218,-10.0,0
Note_001865,38,395078.84,266.98,Left,BASS,1,0.866,0.866,False,0.195,10.0,0
Note_001866,69,395078.84,727.41,Right,INNER,1,0.866,0.866,False,0.58,5.0,0
Note_001867,74,395078.84,727.41,Right,MELODY,4,0.866,0.866,False,0.58,5.0,0
Note_001868,33,395351.68,266.98,Left,BASS,5,0.866,0.866,False,0.138,-10.0,0
Note_001869,38,395624.53,266.98,Left,BASS,1,0.866,0.866,False,0.195,10.0,0
Note_001870,37,395897.37,1227.8,Left,BASS,2,0.866,0.866,True,0.184,5.0,0
Note_001871,68,395897.37,1227.8,Right,INNER,1,0.866,0.866,True,0.569,5.0,12
Note_001872,73,395897.37,1227.8,Right,MELODY,4,0.866,0.866,True,0.569,5.0,12
Note_001873,38,397261.59,266.98,Left,BASS,1,0.866,0.866,False,0.195,10.0,0
Note_001874,69,397261.59,727.41,Right,INNER,1,0.866,0.866,False,0.58,5.0,0
Note_001875,74,397261.59,727.41,Right,MELODY,4,0.866,0.866,False,0.58,5.0,0
Note_001876,33,397534.44,266.98,Left,BASS,5,0.866,0.866,False,0.138,-10.0,0
Note_001877,38,397807.28,266.98,Left,BASS,1,0.866,0.866,False,0.195,10.0,0
Note_001878,37,398080.13,1227.8,Left,BASS,2,0.866,0.866,True,0.184,5.0,0
Note_001879,69,398080.13,1227.8,Right,INNER,1,0.866,0.866,False,0.575,5.0,0
Note_001880,73,398080.13,1227.8,Right,MELODY,4,0.866,0.866,True,0.575,5.0,0
Note_001881,36,399444.35,266.98,Left,BASS,3,0.866,0.866,False,0.172,-0.0,0
Note_001882,69,399444.35,727.41,Right,INNER,1,0.866,0.866,False,0.569,5.0,0
Note_001883,72,399444.35,727.41,Right,MELODY,4,0.866,0.866,False,0.569,5.0,0
Note_001884,33,399717.19,266.98,Left,BASS,5,0.866,0.866,False,0.138,-10.0,0
Note_001885,36,399990.04,266.98,Left,BASS,1,0.866,0.866,False,0.172,10.0,0
Note_001886,35,400262.88,1227.8,Left,BASS,2,0.866,0.866,False,0.161,5.0,0
Note_001887,68,400262.88,1227.8,Right,INNER,3,0.866,0.866,True,0.557,-5.0,0
Note_001888,71,400262.88,1227.8,Right,MELODY,4,0.866,0.866,False,0.557,-5.0,0
Note_001889,26,401627.1,266.98,Left,BASS,5,0.866,0.866,False,0.057,-10.0,0
Note_001890,33,401899.95,266.98,Left,BASS,2,0.866,0.866,False,0.138,5.0,0
Note_001891,38,402172.79,266.98,Left,BASS,1,0.866,0.866,False,0.195,10.0,0
Note_001892,26,402445.64,266.98,Left,BASS,5,0.866,0.866,False,0.057,-10.0,0
Note_001893,33,402718.48,266.98,Left,BASS,3,0.866,0.866,False,0.138,-0.0,0
Note_001894,37,402991.33,266.98,Left,BASS,2,0.866,0.866,True,0.184,5.0,0
Note_001895,26,403264.17,266.98,Left,BASS,5,0.866,0.866,False,0.057,-10.0,0
Note_001896,33,403537.02,266.98,Left,BASS,2,0.866,0.866,False,0.138,5.0,0
Note_001897,36,403809.86,266.98,Left,BASS,1,0.866,0.866,False,0.172,10.0,0
Note_001898,26,404082.7,266.98,Left,BASS,5,0.866,0.866,False,0.057,-10.0,0
Note_001899,29,404355.55,266.98,Left,BASS,2,0.866,0.866,False,0.092,5.0,0
Note_001900,36,404628.39,266.98,Left,BASS,1,0.866,0.866,False,0.172,10.0,0
Note_001901,35,404901.24,266.98,Left,BASS,2,0.866,0.866,False,0.161,5.0,0
Note_001902,31,405174.08,727.41,Left,BASS,3,0.866,0.866,False,0.115,-0.0,0
Note_001903,26,405992.62,266.98,Left,BASS,5,0.866,0.866,False,0.057,-10.0,0
Note_001904,33,406265.46,266.98,Left,BASS,2,0.866,0.866,False,0.138,5.0,0
Note_001905,38,406538.31,266.98,Left,BASS,1,0.866,0.866,False,0.195,10.0,0
Note_001906,26,406811.15,266.98,Left,BASS,5,0.866,0.866,False,0.057,-10.0,0
Note_001907,33,407083.99,266.98,Left,BASS,3,0.866,0.866,False,0.138,-0.0,0
Note_001908,37,407356.84,266.98,Left,BASS,2,0.866,0.866,True,0.184,5.0,0
Note_001909,26,407629.68,266.98,Left,BASS,5,0.866,0.866,False,0.057,-10.0,0
Note_001910,33,407902.53,266.98,Left,BASS,2,0.866,0.866,False,0.138,5.0,0
Note_001911,36,408175.37,266.98,Left,BASS,1,0.866,0.866,False,0.172,10.0,0
Note_001912,26,408448.22,266.98,Left,BASS,5,0.866,0.866,False,0.057,-10.0,0
Note_001913,29,408721.06,266.98,Left,BASS,2,0.866,0.866,False,0.092,5.0,0
Note_001914,36,408993.91,266.98,Left,BASS,1,0.866,0.866,False,0.172,10.0,0
Note_001915,35,409266.75,266.98,Left,BASS,2,0.866,0.866,False,0.161,5.0,0
Note_001916,31,409539.59,727.41,Left,BASS,5,0.866,0.866,False,0.115,-10.0,0
Note_001917,48,410358.13,454.56,Right,MELODY,3,0.866,0.866,False,0.31,0.0,0
Note_001918,46,411449.51,454.56,Right,MELODY,2,0.866,0.866,True,0.287,5.0,0
Note_001919,43,411995.2,454.56,Right,MELODY,1,0.866,0.866,False,0.253,10.0,0
Note_001920,48,412540.88,454.56,Right,MELODY,5,0.866,0.866,False,0.31,-10.0,0
Note_001921,46,413632.26,454.56,Right,MELODY,4,0.866,0.866,True,0.287,-5.0,0
Note_001922,43,414177.95,454.56,Right,MELODY,2,0.866,0.866,False,0.253,5.0,0
Note_001923,48,414723.64,454.56,Right,MELODY,5,0.866,0.866,False,0.31,-10.0,0
Note_001924,46,415815.02,454.56,Right,MELODY,4,0.866,0.866,True,0.287,-5.0,0
Note_001925,43,416360.71,454.56,Right,MELODY,2,0.866,0.866,False,0.253,5.0,0
Note_001926,48,416906.4,454.56,Right,MELODY,5,0.866,0.866,False,0.31,-10.0,0
Note_001927,46,417997.77,454.56,Right,MELODY,4,0.866,0.866,True,0.287,-5.0,0
Note_001928,43,418543.46,454.56,Right,MELODY,2,0.866,0.866,False,0.253,5.0,0
Note_001929,72,418816.31,539.83,Right,MELODY,5,0.866,0.866,False,0.586,-10.0,0
Note_001930,48,419089.15,454.56,Right,MELODY,4,0.866,0.866,False,0.31,-5.0,0
Note_001931,72,419362.0,266.98,Right,MELODY,5,0.866,0.866,False,0.586,-10.0,0
Note_001932,69,419634.84,266.98,Right,MELODY,4,0.866,0.866,False,0.552,-5.0,0
Note_001933,69,419907.69,266.98,Right,MELODY,2,0.866,0.866,False,0.552,5.0,0
Note_001934,46,420180.53,454.56,Left,INNER,2,0.866,0.866,True,0.287,5.0,0
Note_001935,70,420180.53,266.98,Right,MELODY,4,0.866,0.866,True,0.563,-5.0,0
Note_001936,70,420453.37,266.98,Right,MELODY,4,0.866,0.866,True,0.563,-5.0,0
Note_001937,43,420726.22,454.56,Right,MELODY,2,0.866,0.866,False,0.253,5.0,0
Note_001938,48,421271.91,454.56,Right,MELODY,5,0.866,0.866,False,0.31,-10.0,0
Note_001939,46,422363.29,454.56,Right,MELODY,4,0.866,0.866,True,0.287,-5.0,0
Note_001940,43,422908.98,454.56,Right,MELODY,2,0.866,0.866,False,0.253,5.0,0
Note_001941,48,423454.66,454.56,Right,MELODY,5,0.866,0.866,False,0.31,-10.0,0
Note_001942,46,424546.04,454.56,Right,MELODY,4,0.866,0.866,True,0.287,-5.0,0
Note_001943,43,425091.73,454.56,Right,MELODY,2,0.866,0.866,False,0.253,5.0,0
Note_001944,72,425364.58,539.83,Right,MELODY,5,0.866,0.866,False,0.586,-10.0,0
Note_001945,48,425637.42,454.56,Right,MELODY,4,0.866,0.866,False,0.31,-5.0,0
Note_001946,72,425910.26,266.98,Right,MELODY,5,0.866,0.866,False,0.586,-10.0,0
Note_001947,69,426183.11,266.98,Right,MELODY,4,0.866,0.866,False,0.552,-5.0,0
Note_001948,69,426455.95,266.98,Right,MELODY,2,0.866,0.866,False,0.552,5.0,0
Note_001949,46,426728.8,454.56,Left,INNER,2,0.866,0.866,True,0.287,5.0,0
Note_001950,70,426728.8,266.98,Right,MELODY,4,0.866,0.866,True,0.563,-5.0,0
Note_001951,70,427001.64,266.98,Right,MELODY,4,0.866,0.866,True,0.563,-5.0,0
Note_001952,43,427274.49,454.56,Right,MELODY,2,0.866,0.866,False,0.253,5.0,0
Note_001953,48,427820.18,454.56,Right,MELODY,5,0.866,0.866,False,0.31,-10.0,0
Note_001954,46,428911.55,454.56,Right,MELODY,4,0.866,0.866,True,0.287,-5.0,0
Note_001955,43,429457.24,454.56,Right,MELODY,2,0.866,0.866,False,0.253,5.0,0
Note_001956,65,429730.09,539.83,Right,MELODY,5,0.866,0.866,False,0.506,-10.0,0
Note_001957,48,430002.93,454.56,Right,MELODY,4,0.866,0.866,False,0.31,-5.0,0
Note_001958,65,430275.78,266.98,Right,MELODY,5,0.866,0.866,False,0.506,-10.0,0
Note_001959,62,430548.62,266.98,Right,MELODY,4,0.866,0.866,False,0.471,-5.0,0
Note_001960,62,430821.47,266.98,Right,MELODY,5,0.866,0.866,False,0.471,-10.0,0
Note_001961,46,431094.31,454.56,Right,INNER,1,0.866,0.866,True,0.385,0.0,0
Note_001962,63,431094.31,266.98,Right,MELODY,5,0.866,0.866,True,0.385,0.0,0
Note_001963,63,431367.15,266.98,Right,MELODY,4,0.866,0.866,True,0.483,-5.0,0
Note_001964,43,431640.0,454.56,Right,MELODY,2,0.866,0.866,False,0.253,5.0,0
Note_001965,48,432185.69,454.56,Right,MELODY,5,0.866,0.866,False,0.31,-10.0,0
Note_001966,46,433277.07,454.56,Right,MELODY,4,0.866,0.866,True,0.287,-5.0,0
Note_001967,43,433822.76,454.56,Right,MELODY,2,0.866,0.866,False,0.253,5.0,0
Note_001968,65,434095.6,539.83,Right,MELODY,5,0.866,0.866,False,0.506,-10.0,0
Note_001969,48,434368.44,454.56,Right,MELODY,4,0.866,0.866,False,0.31,-5.0,0
Note_001970,65,434641.29,266.98,Right,MELODY,5,0.866,0.866,False,0.506,-10.0,0
Note_001971,62,434914.13,266.98,Right,MELODY,4,0.866,0.866,False,0.471,-5.0,0
Note_001972,62,435186.98,266.98,Right,MELODY,5,0.866,0.866,False,0.471,-10.0,0
Note_001973,46,435459.82,454.56,Right,INNER,1,0.866,0.866,True,0.385,0.0,0
Note_001974,63,435459.82,266.98,Right,MELODY,5,0.866,0.866,True,0.385,0.0,0
Note_001975,63,435732.67,266.98,Right,MELODY,4,0.866,0.866,True,0.483,-5.0,0
Note_001976,43,436005.51,454.56,Right,MELODY,2,0.866,0.866,False,0.253,5.0,0
Note_001977,48,436551.2,454.56,Right,MELODY,5,0.866,0.866,False,0.31,-10.0,0
Note_001978,46,437642.58,454.56,Right,MELODY,4,0.866,0.866,True,0.287,-5.0,0
Note_001979,43,438188.27,454.56,Right,MELODY,2,0.866,0.866,False,0.253,5.0,0
Note_001980,48,438733.96,454.56,Right,MELODY,5,0.866,0.866,False,0.31,-10.0,0
Note_001981,46,439825.33,454.56,Right,MELODY,4,0.866,0.866,True,0.287,-5.0,0
Note_001982,43,440371.02,454.56,Right,MELODY,2,0.866,0.866,False,0.253,5.0,0
Note_001983,48,440916.71,454.56,Right,INNER,1,0.866,0.866,False,0.379,5.0,0
Note_001984,60,440916.71,266.98,Right,MELODY,4,0.866,0.866,False,0.379,5.0,0
Note_001985,72,441189.56,266.98,Right,MELODY,5,0.866,0.866,False,0.586,-10.0,0
Note_001986,57,441462.4,266.98,Right,MELODY,4,0.866,0.866,False,0.414,-5.0,0
Note_001987,69,441735.25,266.98,Right,MELODY,5,0.866,0.866,False,0.552,-10.0,0
Note_001988,46,442008.09,454.56,Right,INNER,1,0.866,0.866,True,0.356,15.0,12
Note_001989,58,442008.09,266.98,Right,MELODY,2,0.866,0.866,True,0.356,15.0,12
Note_001990,70,442280.93,266.98,Right,MELODY,4,0.866,0.866,True,0.563,-5.0,0
Note_001991,43,442553.78,454.56,Right,MELODY,2,0.866,0.866,False,0.253,5.0,0
Note_001992,48,443099.47,454.56,Right,MELODY,5,0.866,0.866,False,0.31,-10.0,0
Note_001993,46,444190.85,454.56,Right,MELODY,4,0.866,0.866,True,0.287,-5.0,0
Note_001994,43,444736.54,454.56,Right,MELODY,2,0.866,0.866,False,0.253,5.0,0
Note_001995,48,445282.22,454.56,Right,INNER,1,0.866,0.866,False,0.379,5.0,0
Note_001996,60,445282.22,266.98,Right,MELODY,4,0.866,0.866,False,0.379,5.0,0
Note_001997,72,445555.07,266.98,Right,MELODY,5,0.866,0.866,False,0.586,-10.0,0
Note_001998,57,445827.91,266.98,Right,MELODY,4,0.866,0.866,False,0.414,-5.0,0
Note_001999,69,446100.76,266.98,Right,MELODY,5,0.866,0.866,False,0.552,-10.0,0
Note_002000,46,446373.6,454.56,Right,INNER,1,0.866,0.866,True,0.356,15.0,12
Note_002001,58,446373.6,266.98,Right,MELODY,2,0.866,0.866,True,0.356,15.0,12
Note_002002,70,446646.45,266.98,Right,MELODY,4,0.866,0.866,True,0.563,-5.0,0
Note_002003,43,446919.29,454.56,Right,MELODY,2,0.866,0.866,False,0.253,5.0,0
Note_002004,48,447464.98,454.56,Right,MELODY,5,0.866,0.866,False,0.31,-10.0,0
Note_002005,46,448556.36,454.56,Right,MELODY,4,0.866,0.866,True,0.287,-5.0,0
Note_002006,43,449102.05,454.56,Right,MELODY,3,0.866,0.866,False,0.253,0.0,0
Note_002007,41,449647.74,454.56,Right,INNER,1,0.866,0.866,False,0.299,15.0,0
Note_002008,53,449647.74,266.98,Right,MELODY,2,0.866,0.866,False,0.299,15.0,0
Note_002009,65,449920.58,266.98,Right,MELODY,4,0.866,0.866,False,0.506,-5.0,0
Note_002010,50,450193.43,266.98,Right,MELODY,2,0.866,0.866,False,0.333,5.0,0
Note_002011,62,450466.27,266.98,Right,MELODY,4,0.866,0.866,False,0.471,-5.0,0
Note_002012,39,450739.11,454.56,Left,BASS,3,0.866,0.866,True,0.207,-0.0,0
Note_002013,51,450739.11,266.98,Right,MELODY,2,0.866,0.866,True,0.345,5.0,0
Note_002014,63,451011.96,266.98,Right,MELODY,4,0.866,0.866,True,0.483,-5.0,0
Note_002015,43,451284.8,454.56,Right,MELODY,2,0.866,0.866,False,0.253,5.0,0
Note_002016,48,451830.49,454.56,Right,MELODY,5,0.866,0.866,False,0.31,-10.0,0
Note_002017,46,452921.87,454.56,Right,MELODY,4,0.866,0.866,True,0.287,-5.0,0
Note_002018,43,453467.56,454.56,Right,MELODY,3,0.866,0.866,False,0.253,0.0,0
Note_002019,41,454013.25,454.56,Right,INNER,1,0.866,0.866,False,0.299,15.0,0
Note_002020,53,454013.25,266.98,Right,MELODY,2,0.866,0.866,False,0.299,15.0,0
Note_002021,65,454286.09,266.98,Right,MELODY,4,0.866,0.866,False,0.506,-5.0,0
Note_002022,50,454558.94,266.98,Right,MELODY,2,0.866,0.866,False,0.333,5.0,0
Note_002023,62,454831.78,266.98,Right,MELODY,4,0.866,0.866,False,0.471,-5.0,0
Note_002024,39,455104.63,454.56,Left,BASS,2,0.866,0.866,True,0.207,5.0,0
Note_002025,51,455104.63,266.98,Right,MELODY,2,0.866,0.866,True,0.345,5.0,0
Note_002026,63,455377.47,266.98,Right,MELODY,4,0.866,0.866,True,0.483,-5.0,0
Note_002027,43,455650.32,454.56,Right,MELODY,2,0.866,0.866,False,0.253,5.0,0
Note_002028,48,456196.0,454.56,Right,MELODY,5,0.866,0.866,False,0.31,-10.0,0
Note_002029,46,457287.38,454.56,Right,MELODY,4,0.866,0.866,True,0.287,-5.0,0
Note_002030,43,457833.07,454.56,Right,MELODY,2,0.866,0.866,False,0.253,5.0,0
Note_002031,63,457969.49,130.56,Right,MELODY,4,0.866,0.866,True,0.483,-5.0,0
Note_002032,62,458105.92,130.56,Right,MELODY,3,0.866,0.866,False,0.471,0.0,0
Note_002033,61,458242.34,130.56,Right,MELODY,2,0.866,0.866,True,0.46,5.0,0
Note_002034,48,458378.76,454.56,Right,INNER,1,0.866,0.866,False,0.379,15.0,0
Note_002035,60,458378.76,454.56,Right,MELODY,2,0.866,0.866,False,0.379,15.0,0
Note_002036,63,458924.45,454.56,Right,MELODY,5,0.866,0.866,True,0.483,-10.0,-12
Note_002037,46,459470.14,454.56,Right,INNER,1,0.866,0.866,True,0.379,0.0,12
Note_002038,62,459470.14,454.56,Right,MELODY,5,0.866,0.866,False,0.379,0.0,12
Note_002039,43,460015.83,454.56,Right,INNER,1,0.866,0.866,False,0.328,10.0,0
Note_002040,56,460015.83,454.56,Right,MELODY,3,0.866,0.866,True,0.328,10.0,0
Note_002041,41,460561.52,454.56,Right,INNER,1,0.866,0.866,False,0.31,10.0,0
Note_002042,55,460561.52,454.56,Right,MELODY,3,0.866,0.866,False,0.31,10.0,0
Note_002043,61,461107.21,454.56,Right,MELODY,4,0.866,0.866,True,0.46,-5.0,0
Note_002044,39,461652.89,454.56,Left,BASS,5,0.866,0.866,True,0.207,-10.0,12
Note_002045,60,461652.89,198.77,Right,MELODY,2,0.866,0.866,False,0.448,5.0,0
Note_002046,66,461857.53,198.77,Right,MELODY,4,0.866,0.866,True,0.517,-5.0,0
Note_002047,65,462062.16,130.56,Right,MELODY,3,0.866,0.866,False,0.506,0.0,0
Note_002048,43,462198.58,454.56,Left,INNER,3,0.866,0.866,False,0.253,-0.0,0
Note_002049,64,462198.58,198.77,Right,MELODY,2,0.866,0.866,False,0.494,5.0,0
Note_002050,71,462403.22,198.77,Right,MELODY,5,0.866,0.866,False,0.575,-10.0,0
Note_002051,70,462607.85,130.56,Right,MELODY,4,0.866,0.866,True,0.563,-5.0,0
Note_002052,48,462744.27,454.56,Left,INNER,2,0.866,0.866,False,0.31,5.0,0
Note_002053,69,462744.27,403.4,Right,MELODY,3,0.866,0.866,False,0.552,0.0,0
Note_002054,63,463153.54,130.56,Right,MELODY,2,0.866,0.866,True,0.483,5.0,0
Note_002055,59,463426.38,403.4,Right,MELODY,1,0.866,0.866,False,0.437,10.0,0
Note_002056,46,463835.65,454.56,Right,INNER,1,0.866,0.866,True,0.356,5.0,12
Note_002057,58,463835.65,403.4,Right,MELODY,4,0.866,0.866,True,0.356,5.0,12
Note_002058,57,464244.92,130.56,Right,MELODY,4,0.866,0.866,False,0.414,-5.0,0
Note_002059,43,464381.34,454.56,Right,MELODY,2,0.866,0.866,False,0.253,5.0,0
Note_002060,56,464654.18,266.98,Right,MELODY,5,0.866,0.866,True,0.402,-10.0,-12
Note_002061,48,464927.03,454.56,Right,MELODY,4,0.866,0.866,False,0.31,-5.0,0
Note_002062,46,466018.41,454.56,Right,MELODY,3,0.866,0.866,True,0.287,0.0,0
Note_002063,43,466564.1,454.56,Right,MELODY,2,0.866,0.866,False,0.253,5.0,0
Note_002064,48,467109.78,454.56,Right,INNER,1,0.866,0.866,False,0.379,5.0,0
Note_002065,60,467109.78,266.98,Right,MELODY,4,0.866,0.866,False,0.379,5.0,0
Note_002066,72,467382.63,266.98,Right,MELODY,5,0.866,0.866,False,0.586,-10.0,0
Note_002067,57,467655.47,266.98,Right,MELODY,4,0.866,0.866,False,0.414,-5.0,0
Note_002068,69,467928.32,266.98,Right,MELODY,5,0.866,0.866,False,0.552,-10.0,0
Note_002069,46,468201.16,454.56,Right,INNER,1,0.866,0.866,True,0.356,15.0,12
Note_002070,58,468201.16,266.98,Right,MELODY,2,0.866,0.866,True,0.356,15.0,12
Note_002071,70,468474.01,266.98,Right,MELODY,4,0.866,0.866,True,0.563,-5.0,0
Note_002072,43,468746.85,454.56,Right,MELODY,2,0.866,0.866,False,0.253,5.0,0
Note_002073,48,469292.54,454.56,Right,MELODY,5,0.866,0.866,False,0.31,-10.0,0
Note_002074,46,470383.92,454.56,Right,MELODY,4,0.866,0.866,True,0.287,-5.0,0
Note_002075,43,470929.61,454.56,Right,MELODY,2,0.866,0.866,False,0.253,5.0,0
Note_002076,48,471475.3,454.56,Right,INNER,1,0.866,0.866,False,0.379,5.0,0
Note_002077,60,471475.3,266.98,Right,MELODY,4,0.866,0.866,False,0.379,5.0,0
Note_002078,72,471748.14,266.98,Right,MELODY,5,0.866,0.866,False,0.586,-10.0,0
Note_002079,57,472020.99,266.98,Right,MELODY,4,0.866,0.866,False,0.414,-5.0,0
Note_002080,69,472293.83,266.98,Right,MELODY,5,0.866,0.866,False,0.552,-10.0,0
Note_002081,46,472566.67,454.56,Right,INNER,1,0.866,0.866,True,0.356,15.0,12
Note_002082,58,472566.67,266.98,Right,MELODY,2,0.866,0.866,True,0.356,15.0,12
Note_002083,70,472839.52,266.98,Right,MELODY,4,0.866,0.866,True,0.563,-5.0,0
Note_002084,43,473112.36,454.56,Right,MELODY,2,0.866,0.866,False,0.253,5.0,0
Note_002085,48,473658.05,454.56,Right,MELODY,5,0.866,0.866,False,0.31,-10.0,0
Note_002086,46,474749.43,454.56,Right,MELODY,4,0.866,0.866,True,0.287,-5.0,0
Note_002087,43,475295.12,454.56,Right,MELODY,3,0.866,0.866,False,0.253,0.0,0
Note_002088,41,475840.81,454.56,Right,INNER,1,0.866,0.866,False,0.299,15.0,0
Note_002089,53,475840.81,266.98,Right,MELODY,2,0.866,0.866,False,0.299,15.0,0
Note_002090,65,476113.65,266.98,Right,MELODY,4,0.866,0.866,False,0.506,-5.0,0
Note_002091,50,476386.5,266.98,Right,MELODY,2,0.866,0.866,False,0.333,5.0,0
Note_002092,62,476659.34,266.98,Right,MELODY,4,0.866,0.866,False,0.471,-5.0,0
Note_002093,39,476932.19,454.56,Left,BASS,3,0.866,0.866,True,0.207,-0.0,0
Note_002094,51,476932.19,266.98,Right,MELODY,2,0.866,0.866,True,0.345,5.0,0
Note_002095,63,477205.03,266.98,Right,MELODY,4,0.866,0.866,True,0.483,-5.0,0
Note_002096,43,477477.88,454.56,Right,MELODY,2,0.866,0.866,False,0.253,5.0,0
Note_002097,48,478023.56,454.56,Right,MELODY,5,0.866,0.866,False,0.31,-10.0,0
Note_002098,46,479114.94,454.56,Right,MELODY,4,0.866,0.866,True,0.287,-5.0,0
Note_002099,43,479660.63,454.56,Right,MELODY,3,0.866,0.866,False,0.253,0.0,0
Note_002100,41,480206.32,454.56,Right,INNER,1,0.866,0.866,False,0.299,15.0,0
Note_002101,53,480206.32,266.98,Right,MELODY,2,0.866,0.866,False,0.299,15.0,0
Note_002102,65,480479.16,266.98,Right,MELODY,4,0.866,0.866,False,0.506,-5.0,0
Note_002103,50,480752.01,266.98,Right,MELODY,2,0.866,0.866,False,0.333,5.0,0
Note_002104,62,481024.85,266.98,Right,MELODY,4,0.866,0.866,False,0.471,-5.0,0
Note_002105,39,481297.7,454.56,Left,BASS,2,0.866,0.866,True,0.207,5.0,0
Note_002106,51,481297.7,266.98,Right,MELODY,2,0.866,0.866,True,0.345,5.0,0
Note_002107,63,481570.54,266.98,Right,MELODY,4,0.866,0.866,True,0.483,-5.0,0
Note_002108,43,481843.39,454.56,Right,MELODY,2,0.866,0.866,False,0.253,5.0,0
Note_002109,48,482389.08,454.56,Right,MELODY,5,0.866,0.866,False,0.31,-10.0,0
Note_002110,46,483480.45,454.56,Right,MELODY,4,0.866,0.866,True,0.287,-5.0,0
Note_002111,43,484026.14,454.56,Right,MELODY,2,0.866,0.866,False,0.253,5.0,0
Note_002112,63,484162.57,130.56,Right,MELODY,4,0.866,0.866,True,0.483,-5.0,0
Note_002113,62,484298.99,130.56,Right,MELODY,3,0.866,0.866,False,0.471,0.0,0
Note_002114,61,484435.41,130.56,Right,MELODY,2,0.866,0.866,True,0.46,5.0,0
Note_002115,48,484571.83,454.56,Right,INNER,1,0.866,0.866,False,0.379,15.0,0
Note_002116,60,484571.83,454.56,Right,MELODY,2,0.866,0.866,False,0.379,15.0,0
Note_002117,63,485117.52,454.56,Right,MELODY,5,0.866,0.866,True,0.483,-10.0,-12
Note_002118,46,485663.21,454.56,Right,INNER,1,0.866,0.866,True,0.379,0.0,12
Note_002119,62,485663.21,454.56,Right,MELODY,5,0.866,0.866,False,0.379,0.0,12
Note_002120,43,486208.9,454.56,Right,INNER,1,0.866,0.866,False,0.328,10.0,0
Note_002121,56,486208.9,454.56,Right,MELODY,3,0.866,0.866,True,0.328,10.0,0
Note_002122,41,486754.59,454.56,Right,INNER,1,0.866,0.866,False,0.31,10.0,0
Note_002123,55,486754.59,454.56,Right,MELODY,3,0.866,0.866,False,0.31,10.0,0
Note_002124,61,487300.28,454.56,Right,MELODY,4,0.866,0.866,True,0.46,-5.0,0
Note_002125,39,487845.97,454.56,Left,BASS,5,0.866,0.866,True,0.207,-10.0,12
Note_002126,60,487845.97,198.77,Right,MELODY,2,0.866,0.866,False,0.448,5.0,0
Note_002127,66,488050.6,198.77,Right,MELODY,4,0.866,0.866,True,0.517,-5.0,0
Note_002128,65,488255.23,130.56,Right,MELODY,3,0.866,0.866,False,0.506,0.0,0
Note_002129,43,488391.66,454.56,Left,INNER,3,0.866,0.866,False,0.253,-0.0,0
Note_002130,64,488391.66,198.77,Right,MELODY,2,0.866,0.866,False,0.494,5.0,0
Note_002131,71,488596.29,198.77,Right,MELODY,5,0.866,0.866,False,0.575,-10.0,0
Note_002132,70,488800.92,130.56,Right,MELODY,4,0.866,0.866,True,0.563,-5.0,0
Note_002133,48,488937.34,454.56,Left,INNER,2,0.866,0.866,False,0.31,5.0,0
Note_002134,69,488937.34,403.4,Right,MELODY,3,0.866,0.866,False,0.552,0.0,0
Note_002135,63,489346.61,130.56,Right,MELODY,2,0.866,0.866,True,0.483,5.0,0
Note_002136,59,489619.46,403.4,Right,MELODY,1,0.866,0.866,False,0.437,10.0,0
Note_002137,46,490028.72,454.56,Right,INNER,1,0.866,0.866,True,0.356,5.0,12
Note_002138,58,490028.72,403.4,Right,MELODY,4,0.866,0.866,True,0.356,5.0,12
Note_002139,57,490437.99,130.56,Right,MELODY,4,0.866,0.866,False,0.414,-5.0,0
Note_002140,43,490574.41,454.56,Right,MELODY,2,0.866,0.866,False,0.253,5.0,0
Note_002141,56,490847.26,266.98,Right,MELODY,5,0.866,0.866,True,0.402,-10.0,-12
Note_002142,48,491120.1,454.56,Right,MELODY,4,0.866,0.866,False,0.31,-5.0,0
Note_002143,46,492211.48,454.56,Right,MELODY,3,0.866,0.866,True,0.287,0.0,0
Note_002144,43,492757.17,454.56,Right,MELODY,2,0.866,0.866,False,0.253,5.0,0
Note_002145,52,493302.86,454.56,Left,INNER,2,0.866,0.866,False,0.402,15.0,0
Note_002146,60,493302.86,454.56,Left,INNER,1,0.866,0.866,False,0.402,15.0,0
Note_002147,72,493302.86,454.56,Right,INNER,1,0.866,0.866,False,0.628,10.0,0
Note_002148,76,493302.86,454.56,Right,INNER,2,0.866,0.866,False,0.628,10.0,0
Note_002149,79,493302.86,454.56,Right,MELODY,4,0.866,0.866,False,0.628,10.0,0
Note_002150,53,494121.39,266.98,Left,INNER,2,0.866,0.866,False,0.408,15.0,0
Note_002151,60,494121.39,266.98,Left,INNER,1,0.866,0.866,False,0.408,15.0,0
Note_002152,72,494121.39,266.98,Right,INNER,1,0.866,0.866,False,0.64,10.0,0
Note_002153,77,494121.39,266.98,Right,INNER,2,0.866,0.866,False,0.64,10.0,0
Note_002154,81,494121.39,266.98,Right,MELODY,4,0.866,0.866,False,0.64,10.0,0
Note_002155,52,494667.08,266.98,Left,INNER,2,0.866,0.866,False,0.402,15.0,0
Note_002156,60,494667.08,266.98,Left,INNER,1,0.866,0.866,False,0.402,15.0,0
Note_002157,72,494667.08,266.98,Right,INNER,1,0.866,0.866,False,0.628,10.0,0
Note_002158,76,494667.08,266.98,Right,INNER,2,0.866,0.866,False,0.628,10.0,0
Note_002159,79,494667.08,266.98,Right,MELODY,4,0.866,0.866,False,0.628,10.0,0
Note_002160,51,495212.77,266.98,Left,INNER,3,0.866,0.866,True,0.368,5.0,0
Note_002161,55,495212.77,266.98,Left,INNER,2,0.866,0.866,False,0.368,5.0,0
Note_002162,72,495212.77,266.98,Right,INNER,1,0.866,0.866,False,0.621,10.0,0
Note_002163,75,495212.77,266.98,Right,INNER,2,0.866,0.866,True,0.621,10.0,0
Note_002164,78,495212.77,266.98,Right,MELODY,4,0.866,0.866,True,0.621,10.0,0
Note_002165,52,495485.61,266.98,Left,INNER,2,0.866,0.866,False,0.402,15.0,0
Note_002166,60,495485.61,266.98,Left,INNER,1,0.866,0.866,False,0.402,15.0,0
Note_002167,72,495485.61,266.98,Right,INNER,1,0.866,0.866,False,0.628,10.0,0
Note_002168,76,495485.61,266.98,Right,INNER,2,0.866,0.866,False,0.628,10.0,0
Note_002169,79,495485.61,266.98,Right,MELODY,4,0.866,0.866,False,0.628,10.0,0
Note_002170,55,495758.46,266.98,Left,INNER,3,0.866,0.866,False,0.42,5.0,0
Note_002171,60,495758.46,266.98,Left,INNER,2,0.866,0.866,False,0.42,5.0,0
Note_002172,76,495758.46,266.98,Right,INNER,1,0.866,0.866,False,0.674,5.0,0
Note_002173,79,495758.46,266.98,Right,INNER,2,0.866,0.866,False,0.674,5.0,0
Note_002174,84,495758.46,266.98,Right,MELODY,5,0.866,0.866,False,0.674,5.0,0
Note_002175,60,496031.3,454.56,Left,INNER,2,0.866,0.866,False,0.448,5.0,0
Note_002176,79,496031.3,454.56,Right,INNER,2,0.866,0.866,False,0.72,-0.0,0
Note_002177,84,496031.3,454.56,Right,INNER,3,0.866,0.866,False,0.72,-0.0,0
Note_002178,88,496031.3,454.56,Right,MELODY,4,0.866,0.866,False,0.72,-0.0,0
Note_002179,67,497122.68,266.98,Right,MELODY,2,0.866,0.866,False,0.529,5.0,0
Note_002180,72,497395.52,266.98,Right,MELODY,5,0.866,0.866,False,0.586,-10.0,0
Note_002181,50,497668.37,454.56,Left,INNER,2,0.866,0.866,False,0.385,15.0,0
Note_002182,59,497668.37,454.56,Left,INNER,1,0.866,0.866,False,0.385,15.0,0
Note_002183,71,497668.37,454.56,Right,INNER,1,0.866,0.866,False,0.609,10.0,0
Note_002184,74,497668.37,454.56,Right,INNER,2,0.866,0.866,False,0.609,10.0,0
Note_002185,77,497668.37,454.56,Right,MELODY,4,0.866,0.866,False,0.609,10.0,0
Note_002186,52,498486.9,266.98,Left,INNER,2,0.866,0.866,False,0.397,15.0,0
Note_002187,59,498486.9,266.98,Left,INNER,1,0.866,0.866,False,0.397,15.0,0
Note_002188,71,498486.9,266.98,Right,INNER,1,0.866,0.866,False,0.625,10.0,0
Note_002189,76,498486.9,266.98,Right,INNER,2,0.866,0.866,False,0.625,10.0,0
Note_002190,79,498486.9,266.98,Right,MELODY,4,0.866,0.866,False,0.625,10.0,0
Note_002191,50,499032.59,266.98,Left,INNER,2,0.866,0.866,False,0.385,15.0,0
Note_002192,59,499032.59,266.98,Left,INNER,1,0.866,0.866,False,0.385,15.0,0
Note_002193,71,499032.59,266.98,Right,INNER,1,0.866,0.866,False,0.609,10.0,0
Note_002194,74,499032.59,266.98,Right,INNER,2,0.866,0.866,False,0.609,10.0,0
Note_002195,77,499032.59,266.98,Right,MELODY,4,0.866,0.866,False,0.609,10.0,0
Note_002196,49,499578.28,266.98,Left,INNER,3,0.866,0.866,True,0.356,5.0,0
Note_002197,55,499578.28,266.98,Left,INNER,2,0.866,0.866,False,0.356,5.0,0
Note_002198,70,499578.28,266.98,Right,INNER,1,0.866,0.866,True,0.598,10.0,12
Note_002199,73,499578.28,266.98,Right,INNER,2,0.866,0.866,True,0.598,10.0,12
Note_002200,76,499578.28,266.98,Right,MELODY,4,0.866,0.866,False,0.598,10.0,12
Note_002201,50,499851.12,266.98,Left,INNER,2,0.866,0.866,False,0.385,15.0,0
Note_002202,59,499851.12,266.98,Left,INNER,1,0.866,0.866,False,0.385,15.0,0
Note_002203,71,499851.12,266.98,Right,INNER,1,0.866,0.866,False,0.609,10.0,0
Note_002204,74,499851.12,266.98,Right,INNER,2,0.866,0.866,False,0.609,10.0,0
Note_002205,77,499851.12,266.98,Right,MELODY,4,0.866,0.866,False,0.609,10.0,0
Note_002206,55,500123.97,266.98,Left,INNER,3,0.866,0.866,False,0.414,5.0,0
Note_002207,59,500123.97,266.98,Left,INNER,2,0.866,0.866,False,0.414,5.0,0
Note_002208,74,500123.97,266.98,Right,INNER,1,0.866,0.866,False,0.663,5.0,0
Note_002209,79,500123.97,266.98,Right,INNER,2,0.866,0.866,False,0.663,5.0,0
Note_002210,83,500123.97,266.98,Right,MELODY,5,0.866,0.866,False,0.663,5.0,0
Note_002211,59,500396.81,454.56,Left,INNER,2,0.866,0.866,False,0.437,5.0,0
Note_002212,79,500396.81,454.56,Right,INNER,2,0.866,0.866,False,0.709,-0.0,0
Note_002213,83,500396.81,454.56,Right,INNER,3,0.866,0.866,False,0.709,-0.0,0
Note_002214,86,500396.81,454.56,Right,MELODY,4,0.866,0.866,False,0.709,-0.0,0
Note_002215,67,501488.19,266.98,Right,MELODY,2,0.866,0.866,False,0.529,5.0,0
Note_002216,71,501761.04,266.98,Right,MELODY,5,0.866,0.866,False,0.575,-10.0,0
Note_002217,48,502033.88,454.56,Left,INNER,2,0.866,0.866,False,0.362,15.0,0
Note_002218,57,502033.88,454.56,Left,INNER,1,0.866,0.866,False,0.362,15.0,0
Note_002219,69,502033.88,454.56,Right,INNER,1,0.866,0.866,False,0.59,10.0,0
Note_002220,72,502033.88,454.56,Right,INNER,2,0.866,0.866,False,0.59,10.0,0
Note_002221,76,502033.88,454.56,Right,MELODY,4,0.866,0.866,False,0.59,10.0,0
Note_002222,50,502852.41,266.98,Left,INNER,2,0.866,0.866,False,0.374,15.0,0
Note_002223,57,502852.41,266.98,Left,INNER,1,0.866,0.866,False,0.374,15.0,0
Note_002224,69,502852.41,266.98,Right,INNER,1,0.866,0.866,False,0.602,10.0,0
Note_002225,74,502852.41,266.98,Right,INNER,2,0.866,0.866,False,0.602,10.0,0
Note_002226,77,502852.41,266.98,Right,MELODY,4,0.866,0.866,False,0.602,10.0,0
Note_002227,48,503398.1,266.98,Left,INNER,2,0.866,0.866,False,0.362,15.0,0
Note_002228,57,503398.1,266.98,Left,INNER,1,0.866,0.866,False,0.362,15.0,0
Note_002229,69,503398.1,266.98,Right,INNER,1,0.866,0.866,False,0.59,10.0,0
Note_002230,72,503398.1,266.98,Right,INNER,2,0.866,0.866,False,0.59,10.0,0
Note_002231,76,503398.1,266.98,Right,MELODY,4,0.866,0.866,False,0.59,10.0,0
Note_002232,47,503943.79,266.98,Left,INNER,3,0.866,0.866,False,0.328,5.0,0
Note_002233,52,503943.79,266.98,Left,INNER,2,0.866,0.866,False,0.328,5.0,0
Note_002234,68,503943.79,266.98,Right,INNER,1,0.866,0.866,True,0.579,10.0,12
Note_002235,71,503943.79,266.98,Right,INNER,2,0.866,0.866,False,0.579,10.0,12
Note_002236,75,503943.79,266.98,Right,MELODY,4,0.866,0.866,True,0.579,10.0,12
Note_002237,48,504216.64,266.98,Left,INNER,2,0.866,0.866,False,0.362,15.0,0
Note_002238,57,504216.64,266.98,Left,INNER,1,0.866,0.866,False,0.362,15.0,0
Note_002239,69,504216.64,266.98,Right,INNER,1,0.866,0.866,False,0.59,10.0,0
Note_002240,72,504216.64,266.98,Right,INNER,2,0.866,0.866,False,0.59,10.0,0
Note_002241,76,504216.64,266.98,Right,MELODY,4,0.866,0.866,False,0.59,10.0,0
Note_002242,52,504489.48,266.98,Left,INNER,3,0.866,0.866,False,0.385,5.0,0
Note_002243,57,504489.48,266.98,Left,INNER,2,0.866,0.866,False,0.385,5.0,0
Note_002244,72,504489.48,266.98,Right,INNER,1,0.866,0.866,False,0.636,5.0,0
Note_002245,76,504489.48,266.98,Right,INNER,2,0.866,0.866,False,0.636,5.0,0
Note_002246,81,504489.48,266.98,Right,MELODY,5,0.866,0.866,False,0.636,5.0,0
Note_002247,57,504762.33,454.56,Left,INNER,2,0.866,0.866,False,0.414,5.0,0
Note_002248,76,504762.33,454.56,Right,INNER,1,0.866,0.866,False,0.682,15.0,0
Note_002249,81,504762.33,454.56,Right,INNER,2,0.866,0.866,False,0.682,15.0,0
Note_002250,84,504762.33,454.56,Right,MELODY,3,0.866,0.866,False,0.682,15.0,0
Note_002251,48,505580.86,266.98,Left,INNER,2,0.866,0.866,False,0.362,15.0,0
Note_002252,57,505580.86,266.98,Left,INNER,1,0.866,0.866,False,0.362,15.0,0
Note_002253,72,505580.86,266.98,Right,INNER,1,0.866,0.866,False,0.636,10.0,0
Note_002254,76,505580.86,266.98,Right,INNER,2,0.866,0.866,False,0.636,10.0,0
Note_002255,81,505580.86,266.98,Right,MELODY,4,0.866,0.866,False,0.636,10.0,0
Note_002256,50,505853.7,266.98,Left,INNER,2,0.866,0.866,False,0.385,15.0,0
Note_002257,59,505853.7,266.98,Left,INNER,1,0.866,0.866,False,0.385,15.0,0
Note_002258,74,505853.7,266.98,Right,INNER,1,0.866,0.866,False,0.659,10.0,0
Note_002259,78,505853.7,266.98,Right,INNER,2,0.866,0.866,True,0.659,10.0,0
Note_002260,83,505853.7,266.98,Right,MELODY,4,0.866,0.866,False,0.659,10.0,0
Note_002261,52,506126.55,266.98,Left,INNER,2,0.866,0.866,False,0.402,15.0,0
Note_002262,60,506126.55,266.98,Left,INNER,1,0.866,0.866,False,0.402,15.0,0
Note_002263,69,506126.55,266.98,Right,INNER,1,0.866,0.866,False,0.649,10.0,0
Note_002264,76,506126.55,266.98,Right,INNER,2,0.866,0.866,False,0.649,10.0,0
Note_002265,81,506126.55,266.98,Right,INNER,3,0.866,0.866,False,0.649,10.0,0
Note_002266,84,506126.55,266.98,Right,MELODY,4,0.866,0.866,False,0.649,10.0,0
Note_002267,54,506399.39,266.98,Left,INNER,2,0.866,0.866,True,0.425,15.0,0
Note_002268,62,506399.39,266.98,Left,INNER,1,0.866,0.866,False,0.425,15.0,0
Note_002269,78,506399.39,266.98,Right,INNER,1,0.866,0.866,True,0.705,10.0,12
Note_002270,83,506399.39,266.98,Right,INNER,2,0.866,0.866,False,0.705,10.0,12
Note_002271,86,506399.39,266.98,Right,MELODY,4,0.866,0.866,False,0.705,10.0,12
Note_002272,54,506672.24,266.98,Left,INNER,3,0.866,0.866,True,0.414,5.0,0
Note_002273,60,506672.24,266.98,Left,INNER,2,0.866,0.866,False,0.414,5.0,0
Note_002274,78,506672.24,266.98,Right,INNER,1,0.866,0.866,True,0.69,10.0,12
Note_002275,81,506672.24,266.98,Right,INNER,2,0.866,0.866,False,0.69,10.0,12
Note_002276,84,506672.24,266.98,Right,MELODY,4,0.866,0.866,False,0.69,10.0,12
Note_002277,54,506945.08,266.98,Left,INNER,2,0.866,0.866,True,0.425,15.0,0
Note_002278,62,506945.08,266.98,Left,INNER,1,0.866,0.866,False,0.425,15.0,0
Note_002279,78,506945.08,266.98,Right,INNER,1,0.866,0.866,True,0.705,10.0,12
Note_002280,83,506945.08,266.98,Right,INNER,2,0.866,0.866,False,0.705,10.0,12
Note_002281,86,506945.08,266.98,Right,MELODY,4,0.866,0.866,False,0.705,10.0,12
Note_002282,54,507217.93,539.83,Left,INNER,3,0.866,0.866,True,0.414,5.0,0
Note_002283,60,507217.93,539.83,Left,INNER,2,0.866,0.866,False,0.414,5.0,0
Note_002284,78,507217.93,539.83,Right,INNER,1,0.866,0.866,True,0.69,10.0,12
Note_002285,81,507217.93,539.83,Right,INNER,2,0.866,0.866,False,0.69,10.0,12
Note_002286,84,507217.93,539.83,Right,MELODY,4,0.866,0.866,False,0.69,10.0,12
Note_002287,50,507763.61,266.98,Left,INNER,2,0.866,0.866,False,0.374,15.0,0
Note_002288,57,507763.61,266.98,Left,INNER,1,0.866,0.866,False,0.374,15.0,0
Note_002289,74,507763.61,266.98,Right,INNER,1,0.866,0.866,False,0.651,5.0,0
Note_002290,78,507763.61,266.98,Right,INNER,2,0.866,0.866,True,0.651,5.0,0
Note_002291,81,507763.61,266.98,Right,MELODY,5,0.866,0.866,False,0.651,5.0,0
Note_002292,48,508036.46,266.98,Left,INNER,3,0.866,0.866,False,0.345,5.0,0
Note_002293,54,508036.46,266.98,Left,INNER,2,0.866,0.866,True,0.345,5.0,0
Note_002294,72,508036.46,266.98,Right,INNER,1,0.866,0.866,False,0.617,15.0,0
Note_002295,74,508036.46,266.98,Right,INNER,2,0.866,0.866,False,0.617,15.0,0
Note_002296,78,508036.46,266.98,Right,MELODY,3,0.866,0.866,True,0.617,15.0,0
Note_002297,45,508309.3,266.98,Left,INNER,2,0.866,0.866,False,0.305,15.0,0
Note_002298,50,508309.3,266.98,Left,INNER,1,0.866,0.866,False,0.305,15.0,0
Note_002299,69,508309.3,266.98,Right,INNER,1,0.866,0.866,False,0.582,10.0,0
Note_002300,72,508309.3,266.98,Right,INNER,2,0.866,0.866,False,0.582,10.0,0
Note_002301,74,508309.3,266.98,Right,MELODY,4,0.866,0.866,False,0.582,10.0,0
Note_002302,45,508582.15,266.98,Left,INNER,3,0.866,0.866,False,0.305,5.0,0
Note_002303,50,508582.15,266.98,Left,INNER,2,0.866,0.866,False,0.305,5.0,0
Note_002304,69,508582.15,266.98,Right,INNER,1,0.866,0.866,False,0.569,5.0,0
Note_002305,72,508582.15,266.98,Right,MELODY,4,0.866,0.866,False,0.569,5.0,0
Note_002306,47,508854.99,266.98,Left,INNER,2,0.866,0.866,False,0.328,15.0,0
Note_002307,52,508854.99,266.98,Left,INNER,1,0.866,0.866,False,0.328,15.0,0
Note_002308,69,508854.99,266.98,Right,MELODY,5,0.866,0.866,False,0.552,-10.0,0
Note_002309,49,509127.84,266.98,Right,INNER,3,0.866,0.866,True,0.345,-5.0,0
Note_002310,53,509127.84,266.98,Right,MELODY,4,0.866,0.866,False,0.345,-5.0,0
Note_002311,50,509400.68,1227.8,Right,INNER,2,0.866,0.866,False,0.356,5.0,0
Note_002312,54,509400.68,1227.8,Right,MELODY,3,0.866,0.866,True,0.356,5.0,0
Note_002313,69,510764.9,454.56,Right,INNER,1,0.866,0.866,False,0.598,10.0,0
Note_002314,74,510764.9,454.56,Right,INNER,2,0.866,0.866,False,0.598,10.0,0
Note_002315,76,510764.9,454.56,Right,MELODY,4,0.866,0.866,False,0.598,10.0,0
Note_002316,57,511310.59,454.56,Right,MELODY,5,0.866,0.866,False,0.414,-10.0,0
Note_002317,69,511856.28,454.56,Right,INNER,1,0.866,0.866,False,0.598,10.0,0
Note_002318,74,511856.28,454.56,Right,INNER,2,0.866,0.866,False,0.598,10.0,0
Note_002319,76,511856.28,454.56,Right,MELODY,4,0.866,0.866,False,0.598,10.0,0
Note_002320,57,512401.97,454.56,Right,MELODY,5,0.866,0.866,False,0.414,-10.0,0
Note_002321,69,512947.66,454.56,Right,INNER,1,0.866,0.866,False,0.598,10.0,0
Note_002322,74,512947.66,454.56,Right,INNER,2,0.866,0.866,False,0.598,10.0,0
Note_002323,76,512947.66,454.56,Right,MELODY,4,0.866,0.866,False,0.598,10.0,0
Note_002324,57,513493.35,454.56,Right,INNER,1,0.866,0.866,False,0.506,0.0,-12
Note_002325,73,513493.35,266.98,Right,MELODY,5,0.866,0.866,True,0.506,0.0,-12
Note_002326,57,513766.19,266.98,Right,MELODY,4,0.866,0.866,False,0.414,-5.0,0
Note_002327,59,514039.04,266.98,Right,INNER,1,0.866,0.866,False,0.506,0.0,0
Note_002328,71,514039.04,454.56,Right,MELODY,5,0.866,0.866,False,0.506,0.0,0
Note_002329,59,514311.88,266.98,Right,MELODY,4,0.866,0.866,False,0.437,-5.0,0
Note_002330,60,514584.73,266.98,Right,INNER,1,0.866,0.866,False,0.506,15.0,0
Note_002331,70,514584.73,454.56,Right,MELODY,2,0.866,0.866,True,0.506,15.0,0
Note_002332,60,514857.57,266.98,Right,MELODY,5,0.866,0.866,False,0.448,-10.0,0
Note_002333,57,515130.42,266.98,Right,INNER,1,0.866,0.866,False,0.483,5.0,0
Note_002334,69,515130.42,954.96,Right,MELODY,4,0.866,0.866,False,0.483,5.0,0
Note_002335,50,515403.26,266.98,Right,INNER,2,0.866,0.866,False,0.375,-5.0,0
Note_002336,54,515403.26,266.98,Right,INNER,3,0.866,0.866,True,0.375,-5.0,0
Note_002337,57,515403.26,266.98,Right,MELODY,5,0.866,0.866,False,0.375,-5.0,0
Note_002338,50,515676.11,266.98,Right,MELODY,2,0.866,0.866,False,0.333,5.0,0
Note_002339,50,515948.95,266.98,Right,INNER,2,0.866,0.866,False,0.375,0.0,0
Note_002340,54,515948.95,266.98,Right,INNER,3,0.866,0.866,True,0.375,0.0,0
Note_002341,57,515948.95,266.98,Right,MELODY,4,0.866,0.866,False,0.375,0.0,0
Note_002342,50,516221.79,454.56,Left,INNER,3,0.866,0.866,False,0.375,15.0,0
Note_002343,54,516221.79,454.56,Left,INNER,2,0.866,0.866,True,0.375,15.0,0
Note_002344,57,516221.79,454.56,Left,INNER,1,0.866,0.866,False,0.375,15.0,0
Note_002345,71,516221.79,454.56,Right,MELODY,5,0.866,0.866,False,0.575,-10.0,0
Note_002346,50,516767.48,266.98,Left,INNER,3,0.866,0.866,False,0.333,-0.0,0
Note_002347,69,516767.48,454.56,Right,MELODY,4,0.866,0.866,False,0.552,-5.0,0
Note_002348,57,517040.33,266.98,Right,MELODY,2,0.866,0.866,False,0.414,5.0,0
Note_002349,57,517313.17,266.98,Right,INNER,1,0.866,0.866,False,0.443,0.0,0
Note_002350,62,517313.17,1500.64,Right,MELODY,5,0.866,0.866,False,0.443,0.0,0
Note_002351,50,517586.02,266.98,Right,INNER,2,0.866,0.866,False,0.375,0.0,0
Note_002352,54,517586.02,266.98,Right,INNER,3,0.866,0.866,True,0.375,0.0,0
Note_002353,57,517586.02,266.98,Right,MELODY,4,0.866,0.866,False,0.375,0.0,0
Note_002354,50,517858.86,266.98,Right,MELODY,2,0.866,0.866,False,0.333,5.0,0
Note_002355,50,518131.71,266.98,Right,INNER,1,0.866,0.866,False,0.375,10.0,0
Note_002356,54,518131.71,266.98,Right,INNER,2,0.866,0.866,True,0.375,10.0,0
Note_002357,57,518131.71,266.98,Right,MELODY,4,0.866,0.866,False,0.375,10.0,0
Note_002358,50,518404.55,454.56,Right,INNER,1,0.866,0.866,False,0.375,10.0,0
Note_002359,54,518404.55,454.56,Right,INNER,2,0.866,0.866,True,0.375,10.0,0
Note_002360,57,518404.55,454.56,Right,MELODY,4,0.866,0.866,False,0.375,10.0,0
Note_002361,50,518950.24,266.98,Right,INNER,2,0.866,0.866,False,0.375,0.0,0
Note_002362,54,518950.24,266.98,Right,INNER,3,0.866,0.866,True,0.375,0.0,0
Note_002363,57,518950.24,266.98,Right,MELODY,4,0.866,0.866,False,0.375,0.0,0
Note_002364,48,519223.08,266.98,Right,MELODY,1,0.866,0.866,False,0.31,10.0,0
Note_002365,43,519495.93,266.98,Right,INNER,1,0.866,0.866,False,0.345,0.0,0
Note_002366,59,519495.93,454.56,Right,MELODY,5,0.866,0.866,False,0.345,0.0,0
Note_002367,50,519768.77,266.98,Right,INNER,2,0.866,0.866,False,0.387,0.0,0
Note_002368,55,519768.77,266.98,Right,INNER,3,0.866,0.866,False,0.387,0.0,0
Note_002369,59,519768.77,266.98,Right,MELODY,4,0.866,0.866,False,0.387,0.0,0
Note_002370,38,520041.62,130.56,Left,BASS,5,0.866,0.866,False,0.195,-10.0,0
Note_002371,59,520041.62,454.56,Right,MELODY,5,0.866,0.866,False,0.437,-10.0,0
Note_002372,50,520178.04,403.4,Right,INNER,1,0.866,0.866,False,0.387,10.0,0
Note_002373,55,520178.04,403.4,Right,INNER,2,0.866,0.866,False,0.387,10.0,0
Note_002374,59,520178.04,403.4,Right,MELODY,4,0.866,0.866,False,0.387,10.0,0
Note_002375,43,520587.31,403.4,Left,INNER,2,0.866,0.866,False,0.253,5.0,0
Note_002376,50,520587.31,403.4,Right,INNER,1,0.866,0.866,False,0.414,5.0,0
Note_002377,55,520587.31,403.4,Right,INNER,2,0.866,0.866,False,0.414,5.0,0
Note_002378,59,520587.31,403.4,Right,INNER,3,0.866,0.866,False,0.414,5.0,0
Note_002379,64,520587.31,454.56,Right,MELODY,5,0.866,0.866,False,0.414,5.0,0
Note_002380,50,520996.57,130.56,Right,INNER,2,0.866,0.866,False,0.387,0.0,0
Note_002381,55,520996.57,130.56,Right,INNER,3,0.866,0.866,False,0.387,0.0,0
Note_002382,59,520996.57,130.56,Right,MELODY,4,0.866,0.866,False,0.387,0.0,0
Note_002383,38,521133.0,266.98,Left,BASS,5,0.866,0.866,False,0.195,-10.0,0
Note_002384,62,521133.0,454.56,Right,MELODY,5,0.866,0.866,False,0.471,-10.0,0
Note_002385,50,521405.84,266.98,Right,INNER,1,0.866,0.866,False,0.387,10.0,0
Note_002386,55,521405.84,266.98,Right,INNER,2,0.866,0.866,False,0.387,10.0,0
Note_002387,59,521405.84,266.98,Right,MELODY,4,0.866,0.866,False,0.387,10.0,0
Note_002388,44,521678.68,266.98,Right,INNER,1,0.866,0.866,True,0.351,0.0,12
Note_002389,59,521678.68,1500.64,Right,MELODY,5,0.866,0.866,False,0.351,0.0,12
Note_002390,52,521951.53,266.98,Right,INNER,1,0.866,0.866,False,0.398,10.0,0
Note_002391,56,521951.53,266.98,Right,INNER,2,0.866,0.866,True,0.398,10.0,0
Note_002392,59,521951.53,266.98,Right,MELODY,4,0.866,0.866,False,0.398,10.0,0
Note_002393,38,522224.37,266.98,Left,BASS,5,0.866,0.866,False,0.195,-10.0,0
Note_002394,52,522497.22,266.98,Right,INNER,1,0.866,0.866,False,0.398,10.0,0
Note_002395,56,522497.22,266.98,Right,INNER,2,0.866,0.866,True,0.398,10.0,0
Note_002396,59,522497.22,266.98,Right,MELODY,4,0.866,0.866,False,0.398,10.0,0
Note_002397,44,522770.06,454.56,Right,INNER,1,0.866,0.866,True,0.365,10.0,12
Note_002398,52,522770.06,454.56,Right,INNER,2,0.866,0.866,False,0.365,10.0,12
Note_002399,56,522770.06,454.56,Right,INNER,3,0.866,0.866,True,0.365,10.0,12
Note_002400,59,522770.06,454.56,Right,MELODY,4,0.866,0.866,False,0.365,10.0,12
Note_002401,38,523315.75,454.56,Left,BASS,5,0.866,0.866,False,0.195,-10.0,0
Note_002402,52,523315.75,454.56,Right,INNER,1,0.866,0.866,False,0.398,10.0,0
Note_002403,56,523315.75,454.56,Right,INNER,2,0.866,0.866,True,0.398,10.0,0
Note_002404,59,523315.75,454.56,Right,MELODY,4,0.866,0.866,False,0.398,10.0,0
Note_002405,45,523861.44,266.98,Right,INNER,1,0.866,0.866,False,0.345,5.0,0
Note_002406,57,523861.44,727.41,Right,MELODY,4,0.866,0.866,False,0.345,5.0,0
Note_002407,50,524134.28,266.98,Right,INNER,1,0.866,0.866,False,0.375,5.0,0
Note_002408,54,524134.28,266.98,Right,INNER,2,0.866,0.866,True,0.375,5.0,0
Note_002409,57,524134.28,266.98,Right,MELODY,5,0.866,0.866,False,0.375,5.0,0
Note_002410,38,524407.13,266.98,Left,BASS,5,0.866,0.866,False,0.195,-10.0,0
Note_002411,50,524679.97,266.98,Right,INNER,1,0.866,0.866,False,0.385,10.0,0
Note_002412,54,524679.97,266.98,Right,INNER,2,0.866,0.866,True,0.385,10.0,0
Note_002413,57,524679.97,727.41,Right,INNER,3,0.866,0.866,False,0.385,10.0,0
Note_002414,57,524679.97,266.98,Right,MELODY,4,0.866,0.866,False,0.385,10.0,0
Note_002415,45,524952.82,266.98,Right,MELODY,2,0.866,0.866,False,0.276,5.0,0
Note_002416,50,525225.66,266.98,Right,INNER,2,0.866,0.866,False,0.375,0.0,0
Note_002417,54,525225.66,266.98,Right,INNER,3,0.866,0.866,True,0.375,0.0,0
Note_002418,57,525225.66,266.98,Right,MELODY,4,0.866,0.866,False,0.375,0.0,0
Note_002419,45,525498.51,266.98,Left,INNER,2,0.866,0.866,False,0.276,5.0,0
Note_002420,69,525498.51,812.67,Right,MELODY,5,0.866,0.866,False,0.552,-10.0,0
Note_002421,50,525771.35,266.98,Right,INNER,2,0.866,0.866,False,0.375,0.0,0
Note_002422,54,525771.35,266.98,Right,INNER,3,0.866,0.866,True,0.375,0.0,0
Note_002423,57,525771.35,266.98,Right,MELODY,4,0.866,0.866,False,0.375,0.0,0
Note_002424,45,526044.2,266.98,Right,MELODY,2,0.866,0.866,False,0.276,5.0,0
Note_002425,50,526317.04,266.98,Right,INNER,1,0.866,0.866,False,0.385,10.0,0
Note_002426,54,526317.04,266.98,Right,INNER,2,0.866,0.866,True,0.385,10.0,0
Note_002427,57,526317.04,727.41,Right,INNER,3,0.866,0.866,False,0.385,10.0,0
Note_002428,57,526317.04,266.98,Right,MELODY,4,0.866,0.866,False,0.385,10.0,0
Note_002429,38,526589.89,266.98,Left,BASS,5,0.866,0.866,False,0.195,-10.0,0
Note_002430,50,526862.73,266.98,Right,INNER,1,0.866,0.866,False,0.375,10.0,0
Note_002431,54,526862.73,266.98,Right,INNER,2,0.866,0.866,True,0.375,10.0,0
Note_002432,57,526862.73,266.98,Right,MELODY,4,0.866,0.866,False,0.375,10.0,0
Note_002433,45,527135.57,266.98,Right,INNER,1,0.866,0.866,False,0.345,0.0,0
Note_002434,57,527135.57,454.56,Right,MELODY,5,0.866,0.866,False,0.345,0.0,0
Note_002435,50,527408.42,266.98,Right,INNER,2,0.866,0.866,False,0.375,0.0,0
Note_002436,54,527408.42,266.98,Right,INNER,3,0.866,0.866,True,0.375,0.0,0
Note_002437,57,527408.42,266.98,Right,MELODY,4,0.866,0.866,False,0.375,0.0,0
Note_002438,45,527681.26,266.98,Left,INNER,2,0.866,0.866,False,0.276,5.0,0
Note_002439,69,527681.26,454.56,Right,MELODY,5,0.866,0.866,False,0.552,-10.0,0
Note_002440,50,527954.11,266.98,Right,INNER,2,0.866,0.866,False,0.375,0.0,0
Note_002441,54,527954.11,266.98,Right,INNER,3,0.866,0.866,True,0.375,0.0,0
Note_002442,57,527954.11,266.98,Right,MELODY,4,0.866,0.866,False,0.375,0.0,0
Note_002443,45,528226.95,266.98,Right,INNER,1,0.866,0.866,False,0.345,15.0,0
Note_002444,57,528226.95,954.96,Right,MELODY,2,0.866,0.866,False,0.345,15.0,0
Note_002445,50,528499.8,266.98,Right,INNER,1,0.866,0.866,False,0.375,5.0,0
Note_002446,54,528499.8,266.98,Right,INNER,3,0.866,0.866,True,0.375,5.0,0
Note_002447,57,528499.8,266.98,Right,MELODY,4,0.866,0.866,False,0.375,5.0,0
Note_002448,38,528772.64,266.98,Left,BASS,5,0.866,0.866,False,0.195,-10.0,0
Note_002449,50,529045.49,266.98,Right,INNER,2,0.866,0.866,False,0.375,0.0,0
Note_002450,54,529045.49,266.98,Right,INNER,3,0.866,0.866,True,0.375,0.0,0
Note_002451,57,529045.49,266.98,Right,MELODY,4,0.866,0.866,False,0.375,0.0,0
Note_002452,45,529318.33,266.98,Right,MELODY,2,0.866,0.866,False,0.276,5.0,0
Note_002453,50,529591.17,266.98,Right,INNER,2,0.866,0.866,False,0.375,0.0,0
Note_002454,54,529591.17,266.98,Right,INNER,3,0.866,0.866,True,0.375,0.0,0
Note_002455,57,529591.17,266.98,Right,MELODY,4,0.866,0.866,False,0.375,0.0,0
Note_002456,45,529864.02,266.98,Left,INNER,3,0.866,0.866,False,0.276,-0.0,0
Note_002457,69,529864.02,454.56,Right,MELODY,5,0.866,0.866,False,0.552,-10.0,0
Note_002458,50,530136.86,266.98,Right,INNER,1,0.866,0.866,False,0.375,10.0,0
Note_002459,54,530136.86,266.98,Right,INNER,2,0.866,0.866,True,0.375,10.0,0
Note_002460,57,530136.86,266.98,Right,MELODY,4,0.866,0.866,False,0.375,10.0,0
Note_002461,52,530409.71,266.98,Right,INNER,1,0.866,0.866,False,0.425,0.0,0
Note_002462,64,530409.71,1500.64,Right,MELODY,5,0.866,0.866,False,0.425,0.0,0
Note_002463,49,530682.55,266.98,Right,INNER,2,0.866,0.866,True,0.364,0.0,0
Note_002464,52,530682.55,266.98,Right,INNER,3,0.866,0.866,False,0.364,0.0,0
Note_002465,57,530682.55,266.98,Right,MELODY,4,0.866,0.866,False,0.364,0.0,0
Note_002466,45,530955.4,266.98,Right,MELODY,2,0.866,0.866,False,0.276,5.0,0
Note_002467,49,531228.24,266.98,Right,INNER,3,0.866,0.866,True,0.364,-15.0,0
Note_002468,52,531228.24,266.98,Right,INNER,4,0.866,0.866,False,0.364,-15.0,0
Note_002469,57,531228.24,266.98,Right,MELODY,5,0.866,0.866,False,0.364,-15.0,0
Note_002470,49,531501.09,454.56,Right,INNER,1,0.866,0.866,True,0.364,15.0,12
Note_002471,52,531501.09,454.56,Right,INNER,2,0.866,0.866,False,0.364,15.0,12
Note_002472,57,531501.09,454.56,Right,MELODY,3,0.866,0.866,False,0.364,15.0,12
Note_002473,49,532046.78,266.98,Right,INNER,3,0.866,0.866,True,0.364,-15.0,0
Note_002474,52,532046.78,266.98,Right,INNER,4,0.866,0.866,False,0.364,-15.0,0
Note_002475,57,532046.78,266.98,Right,MELODY,5,0.866,0.866,False,0.364,-15.0,0
Note_002476,49,532319.62,266.98,Right,INNER,1,0.866,0.866,True,0.364,15.0,12
Note_002477,52,532319.62,266.98,Right,INNER,2,0.866,0.866,False,0.364,15.0,12
Note_002478,57,532319.62,266.98,Right,MELODY,3,0.866,0.866,False,0.364,15.0,12
Note_002479,54,532592.46,130.56,Right,INNER,2,0.866,0.866,True,0.437,-5.0,-12
Note_002480,57,532592.46,130.56,Right,INNER,3,0.866,0.866,False,0.437,-5.0,-12
Note_002481,66,532592.46,954.96,Right,MELODY,5,0.866,0.866,True,0.437,-5.0,-12
Note_002482,50,532728.89,130.56,Right,MELODY,2,0.866,0.866,False,0.333,5.0,0
Note_002483,54,532865.31,130.56,Right,MELODY,4,0.866,0.866,True,0.379,-5.0,0
Note_002484,50,533001.73,130.56,Right,MELODY,2,0.866,0.866,False,0.333,5.0,0
Note_002485,50,533138.15,266.98,Right,INNER,1,0.866,0.866,False,0.374,5.0,0
Note_002486,57,533138.15,266.98,Right,MELODY,4,0.866,0.866,False,0.374,5.0,0
Note_002487,50,533411.0,266.98,Right,INNER,2,0.866,0.866,False,0.375,0.0,0
Note_002488,54,533411.0,266.98,Right,INNER,3,0.866,0.866,True,0.375,0.0,0
Note_002489,57,533411.0,266.98,Right,MELODY,4,0.866,0.866,False,0.375,0.0,0
Note_002490,57,533683.84,266.98,Right,INNER,1,0.866,0.866,False,0.494,0.0,0
Note_002491,71,533683.84,454.56,Right,MELODY,5,0.866,0.866,False,0.494,0.0,0
Note_002492,50,533956.69,266.98,Right,INNER,2,0.866,0.866,False,0.375,0.0,0
Note_002493,54,533956.69,266.98,Right,INNER,3,0.866,0.866,True,0.375,0.0,0
Note_002494,57,533956.69,266.98,Right,MELODY,4,0.866,0.866,False,0.375,0.0,0
Note_002495,50,534229.53,266.98,Left,INNER,2,0.866,0.866,False,0.333,5.0,0
Note_002496,69,534229.53,454.56,Right,MELODY,5,0.866,0.866,False,0.552,-10.0,0
Note_002497,50,534502.38,266.98,Right,INNER,2,0.866,0.866,False,0.375,0.0,0
Note_002498,54,534502.38,266.98,Right,INNER,3,0.866,0.866,True,0.375,0.0,0
Note_002499,57,534502.38,266.98,Right,MELODY,4,0.866,0.866,False,0.375,0.0,0
Note_002500,54,534775.22,130.56,Left,INNER,2,0.866,0.866,True,0.397,15.0,0
Note_002501,57,534775.22,130.56,Left,INNER,1,0.866,0.866,False,0.397,15.0,0
Note_002502,72,534775.22,1500.64,Right,MELODY,5,0.866,0.866,False,0.586,-10.0,0
Note_002503,50,534911.64,130.56,Right,MELODY,2,0.866,0.866,False,0.333,5.0,0
Note_002504,54,535048.06,130.56,Right,MELODY,4,0.866,0.866,True,0.379,-5.0,0
Note_002505,50,535184.49,130.56,Right,MELODY,2,0.866,0.866,False,0.333,5.0,0
Note_002506,50,535320.91,266.98,Right,INNER,1,0.866,0.866,False,0.374,5.0,0
Note_002507,57,535320.91,266.98,Right,MELODY,4,0.866,0.866,False,0.374,5.0,0
Note_002508,50,535593.75,266.98,Right,INNER,2,0.866,0.866,False,0.375,0.0,0
Note_002509,54,535593.75,266.98,Right,INNER,3,0.866,0.866,True,0.375,0.0,0
Note_002510,57,535593.75,266.98,Right,MELODY,4,0.866,0.866,False,0.375,0.0,0
Note_002511,57,535866.6,266.98,Right,MELODY,4,0.866,0.866,False,0.414,-5.0,0
Note_002512,50,536139.44,266.98,Right,INNER,2,0.866,0.866,False,0.375,0.0,0
Note_002513,54,536139.44,266.98,Right,INNER,3,0.866,0.866,True,0.375,0.0,0
Note_002514,57,536139.44,266.98,Right,MELODY,4,0.866,0.866,False,0.375,0.0,0
Note_002515,50,536412.29,266.98,Right,MELODY,2,0.866,0.866,False,0.333,5.0,0
Note_002516,50,536685.13,266.98,Right,INNER,1,0.866,0.866,False,0.375,10.0,0
Note_002517,54,536685.13,266.98,Right,INNER,2,0.866,0.866,True,0.375,10.0,0
Note_002518,57,536685.13,266.98,Right,MELODY,4,0.866,0.866,False,0.375,10.0,0
Note_002519,56,536957.98,130.56,Right,INNER,1,0.866,0.866,True,0.471,5.0,12
Note_002520,59,536957.98,130.56,Right,INNER,2,0.866,0.866,False,0.471,5.0,12
Note_002521,71,536957.98,454.56,Right,MELODY,5,0.866,0.866,False,0.471,5.0,12
Note_002522,52,537094.4,130.56,Right,MELODY,2,0.866,0.866,False,0.356,5.0,0
Note_002523,56,537230.82,130.56,Right,MELODY,4,0.866,0.866,True,0.402,-5.0,0
Note_002524,52,537367.24,130.56,Right,MELODY,2,0.866,0.866,False,0.356,5.0,0
Note_002525,52,537503.67,266.98,Left,INNER,2,0.866,0.866,False,0.397,15.0,0
Note_002526,59,537503.67,266.98,Left,INNER,1,0.866,0.866,False,0.397,15.0,0
Note_002527,71,537503.67,454.56,Right,MELODY,5,0.866,0.866,False,0.575,-10.0,0
Note_002528,52,537776.51,266.98,Right,INNER,2,0.866,0.866,False,0.398,0.0,0
Note_002529,56,537776.51,266.98,Right,INNER,3,0.866,0.866,True,0.398,0.0,0
Note_002530,59,537776.51,266.98,Right,MELODY,4,0.866,0.866,False,0.398,0.0,0
Note_002531,59,538049.35,266.98,Right,INNER,1,0.866,0.866,False,0.534,0.0,0
Note_002532,76,538049.35,454.56,Right,MELODY,5,0.866,0.866,False,0.534,0.0,0
Note_002533,52,538322.2,266.98,Right,INNER,2,0.866,0.866,False,0.398,0.0,0
Note_002534,56,538322.2,266.98,Right,INNER,3,0.866,0.866,True,0.398,0.0,0
Note_002535,59,538322.2,266.98,Right,MELODY,4,0.866,0.866,False,0.398,0.0,0
Note_002536,52,538595.04,266.98,Left,INNER,2,0.866,0.866,False,0.356,5.0,0
Note_002537,74,538595.04,454.56,Right,MELODY,5,0.866,0.866,False,0.609,-10.0,0
Note_002538,52,538867.89,266.98,Right,INNER,1,0.866,0.866,False,0.398,10.0,0
Note_002539,56,538867.89,266.98,Right,INNER,2,0.866,0.866,True,0.398,10.0,0
Note_002540,59,538867.89,266.98,Right,MELODY,4,0.866,0.866,False,0.398,10.0,0
Note_002541,56,539140.73,130.56,Right,INNER,2,0.866,0.866,True,0.483,-5.0,0
Note_002542,62,539140.73,130.56,Right,INNER,3,0.866,0.866,False,0.483,-5.0,0
Note_002543,71,539140.73,1500.64,Right,MELODY,5,0.866,0.866,False,0.483,-5.0,0
Note_002544,52,539277.15,130.56,Right,MELODY,2,0.866,0.866,False,0.356,5.0,0
Note_002545,56,539413.58,130.56,Right,MELODY,4,0.866,0.866,True,0.402,-5.0,0
Note_002546,52,539550.0,130.56,Right,MELODY,2,0.866,0.866,False,0.356,5.0,0
Note_002547,52,539686.42,266.98,Right,INNER,1,0.866,0.866,False,0.414,5.0,0
Note_002548,62,539686.42,266.98,Right,MELODY,4,0.866,0.866,False,0.414,5.0,0
Note_002549,52,539959.27,266.98,Right,INNER,2,0.866,0.866,False,0.41,-5.0,0
Note_002550,56,539959.27,266.98,Right,INNER,3,0.866,0.866,True,0.41,-5.0,0
Note_002551,62,539959.27,266.98,Right,MELODY,5,0.866,0.866,False,0.41,-5.0,0
Note_002552,62,540232.11,266.98,Right,MELODY,4,0.866,0.866,False,0.471,-5.0,0
Note_002553,52,540504.95,266.98,Right,INNER,1,0.866,0.866,False,0.41,10.0,0
Note_002554,56,540504.95,266.98,Right,INNER,2,0.866,0.866,True,0.41,10.0,0
Note_002555,62,540504.95,266.98,Right,MELODY,4,0.866,0.866,False,0.41,10.0,0
Note_002556,52,540777.8,266.98,Right,MELODY,5,0.866,0.866,False,0.356,-10.0,0
Note_002557,52,541050.64,266.98,Right,INNER,1,0.866,0.866,False,0.41,10.0,0
Note_002558,56,541050.64,266.98,Right,INNER,2,0.866,0.866,True,0.41,10.0,0
Note_002559,62,541050.64,266.98,Right,MELODY,4,0.866,0.866,False,0.41,10.0,0
Note_002560,50,541323.49,454.56,Left,INNER,3,0.866,0.866,False,0.375,15.0,0
Note_002561,54,541323.49,454.56,Left,INNER,2,0.866,0.866,True,0.375,15.0,0
Note_002562,57,541323.49,454.56,Left,INNER,1,0.866,0.866,False,0.375,15.0,0
Note_002563,69,541323.49,727.41,Right,MELODY,5,0.866,0.866,False,0.552,-10.0,0
Note_002564,50,541869.18,454.56,Right,INNER,2,0.866,0.866,False,0.375,0.0,0
Note_002565,54,541869.18,454.56,Right,INNER,3,0.866,0.866,True,0.375,0.0,0
Note_002566,57,541869.18,454.56,Right,MELODY,4,0.866,0.866,False,0.375,0.0,0
Note_002567,69,542142.02,727.41,Right,MELODY,5,0.866,0.866,False,0.552,-10.0,0
Note_002568,53,542414.87,266.98,Right,MELODY,4,0.866,0.866,False,0.368,-5.0,0
Note_002569,50,542687.71,266.98,Right,INNER,1,0.866,0.866,False,0.372,15.0,0
Note_002570,53,542687.71,266.98,Right,INNER,2,0.866,0.866,False,0.372,15.0,0
Note_002571,57,542687.71,266.98,Right,MELODY,3,0.866,0.866,False,0.372,15.0,0
Note_002572,53,542960.56,266.98,Right,INNER,3,0.866,0.866,False,0.391,-5.0,0
Note_002573,57,542960.56,812.67,Right,MELODY,4,0.866,0.866,False,0.391,-5.0,0
Note_002574,50,543233.4,266.98,Right,INNER,1,0.866,0.866,False,0.372,15.0,0
Note_002575,53,543233.4,266.98,Right,INNER,2,0.866,0.866,False,0.372,15.0,0
Note_002576,57,543233.4,266.98,Right,MELODY,3,0.866,0.866,False,0.372,15.0,0
Note_002577,52,543506.24,266.98,Right,MELODY,4,0.866,0.866,False,0.356,-5.0,0
Note_002578,50,543779.09,266.98,Left,INNER,5,0.866,0.866,False,0.395,5.0,0
Note_002579,57,543779.09,266.98,Left,INNER,2,0.866,0.866,False,0.395,5.0,0
Note_002580,59,543779.09,266.98,Left,INNER,1,0.866,0.866,False,0.395,5.0,0
Note_002581,69,543779.09,727.41,Right,MELODY,5,0.866,0.866,False,0.552,-10.0,0
Note_002582,52,544051.93,266.98,Right,MELODY,4,0.866,0.866,False,0.356,-5.0,0
Note_002583,50,544324.78,266.98,Right,INNER,1,0.866,0.866,False,0.395,15.0,0
Note_002584,57,544324.78,266.98,Right,INNER,2,0.866,0.866,False,0.395,15.0,0
Note_002585,59,544324.78,266.98,Right,MELODY,3,0.866,0.866,False,0.395,15.0,0
Note_002586,51,544597.62,266.98,Right,INNER,3,0.866,0.866,True,0.379,-10.0,0
Note_002587,57,544597.62,454.56,Right,MELODY,5,0.866,0.866,False,0.379,-10.0,0
Note_002588,52,544870.47,266.98,Right,INNER,1,0.866,0.866,False,0.402,15.0,0
Note_002589,57,544870.47,266.98,Right,INNER,2,0.866,0.866,False,0.402,15.0,0
Note_002590,59,544870.47,266.98,Right,MELODY,3,0.866,0.866,False,0.402,15.0,0
Note_002591,51,545143.31,454.56,Right,INNER,1,0.866,0.866,True,0.42,5.0,12
Note_002592,64,545143.31,454.56,Right,MELODY,4,0.866,0.866,False,0.42,5.0,12
Note_002593,50,545689.0,454.56,Right,INNER,1,0.866,0.866,False,0.399,10.0,0
Note_002594,54,545689.0,454.56,Right,INNER,2,0.866,0.866,True,0.399,10.0,0
Note_002595,57,545689.0,454.56,Right,INNER,3,0.866,0.866,False,0.399,10.0,0
Note_002596,62,545689.0,3137.71,Right,MELODY,4,0.866,0.866,False,0.399,10.0,0
Note_002597,50,546234.69,454.56,Right,INNER,2,0.866,0.866,False,0.375,-5.0,0
Note_002598,54,546234.69,454.56,Right,INNER,3,0.866,0.866,True,0.375,-5.0,0
Note_002599,57,546234.69,454.56,Right,MELODY,5,0.866,0.866,False,0.375,-5.0,0
Note_002600,47,546780.38,266.98,Right,MELODY,2,0.866,0.866,False,0.299,5.0,0
Note_002601,50,547053.22,266.98,Right,INNER,2,0.866,0.866,False,0.375,0.0,0
Note_002602,54,547053.22,266.98,Right,INNER,3,0.866,0.866,True,0.375,0.0,0
Note_002603,57,547053.22,266.98,Right,MELODY,4,0.866,0.866,False,0.375,0.0,0
Note_002604,47,547326.07,266.98,Right,MELODY,2,0.866,0.866,False,0.299,5.0,0
Note_002605,50,547598.91,266.98,Right,INNER,2,0.866,0.866,False,0.375,0.0,0
Note_002606,54,547598.91,266.98,Right,INNER,3,0.866,0.866,True,0.375,0.0,0
Note_002607,57,547598.91,266.98,Right,MELODY,4,0.866,0.866,False,0.375,0.0,0
Note_002608,46,547871.76,266.98,Right,MELODY,2,0.866,0.866,True,0.287,5.0,0
Note_002609,50,548144.6,266.98,Right,INNER,2,0.866,0.866,False,0.372,-0.0,0
Note_002610,53,548144.6,266.98,Right,INNER,3,0.866,0.866,False,0.372,-0.0,0
Note_002611,57,548144.6,266.98,Right,MELODY,4,0.866,0.866,False,0.372,-0.0,0
Note_002612,46,548417.45,266.98,Right,MELODY,2,0.866,0.866,True,0.287,5.0,0
Note_002613,50,548690.29,266.98,Right,INNER,1,0.866,0.866,False,0.372,5.0,0
Note_002614,53,548690.29,266.98,Right,INNER,2,0.866,0.866,False,0.372,5.0,0
Note_002615,57,548690.29,266.98,Right,MELODY,5,0.866,0.866,False,0.372,5.0,0
Note_002616,51,548963.13,266.98,Right,MELODY,4,0.866,0.866,True,0.345,-5.0,0
Note_002617,50,549235.98,266.98,Right,INNER,1,0.866,0.866,False,0.372,15.0,0
Note_002618,53,549235.98,266.98,Right,INNER,2,0.866,0.866,False,0.372,15.0,0
Note_002619,57,549235.98,266.98,Right,MELODY,3,0.866,0.866,False,0.372,15.0,0
Note_002620,51,549508.82,454.56,Right,MELODY,4,0.866,0.866,True,0.345,-5.0,0
Note_002621,57,550054.51,266.98,Right,INNER,1,0.866,0.866,False,0.483,0.0,0
Note_002622,69,550054.51,954.96,Right,MELODY,5,0.866,0.866,False,0.483,0.0,0
Note_002623,50,550327.36,266.98,Right,INNER,2,0.866,0.866,False,0.375,0.0,0
Note_002624,54,550327.36,266.98,Right,INNER,3,0.866,0.866,True,0.375,0.0,0
Note_002625,57,550327.36,266.98,Right,MELODY,4,0.866,0.866,False,0.375,0.0,0
Note_002626,50,550600.2,266.98,Right,MELODY,2,0.866,0.866,False,0.333,5.0,0
Note_002627,50,550873.05,266.98,Right,INNER,2,0.866,0.866,False,0.375,0.0,0
Note_002628,54,550873.05,266.98,Right,INNER,3,0.866,0.866,True,0.375,0.0,0
Note_002629,57,550873.05,266.98,Right,MELODY,4,0.866,0.866,False,0.375,0.0,0
Note_002630,50,551145.89,454.56,Left,INNER,3,0.866,0.866,False,0.375,15.0,0
Note_002631,54,551145.89,454.56,Left,INNER,2,0.866,0.866,True,0.375,15.0,0
Note_002632,57,551145.89,454.56,Left,INNER,1,0.866,0.866,False,0.375,15.0,0
Note_002633,71,551145.89,454.56,Right,MELODY,5,0.866,0.866,False,0.575,-10.0,0
Note_002634,50,551691.58,266.98,Left,INNER,3,0.866,0.866,False,0.333,-0.0,0
Note_002635,69,551691.58,454.56,Right,MELODY,4,0.866,0.866,False,0.552,-5.0,0
Note_002636,57,551964.42,266.98,Right,MELODY,2,0.866,0.866,False,0.414,5.0,0
Note_002637,57,552237.27,266.98,Right,INNER,1,0.866,0.866,False,0.443,0.0,0
Note_002638,62,552237.27,1500.64,Right,MELODY,5,0.866,0.866,False,0.443,0.0,0
Note_002639,50,552510.11,266.98,Right,INNER,2,0.866,0.866,False,0.375,0.0,0
Note_002640,54,552510.11,266.98,Right,INNER,3,0.866,0.866,True,0.375,0.0,0
Note_002641,57,552510.11,266.98,Right,MELODY,4,0.866,0.866,False,0.375,0.0,0
Note_002642,50,552782.96,266.98,Right,MELODY,2,0.866,0.866,False,0.333,5.0,0
Note_002643,50,553055.8,266.98,Right,INNER,1,0.866,0.866,False,0.375,10.0,0
Note_002644,54,553055.8,266.98,Right,INNER,2,0.866,0.866,True,0.375,10.0,0
Note_002645,57,553055.8,266.98,Right,MELODY,4,0.866,0.866,False,0.375,10.0,0
Note_002646,50,553328.65,454.56,Right,INNER,1,0.866,0.866,False,0.375,10.0,0
Note_002647,54,553328.65,454.56,Right,INNER,2,0.866,0.866,True,0.375,10.0,0
Note_002648,57,553328.65,454.56,Right,MELODY,4,0.866,0.866,False,0.375,10.0,0
Note_002649,50,553874.34,266.98,Right,INNER,2,0.866,0.866,False,0.375,0.0,0
Note_002650,54,553874.34,266.98,Right,INNER,3,0.866,0.866,True,0.375,0.0,0
Note_002651,57,553874.34,266.98,Right,MELODY,4,0.866,0.866,False,0.375,0.0,0
Note_002652,48,554147.18,266.98,Right,MELODY,1,0.866,0.866,False,0.31,10.0,0
Note_002653,43,554420.02,266.98,Right,INNER,1,0.866,0.866,False,0.345,0.0,0
Note_002654,59,554420.02,454.56,Right,MELODY,5,0.866,0.866,False,0.345,0.0,0
Note_002655,50,554692.87,266.98,Right,INNER,2,0.866,0.866,False,0.387,0.0,0
Note_002656,55,554692.87,266.98,Right,INNER,3,0.866,0.866,False,0.387,0.0,0
Note_002657,59,554692.87,266.98,Right,MELODY,4,0.866,0.866,False,0.387,0.0,0
Note_002658,38,554965.71,130.56,Left,BASS,5,0.866,0.866,False,0.195,-10.0,0
Note_002659,59,554965.71,454.56,Right,MELODY,5,0.866,0.866,False,0.437,-10.0,0
Note_002660,50,555102.14,403.4,Right,INNER,1,0.866,0.866,False,0.387,10.0,0
Note_002661,55,555102.14,403.4,Right,INNER,2,0.866,0.866,False,0.387,10.0,0
Note_002662,59,555102.14,403.4,Right,MELODY,4,0.866,0.866,False,0.387,10.0,0
Note_002663,43,555511.4,403.4,Left,INNER,2,0.866,0.866,False,0.253,5.0,0
Note_002664,50,555511.4,403.4,Right,INNER,1,0.866,0.866,False,0.414,5.0,0
Note_002665,55,555511.4,403.4,Right,INNER,2,0.866,0.866,False,0.414,5.0,0
Note_002666,59,555511.4,403.4,Right,INNER,3,0.866,0.866,False,0.414,5.0,0
Note_002667,64,555511.4,454.56,Right,MELODY,5,0.866,0.866,False,0.414,5.0,0
Note_002668,50,555920.67,130.56,Right,INNER,2,0.866,0.866,False,0.387,0.0,0
Note_002669,55,555920.67,130.56,Right,INNER,3,0.866,0.866,False,0.387,0.0,0
Note_002670,59,555920.67,130.56,Right,MELODY,4,0.866,0.866,False,0.387,0.0,0
Note_002671,38,556057.09,266.98,Left,BASS,5,0.866,0.866,False,0.195,-10.0,0
Note_002672,62,556057.09,454.56,Right,MELODY,5,0.866,0.866,False,0.471,-10.0,0
Note_002673,50,556329.94,266.98,Right,INNER,1,0.866,0.866,False,0.387,10.0,0
Note_002674,55,556329.94,266.98,Right,INNER,2,0.866,0.866,False,0.387,10.0,0
Note_002675,59,556329.94,266.98,Right,MELODY,4,0.866,0.866,False,0.387,10.0,0
Note_002676,44,556602.78,266.98,Right,INNER,1,0.866,0.866,True,0.351,0.0,12
Note_002677,59,556602.78,1500.64,Right,MELODY,5,0.866,0.866,False,0.351,0.0,12
Note_002678,52,556875.62,266.98,Right,INNER,1,0.866,0.866,False,0.398,10.0,0
Note_002679,56,556875.62,266.98,Right,INNER,2,0.866,0.866,True,0.398,10.0,0
Note_002680,59,556875.62,266.98,Right,MELODY,4,0.866,0.866,False,0.398,10.0,0
Note_002681,38,557148.47,266.98,Left,BASS,5,0.866,0.866,False,0.195,-10.0,0
Note_002682,52,557421.31,266.98,Right,INNER,1,0.866,0.866,False,0.398,10.0,0
Note_002683,56,557421.31,266.98,Right,INNER,2,0.866,0.866,True,0.398,10.0,0
Note_002684,59,557421.31,266.98,Right,MELODY,4,0.866,0.866,False,0.398,10.0,0
Note_002685,44,557694.16,454.56,Right,INNER,1,0.866,0.866,True,0.365,10.0,12
Note_002686,52,557694.16,454.56,Right,INNER,2,0.866,0.866,False,0.365,10.0,12
Note_002687,56,557694.16,454.56,Right,INNER,3,0.866,0.866,True,0.365,10.0,12
Note_002688,59,557694.16,454.56,Right,MELODY,4,0.866,0.866,False,0.365,10.0,12
Note_002689,38,558239.85,454.56,Left,BASS,5,0.866,0.866,False,0.195,-10.0,0
Note_002690,52,558239.85,454.56,Right,INNER,1,0.866,0.866,False,0.398,10.0,0
Note_002691,56,558239.85,454.56,Right,INNER,2,0.866,0.866,True,0.398,10.0,0
Note_002692,59,558239.85,454.56,Right,MELODY,4,0.866,0.866,False,0.398,10.0,0
Note_002693,45,558785.54,266.98,Right,INNER,1,0.866,0.866,False,0.345,5.0,0
Note_002694,57,558785.54,727.41,Right,MELODY,4,0.866,0.866,False,0.345,5.0,0
Note_002695,50,559058.38,266.98,Right,INNER,1,0.866,0.866,False,0.375,5.0,0
Note_002696,54,559058.38,266.98,Right,INNER,2,0.866,0.866,True,0.375,5.0,0
Note_002697,57,559058.38,266.98,Right,MELODY,5,0.866,0.866,False,0.375,5.0,0
Note_002698,38,559331.23,266.98,Left,BASS,5,0.866,0.866,False,0.195,-10.0,0
Note_002699,50,559604.07,266.98,Right,INNER,1,0.866,0.866,False,0.385,10.0,0
Note_002700,54,559604.07,266.98,Right,INNER,2,0.866,0.866,True,0.385,10.0,0
Note_002701,57,559604.07,727.41,Right,INNER,3,0.866,0.866,False,0.385,10.0,0
Note_002702,57,559604.07,266.98,Right,MELODY,4,0.866,0.866,False,0.385,10.0,0
Note_002703,45,559876.91,266.98,Right,MELODY,2,0.866,0.866,False,0.276,5.0,0
Note_002704,50,560149.76,266.98,Right,INNER,2,0.866,0.866,False,0.375,0.0,0
Note_002705,54,560149.76,266.98,Right,INNER,3,0.866,0.866,True,0.375,0.0,0
Note_002706,57,560149.76,266.98,Right,MELODY,4,0.866,0.866,False,0.375,0.0,0
Note_002707,45,560422.6,266.98,Left,INNER,2,0.866,0.866,False,0.276,5.0,0
Note_002708,69,560422.6,812.67,Right,MELODY,5,0.866,0.866,False,0.552,-10.0,0
Note_002709,50,560695.45,266.98,Right,INNER,2,0.866,0.866,False,0.375,0.0,0
Note_002710,54,560695.45,266.98,Right,INNER,3,0.866,0.866,True,0.375,0.0,0
Note_002711,57,560695.45,266.98,Right,MELODY,4,0.866,0.866,False,0.375,0.0,0
Note_002712,45,560968.29,266.98,Right,MELODY,2,0.866,0.866,False,0.276,5.0,0
Note_002713,50,561241.14,266.98,Right,INNER,1,0.866,0.866,False,0.385,10.0,0
Note_002714,54,561241.14,266.98,Right,INNER,2,0.866,0.866,True,0.385,10.0,0
Note_002715,57,561241.14,727.41,Right,INNER,3,0.866,0.866,False,0.385,10.0,0
Note_002716,57,561241.14,266.98,Right,MELODY,4,0.866,0.866,False,0.385,10.0,0
Note_002717,38,561513.98,266.98,Left,BASS,5,0.866,0.866,False,0.195,-10.0,0
Note_002718,50,561786.83,266.98,Right,INNER,1,0.866,0.866,False,0.375,10.0,0
Note_002719,54,561786.83,266.98,Right,INNER,2,0.866,0.866,True,0.375,10.0,0
Note_002720,57,561786.83,266.98,Right,MELODY,4,0.866,0.866,False,0.375,10.0,0
Note_002721,45,562059.67,266.98,Right,INNER,1,0.866,0.866,False,0.345,0.0,0
Note_002722,57,562059.67,454.56,Right,MELODY,5,0.866,0.866,False,0.345,0.0,0
Note_002723,50,562332.51,266.98,Right,INNER,2,0.866,0.866,False,0.375,0.0,0
Note_002724,54,562332.51,266.98,Right,INNER,3,0.866,0.866,True,0.375,0.0,0
Note_002725,57,562332.51,266.98,Right,MELODY,4,0.866,0.866,False,0.375,0.0,0
Note_002726,45,562605.36,266.98,Left,INNER,2,0.866,0.866,False,0.276,5.0,0
Note_002727,69,562605.36,454.56,Right,MELODY,5,0.866,0.866,False,0.552,-10.0,0
Note_002728,50,562878.2,266.98,Right,INNER,2,0.866,0.866,False,0.375,0.0,0
Note_002729,54,562878.2,266.98,Right,INNER,3,0.866,0.866,True,0.375,0.0,0
Note_002730,57,562878.2,266.98,Right,MELODY,4,0.866,0.866,False,0.375,0.0,0
Note_002731,45,563151.05,266.98,Right,INNER,1,0.866,0.866,False,0.345,15.0,0
Note_002732,57,563151.05,954.96,Right,MELODY,2,0.866,0.866,False,0.345,15.0,0
Note_002733,50,563423.89,266.98,Right,INNER,1,0.866,0.866,False,0.375,5.0,0
Note_002734,54,563423.89,266.98,Right,INNER,3,0.866,0.866,True,0.375,5.0,0
Note_002735,57,563423.89,266.98,Right,MELODY,4,0.866,0.866,False,0.375,5.0,0
Note_002736,38,563696.74,266.98,Left,BASS,5,0.866,0.866,False,0.195,-10.0,0
Note_002737,50,563969.58,266.98,Right,INNER,2,0.866,0.866,False,0.375,0.0,0
Note_002738,54,563969.58,266.98,Right,INNER,3,0.866,0.866,True,0.375,0.0,0
Note_002739,57,563969.58,266.98,Right,MELODY,4,0.866,0.866,False,0.375,0.0,0
Note_002740,45,564242.43,266.98,Right,MELODY,2,0.866,0.866,False,0.276,5.0,0
Note_002741,50,564515.27,266.98,Right,INNER,2,0.866,0.866,False,0.375,0.0,0
Note_002742,54,564515.27,266.98,Right,INNER,3,0.866,0.866,True,0.375,0.0,0
Note_002743,57,564515.27,266.98,Right,MELODY,4,0.866,0.866,False,0.375,0.0,0
Note_002744,45,564788.12,266.98,Left,INNER,3,0.866,0.866,False,0.276,-0.0,0
Note_002745,69,564788.12,454.56,Right,MELODY,5,0.866,0.866,False,0.552,-10.0,0
Note_002746,50,565060.96,266.98,Right,INNER,1,0.866,0.866,False,0.375,10.0,0
Note_002747,54,565060.96,266.98,Right,INNER,2,0.866,0.866,True,0.375,10.0,0
Note_002748,57,565060.96,266.98,Right,MELODY,4,0.866,0.866,False,0.375,10.0,0
Note_002749,52,565333.8,266.98,Right,INNER,1,0.866,0.866,False,0.425,0.0,0
Note_002750,64,565333.8,1500.64,Right,MELODY,5,0.866,0.866,False,0.425,0.0,0
Note_002751,49,565606.65,266.98,Right,INNER,2,0.866,0.866,True,0.364,0.0,0
Note_002752,52,565606.65,266.98,Right,INNER,3,0.866,0.866,False,0.364,0.0,0
Note_002753,57,565606.65,266.98,Right,MELODY,4,0.866,0.866,False,0.364,0.0,0
Note_002754,45,565879.49,266.98,Right,MELODY,2,0.866,0.866,False,0.276,5.0,0
Note_002755,49,566152.34,266.98,Right,INNER,3,0.866,0.866,True,0.364,-15.0,0
Note_002756,52,566152.34,266.98,Right,INNER,4,0.866,0.866,False,0.364,-15.0,0
Note_002757,57,566152.34,266.98,Right,MELODY,5,0.866,0.866,False,0.364,-15.0,0
Note_002758,49,566425.18,454.56,Right,INNER,1,0.866,0.866,True,0.364,15.0,12
Note_002759,52,566425.18,454.56,Right,INNER,2,0.866,0.866,False,0.364,15.0,12
Note_002760,57,566425.18,454.56,Right,MELODY,3,0.866,0.866,False,0.364,15.0,12
Note_002761,49,566970.87,266.98,Right,INNER,3,0.866,0.866,True,0.364,-15.0,0
Note_002762,52,566970.87,266.98,Right,INNER,4,0.866,0.866,False,0.364,-15.0,0
Note_002763,57,566970.87,266.98,Right,MELODY,5,0.866,0.866,False,0.364,-15.0,0
Note_002764,49,567243.72,266.98,Right,INNER,1,0.866,0.866,True,0.364,15.0,12
Note_002765,52,567243.72,266.98,Right,INNER,2,0.866,0.866,False,0.364,15.0,12
Note_002766,57,567243.72,266.98,Right,MELODY,3,0.866,0.866,False,0.364,15.0,12
Note_002767,54,567516.56,130.56,Right,INNER,2,0.866,0.866,True,0.437,-5.0,-12
Note_002768,57,567516.56,130.56,Right,INNER,3,0.866,0.866,False,0.437,-5.0,-12
Note_002769,66,567516.56,954.96,Right,MELODY,5,0.866,0.866,True,0.437,-5.0,-12
Note_002770,50,567652.98,130.56,Right,MELODY,2,0.866,0.866,False,0.333,5.0,0
Note_002771,54,567789.4,130.56,Right,MELODY,4,0.866,0.866,True,0.379,-5.0,0
Note_002772,50,567925.83,130.56,Right,MELODY,2,0.866,0.866,False,0.333,5.0,0
Note_002773,50,568062.25,266.98,Right,INNER,1,0.866,0.866,False,0.374,5.0,0
Note_002774,57,568062.25,266.98,Right,MELODY,4,0.866,0.866,False,0.374,5.0,0
Note_002775,50,568335.09,266.98,Right,INNER,2,0.866,0.866,False,0.375,0.0,0
Note_002776,54,568335.09,266.98,Right,INNER,3,0.866,0.866,True,0.375,0.0,0
Note_002777,57,568335.09,266.98,Right,MELODY,4,0.866,0.866,False,0.375,0.0,0
Note_002778,57,568607.94,266.98,Right,INNER,1,0.866,0.866,False,0.494,0.0,0
Note_002779,71,568607.94,454.56,Right,MELODY,5,0.866,0.866,False,0.494,0.0,0
Note_002780,50,568880.78,266.98,Right,INNER,2,0.866,0.866,False,0.375,0.0,0
Note_002781,54,568880.78,266.98,Right,INNER,3,0.866,0.866,True,0.375,0.0,0
Note_002782,57,568880.78,266.98,Right,MELODY,4,0.866,0.866,False,0.375,0.0,0
Note_002783,50,569153.63,266.98,Left,INNER,2,0.866,0.866,False,0.333,5.0,0
Note_002784,69,569153.63,454.56,Right,MELODY,5,0.866,0.866,False,0.552,-10.0,0
Note_002785,50,569426.47,266.98,Right,INNER,2,0.866,0.866,False,0.375,0.0,0
Note_002786,54,569426.47,266.98,Right,INNER,3,0.866,0.866,True,0.375,0.0,0
Note_002787,57,569426.47,266.98,Right,MELODY,4,0.866,0.866,False,0.375,0.0,0
Note_002788,54,569699.32,130.56,Left,INNER,2,0.866,0.866,True,0.397,15.0,0
Note_002789,57,569699.32,130.56,Left,INNER,1,0.866,0.866,False,0.397,15.0,0
Note_002790,72,569699.32,1500.64,Right,MELODY,5,0.866,0.866,False,0.586,-10.0,0
Note_002791,50,569835.74,130.56,Right,MELODY,2,0.866,0.866,False,0.333,5.0,0
Note_002792,54,569972.16,130.56,Right,MELODY,4,0.866,0.866,True,0.379,-5.0,0
Note_002793,50,570108.58,130.56,Right,MELODY,2,0.866,0.866,False,0.333,5.0,0
Note_002794,50,570245.01,266.98,Right,INNER,1,0.866,0.866,False,0.374,5.0,0
Note_002795,57,570245.01,266.98,Right,MELODY,4,0.866,0.866,False,0.374,5.0,0
Note_002796,50,570517.85,266.98,Right,INNER,2,0.866,0.866,False,0.375,0.0,0
Note_002797,54,570517.85,266.98,Right,INNER,3,0.866,0.866,True,0.375,0.0,0
Note_002798,57,570517.85,266.98,Right,MELODY,4,0.866,0.866,False,0.375,0.0,0
Note_002799,57,570790.69,266.98,Right,MELODY,4,0.866,0.866,False,0.414,-5.0,0
Note_002800,50,571063.54,266.98,Right,INNER,2,0.866,0.866,False,0.375,0.0,0
Note_002801,54,571063.54,266.98,Right,INNER,3,0.866,0.866,True,0.375,0.0,0
Note_002802,57,571063.54,266.98,Right,MELODY,4,0.866,0.866,False,0.375,0.0,0
Note_002803,50,571336.38,266.98,Right,MELODY,2,0.866,0.866,False,0.333,5.0,0
Note_002804,50,571609.23,266.98,Right,INNER,1,0.866,0.866,False,0.375,10.0,0
Note_002805,54,571609.23,266.98,Right,INNER,2,0.866,0.866,True,0.375,10.0,0
Note_002806,57,571609.23,266.98,Right,MELODY,4,0.866,0.866,False,0.375,10.0,0
Note_002807,56,571882.07,130.56,Right,INNER,1,0.866,0.866,True,0.471,5.0,12
Note_002808,59,571882.07,130.56,Right,INNER,2,0.866,0.866,False,0.471,5.0,12
Note_002809,71,571882.07,454.56,Right,MELODY,5,0.866,0.866,False,0.471,5.0,12
Note_002810,52,572018.49,130.56,Right,MELODY,2,0.866,0.866,False,0.356,5.0,0
Note_002811,56,572154.92,130.56,Right,MELODY,4,0.866,0.866,True,0.402,-5.0,0
Note_002812,52,572291.34,130.56,Right,MELODY,2,0.866,0.866,False,0.356,5.0,0
Note_002813,52,572427.76,266.98,Left,INNER,2,0.866,0.866,False,0.397,15.0,0
Note_002814,59,572427.76,266.98,Left,INNER,1,0.866,0.866,False,0.397,15.0,0
Note_002815,71,572427.76,454.56,Right,MELODY,5,0.866,0.866,False,0.575,-10.0,0
Note_002816,52,572700.61,266.98,Right,INNER,2,0.866,0.866,False,0.398,0.0,0
Note_002817,56,572700.61,266.98,Right,INNER,3,0.866,0.866,True,0.398,0.0,0
Note_002818,59,572700.61,266.98,Right,MELODY,4,0.866,0.866,False,0.398,0.0,0
Note_002819,59,572973.45,266.98,Right,INNER,1,0.866,0.866,False,0.534,0.0,0
Note_002820,76,572973.45,454.56,Right,MELODY,5,0.866,0.866,False,0.534,0.0,0
Note_002821,52,573246.29,266.98,Right,INNER,2,0.866,0.866,False,0.398,0.0,0
Note_002822,56,573246.29,266.98,Right,INNER,3,0.866,0.866,True,0.398,0.0,0
Note_002823,59,573246.29,266.98,Right,MELODY,4,0.866,0.866,False,0.398,0.0,0
Note_002824,52,573519.14,266.98,Left,INNER,2,0.866,0.866,False,0.356,5.0,0
Note_002825,74,573519.14,454.56,Right,MELODY,5,0.866,0.866,False,0.609,-10.0,0
Note_002826,52,573791.98,266.98,Right,INNER,1,0.866,0.866,False,0.398,10.0,0
Note_002827,56,573791.98,266.98,Right,INNER,2,0.866,0.866,True,0.398,10.0,0
Note_002828,59,573791.98,266.98,Right,MELODY,4,0.866,0.866,False,0.398,10.0,0
Note_002829,56,574064.83,130.56,Right,INNER,2,0.866,0.866,True,0.483,-5.0,0
Note_002830,62,574064.83,130.56,Right,INNER,3,0.866,0.866,False,0.483,-5.0,0
Note_002831,71,574064.83,1500.64,Right,MELODY,5,0.866,0.866,False,0.483,-5.0,0
Note_002832,52,574201.25,130.56,Right,MELODY,2,0.866,0.866,False,0.356,5.0,0
Note_002833,56,574337.67,130.56,Right,MELODY,4,0.866,0.866,True,0.402,-5.0,0
Note_002834,52,574474.09,130.56,Right,MELODY,2,0.866,0.866,False,0.356,5.0,0
Note_002835,52,574610.52,266.98,Right,INNER,1,0.866,0.866,False,0.414,5.0,0
Note_002836,62,574610.52,266.98,Right,MELODY,4,0.866,0.866,False,0.414,5.0,0
Note_002837,52,574883.36,266.98,Right,INNER,2,0.866,0.866,False,0.41,-5.0,0
Note_002838,56,574883.36,266.98,Right,INNER,3,0.866,0.866,True,0.41,-5.0,0
Note_002839,62,574883.36,266.98,Right,MELODY,5,0.866,0.866,False,0.41,-5.0,0
Note_002840,62,575156.21,266.98,Right,MELODY,4,0.866,0.866,False,0.471,-5.0,0
Note_002841,52,575429.05,266.98,Right,INNER,1,0.866,0.866,False,0.41,10.0,0
Note_002842,56,575429.05,266.98,Right,INNER,2,0.866,0.866,True,0.41,10.0,0
Note_002843,62,575429.05,266.98,Right,MELODY,4,0.866,0.866,False,0.41,10.0,0
Note_002844,52,575701.9,266.98,Right,MELODY,5,0.866,0.866,False,0.356,-10.0,0
Note_002845,52,575974.74,266.98,Right,INNER,1,0.866,0.866,False,0.41,10.0,0
Note_002846,56,575974.74,266.98,Right,INNER,2,0.866,0.866,True,0.41,10.0,0
Note_002847,62,575974.74,266.98,Right,MELODY,4,0.866,0.866,False,0.41,10.0,0
Note_002848,50,576247.58,454.56,Left,INNER,3,0.866,0.866,False,0.375,15.0,0
Note_002849,54,576247.58,454.56,Left,INNER,2,0.866,0.866,True,0.375,15.0,0
Note_002850,57,576247.58,454.56,Left,INNER,1,0.866,0.866,False,0.375,15.0,0
Note_002851,69,576247.58,727.41,Right,MELODY,5,0.866,0.866,False,0.552,-10.0,0
Note_002852,50,576793.27,454.56,Right,INNER,2,0.866,0.866,False,0.375,0.0,0
Note_002853,54,576793.27,454.56,Right,INNER,3,0.866,0.866,True,0.375,0.0,0
Note_002854,57,576793.27,454.56,Right,MELODY,4,0.866,0.866,False,0.375,0.0,0
Note_002855,69,577066.12,727.41,Right,MELODY,5,0.866,0.866,False,0.552,-10.0,0
Note_002856,53,577338.96,266.98,Right,MELODY,4,0.866,0.866,False,0.368,-5.0,0
Note_002857,50,577611.81,266.98,Right,INNER,1,0.866,0.866,False,0.372,15.0,0
Note_002858,53,577611.81,266.98,Right,INNER,2,0.866,0.866,False,0.372,15.0,0
Note_002859,57,577611.81,266.98,Right,MELODY,3,0.866,0.866,False,0.372,15.0,0
Note_002860,53,577884.65,266.98,Right,INNER,3,0.866,0.866,False,0.391,-5.0,0
Note_002861,57,577884.65,812.67,Right,MELODY,4,0.866,0.866,False,0.391,-5.0,0
Note_002862,50,578157.5,266.98,Right,INNER,1,0.866,0.866,False,0.372,15.0,0
Note_002863,53,578157.5,266.98,Right,INNER,2,0.866,0.866,False,0.372,15.0,0
Note_002864,57,578157.5,266.98,Right,MELODY,3,0.866,0.866,False,0.372,15.0,0
Note_002865,52,578430.34,266.98,Right,MELODY,4,0.866,0.866,False,0.356,-5.0,0
Note_002866,50,578703.18,266.98,Left,INNER,5,0.866,0.866,False,0.395,5.0,0
Note_002867,57,578703.18,266.98,Left,INNER,2,0.866,0.866,False,0.395,5.0,0
Note_002868,59,578703.18,266.98,Left,INNER,1,0.866,0.866,False,0.395,5.0,0
Note_002869,69,578703.18,727.41,Right,MELODY,5,0.866,0.866,False,0.552,-10.0,0
Note_002870,52,578976.03,266.98,Right,MELODY,4,0.866,0.866,False,0.356,-5.0,0
Note_002871,50,579248.87,266.98,Right,INNER,1,0.866,0.866,False,0.395,15.0,0
Note_002872,57,579248.87,266.98,Right,INNER,2,0.866,0.866,False,0.395,15.0,0
Note_002873,59,579248.87,266.98,Right,MELODY,3,0.866,0.866,False,0.395,15.0,0
Note_002874,51,579521.72,266.98,Right,INNER,3,0.866,0.866,True,0.379,-10.0,0
Note_002875,57,579521.72,454.56,Right,MELODY,5,0.866,0.866,False,0.379,-10.0,0
Note_002876,52,579794.56,266.98,Right,INNER,1,0.866,0.866,False,0.402,15.0,0
Note_002877,57,579794.56,266.98,Right,INNER,2,0.866,0.866,False,0.402,15.0,0
Note_002878,59,579794.56,266.98,Right,MELODY,3,0.866,0.866,False,0.402,15.0,0
Note_002879,51,580067.41,454.56,Right,INNER,1,0.866,0.866,True,0.42,5.0,12
Note_002880,64,580067.41,454.56,Right,MELODY,4,0.866,0.866,False,0.42,5.0,12
Note_002881,50,580613.1,454.56,Right,INNER,1,0.866,0.866,False,0.399,10.0,0
Note_002882,54,580613.1,454.56,Right,INNER,2,0.866,0.866,True,0.399,10.0,0
Note_002883,57,580613.1,454.56,Right,INNER,3,0.866,0.866,False,0.399,10.0,0
Note_002884,62,580613.1,2046.33,Right,MELODY,4,0.866,0.866,False,0.399,10.0,0
Note_002885,47,581158.79,266.98,Right,INNER,1,0.866,0.866,False,0.356,5.0,0
Note_002886,50,581158.79,266.98,Right,INNER,2,0.866,0.866,False,0.356,5.0,0
Note_002887,54,581158.79,266.98,Right,INNER,3,0.866,0.866,True,0.356,5.0,0
Note_002888,57,581158.79,266.98,Right,MELODY,5,0.866,0.866,False,0.356,5.0,0
Note_002889,49,581431.63,266.98,Right,MELODY,4,0.866,0.866,True,0.322,-5.0,0
Note_002890,50,581704.47,266.98,Right,MELODY,5,0.866,0.866,False,0.333,-10.0,0
Note_002891,50,581977.32,266.98,Right,INNER,2,0.866,0.866,False,0.375,0.0,0
Note_002892,54,581977.32,266.98,Right,INNER,3,0.866,0.866,True,0.375,0.0,0
Note_002893,57,581977.32,266.98,Right,MELODY,4,0.866,0.866,False,0.375,0.0,0
Note_002894,45,582250.16,266.98,Right,MELODY,2,0.866,0.866,False,0.276,5.0,0
Note_002895,50,582523.01,266.98,Right,INNER,2,0.866,0.866,False,0.375,0.0,0
Note_002896,54,582523.01,266.98,Right,INNER,3,0.866,0.866,True,0.375,0.0,0
Note_002897,57,582523.01,266.98,Right,MELODY,4,0.866,0.866,False,0.375,0.0,0
Note_002898,50,582795.85,266.98,Right,MELODY,2,0.866,0.866,False,0.333,5.0,0
Note_002899,50,583068.7,266.98,Left,INNER,3,0.866,0.866,False,0.375,15.0,0
Note_002900,54,583068.7,266.98,Left,INNER,2,0.866,0.866,True,0.375,15.0,0
Note_002901,57,583068.7,266.98,Left,INNER,1,0.866,0.866,False,0.375,15.0,0
Note_002902,74,583068.7,266.98,Right,MELODY,4,0.866,0.866,False,0.609,-5.0,0
Note_002903,47,583341.54,266.98,Left,INNER,1,0.866,0.866,False,0.299,10.0,0
Note_002904,73,583341.54,266.98,Right,MELODY,2,0.866,0.866,True,0.598,5.0,0
Note_002905,49,583614.39,266.98,Left,INNER,4,0.866,0.866,True,0.362,10.0,0
Note_002906,50,583614.39,266.98,Left,INNER,3,0.866,0.866,False,0.362,10.0,0
Note_002907,54,583614.39,266.98,Left,INNER,2,0.866,0.866,True,0.362,10.0,0
Note_002908,57,583614.39,266.98,Left,INNER,1,0.866,0.866,False,0.362,10.0,0
Note_002909,74,583614.39,266.98,Right,MELODY,4,0.866,0.866,False,0.609,-5.0,0
Note_002910,50,583887.23,266.98,Left,INNER,1,0.866,0.866,False,0.333,10.0,0
Note_002911,76,583887.23,266.98,Right,MELODY,1,0.866,0.866,False,0.632,10.0,0
Note_002912,50,584160.07,266.98,Left,INNER,3,0.866,0.866,False,0.375,15.0,0
Note_002913,54,584160.07,266.98,Left,INNER,2,0.866,0.866,True,0.375,15.0,0
Note_002914,57,584160.07,266.98,Left,INNER,1,0.866,0.866,False,0.375,15.0,0
Note_002915,78,584160.07,266.98,Right,MELODY,2,0.866,0.866,True,0.655,5.0,0
Note_002916,52,584432.92,266.98,Left,INNER,3,0.866,0.866,False,0.356,-0.0,0
Note_002917,79,584432.92,266.98,Right,MELODY,3,0.866,0.866,False,0.667,0.0,0
Note_002918,54,584705.76,266.98,Left,INNER,2,0.866,0.866,True,0.379,5.0,0
Note_002919,81,584705.76,266.98,Right,MELODY,4,0.866,0.866,False,0.69,-5.0,0
Note_002920,50,584978.61,403.4,Left,INNER,3,0.866,0.866,False,0.387,15.0,0
Note_002921,55,584978.61,403.4,Left,INNER,2,0.866,0.866,False,0.387,15.0,0
Note_002922,59,584978.61,403.4,Left,INNER,1,0.866,0.866,False,0.387,15.0,0
Note_002923,83,584978.61,954.96,Right,MELODY,5,0.866,0.866,False,0.713,-10.0,0
Note_002924,50,585387.87,130.56,Right,INNER,1,0.866,0.866,False,0.387,10.0,0
Note_002925,55,585387.87,130.56,Right,INNER,2,0.866,0.866,False,0.387,10.0,0
Note_002926,59,585387.87,130.56,Right,MELODY,4,0.866,0.866,False,0.387,10.0,0
Note_002927,55,585524.3,266.98,Right,MELODY,5,0.866,0.866,False,0.391,-10.0,0
Note_002928,50,585797.14,266.98,Right,INNER,2,0.866,0.866,False,0.387,0.0,0
Note_002929,55,585797.14,266.98,Right,INNER,3,0.866,0.866,False,0.387,0.0,0
Note_002930,59,585797.14,266.98,Right,MELODY,4,0.866,0.866,False,0.387,0.0,0
Note_002931,50,586069.99,454.56,Left,INNER,3,0.866,0.866,False,0.387,15.0,0
Note_002932,55,586069.99,454.56,Left,INNER,2,0.866,0.866,False,0.387,15.0,0
Note_002933,59,586069.99,454.56,Left,INNER,1,0.866,0.866,False,0.387,15.0,0
Note_002934,82,586069.99,954.96,Right,MELODY,5,0.866,0.866,True,0.701,-10.0,-12
Note_002935,55,586615.68,454.56,Right,MELODY,4,0.866,0.866,False,0.391,-5.0,0
Note_002936,50,587161.36,403.4,Left,INNER,3,0.866,0.866,False,0.375,15.0,0
Note_002937,54,587161.36,403.4,Left,INNER,2,0.866,0.866,True,0.375,15.0,0
Note_002938,57,587161.36,403.4,Left,INNER,1,0.866,0.866,False,0.375,15.0,0
Note_002939,81,587161.36,954.96,Right,MELODY,5,0.866,0.866,False,0.69,-10.0,0
Note_002940,50,587570.63,130.56,Right,INNER,1,0.866,0.866,False,0.375,10.0,0
Note_002941,54,587570.63,130.56,Right,INNER,2,0.866,0.866,True,0.375,10.0,0
Note_002942,57,587570.63,130.56,Right,MELODY,4,0.866,0.866,False,0.375,10.0,0
Note_002943,54,587707.05,266.98,Right,MELODY,5,0.866,0.866,True,0.379,-10.0,-12
Note_002944,50,587979.9,266.98,Right,INNER,2,0.866,0.866,False,0.375,0.0,0
Note_002945,54,587979.9,266.98,Right,INNER,3,0.866,0.866,True,0.375,0.0,0
Note_002946,57,587979.9,266.98,Right,MELODY,4,0.866,0.866,False,0.375,0.0,0
Note_002947,53,588252.74,266.98,Left,INNER,3,0.866,0.866,False,0.368,-0.0,0
Note_002948,83,588252.74,454.56,Right,MELODY,5,0.866,0.866,False,0.713,-10.0,0
Note_002949,50,588525.59,266.98,Right,INNER,2,0.866,0.866,False,0.368,0.0,0
Note_002950,53,588525.59,266.98,Right,INNER,3,0.866,0.866,False,0.368,0.0,0
Note_002951,56,588525.59,266.98,Right,MELODY,4,0.866,0.866,True,0.368,0.0,0
Note_002952,53,588798.43,130.56,Left,INNER,1,0.866,0.866,False,0.368,10.0,0
Note_002953,78,588798.43,454.56,Right,MELODY,5,0.866,0.866,True,0.655,-10.0,-12
Note_002954,50,588934.85,403.4,Right,INNER,2,0.866,0.866,False,0.368,0.0,0
Note_002955,53,588934.85,403.4,Right,INNER,3,0.866,0.866,False,0.368,0.0,0
Note_002956,56,588934.85,403.4,Right,MELODY,4,0.866,0.866,True,0.368,0.0,0
Note_002957,52,589344.12,403.4,Left,INNER,2,0.866,0.866,False,0.356,5.0,0
Note_002958,79,589344.12,954.96,Right,MELODY,5,0.866,0.866,False,0.667,-10.0,0
Note_002959,45,589753.39,130.56,Right,INNER,1,0.866,0.866,False,0.33,10.0,0
Note_002960,49,589753.39,130.56,Right,INNER,2,0.866,0.866,True,0.33,10.0,0
Note_002961,55,589753.39,130.56,Right,MELODY,4,0.866,0.866,False,0.33,10.0,0
Note_002962,52,589889.81,266.98,Right,MELODY,5,0.866,0.866,False,0.356,-10.0,0
Note_002963,45,590162.65,266.98,Right,INNER,1,0.866,0.866,False,0.33,10.0,0
Note_002964,49,590162.65,266.98,Right,INNER,2,0.866,0.866,True,0.33,10.0,0
Note_002965,55,590162.65,266.98,Right,MELODY,4,0.866,0.866,False,0.33,10.0,0
Note_002966,45,590435.5,454.56,Left,INNER,5,0.866,0.866,False,0.33,-10.0,0
Note_002967,49,590435.5,454.56,Left,INNER,4,0.866,0.866,True,0.33,-10.0,0
Note_002968,51,590435.5,454.56,Left,INNER,3,0.866,0.866,True,0.33,-10.0,0
Note_002969,54,590435.5,454.56,Left,INNER,2,0.866,0.866,True,0.33,-10.0,0
Note_002970,81,590435.5,954.96,Right,MELODY,5,0.866,0.866,False,0.69,-10.0,0
Note_002971,51,590981.19,454.56,Right,MELODY,4,0.866,0.866,True,0.345,-5.0,0
Note_002972,50,591526.88,266.98,Left,INNER,1,0.866,0.866,False,0.333,10.0,0
Note_002973,78,591526.88,954.96,Right,MELODY,5,0.866,0.866,True,0.655,-10.0,-12
Note_002974,45,591799.72,266.98,Right,INNER,2,0.866,0.866,False,0.33,0.0,0
Note_002975,50,591799.72,266.98,Right,INNER,3,0.866,0.866,False,0.33,0.0,0
Note_002976,54,591799.72,266.98,Right,MELODY,4,0.866,0.866,True,0.33,0.0,0
Note_002977,45,592072.57,266.98,Right,MELODY,2,0.866,0.866,False,0.276,5.0,0
Note_002978,45,592345.41,266.98,Right,INNER,2,0.866,0.866,False,0.33,0.0,0
Note_002979,50,592345.41,266.98,Right,INNER,3,0.866,0.866,False,0.33,0.0,0
Note_002980,54,592345.41,266.98,Right,MELODY,4,0.866,0.866,True,0.33,0.0,0
Note_002981,50,592618.25,266.98,Right,MELODY,1,0.866,0.866,False,0.333,10.0,0
Note_002982,45,592891.1,266.98,Left,INNER,5,0.866,0.866,False,0.33,-5.0,0
Note_002983,50,592891.1,266.98,Left,INNER,3,0.866,0.866,False,0.33,-5.0,0
Note_002984,54,592891.1,266.98,Left,INNER,2,0.866,0.866,True,0.33,-5.0,0
Note_002985,81,592891.1,266.98,Right,MELODY,2,0.866,0.866,False,0.69,5.0,0
Note_002986,52,593163.94,266.98,Left,INNER,1,0.866,0.866,False,0.356,10.0,0
Note_002987,83,593163.94,266.98,Right,MELODY,3,0.866,0.866,False,0.713,0.0,0
Note_002988,45,593436.79,266.98,Left,INNER,5,0.866,0.866,False,0.33,-5.0,0
Note_002989,50,593436.79,266.98,Left,INNER,3,0.866,0.866,False,0.33,-5.0,0
Note_002990,54,593436.79,266.98,Left,INNER,2,0.866,0.866,True,0.33,-5.0,0
Note_002991,85,593436.79,266.98,Right,MELODY,4,0.866,0.866,True,0.736,-5.0,0
Note_002992,43,593709.63,454.56,Left,INNER,5,0.866,0.866,False,0.319,5.0,0
Note_002993,47,593709.63,454.56,Left,INNER,3,0.866,0.866,False,0.319,5.0,0
Note_002994,50,593709.63,454.56,Left,INNER,2,0.866,0.866,False,0.319,5.0,0
Note_002995,55,593709.63,454.56,Left,INNER,1,0.866,0.866,False,0.319,5.0,0
Note_002996,86,593709.63,954.96,Right,MELODY,5,0.866,0.866,False,0.747,-10.0,0
Note_002997,55,594255.32,454.56,Right,MELODY,1,0.866,0.866,False,0.391,10.0,0
Note_002998,43,594801.01,454.56,Right,INNER,2,0.866,0.866,False,0.313,-10.0,0
Note_002999,46,594801.01,454.56,Right,INNER,3,0.866,0.866,True,0.313,-10.0,0
Note_003000,49,594801.01,454.56,Right,INNER,4,0.866,0.866,True,0.313,-10.0,0
Note_003001,55,594801.01,454.56,Right,MELODY,5,0.866,0.866,False,0.313,-10.0,0
Note_003002,85,595073.85,266.98,Right,MELODY,1,0.866,0.866,True,0.736,10.0,12
Note_003003,43,595346.7,454.56,Left,INNER,4,0.866,0.866,False,0.313,10.0,0
Note_003004,46,595346.7,454.56,Left,INNER,3,0.866,0.866,True,0.313,10.0,0
Note_003005,49,595346.7,454.56,Left,INNER,2,0.866,0.866,True,0.313,10.0,0
Note_003006,55,595346.7,454.56,Left,INNER,1,0.866,0.866,False,0.313,10.0,0
Note_003007,86,595346.7,266.98,Right,MELODY,2,0.866,0.866,False,0.747,5.0,0
Note_003008,88,595619.54,266.98,Right,MELODY,4,0.866,0.866,False,0.77,-5.0,0
Note_003009,54,595892.39,266.98,Left,INNER,4,0.866,0.866,True,0.379,-5.0,0
Note_003010,90,595892.39,954.96,Right,MELODY,5,0.866,0.866,True,0.793,-10.0,-12
Note_003011,42,596165.23,266.98,Right,INNER,2,0.866,0.866,True,0.284,0.0,0
Note_003012,45,596165.23,266.98,Right,INNER,3,0.866,0.866,False,0.284,0.0,0
Note_003013,50,596165.23,266.98,Right,MELODY,4,0.866,0.866,False,0.284,0.0,0
Note_003014,49,596438.08,266.98,Right,MELODY,2,0.866,0.866,True,0.322,5.0,0
Note_003015,51,596710.92,266.98,Right,MELODY,3,0.866,0.866,True,0.345,0.0,0
Note_003016,42,596983.77,454.56,Left,INNER,4,0.866,0.866,True,0.307,10.0,-12
Note_003017,45,596983.77,454.56,Left,INNER,3,0.866,0.866,False,0.307,10.0,-12
Note_003018,50,596983.77,454.56,Left,INNER,2,0.866,0.866,False,0.307,10.0,-12
Note_003019,54,596983.77,454.56,Left,INNER,1,0.866,0.866,True,0.307,10.0,-12
Note_003020,81,596983.77,454.56,Right,MELODY,4,0.866,0.866,False,0.69,-5.0,0
Note_003021,42,597529.46,454.56,Left,INNER,4,0.866,0.866,True,0.307,10.0,-12
Note_003022,45,597529.46,454.56,Left,INNER,3,0.866,0.866,False,0.307,10.0,-12
Note_003023,50,597529.46,454.56,Left,INNER,2,0.866,0.866,False,0.307,10.0,-12
Note_003024,54,597529.46,454.56,Left,INNER,1,0.866,0.866,True,0.307,10.0,-12
Note_003025,90,597529.46,454.56,Right,MELODY,5,0.866,0.866,True,0.793,-10.0,-12
Note_003026,52,598075.14,266.98,Left,INNER,1,0.866,0.866,False,0.356,10.0,0
Note_003027,88,598075.14,954.96,Right,MELODY,1,0.866,0.866,False,0.77,10.0,0
Note_003028,43,598347.99,266.98,Right,INNER,2,0.866,0.866,False,0.295,0.0,0
Note_003029,47,598347.99,266.98,Right,INNER,3,0.866,0.866,False,0.295,0.0,0
Note_003030,50,598347.99,266.98,Right,MELODY,4,0.866,0.866,False,0.295,0.0,0
Note_003031,52,598620.83,266.98,Right,MELODY,4,0.866,0.866,False,0.356,-5.0,0
Note_003032,43,598893.68,266.98,Right,INNER,2,0.866,0.866,False,0.295,0.0,0
Note_003033,47,598893.68,266.98,Right,INNER,3,0.866,0.866,False,0.295,0.0,0
Note_003034,50,598893.68,266.98,Right,MELODY,4,0.866,0.866,False,0.295,0.0,0
Note_003035,50,599166.52,266.98,Left,INNER,2,0.866,0.866,False,0.333,5.0,0
Note_003036,86,599166.52,454.56,Right,MELODY,5,0.866,0.866,False,0.747,-10.0,0
Note_003037,43,599439.37,266.98,Right,INNER,2,0.866,0.866,False,0.295,0.0,0
Note_003038,47,599439.37,266.98,Right,INNER,3,0.866,0.866,False,0.295,0.0,0
Note_003039,50,599439.37,266.98,Right,MELODY,4,0.866,0.866,False,0.295,0.0,0
Note_003040,50,599712.21,266.98,Left,INNER,2,0.866,0.866,False,0.333,5.0,0
Note_003041,85,599712.21,454.56,Right,MELODY,5,0.866,0.866,True,0.736,-10.0,-12
Note_003042,43,599985.06,266.98,Right,INNER,2,0.866,0.866,False,0.291,-0.0,0
Note_003043,46,599985.06,266.98,Right,INNER,3,0.866,0.866,True,0.291,-0.0,0
Note_003044,50,599985.06,266.98,Right,MELODY,4,0.866,0.866,False,0.291,-0.0,0
Note_003045,42,600257.9,454.56,Left,INNER,3,0.866,0.866,True,0.284,15.0,0
Note_003046,45,600257.9,454.56,Left,INNER,2,0.866,0.866,False,0.284,15.0,0
Note_003047,50,600257.9,454.56,Left,INNER,1,0.866,0.866,False,0.284,15.0,0
Note_003048,86,600257.9,2046.33,Right,MELODY,5,0.866,0.866,False,0.747,-10.0,0
Note_003049,45,600803.59,454.56,Right,MELODY,4,0.866,0.866,False,0.276,-5.0,0
Note_003050,50,601349.28,266.98,Right,MELODY,5,0.866,0.866,False,0.333,-10.0,0
Note_003051,42,601622.12,266.98,Right,INNER,2,0.866,0.866,True,0.284,0.0,0
Note_003052,45,601622.12,266.98,Right,INNER,3,0.866,0.866,False,0.284,0.0,0
Note_003053,50,601622.12,266.98,Right,MELODY,4,0.866,0.866,False,0.284,0.0,0
Note_003054,45,601894.97,130.56,Right,MELODY,1,0.866,0.866,False,0.276,10.0,0
Note_003055,42,602031.39,403.4,Right,INNER,2,0.866,0.866,True,0.284,0.0,0
Note_003056,45,602031.39,403.4,Right,INNER,3,0.866,0.866,False,0.284,0.0,0
Note_003057,50,602031.39,403.4,Right,MELODY,4,0.866,0.866,False,0.284,0.0,0
Note_003058,50,602440.66,266.98,Right,INNER,2,0.866,0.866,False,0.397,-5.0,-12
Note_003059,61,602440.66,130.56,Right,MELODY,5,0.866,0.866,True,0.397,-5.0,-12
Note_003060,62,602577.08,130.56,Right,MELODY,5,0.866,0.866,False,0.471,-10.0,0
Note_003061,45,602713.5,266.98,Right,INNER,1,0.866,0.866,False,0.362,5.0,-12
Note_003062,50,602713.5,266.98,Right,INNER,2,0.866,0.866,False,0.362,5.0,-12
Note_003063,54,602713.5,266.98,Right,INNER,3,0.866,0.866,True,0.362,5.0,-12
Note_003064,61,602713.5,130.56,Right,MELODY,5,0.866,0.866,True,0.362,5.0,-12
Note_003065,62,602849.92,130.56,Right,MELODY,5,0.866,0.866,False,0.471,-10.0,0
Note_003066,49,602986.35,266.98,Right,INNER,1,0.866,0.866,True,0.408,0.0,12
Note_003067,64,602986.35,130.56,Right,MELODY,5,0.866,0.866,False,0.408,0.0,12
Note_003068,62,603122.77,130.56,Right,MELODY,5,0.866,0.866,False,0.471,-10.0,0
Note_003069,45,603259.19,266.98,Right,INNER,1,0.866,0.866,False,0.362,5.0,-12
Note_003070,50,603259.19,266.98,Right,INNER,2,0.866,0.866,False,0.362,5.0,-12
Note_003071,54,603259.19,266.98,Right,INNER,3,0.866,0.866,True,0.362,5.0,-12
Note_003072,61,603259.19,130.56,Right,MELODY,5,0.866,0.866,True,0.362,5.0,-12
Note_003073,62,603395.61,130.56,Right,MELODY,5,0.866,0.866,False,0.471,-10.0,0
Note_003074,47,603532.03,266.98,Right,INNER,1,0.866,0.866,False,0.379,0.0,-12
Note_003075,61,603532.03,130.56,Right,MELODY,5,0.866,0.866,True,0.379,0.0,-12
Note_003076,62,603668.46,130.56,Right,MELODY,5,0.866,0.866,False,0.471,-10.0,0
Note_003077,45,603804.88,266.98,Right,INNER,1,0.866,0.866,False,0.362,5.0,-12
Note_003078,50,603804.88,266.98,Right,INNER,2,0.866,0.866,False,0.362,5.0,-12
Note_003079,54,603804.88,266.98,Right,INNER,3,0.866,0.866,True,0.362,5.0,-12
Note_003080,61,603804.88,130.56,Right,MELODY,5,0.866,0.866,True,0.362,5.0,-12
Note_003081,62,603941.3,130.56,Right,MELODY,5,0.866,0.866,False,0.471,-10.0,0
Note_003082,45,604077.72,266.98,Left,INNER,3,0.866,0.866,False,0.276,-0.0,0
Note_003083,64,604077.72,130.56,Right,MELODY,5,0.866,0.866,False,0.494,-10.0,0
Note_003084,62,604214.15,130.56,Right,MELODY,5,0.866,0.866,False,0.471,-10.0,0
Note_003085,45,604350.57,266.98,Right,INNER,1,0.866,0.866,False,0.362,5.0,-12
Note_003086,50,604350.57,266.98,Right,INNER,2,0.866,0.866,False,0.362,5.0,-12
Note_003087,54,604350.57,266.98,Right,INNER,3,0.866,0.866,True,0.362,5.0,-12
Note_003088,61,604350.57,130.56,Right,MELODY,5,0.866,0.866,True,0.362,5.0,-12
Note_003089,62,604486.99,130.56,Right,MELODY,5,0.866,0.866,False,0.471,-10.0,0
Note_003090,50,604623.41,266.98,Right,INNER,2,0.866,0.866,False,0.397,-5.0,-12
Note_003091,61,604623.41,130.56,Right,MELODY,5,0.866,0.866,True,0.397,-5.0,-12
Note_003092,62,604759.83,130.56,Right,MELODY,5,0.866,0.866,False,0.471,-10.0,0
Note_003093,45,604896.26,266.98,Right,INNER,1,0.866,0.866,False,0.362,5.0,-12
Note_003094,50,604896.26,266.98,Right,INNER,2,0.866,0.866,False,0.362,5.0,-12
Note_003095,54,604896.26,266.98,Right,INNER,3,0.866,0.866,True,0.362,5.0,-12
Note_003096,61,604896.26,130.56,Right,MELODY,5,0.866,0.866,True,0.362,5.0,-12
Note_003097,62,605032.68,130.56,Right,MELODY,5,0.866,0.866,False,0.471,-10.0,0
Note_003098,45,605169.1,266.98,Left,INNER,3,0.866,0.866,False,0.276,-0.0,0
Note_003099,67,605169.1,130.56,Right,MELODY,1,0.866,0.866,False,0.529,10.0,0
Note_003100,62,605305.52,130.56,Right,MELODY,5,0.866,0.866,False,0.471,-10.0,0
Note_003101,45,605441.95,266.98,Right,INNER,1,0.866,0.866,False,0.362,5.0,-12
Note_003102,50,605441.95,266.98,Right,INNER,2,0.866,0.866,False,0.362,5.0,-12
Note_003103,54,605441.95,266.98,Right,INNER,3,0.866,0.866,True,0.362,5.0,-12
Note_003104,61,605441.95,130.56,Right,MELODY,5,0.866,0.866,True,0.362,5.0,-12
Note_003105,62,605578.37,130.56,Right,MELODY,5,0.866,0.866,False,0.471,-10.0,0
Note_003106,50,605714.79,266.98,Left,INNER,2,0.866,0.866,False,0.333,5.0,0
Note_003107,69,605714.79,130.56,Right,MELODY,1,0.866,0.866,False,0.552,10.0,0
Note_003108,62,605851.21,130.56,Right,MELODY,5,0.866,0.866,False,0.471,-10.0,0
Note_003109,45,605987.63,266.98,Right,INNER,1,0.866,0.866,False,0.362,5.0,-12
Note_003110,50,605987.63,266.98,Right,INNER,2,0.866,0.866,False,0.362,5.0,-12
Note_003111,54,605987.63,266.98,Right,INNER,3,0.866,0.866,True,0.362,5.0,-12
Note_003112,61,605987.63,130.56,Right,MELODY,5,0.866,0.866,True,0.362,5.0,-12
Note_003113,62,606124.06,130.56,Right,MELODY,5,0.866,0.866,False,0.471,-10.0,0
Note_003114,52,606260.48,266.98,Right,INNER,1,0.866,0.866,False,0.443,5.0,0
Note_003115,67,606260.48,130.56,Right,MELODY,4,0.866,0.866,False,0.443,5.0,0
Note_003116,62,606396.9,130.56,Right,MELODY,5,0.866,0.866,False,0.471,-10.0,0
Note_003117,45,606533.32,266.98,Right,INNER,1,0.866,0.866,False,0.362,5.0,-12
Note_003118,50,606533.32,266.98,Right,INNER,2,0.866,0.866,False,0.362,5.0,-12
Note_003119,54,606533.32,266.98,Right,INNER,3,0.866,0.866,True,0.362,5.0,-12
Note_003120,61,606533.32,130.56,Right,MELODY,5,0.866,0.866,True,0.362,5.0,-12
Note_003121,62,606669.75,130.56,Right,MELODY,5,0.866,0.866,False,0.471,-10.0,0
Note_003122,47,606806.17,454.56,Right,INNER,1,0.866,0.866,False,0.371,5.0,-12
Note_003123,50,606806.17,454.56,Right,INNER,2,0.866,0.866,False,0.371,5.0,-12
Note_003124,55,606806.17,454.56,Right,INNER,3,0.866,0.866,False,0.371,5.0,-12
Note_003125,61,606806.17,130.56,Right,MELODY,5,0.866,0.866,True,0.371,5.0,-12
Note_003126,62,606942.59,130.56,Right,MELODY,5,0.866,0.866,False,0.471,-10.0,0
Note_003127,61,607079.01,130.56,Right,MELODY,4,0.866,0.866,True,0.46,-5.0,0
Note_003128,62,607215.43,130.56,Right,MELODY,5,0.866,0.866,False,0.471,-10.0,0
Note_003129,54,607351.86,266.98,Right,INNER,1,0.866,0.866,True,0.437,0.0,12
Note_003130,64,607351.86,130.56,Right,MELODY,5,0.866,0.866,False,0.437,0.0,12
Note_003131,62,607488.28,130.56,Right,MELODY,5,0.866,0.866,False,0.471,-10.0,0
Note_003132,47,607624.7,266.98,Right,INNER,1,0.866,0.866,False,0.371,5.0,-12
Note_003133,50,607624.7,266.98,Right,INNER,2,0.866,0.866,False,0.371,5.0,-12
Note_003134,55,607624.7,266.98,Right,INNER,3,0.866,0.866,False,0.371,5.0,-12
Note_003135,61,607624.7,130.56,Right,MELODY,5,0.866,0.866,True,0.371,5.0,-12
Note_003136,62,607761.12,130.56,Right,MELODY,5,0.866,0.866,False,0.471,-10.0,0
Note_003137,52,607897.55,266.98,Right,INNER,2,0.866,0.866,False,0.408,-5.0,-12
Note_003138,61,607897.55,130.56,Right,MELODY,5,0.866,0.866,True,0.408,-5.0,-12
Note_003139,62,608033.97,130.56,Right,MELODY,5,0.866,0.866,False,0.471,-10.0,0
Note_003140,47,608170.39,266.98,Right,INNER,1,0.866,0.866,False,0.371,5.0,-12
Note_003141,50,608170.39,266.98,Right,INNER,2,0.866,0.866,False,0.371,5.0,-12
Note_003142,55,608170.39,266.98,Right,INNER,3,0.866,0.866,False,0.371,5.0,-12
Note_003143,61,608170.39,130.56,Right,MELODY,5,0.866,0.866,True,0.371,5.0,-12
Note_003144,62,608306.81,130.56,Right,MELODY,5,0.866,0.866,False,0.471,-10.0,0
Note_003145,64,608443.23,130.56,Right,MELODY,5,0.866,0.866,False,0.414,0.0,0
Note_003146,50,608443.24,266.98,Right,INNER,1,0.866,0.866,False,0.414,0.0,0
Note_003147,62,608579.66,130.56,Right,MELODY,5,0.866,0.866,False,0.471,-10.0,0
Note_003148,47,608716.08,266.98,Right,INNER,1,0.866,0.866,False,0.371,5.0,-12
Note_003149,50,608716.08,266.98,Right,INNER,2,0.866,0.866,False,0.371,5.0,-12
Note_003150,55,608716.08,266.98,Right,INNER,3,0.866,0.866,False,0.371,5.0,-12
Note_003151,61,608716.08,130.56,Right,MELODY,5,0.866,0.866,True,0.371,5.0,-12
Note_003152,62,608852.5,130.56,Right,MELODY,5,0.866,0.866,False,0.471,-10.0,0
Note_003153,55,608988.92,266.98,Right,INNER,2,0.866,0.866,False,0.425,-5.0,-12
Note_003154,61,608988.92,130.56,Right,MELODY,5,0.866,0.866,True,0.425,-5.0,-12
Note_003155,62,609125.35,130.56,Right,MELODY,5,0.866,0.866,False,0.471,-10.0,0
Note_003156,47,609261.77,266.98,Right,INNER,1,0.866,0.866,False,0.371,5.0,-12
Note_003157,50,609261.77,266.98,Right,INNER,2,0.866,0.866,False,0.371,5.0,-12
Note_003158,55,609261.77,266.98,Right,INNER,3,0.866,0.866,False,0.371,5.0,-12
Note_003159,61,609261.77,130.56,Right,MELODY,5,0.866,0.866,True,0.371,5.0,-12
Note_003160,62,609398.19,130.56,Right,MELODY,5,0.866,0.866,False,0.471,-10.0,0
Note_003161,50,609534.61,266.98,Right,INNER,1,0.866,0.866,False,0.431,0.0,0
Note_003162,67,609534.61,130.56,Right,MELODY,5,0.866,0.866,False,0.431,0.0,0
Note_003163,62,609671.04,130.56,Right,MELODY,5,0.866,0.866,False,0.471,-10.0,0
Note_003164,47,609807.46,266.98,Right,INNER,1,0.866,0.866,False,0.371,5.0,-12
Note_003165,50,609807.46,266.98,Right,INNER,2,0.866,0.866,False,0.371,5.0,-12
Note_003166,55,609807.46,266.98,Right,INNER,3,0.866,0.866,False,0.371,5.0,-12
Note_003167,61,609807.46,130.56,Right,MELODY,5,0.866,0.866,True,0.371,5.0,-12
Note_003168,62,609943.88,130.56,Right,MELODY,5,0.866,0.866,False,0.471,-10.0,0
Note_003169,55,610080.3,266.98,Right,INNER,1,0.866,0.866,False,0.471,5.0,0
Note_003170,69,610080.3,130.56,Right,MELODY,4,0.866,0.866,False,0.471,5.0,0
Note_003171,62,610216.72,130.56,Right,MELODY,5,0.866,0.866,False,0.471,-10.0,0
Note_003172,47,610353.15,130.56,Right,INNER,1,0.866,0.866,False,0.371,5.0,-12
Note_003173,50,610353.15,130.56,Right,INNER,2,0.866,0.866,False,0.371,5.0,-12
Note_003174,55,610353.15,130.56,Right,INNER,3,0.866,0.866,False,0.371,5.0,-12
Note_003175,61,610353.15,130.56,Right,MELODY,5,0.866,0.866,True,0.371,5.0,-12
Note_003176,55,610489.57,130.56,Right,INNER,1,0.866,0.866,False,0.431,0.0,0
Note_003177,62,610489.57,130.56,Right,MELODY,5,0.866,0.866,False,0.431,0.0,0
Note_003178,54,610625.99,266.98,Right,INNER,1,0.866,0.866,True,0.454,5.0,12
Note_003179,67,610625.99,130.56,Right,MELODY,4,0.866,0.866,False,0.454,5.0,12
Note_003180,62,610762.41,130.56,Right,MELODY,5,0.866,0.866,False,0.471,-10.0,0
Note_003181,47,610898.84,266.98,Right,INNER,1,0.866,0.866,False,0.368,0.0,-12
Note_003182,50,610898.84,266.98,Right,INNER,2,0.866,0.866,False,0.368,0.0,-12
Note_003183,52,610898.84,266.98,Right,INNER,3,0.866,0.866,False,0.368,0.0,-12
Note_003184,55,610898.84,266.98,Right,INNER,4,0.866,0.866,False,0.368,0.0,-12
Note_003185,61,610898.84,130.56,Right,MELODY,5,0.866,0.866,True,0.368,0.0,-12
Note_003186,62,611035.26,130.56,Right,MELODY,5,0.866,0.866,False,0.471,-10.0,0
Note_003187,45,611171.68,403.4,Left,INNER,5,0.866,0.866,False,0.33,-5.0,0
Note_003188,50,611171.68,403.4,Left,INNER,3,0.866,0.866,False,0.33,-5.0,0
Note_003189,54,611171.68,403.4,Left,INNER,2,0.866,0.866,True,0.33,-5.0,0
Note_003190,74,611171.68,454.56,Right,INNER,1,0.866,0.866,False,0.655,5.0,0
Note_003191,79,611171.68,454.56,Right,INNER,3,0.866,0.866,False,0.655,5.0,0
Note_003192,81,611171.68,454.56,Right,MELODY,4,0.866,0.866,False,0.655,5.0,0
Note_003193,45,611580.95,130.56,Right,INNER,1,0.866,0.866,False,0.33,5.0,-12
Note_003194,50,611580.95,130.56,Right,INNER,2,0.866,0.866,False,0.33,5.0,-12
Note_003195,54,611580.95,130.56,Right,MELODY,5,0.866,0.866,True,0.33,5.0,-12
Note_003196,49,611717.37,266.98,Right,MELODY,4,0.866,0.866,True,0.322,-5.0,0
Note_003197,45,611990.21,266.98,Right,INNER,1,0.866,0.866,False,0.33,15.0,0
Note_003198,50,611990.21,266.98,Right,INNER,2,0.866,0.866,False,0.33,15.0,0
Note_003199,54,611990.21,266.98,Right,MELODY,3,0.866,0.866,True,0.33,15.0,0
Note_003200,47,612263.06,266.98,Left,INNER,1,0.866,0.866,False,0.299,10.0,0
Note_003201,74,612263.06,454.56,Right,INNER,1,0.866,0.866,False,0.655,5.0,0
Note_003202,79,612263.06,454.56,Right,INNER,2,0.866,0.866,False,0.655,5.0,0
Note_003203,81,612263.06,454.56,Right,MELODY,5,0.866,0.866,False,0.655,5.0,0
Note_003204,45,612535.9,266.98,Right,INNER,2,0.866,0.866,False,0.33,0.0,0
Note_003205,50,612535.9,266.98,Right,INNER,3,0.866,0.866,False,0.33,0.0,0
Note_003206,54,612535.9,266.98,Right,MELODY,4,0.866,0.866,True,0.33,0.0,0
Note_003207,45,612808.75,266.98,Right,MELODY,2,0.866,0.866,False,0.276,5.0,0
Note_003208,45,613081.59,266.98,Right,INNER,2,0.866,0.866,False,0.33,0.0,0
Note_003209,50,613081.59,266.98,Right,INNER,3,0.866,0.866,False,0.33,0.0,0
Note_003210,54,613081.59,266.98,Right,MELODY,4,0.866,0.866,True,0.33,0.0,0
Note_003211,45,613354.44,454.56,Left,INNER,5,0.866,0.866,False,0.33,-5.0,0
Note_003212,50,613354.44,454.56,Left,INNER,3,0.866,0.866,False,0.33,-5.0,0
Note_003213,54,613354.44,454.56,Left,INNER,2,0.866,0.866,True,0.33,-5.0,0
Note_003214,74,613354.44,454.56,Right,INNER,1,0.866,0.866,False,0.655,5.0,0
Note_003215,79,613354.44,454.56,Right,INNER,2,0.866,0.866,False,0.655,5.0,0
Note_003216,81,613354.44,454.56,Right,MELODY,5,0.866,0.866,False,0.655,5.0,0
Note_003217,78,613900.12,454.56,Right,MELODY,4,0.866,0.866,True,0.655,-5.0,0
Note_003218,45,613900.13,266.98,Left,INNER,5,0.866,0.866,False,0.276,-10.0,0
Note_003219,45,614172.97,266.98,Right,INNER,1,0.866,0.866,False,0.33,15.0,0
Note_003220,50,614172.97,266.98,Right,INNER,2,0.866,0.866,False,0.33,15.0,0
Note_003221,54,614172.97,266.98,Right,MELODY,3,0.866,0.866,True,0.33,15.0,0
Note_003222,50,614445.81,266.98,Left,INNER,3,0.866,0.866,False,0.333,-0.0,0
Note_003223,76,614445.81,454.56,Right,MELODY,5,0.866,0.866,False,0.632,-10.0,0
Note_003224,45,614718.66,266.98,Right,INNER,2,0.866,0.866,False,0.33,0.0,0
Note_003225,50,614718.66,266.98,Right,INNER,3,0.866,0.866,False,0.33,0.0,0
Note_003226,54,614718.66,266.98,Right,MELODY,4,0.866,0.866,True,0.33,0.0,0
Note_003227,52,614991.5,266.98,Left,INNER,2,0.866,0.866,False,0.356,5.0,0
Note_003228,75,614991.5,454.56,Right,MELODY,5,0.866,0.866,True,0.621,-10.0,-12
Note_003229,45,615264.35,266.98,Right,INNER,2,0.866,0.866,False,0.33,0.0,0
Note_003230,50,615264.35,266.98,Right,INNER,3,0.866,0.866,False,0.33,0.0,0
Note_003231,54,615264.35,266.98,Right,MELODY,4,0.866,0.866,True,0.33,0.0,0
Note_003232,47,615537.19,403.4,Left,INNER,3,0.866,0.866,False,0.341,15.0,0
Note_003233,50,615537.19,403.4,Left,INNER,2,0.866,0.866,False,0.341,15.0,0
Note_003234,55,615537.19,403.4,Left,INNER,1,0.866,0.866,False,0.341,15.0,0
Note_003235,67,615537.19,454.56,Right,INNER,1,0.866,0.866,False,0.575,0.0,0
Note_003236,72,615537.19,454.56,Right,INNER,3,0.866,0.866,False,0.575,0.0,0
Note_003237,74,615537.19,454.56,Right,MELODY,5,0.866,0.866,False,0.575,0.0,0
Note_003238,47,615946.46,130.56,Right,INNER,1,0.866,0.866,False,0.341,10.0,0
Note_003239,50,615946.46,130.56,Right,INNER,2,0.866,0.866,False,0.341,10.0,0
Note_003240,55,615946.46,130.56,Right,MELODY,4,0.866,0.866,False,0.341,10.0,0
Note_003241,50,616082.88,266.98,Right,MELODY,5,0.866,0.866,False,0.333,-10.0,0
Note_003242,47,616355.73,266.98,Right,INNER,2,0.866,0.866,False,0.341,0.0,0
Note_003243,50,616355.73,266.98,Right,INNER,3,0.866,0.866,False,0.341,0.0,0
Note_003244,55,616355.73,266.98,Right,MELODY,4,0.866,0.866,False,0.341,0.0,0
Note_003245,55,616628.57,266.98,Left,INNER,2,0.866,0.866,False,0.391,5.0,0
Note_003246,67,616628.57,454.56,Right,INNER,1,0.866,0.866,False,0.575,0.0,0
Note_003247,72,616628.57,454.56,Right,INNER,3,0.866,0.866,False,0.575,0.0,0
Note_003248,74,616628.57,454.56,Right,MELODY,5,0.866,0.866,False,0.575,0.0,0
Note_003249,47,616901.41,266.98,Right,INNER,1,0.866,0.866,False,0.341,10.0,0
Note_003250,50,616901.41,266.98,Right,INNER,2,0.866,0.866,False,0.341,10.0,0
Note_003251,55,616901.41,266.98,Right,MELODY,4,0.866,0.866,False,0.341,10.0,0
Note_003252,50,617174.26,266.98,Right,MELODY,5,0.866,0.866,False,0.333,-10.0,0
Note_003253,47,617447.1,266.98,Right,INNER,2,0.866,0.866,False,0.341,0.0,0
Note_003254,50,617447.1,266.98,Right,INNER,3,0.866,0.866,False,0.341,0.0,0
Note_003255,55,617447.1,266.98,Right,MELODY,4,0.866,0.866,False,0.341,0.0,0
Note_003256,55,617719.95,266.98,Left,INNER,2,0.866,0.866,False,0.391,5.0,0
Note_003257,67,617719.95,454.56,Right,INNER,1,0.866,0.866,False,0.575,5.0,0
Note_003258,72,617719.95,454.56,Right,INNER,2,0.866,0.866,False,0.575,5.0,0
Note_003259,74,617719.95,454.56,Right,MELODY,5,0.866,0.866,False,0.575,5.0,0
Note_003260,47,617992.79,266.98,Right,INNER,2,0.866,0.866,False,0.341,0.0,0
Note_003261,50,617992.79,266.98,Right,INNER,3,0.866,0.866,False,0.341,0.0,0
Note_003262,55,617992.79,266.98,Right,MELODY,4,0.866,0.866,False,0.341,0.0,0
Note_003263,50,618265.64,266.98,Right,MELODY,2,0.866,0.866,False,0.333,5.0,0
Note_003264,47,618538.48,266.98,Left,INNER,3,0.866,0.866,False,0.341,15.0,0
Note_003265,50,618538.48,266.98,Left,INNER,2,0.866,0.866,False,0.341,15.0,0
Note_003266,55,618538.48,266.98,Left,INNER,1,0.866,0.866,False,0.341,15.0,0
Note_003267,67,618538.48,130.56,Right,INNER,1,0.866,0.866,False,0.552,5.0,0
Note_003268,71,618538.48,130.56,Right,MELODY,4,0.866,0.866,False,0.552,5.0,0
Note_003269,67,618674.9,130.56,Right,INNER,1,0.866,0.866,False,0.557,5.0,0
Note_003270,72,618674.9,130.56,Right,MELODY,4,0.866,0.866,False,0.557,5.0,0
Note_003271,55,618811.33,266.98,Left,INNER,2,0.866,0.866,False,0.391,5.0,0
Note_003272,67,618811.33,454.56,Right,INNER,1,0.866,0.866,False,0.575,10.0,0
Note_003273,72,618811.33,454.56,Right,INNER,2,0.866,0.866,False,0.575,10.0,0
Note_003274,74,618811.33,454.56,Right,MELODY,4,0.866,0.866,False,0.575,10.0,0
Note_003275,47,619084.17,266.98,Right,INNER,2,0.866,0.866,False,0.341,-5.0,0
Note_003276,50,619084.17,266.98,Right,INNER,3,0.866,0.866,False,0.341,-5.0,0
Note_003277,55,619084.17,266.98,Right,MELODY,5,0.866,0.866,False,0.341,-5.0,0
Note_003278,67,619357.01,454.56,Right,INNER,1,0.866,0.866,False,0.59,10.0,0
Note_003279,74,619357.01,454.56,Right,INNER,2,0.866,0.866,False,0.59,10.0,0
Note_003280,76,619357.01,454.56,Right,MELODY,4,0.866,0.866,False,0.59,10.0,0
Note_003281,54,619357.02,266.98,Left,INNER,3,0.866,0.866,True,0.379,-0.0,0
Note_003282,47,619629.86,266.98,Right,INNER,2,0.866,0.866,False,0.341,-5.0,0
Note_003283,50,619629.86,266.98,Right,INNER,3,0.866,0.866,False,0.341,-5.0,0
Note_003284,55,619629.86,266.98,Right,MELODY,5,0.866,0.866,False,0.341,-5.0,0
Note_003285,42,619902.7,454.56,Left,INNER,3,0.866,0.866,True,0.284,15.0,0
Note_003286,45,619902.7,454.56,Left,INNER,2,0.866,0.866,False,0.284,15.0,0
Note_003287,50,619902.7,454.56,Left,INNER,1,0.866,0.866,False,0.284,15.0,0
Note_003288,69,619902.7,454.56,Right,INNER,1,0.866,0.866,False,0.582,10.0,0
Note_003289,72,619902.7,454.56,Right,INNER,2,0.866,0.866,False,0.582,10.0,0
Note_003290,74,619902.7,454.56,Right,MELODY,4,0.866,0.866,False,0.582,10.0,0
Note_003291,45,620448.39,454.56,Right,MELODY,2,0.866,0.866,False,0.276,5.0,0
Note_003292,74,620721.24,266.98,Right,MELODY,5,0.866,0.866,False,0.609,-10.0,0
Note_003293,50,620994.08,266.98,Left,INNER,2,0.866,0.866,False,0.333,5.0,0
Note_003294,69,620994.08,454.56,Right,INNER,1,0.866,0.866,False,0.603,5.0,0
Note_003295,78,620994.08,454.56,Right,MELODY,4,0.866,0.866,True,0.603,5.0,0
Note_003296,42,621266.93,266.98,Right,INNER,2,0.866,0.866,True,0.284,-5.0,0
Note_003297,45,621266.93,266.98,Right,INNER,3,0.866,0.866,False,0.284,-5.0,0
Note_003298,50,621266.93,266.98,Right,MELODY,5,0.866,0.866,False,0.284,-5.0,0
Note_003299,45,621539.77,130.56,Left,INNER,3,0.866,0.866,False,0.276,-0.0,0
Note_003300,81,621539.77,454.56,Right,MELODY,1,0.866,0.866,False,0.69,10.0,0
Note_003301,42,621676.19,403.4,Right,INNER,2,0.866,0.866,True,0.284,0.0,0
Note_003302,45,621676.19,403.4,Right,INNER,3,0.866,0.866,False,0.284,0.0,0
Note_003303,50,621676.19,403.4,Right,MELODY,4,0.866,0.866,False,0.284,0.0,0
Note_003304,42,622085.46,454.56,Left,INNER,3,0.866,0.866,True,0.284,15.0,0
Note_003305,45,622085.46,454.56,Left,INNER,2,0.866,0.866,False,0.284,15.0,0
Note_003306,50,622085.46,454.56,Left,INNER,1,0.866,0.866,False,0.284,15.0,0
Note_003307,80,622085.46,454.56,Right,MELODY,4,0.866,0.866,True,0.678,-5.0,0
Note_003308,45,622631.15,266.98,Left,INNER,3,0.866,0.866,False,0.276,-0.0,0
Note_003309,81,622631.15,454.56,Right,MELODY,5,0.866,0.866,False,0.69,-10.0,0
Note_003310,42,622903.99,266.98,Right,INNER,2,0.866,0.866,True,0.284,0.0,0
Note_003311,45,622903.99,266.98,Right,INNER,3,0.866,0.866,False,0.284,0.0,0
Note_003312,50,622903.99,266.98,Right,MELODY,4,0.866,0.866,False,0.284,0.0,0
Note_003313,50,623176.84,266.98,Left,INNER,2,0.866,0.866,False,0.333,5.0,0
Note_003314,80,623176.84,130.56,Right,MELODY,4,0.866,0.866,True,0.678,-5.0,0
Note_003315,81,623313.26,130.56,Right,MELODY,5,0.866,0.866,False,0.69,-10.0,0
Note_003316,42,623449.68,266.98,Left,INNER,3,0.866,0.866,True,0.284,15.0,0
Note_003317,45,623449.68,266.98,Left,INNER,2,0.866,0.866,False,0.284,15.0,0
Note_003318,50,623449.68,266.98,Left,INNER,1,0.866,0.866,False,0.284,15.0,0
Note_003319,80,623449.68,130.56,Right,MELODY,4,0.866,0.866,True,0.678,-5.0,0
Note_003320,78,623586.1,130.56,Right,MELODY,3,0.866,0.866,True,0.655,0.0,0
Note_003321,52,623722.53,266.98,Left,INNER,2,0.866,0.866,False,0.356,5.0,0
Note_003322,74,623722.53,266.98,Right,MELODY,2,0.866,0.866,False,0.609,5.0,0
Note_003323,42,623995.37,266.98,Left,INNER,5,0.866,0.866,True,0.307,-10.0,12
Note_003324,45,623995.37,266.98,Left,INNER,4,0.866,0.866,False,0.307,-10.0,12
Note_003325,50,623995.37,266.98,Left,INNER,3,0.866,0.866,False,0.307,-10.0,12
Note_003326,54,623995.37,266.98,Left,INNER,2,0.866,0.866,True,0.307,-10.0,12
Note_003327,69,623995.37,266.98,Right,MELODY,1,0.866,0.866,False,0.552,10.0,0
Note_003328,47,624268.22,454.56,Left,INNER,3,0.866,0.866,False,0.341,15.0,0
Note_003329,50,624268.22,454.56,Left,INNER,2,0.866,0.866,False,0.341,15.0,0
Note_003330,55,624268.22,454.56,Left,INNER,1,0.866,0.866,False,0.341,15.0,0
Note_003331,71,624268.22,403.4,Right,MELODY,2,0.866,0.866,False,0.575,5.0,0
Note_003332,73,624677.48,130.56,Right,MELODY,4,0.866,0.866,True,0.598,-5.0,0
Note_003333,74,624813.9,403.4,Right,MELODY,5,0.866,0.866,False,0.609,-10.0,0
Note_003334,50,624813.91,266.98,Left,INNER,3,0.866,0.866,False,0.333,-0.0,0
Note_003335,47,625086.75,266.98,Right,INNER,1,0.866,0.866,False,0.341,15.0,0
Note_003336,50,625086.75,266.98,Right,INNER,2,0.866,0.866,False,0.341,15.0,0
Note_003337,55,625086.75,266.98,Right,MELODY,3,0.866,0.866,False,0.341,15.0,0
Note_003338,76,625223.17,130.56,Right,MELODY,4,0.866,0.866,False,0.632,-5.0,0
Note_003339,47,625359.59,454.56,Left,INNER,3,0.866,0.866,False,0.341,15.0,0
Note_003340,50,625359.59,454.56,Left,INNER,2,0.866,0.866,False,0.341,15.0,0
Note_003341,55,625359.59,454.56,Left,INNER,1,0.866,0.866,False,0.341,15.0,0
Note_003342,78,625359.59,130.56,Right,MELODY,5,0.866,0.866,True,0.655,-10.0,-12
Note_003343,77,625496.02,130.56,Right,MELODY,2,0.866,0.866,False,0.644,5.0,0
Note_003344,78,625632.44,130.56,Right,MELODY,3,0.866,0.866,True,0.655,0.0,0
Note_003345,79,625768.86,130.56,Right,MELODY,4,0.866,0.866,False,0.667,-5.0,0
Note_003346,47,625905.28,454.56,Left,INNER,3,0.866,0.866,False,0.341,15.0,0
Note_003347,50,625905.28,454.56,Left,INNER,2,0.866,0.866,False,0.341,15.0,0
Note_003348,55,625905.28,454.56,Left,INNER,1,0.866,0.866,False,0.341,15.0,0
Note_003349,81,625905.28,130.56,Right,MELODY,5,0.866,0.866,False,0.69,-10.0,0
Note_003350,79,626041.71,130.56,Right,MELODY,4,0.866,0.866,False,0.667,-5.0,0
Note_003351,78,626178.13,130.56,Right,MELODY,2,0.866,0.866,True,0.655,5.0,0
Note_003352,76,626314.55,130.56,Right,MELODY,1,0.866,0.866,False,0.632,10.0,0
Note_003353,57,626450.97,266.98,Right,INNER,1,0.866,0.866,False,0.511,0.0,0
Note_003354,74,626450.97,130.56,Right,MELODY,5,0.866,0.866,False,0.511,0.0,0
Note_003355,73,626587.39,130.56,Right,MELODY,2,0.866,0.866,True,0.598,5.0,0
Note_003356,47,626723.82,266.98,Left,INNER,3,0.866,0.866,False,0.341,15.0,0
Note_003357,50,626723.82,266.98,Left,INNER,2,0.866,0.866,False,0.341,15.0,0
Note_003358,55,626723.82,266.98,Left,INNER,1,0.866,0.866,False,0.341,15.0,0
Note_003359,74,626723.82,130.56,Right,MELODY,4,0.866,0.866,False,0.609,-5.0,0
Note_003360,81,626860.24,130.56,Right,MELODY,5,0.866,0.866,False,0.69,-10.0,0
Note_003361,52,626996.66,266.98,Left,INNER,3,0.866,0.866,False,0.356,-0.0,0
Note_003362,73,626996.66,130.56,Right,MELODY,4,0.866,0.866,True,0.598,-5.0,0
Note_003363,72,627133.08,130.56,Right,MELODY,2,0.866,0.866,False,0.586,5.0,0
Note_003364,47,627269.51,266.98,Left,INNER,3,0.866,0.866,False,0.341,15.0,0
Note_003365,50,627269.51,266.98,Left,INNER,2,0.866,0.866,False,0.341,15.0,0
Note_003366,55,627269.51,266.98,Left,INNER,1,0.866,0.866,False,0.341,15.0,0
Note_003367,73,627269.51,130.56,Right,MELODY,4,0.866,0.866,True,0.598,-5.0,0
Note_003368,81,627405.93,130.56,Right,MELODY,5,0.866,0.866,False,0.69,-10.0,0
Note_003369,57,627542.35,266.98,Right,INNER,1,0.866,0.866,False,0.506,0.0,-12
Note_003370,73,627542.35,130.56,Right,MELODY,5,0.866,0.866,True,0.506,0.0,-12
Note_003371,72,627678.77,130.56,Right,MELODY,5,0.866,0.866,False,0.586,-10.0,0
Note_003372,47,627815.19,266.98,Left,INNER,3,0.866,0.866,False,0.341,15.0,0
Note_003373,50,627815.19,266.98,Left,INNER,2,0.866,0.866,False,0.341,15.0,0
Note_003374,55,627815.19,266.98,Left,INNER,1,0.866,0.866,False,0.341,15.0,0
Note_003375,71,627815.19,130.56,Right,MELODY,4,0.866,0.866,False,0.575,-5.0,0
Note_003376,70,627951.62,130.56,Right,MELODY,1,0.866,0.866,True,0.563,10.0,12
Note_003377,52,628088.04,266.98,Right,INNER,1,0.866,0.866,False,0.454,0.0,0
Note_003378,69,628088.04,130.56,Right,MELODY,5,0.866,0.866,False,0.454,0.0,0
Note_003379,68,628224.46,130.56,Right,MELODY,5,0.866,0.866,True,0.54,-10.0,-12
Note_003380,47,628360.88,266.98,Left,INNER,3,0.866,0.866,False,0.341,15.0,0
Note_003381,50,628360.88,266.98,Left,INNER,2,0.866,0.866,False,0.341,15.0,0
Note_003382,55,628360.88,266.98,Left,INNER,1,0.866,0.866,False,0.341,15.0,0
Note_003383,67,628360.88,130.56,Right,MELODY,4,0.866,0.866,False,0.529,-5.0,0
Note_003384,64,628497.31,130.56,Right,MELODY,3,0.866,0.866,False,0.494,0.0,0
Note_003385,38,628633.73,9185.59,Left,BASS,5,0.866,0.866,False,0.195,-10.0,0
Note_003386,50,628633.73,9185.59,Right,MELODY,2,0.866,0.866,False,0.333,5.0,0
Note_003387,69,630816.48,266.98,Right,MELODY,4,0.866,0.866,False,0.552,-5.0,0
Note_003388,74,631089.33,266.98,Right,INNER,1,0.866,0.866,False,0.678,0.0,0
Note_003389,86,631089.33,266.98,Right,MELODY,5,0.866,0.866,False,0.678,0.0,0
Note_003390,77,631362.17,266.98,Right,INNER,1,0.866,0.866,False,0.667,5.0,0
Note_003391,81,631362.17,266.98,Right,MELODY,4,0.866,0.866,False,0.667,5.0,0
Note_003392,76,631635.02,2319.18,Right,INNER,2,0.866,0.866,False,0.655,0.0,0
Note_003393,80,631635.02,2319.18,Right,MELODY,4,0.866,0.866,True,0.655,0.0,0
Note_003394,38,637910.44,8048.91,Left,BASS,5,0.866,0.866,False,0.195,-10.0,0
Note_003395,50,637910.44,8048.91,Right,MELODY,2,0.866,0.866,False,0.333,5.0,0
Note_003396,69,639547.51,266.98,Right,MELODY,4,0.866,0.866,False,0.552,-5.0,0
Note_003397,74,639820.35,266.98,Right,INNER,1,0.866,0.866,False,0.678,0.0,0
Note_003398,86,639820.35,266.98,Right,MELODY,5,0.866,0.866,False,0.678,0.0,0
Note_003399,77,640093.2,266.98,Right,INNER,1,0.866,0.866,False,0.667,5.0,0
Note_003400,81,640093.2,266.98,Right,MELODY,4,0.866,0.866,False,0.667,5.0,0
Note_003401,76,640366.04,1818.79,Right,INNER,2,0.866,0.866,False,0.655,0.0,0
Note_003402,80,640366.04,1818.79,Right,MELODY,4,0.866,0.866,True,0.655,0.0,0
Note_003403,83,642275.95,454.56,Right,INNER,1,0.866,0.866,False,0.782,0.0,0
Note_003404,95,642275.95,454.56,Right,MELODY,5,0.866,0.866,False,0.782,0.0,0
Note_003405,38,646095.78,4229.09,Left,BASS,5,0.866,0.866,False,0.195,-10.0,0
Note_003406,50,646095.78,4229.09,Right,MELODY,4,0.866,0.866,False,0.333,-5.0,0
Note_003407,69,648278.53,266.98,Right,MELODY,5,0.866,0.866,False,0.552,-10.0,0
Note_003408,74,648551.38,266.98,Right,INNER,1,0.866,0.866,False,0.678,15.0,0
Note_003409,86,648551.38,266.98,Right,MELODY,2,0.866,0.866,False,0.678,15.0,0
Note_003410,77,648824.22,266.98,Right,INNER,1,0.866,0.866,False,0.667,5.0,0
Note_003411,81,648824.22,266.98,Right,MELODY,4,0.866,0.866,False,0.667,5.0,0
Note_003412,76,649097.07,1227.8,Right,INNER,2,0.866,0.866,False,0.655,0.0,0
Note_003413,80,649097.07,1227.8,Right,MELODY,4,0.866,0.866,True,0.655,0.0,0
Note_003414,38,650461.29,2637.32,Left,BASS,5,0.866,0.866,False,0.195,-10.0,0
Note_003415,50,650461.29,2637.32,Right,MELODY,2,0.866,0.866,False,0.333,5.0,0
Note_003416,69,650597.71,130.56,Right,MELODY,3,0.866,0.866,False,0.552,0.0,0
Note_003417,74,650734.13,130.56,Right,MELODY,4,0.866,0.866,False,0.609,-5.0,0
Note_003418,81,650870.55,130.56,Right,MELODY,5,0.866,0.866,False,0.69,-10.0,0
Note_003419,80,651006.98,130.56,Right,MELODY,4,0.866,0.866,True,0.678,-5.0,0
Note_003420,69,651143.4,130.56,Right,MELODY,2,0.866,0.866,False,0.552,5.0,0
Note_003421,74,651279.82,130.56,Right,MELODY,4,0.866,0.866,False,0.609,-5.0,0
Note_003422,79,651416.24,130.56,Right,MELODY,5,0.866,0.866,False,0.667,-10.0,0
Note_003423,77,651552.67,130.56,Right,MELODY,4,0.866,0.866,False,0.644,-5.0,0
Note_003424,69,651689.09,130.56,Right,MELODY,2,0.866,0.866,False,0.552,5.0,0
Note_003425,74,651825.51,130.56,Right,MELODY,4,0.866,0.866,False,0.609,-5.0,0
Note_003426,77,651961.93,130.56,Right,MELODY,5,0.866,0.866,False,0.644,-10.0,0
Note_003427,76,652098.35,130.56,Right,MELODY,4,0.866,0.866,False,0.632,-5.0,0
Note_003428,67,652234.78,130.56,Right,MELODY,2,0.866,0.866,False,0.529,5.0,0
Note_003429,73,652371.2,130.56,Right,MELODY,4,0.866,0.866,True,0.598,-5.0,0
Note_003430,76,652507.62,130.56,Right,MELODY,5,0.866,0.866,False,0.632,-10.0,0
Note_003431,74,652644.04,266.98,Right,MELODY,4,0.866,0.866,False,0.609,-5.0,0
Note_003432,69,652916.89,130.56,Right,MELODY,2,0.866,0.866,False,0.552,5.0,0
Note_003433,74,653053.31,130.56,Right,MELODY,5,0.866,0.866,False,0.609,-10.0,0
Note_003434,40,653189.73,454.56,Left,INNER,2,0.866,0.866,False,0.287,15.0,0
Note_003435,52,653189.73,454.56,Left,INNER,1,0.866,0.866,False,0.287,15.0,0
Note_003436,73,653189.73,266.98,Right,MELODY,4,0.866,0.866,True,0.598,-5.0,0
Note_003437,67,653462.58,130.56,Right,MELODY,2,0.866,0.866,False,0.529,5.0,0
Note_003438,70,653599.0,130.56,Right,MELODY,4,0.866,0.866,True,0.563,-5.0,0
Note_003439,41,653735.42,954.96,Left,INNER,2,0.866,0.866,False,0.299,15.0,0
Note_003440,53,653735.42,954.96,Left,INNER,1,0.866,0.866,False,0.299,15.0,0
Note_003441,69,653735.42,266.98,Right,MELODY,2,0.866,0.866,False,0.552,5.0,0
Note_003442,69,654008.27,130.56,Right,MELODY,2,0.866,0.866,False,0.552,5.0,0
Note_003443,74,654144.69,130.56,Right,MELODY,4,0.866,0.866,False,0.609,-5.0,0
Note_003444,77,654281.11,130.56,Right,MELODY,5,0.866,0.866,False,0.644,-10.0,0
Note_003445,69,654417.53,130.56,Right,MELODY,2,0.866,0.866,False,0.552,5.0,0
Note_003446,74,654553.96,130.56,Right,MELODY,4,0.866,0.866,False,0.609,-5.0,0
Note_003447,77,654690.38,130.56,Right,MELODY,5,0.866,0.866,False,0.644,-10.0,0
Note_003448,43,654826.8,954.96,Left,INNER,3,0.866,0.866,False,0.253,-0.0,0
Note_003449,70,654826.8,130.56,Right,MELODY,4,0.866,0.866,True,0.563,-5.0,0
Note_003450,67,654963.22,130.56,Right,MELODY,2,0.866,0.866,False,0.529,5.0,0
Note_003451,70,655099.64,130.56,Right,MELODY,3,0.866,0.866,True,0.563,0.0,0
Note_003452,73,655236.07,130.56,Right,MELODY,4,0.866,0.866,True,0.598,-5.0,0
Note_003453,76,655372.49,130.56,Right,MELODY,5,0.866,0.866,False,0.632,-10.0,0
Note_003454,70,655508.91,130.56,Right,MELODY,2,0.866,0.866,True,0.563,5.0,0
Note_003455,73,655645.33,130.56,Right,MELODY,4,0.866,0.866,True,0.598,-5.0,0
Note_003456,76,655781.76,130.56,Right,MELODY,5,0.866,0.866,False,0.632,-10.0,0
Note_003457,45,655918.18,954.96,Left,INNER,2,0.866,0.866,False,0.276,5.0,0
Note_003458,77,655918.18,130.56,Right,MELODY,1,0.866,0.866,False,0.644,10.0,0
Note_003459,81,656054.6,130.56,Right,MELODY,4,0.866,0.866,False,0.69,-5.0,0
Note_003460,86,656191.02,130.56,Right,MELODY,5,0.866,0.866,False,0.747,-10.0,0
Note_003461,81,656327.44,130.56,Right,MELODY,4,0.866,0.866,False,0.69,-5.0,0
Note_003462,77,656463.87,130.56,Right,MELODY,2,0.866,0.866,False,0.644,5.0,0
Note_003463,86,656600.29,130.56,Right,MELODY,5,0.866,0.866,False,0.747,-10.0,0
Note_003464,81,656736.71,130.56,Right,MELODY,4,0.866,0.866,False,0.69,-5.0,0
Note_003465,77,656873.13,130.56,Right,MELODY,3,0.866,0.866,False,0.644,0.0,0
Note_003466,43,657009.56,954.96,Left,INNER,3,0.866,0.866,False,0.253,-0.0,0
Note_003467,76,657009.56,130.56,Right,MELODY,2,0.866,0.866,False,0.632,5.0,0
Note_003468,79,657145.98,130.56,Right,MELODY,3,0.866,0.866,False,0.667,0.0,0
Note_003469,85,657282.4,130.56,Right,MELODY,4,0.866,0.866,True,0.736,-5.0,0
Note_003470,79,657418.82,130.56,Right,MELODY,3,0.866,0.866,False,0.667,0.0,0
Note_003471,76,657555.24,130.56,Right,MELODY,2,0.866,0.866,False,0.632,5.0,0
Note_003472,85,657691.67,130.56,Right,MELODY,5,0.866,0.866,True,0.736,-10.0,-12
Note_003473,79,657828.09,130.56,Right,MELODY,4,0.866,0.866,False,0.667,-5.0,0
Note_003474,76,657964.51,130.56,Right,MELODY,3,0.866,0.866,False,0.632,0.0,0
Note_003475,41,658100.93,954.96,Left,INNER,2,0.866,0.866,False,0.299,15.0,0
Note_003476,53,658100.93,954.96,Left,INNER,1,0.866,0.866,False,0.299,15.0,0
Note_003477,74,658100.93,130.56,Right,MELODY,2,0.866,0.866,False,0.609,5.0,0
Note_003478,77,658237.36,130.56,Right,MELODY,4,0.866,0.866,False,0.644,-5.0,0
Note_003479,81,658373.78,130.56,Right,MELODY,5,0.866,0.866,False,0.69,-10.0,0
Note_003480,77,658510.2,130.56,Right,MELODY,4,0.866,0.866,False,0.644,-5.0,0
Note_003481,74,658646.62,130.56,Right,MELODY,2,0.866,0.866,False,0.609,5.0,0
Note_003482,81,658783.05,130.56,Right,MELODY,5,0.866,0.866,False,0.69,-10.0,0
Note_003483,77,658919.47,130.56,Right,MELODY,4,0.866,0.866,False,0.644,-5.0,0
Note_003484,74,659055.89,130.56,Right,MELODY,2,0.866,0.866,False,0.609,5.0,0
Note_003485,40,659192.31,266.98,Left,INNER,2,0.866,0.866,False,0.287,15.0,0
Note_003486,52,659192.31,266.98,Left,INNER,1,0.866,0.866,False,0.287,15.0,0
Note_003487,73,659192.31,266.98,Right,MELODY,1,0.866,0.866,True,0.598,10.0,12
Note_003488,43,659465.16,266.98,Left,INNER,3,0.866,0.866,False,0.253,-0.0,0
Note_003489,69,659465.16,266.98,Right,INNER,1,0.866,0.866,False,0.605,5.0,0
Note_003490,73,659465.16,266.98,Right,INNER,2,0.866,0.866,True,0.605,5.0,0
Note_003491,79,659465.16,266.98,Right,MELODY,5,0.866,0.866,False,0.605,5.0,0
Note_003492,46,659738.0,266.98,Left,INNER,2,0.866,0.866,True,0.287,5.0,0
Note_003493,74,659738.0,266.98,Right,INNER,1,0.866,0.866,False,0.651,10.0,0
Note_003494,77,659738.0,266.98,Right,INNER,2,0.866,0.866,False,0.651,10.0,0
Note_003495,82,659738.0,266.98,Right,MELODY,4,0.866,0.866,True,0.651,10.0,0
Note_003496,44,660010.85,266.98,Left,INNER,3,0.866,0.866,True,0.264,-0.0,0
Note_003497,73,660010.85,266.98,Right,INNER,1,0.866,0.866,True,0.64,10.0,12
Note_003498,76,660010.85,266.98,Right,INNER,2,0.866,0.866,False,0.64,10.0,12
Note_003499,81,660010.85,266.98,Right,MELODY,4,0.866,0.866,False,0.64,10.0,12
Note_003500,45,660283.69,954.96,Left,INNER,2,0.866,0.866,False,0.276,5.0,0
Note_003501,69,660283.69,954.96,Right,INNER,1,0.866,0.866,False,0.605,10.0,0
Note_003502,73,660283.69,954.96,Right,INNER,2,0.866,0.866,True,0.605,10.0,0
Note_003503,79,660283.69,954.96,Right,MELODY,4,0.866,0.866,False,0.605,10.0,0
Note_003504,38,661375.07,3131.85,Left,BASS,5,0.866,0.866,False,0.195,-10.0,0
Note_003505,50,661375.07,3131.85,Right,MELODY,5,0.866,0.866,False,0.333,-10.0,0
Note_003506,74,661511.49,130.56,Right,INNER,1,0.866,0.866,False,0.678,5.0,0
Note_003507,86,661511.49,130.56,Right,MELODY,4,0.866,0.866,False,0.678,5.0,0
Note_003508,73,661647.91,130.56,Right,INNER,1,0.866,0.866,True,0.667,5.0,12
Note_003509,85,661647.91,130.56,Right,MELODY,4,0.866,0.866,True,0.667,5.0,12
Note_003510,74,661784.33,130.56,Right,INNER,1,0.866,0.866,False,0.678,5.0,0
Note_003511,86,661784.33,130.56,Right,MELODY,4,0.866,0.866,False,0.678,5.0,0
Note_003512,75,661920.76,130.56,Right,INNER,1,0.866,0.866,True,0.69,5.0,12
Note_003513,87,661920.76,130.56,Right,MELODY,4,0.866,0.866,True,0.69,5.0,12
Note_003514,74,662057.18,130.56,Right,INNER,1,0.866,0.866,False,0.678,5.0,0
Note_003515,86,662057.18,130.56,Right,MELODY,4,0.866,0.866,False,0.678,5.0,0
Note_003516,73,662193.6,130.56,Right,INNER,1,0.866,0.866,True,0.667,5.0,12
Note_003517,85,662193.6,130.56,Right,MELODY,4,0.866,0.866,True,0.667,5.0,12
Note_003518,68,662330.02,130.56,Right,INNER,2,0.866,0.866,True,0.609,-5.0,-12
Note_003519,80,662330.02,130.56,Right,MELODY,5,0.866,0.866,True,0.609,-5.0,-12
Note_003520,69,662466.45,130.56,Right,INNER,1,0.866,0.866,False,0.621,15.0,0
Note_003521,81,662466.45,130.56,Right,MELODY,2,0.866,0.866,False,0.621,15.0,0
Note_003522,77,662602.87,130.56,Right,MELODY,4,0.866,0.866,False,0.644,-5.0,0
Note_003523,76,662739.29,130.56,Right,MELODY,2,0.866,0.866,False,0.632,5.0,0
Note_003524,77,662875.71,130.56,Right,MELODY,4,0.866,0.866,False,0.644,-5.0,0
Note_003525,67,663012.13,130.56,Right,INNER,1,0.866,0.866,False,0.598,5.0,0
Note_003526,79,663012.13,130.56,Right,MELODY,4,0.866,0.866,False,0.598,5.0,0
Note_003527,77,663148.56,130.56,Right,MELODY,4,0.866,0.866,False,0.644,-5.0,0
Note_003528,76,663284.98,130.56,Right,MELODY,3,0.866,0.866,False,0.632,0.0,0
Note_003529,73,663421.4,130.56,Right,MELODY,2,0.866,0.866,True,0.598,5.0,0
Note_003530,74,663557.82,454.56,Right,MELODY,5,0.866,0.866,False,0.609,-10.0,0
Note_003531,52,664512.78,130.56,Right,MELODY,4,0.866,0.866,False,0.356,-5.0,0
Note_003532,53,664649.2,130.56,Right,MELODY,5,0.866,0.866,False,0.368,-10.0,0
Note_003533,50,664785.62,130.56,Right,MELODY,4,0.866,0.866,False,0.333,-5.0,0
Note_003534,49,664922.05,130.56,Right,MELODY,2,0.866,0.866,True,0.322,5.0,0
Note_003535,50,665058.47,130.56,Right,MELODY,4,0.866,0.866,False,0.333,-5.0,0
Note_003536,51,665194.89,130.56,Right,MELODY,5,0.866,0.866,True,0.345,-10.0,-12
Note_003537,50,665331.31,130.56,Right,MELODY,4,0.866,0.866,False,0.333,-5.0,0
Note_003538,49,665467.74,130.56,Right,MELODY,3,0.866,0.866,True,0.322,0.0,0
Note_003539,44,665604.16,130.56,Right,MELODY,2,0.866,0.866,True,0.264,5.0,0
Note_003540,45,665740.58,266.98,Right,INNER,2,0.866,0.866,False,0.305,-5.0,0
Note_003541,50,665740.58,266.98,Right,MELODY,5,0.866,0.866,False,0.305,-5.0,0
Note_003542,50,666013.42,266.98,Right,INNER,1,0.866,0.866,False,0.351,5.0,0
Note_003543,53,666013.42,266.98,Right,MELODY,4,0.866,0.866,False,0.351,5.0,0
Note_003544,40,666286.27,266.98,Right,INNER,1,0.866,0.866,False,0.299,10.0,0
Note_003545,49,666286.27,266.98,Right,INNER,2,0.866,0.866,True,0.299,10.0,0
Note_003546,52,666286.27,266.98,Right,MELODY,4,0.866,0.866,False,0.299,10.0,0
Note_003547,52,666559.11,266.98,Right,INNER,1,0.866,0.866,False,0.443,0.0,0
Note_003548,67,666559.11,266.98,Right,MELODY,5,0.866,0.866,False,0.443,0.0,0
Note_003549,41,666831.96,266.98,Right,INNER,1,0.866,0.866,False,0.31,10.0,0
Note_003550,50,666831.96,266.98,Right,INNER,2,0.866,0.866,False,0.31,10.0,0
Note_003551,53,666831.96,266.98,Right,MELODY,4,0.866,0.866,False,0.31,10.0,0
Note_003552,53,667104.8,266.98,Right,INNER,1,0.866,0.866,False,0.466,0.0,-12
Note_003553,70,667104.8,266.98,Right,MELODY,5,0.866,0.866,True,0.466,0.0,-12
Note_003554,43,667377.65,266.98,Left,INNER,3,0.866,0.866,False,0.253,-0.0,0
Note_003555,67,667377.65,266.98,Right,INNER,2,0.866,0.866,False,0.54,5.0,0
Note_003556,69,667377.65,266.98,Right,MELODY,3,0.866,0.866,False,0.54,5.0,0
Note_003557,52,667650.49,266.98,Left,INNER,2,0.866,0.866,False,0.356,5.0,0
Note_003558,73,667650.49,266.98,Right,MELODY,4,0.866,0.866,True,0.598,-5.0,0
Note_003559,45,667923.34,454.56,Left,INNER,3,0.866,0.866,False,0.276,-0.0,0
Note_003560,69,667923.34,130.56,Right,INNER,2,0.866,0.866,False,0.58,0.0,0
Note_003561,74,667923.34,130.56,Right,MELODY,4,0.866,0.866,False,0.58,0.0,0
Note_003562,69,668059.76,130.56,Right,MELODY,2,0.866,0.866,False,0.552,5.0,0
Note_003563,74,668196.18,130.56,Right,MELODY,4,0.866,0.866,False,0.609,-5.0,0
Note_003564,81,668332.6,130.56,Right,MELODY,5,0.866,0.866,False,0.69,-10.0,0
Note_003565,80,668469.02,130.56,Right,MELODY,4,0.866,0.866,True,0.678,-5.0,0
Note_003566,69,668605.45,130.56,Right,MELODY,2,0.866,0.866,False,0.552,5.0,0
Note_003567,74,668741.87,130.56,Right,MELODY,4,0.866,0.866,False,0.609,-5.0,0
Note_003568,79,668878.29,130.56,Right,MELODY,5,0.866,0.866,False,0.667,-10.0,0
Note_003569,77,669014.71,130.56,Right,MELODY,4,0.866,0.866,False,0.644,-5.0,0
Note_003570,69,669151.14,130.56,Right,MELODY,2,0.866,0.866,False,0.552,5.0,0
Note_003571,74,669287.56,130.56,Right,MELODY,4,0.866,0.866,False,0.609,-5.0,0
Note_003572,77,669423.98,130.56,Right,MELODY,5,0.866,0.866,False,0.644,-10.0,0
Note_003573,76,669560.4,130.56,Right,MELODY,4,0.866,0.866,False,0.632,-5.0,0
Note_003574,67,669696.83,130.56,Right,MELODY,2,0.866,0.866,False,0.529,5.0,0
Note_003575,73,669833.25,130.56,Right,MELODY,4,0.866,0.866,True,0.598,-5.0,0
Note_003576,76,669969.67,130.56,Right,MELODY,5,0.866,0.866,False,0.632,-10.0,0
Note_003577,74,670106.09,266.98,Right,MELODY,4,0.866,0.866,False,0.609,-5.0,0
Note_003578,69,670378.94,130.56,Right,MELODY,2,0.866,0.866,False,0.552,5.0,0
Note_003579,74,670515.36,130.56,Right,MELODY,5,0.866,0.866,False,0.609,-10.0,0
Note_003580,73,670651.78,266.98,Right,MELODY,4,0.866,0.866,True,0.598,-5.0,0
Note_003581,67,670924.63,130.56,Right,MELODY,2,0.866,0.866,False,0.529,5.0,0
Note_003582,70,671061.05,130.56,Right,MELODY,4,0.866,0.866,True,0.563,-5.0,0
Note_003583,69,671197.47,266.98,Right,MELODY,2,0.866,0.866,False,0.552,5.0,0
Note_003584,69,671470.31,130.56,Right,MELODY,2,0.866,0.866,False,0.552,5.0,0
Note_003585,74,671606.74,130.56,Right,MELODY,4,0.866,0.866,False,0.609,-5.0,0
Note_003586,77,671743.16,130.56,Right,MELODY,5,0.866,0.866,False,0.644,-10.0,0
Note_003587,69,671879.58,130.56,Right,MELODY,2,0.866,0.866,False,0.552,5.0,0
Note_003588,74,672016.0,130.56,Right,MELODY,4,0.866,0.866,False,0.609,-5.0,0
Note_003589,77,672152.43,130.56,Right,MELODY,5,0.866,0.866,False,0.644,-10.0,0
Note_003590,76,672288.85,130.56,Right,MELODY,4,0.866,0.866,False,0.632,-5.0,0
Note_003591,67,672425.27,130.56,Right,MELODY,2,0.866,0.866,False,0.529,5.0,0
Note_003592,70,672561.69,130.56,Right,MELODY,3,0.866,0.866,True,0.563,0.0,0
Note_003593,73,672698.11,130.56,Right,MELODY,4,0.866,0.866,True,0.598,-5.0,0
Note_003594,76,672834.54,130.56,Right,MELODY,5,0.866,0.866,False,0.632,-10.0,0
Note_003595,73,672970.96,130.56,Right,MELODY,2,0.866,0.866,True,0.598,5.0,0
Note_003596,76,673107.38,130.56,Right,MELODY,4,0.866,0.866,False,0.632,-5.0,0
Note_003597,79,673243.8,130.56,Right,MELODY,5,0.866,0.866,False,0.667,-10.0,0
Note_003598,77,673380.23,130.56,Right,MELODY,2,0.866,0.866,False,0.644,5.0,0
Note_003599,81,673516.65,130.56,Right,MELODY,4,0.866,0.866,False,0.69,-5.0,0
Note_003600,86,673653.07,130.56,Right,MELODY,5,0.866,0.866,False,0.747,-10.0,0
Note_003601,81,673789.49,130.56,Right,MELODY,4,0.866,0.866,False,0.69,-5.0,0
Note_003602,77,673925.91,130.56,Right,MELODY,2,0.866,0.866,False,0.644,5.0,0
Note_003603,86,674062.34,130.56,Right,MELODY,5,0.866,0.866,False,0.747,-10.0,0
Note_003604,81,674198.76,130.56,Right,MELODY,4,0.866,0.866,False,0.69,-5.0,0
Note_003605,77,674335.18,130.56,Right,MELODY,3,0.866,0.866,False,0.644,0.0,0
Note_003606,76,674471.6,130.56,Right,MELODY,2,0.866,0.866,False,0.632,5.0,0
Note_003607,79,674608.03,130.56,Right,MELODY,3,0.866,0.866,False,0.667,0.0,0
Note_003608,85,674744.45,130.56,Right,MELODY,4,0.866,0.866,True,0.736,-5.0,0
Note_003609,79,674880.87,130.56,Right,MELODY,3,0.866,0.866,False,0.667,0.0,0
Note_003610,76,675017.29,130.56,Right,MELODY,2,0.866,0.866,False,0.632,5.0,0
Note_003611,85,675153.72,130.56,Right,MELODY,5,0.866,0.866,True,0.736,-10.0,-12
Note_003612,79,675290.14,130.56,Right,MELODY,4,0.866,0.866,False,0.667,-5.0,0
Note_003613,76,675426.56,130.56,Right,MELODY,3,0.866,0.866,False,0.632,0.0,0
Note_003614,38,675562.98,954.96,Left,BASS,5,0.866,0.866,False,0.195,-10.0,0
Note_003615,50,675562.98,954.96,Right,MELODY,2,0.866,0.866,False,0.333,5.0,0
Note_003616,69,675699.4,130.56,Right,MELODY,4,0.866,0.866,False,0.552,-5.0,0
Note_003617,74,675835.83,130.56,Right,MELODY,5,0.866,0.866,False,0.609,-10.0,0
Note_003618,69,675972.25,130.56,Right,MELODY,4,0.866,0.866,False,0.552,-5.0,0
Note_003619,77,676108.67,130.56,Right,MELODY,5,0.866,0.866,False,0.644,-10.0,0
Note_003620,69,676245.09,130.56,Right,MELODY,4,0.866,0.866,False,0.552,-5.0,0
Note_003621,74,676381.52,130.56,Right,MELODY,5,0.866,0.866,False,0.609,-10.0,0
Note_003622,69,676517.94,130.56,Right,MELODY,2,0.866,0.866,False,0.552,5.0,0
Note_003623,39,676654.36,266.98,Left,BASS,5,0.866,0.866,True,0.276,-5.0,12
Note_003624,51,676654.36,266.98,Left,INNER,2,0.866,0.866,True,0.276,-5.0,12
Note_003625,75,676654.36,130.56,Right,MELODY,4,0.866,0.866,True,0.621,-5.0,0
Note_003626,67,676790.78,130.56,Right,MELODY,2,0.866,0.866,False,0.529,5.0,0
Note_003627,38,676927.2,266.98,Left,BASS,2,0.866,0.866,False,0.264,15.0,0
Note_003628,50,676927.2,266.98,Left,INNER,1,0.866,0.866,False,0.264,15.0,0
Note_003629,74,676927.2,130.56,Right,MELODY,4,0.866,0.866,False,0.609,-5.0,0
Note_003630,69,677063.63,130.56,Right,MELODY,2,0.866,0.866,False,0.552,5.0,0
Note_003631,49,677200.05,266.98,Left,INNER,2,0.866,0.866,True,0.322,5.0,0
Note_003632,75,677200.05,130.56,Right,MELODY,4,0.866,0.866,True,0.621,-5.0,0
Note_003633,69,677336.47,130.56,Right,MELODY,2,0.866,0.866,False,0.552,5.0,0
Note_003634,44,677472.89,266.98,Left,INNER,3,0.866,0.866,True,0.264,-0.0,0
Note_003635,74,677472.89,130.56,Right,MELODY,5,0.866,0.866,False,0.609,-10.0,0
Note_003636,69,677609.32,130.56,Right,MELODY,4,0.866,0.866,False,0.552,-5.0,0
Note_003637,45,677745.74,2046.33,Right,MELODY,2,0.866,0.866,False,0.276,5.0,0
Note_003638,67,677882.16,130.56,Right,MELODY,3,0.866,0.866,False,0.529,0.0,0
Note_003639,73,678018.58,130.56,Right,MELODY,4,0.866,0.866,True,0.598,-5.0,0
Note_003640,67,678155.0,130.56,Right,MELODY,2,0.866,0.866,False,0.529,5.0,0
Note_003641,67,678427.85,130.56,Right,MELODY,2,0.866,0.866,False,0.529,5.0,0
Note_003642,73,678564.27,130.56,Right,MELODY,4,0.866,0.866,True,0.598,-5.0,0
Note_003643,67,678700.69,130.56,Right,MELODY,2,0.866,0.866,False,0.529,5.0,0
Note_003644,67,678973.54,130.56,Right,MELODY,2,0.866,0.866,False,0.529,5.0,0
Note_003645,73,679109.96,130.56,Right,MELODY,4,0.866,0.866,True,0.598,-5.0,0
Note_003646,67,679246.38,130.56,Right,MELODY,2,0.866,0.866,False,0.529,5.0,0
Note_003647,67,679519.23,130.56,Right,MELODY,2,0.866,0.866,False,0.529,5.0,0
Note_003648,73,679655.65,130.56,Right,MELODY,4,0.866,0.866,True,0.598,-5.0,0
Note_003649,67,679792.07,130.56,Right,MELODY,3,0.866,0.866,False,0.529,0.0,0
Note_003650,44,679928.49,954.96,Right,MELODY,2,0.866,0.866,True,0.264,5.0,0
Note_003651,68,680064.92,130.56,Right,MELODY,4,0.866,0.866,True,0.54,-5.0,0
Note_003652,71,680201.34,130.56,Right,MELODY,5,0.866,0.866,False,0.575,-10.0,0
Note_003653,68,680337.76,130.56,Right,MELODY,4,0.866,0.866,True,0.54,-5.0,0
Note_003654,74,680474.18,130.56,Right,MELODY,5,0.866,0.866,False,0.609,-10.0,0
Note_003655,68,680610.61,130.56,Right,MELODY,4,0.866,0.866,True,0.54,-5.0,0
Note_003656,71,680747.03,130.56,Right,MELODY,5,0.866,0.866,False,0.575,-10.0,0
Note_003657,68,680883.45,130.56,Right,MELODY,4,0.866,0.866,True,0.54,-5.0,0
Note_003658,45,681019.87,266.98,Right,MELODY,2,0.866,0.866,False,0.276,5.0,0
Note_003659,68,681156.29,130.56,Right,MELODY,4,0.866,0.866,True,0.54,-5.0,0
Note_003660,44,681292.72,266.98,Left,INNER,2,0.866,0.866,True,0.264,5.0,0
Note_003661,71,681292.72,130.56,Right,MELODY,5,0.866,0.866,False,0.575,-10.0,0
Note_003662,68,681429.14,130.56,Right,MELODY,2,0.866,0.866,True,0.54,5.0,0
Note_003663,43,681565.56,266.98,Left,INNER,3,0.866,0.866,False,0.253,-0.0,0
Note_003664,73,681565.56,130.56,Right,MELODY,4,0.866,0.866,True,0.598,-5.0,0
Note_003665,67,681701.98,130.56,Right,MELODY,2,0.866,0.866,False,0.529,5.0,0
Note_003666,49,681838.41,266.98,Left,INNER,2,0.866,0.866,True,0.322,5.0,0
Note_003667,70,681838.41,130.56,Right,MELODY,4,0.866,0.866,True,0.563,-5.0,0
Note_003668,67,681974.83,130.56,Right,MELODY,3,0.866,0.866,False,0.529,0.0,0
Note_003669,38,682111.25,2046.33,Left,BASS,5,0.866,0.866,False,0.195,-10.0,0
Note_003670,50,682111.25,2046.33,Right,MELODY,2,0.866,0.866,False,0.333,5.0,0
Note_003671,69,682247.67,130.56,Right,MELODY,4,0.866,0.866,False,0.552,-5.0,0
Note_003672,74,682384.09,130.56,Right,MELODY,5,0.866,0.866,False,0.609,-10.0,0
Note_003673,69,682520.52,130.56,Right,MELODY,4,0.866,0.866,False,0.552,-5.0,0
Note_003674,77,682656.94,130.56,Right,MELODY,5,0.866,0.866,False,0.644,-10.0,0
Note_003675,69,682793.36,130.56,Right,MELODY,4,0.866,0.866,False,0.552,-5.0,0
Note_003676,74,682929.78,130.56,Right,MELODY,5,0.866,0.866,False,0.609,-10.0,0
Note_003677,69,683066.21,130.56,Right,MELODY,4,0.866,0.866,False,0.552,-5.0,0
Note_003678,69,683339.05,130.56,Right,MELODY,4,0.866,0.866,False,0.552,-5.0,0
Note_003679,74,683475.47,130.56,Right,MELODY,5,0.866,0.866,False,0.609,-10.0,0
Note_003680,69,683611.89,130.56,Right,MELODY,4,0.866,0.866,False,0.552,-5.0,0
Note_003681,77,683748.32,130.56,Right,MELODY,5,0.866,0.866,False,0.644,-10.0,0
Note_003682,74,683884.74,130.56,Right,MELODY,2,0.866,0.866,False,0.609,5.0,0
Note_003683,77,684021.16,130.56,Right,MELODY,4,0.866,0.866,False,0.644,-5.0,0
Note_003684,81,684157.58,130.56,Right,MELODY,5,0.866,0.866,False,0.69,-10.0,0
Note_003685,38,684294.01,954.96,Left,BASS,5,0.866,0.866,False,0.264,-5.0,0
Note_003686,50,684294.01,954.96,Left,INNER,2,0.866,0.866,False,0.264,-5.0,0
Note_003687,74,684294.01,130.56,Right,INNER,1,0.866,0.866,False,0.678,5.0,0
Note_003688,86,684294.01,130.56,Right,MELODY,4,0.866,0.866,False,0.678,5.0,0
Note_003689,74,684430.43,130.56,Right,MELODY,2,0.866,0.866,False,0.609,5.0,0
Note_003690,77,684566.85,130.56,Right,MELODY,5,0.866,0.866,False,0.644,-10.0,0
Note_003691,74,684703.27,130.56,Right,MELODY,4,0.866,0.866,False,0.609,-5.0,0
Note_003692,81,684839.69,130.56,Right,MELODY,5,0.866,0.866,False,0.69,-10.0,0
Note_003693,74,684976.12,130.56,Right,MELODY,4,0.866,0.866,False,0.609,-5.0,0
Note_003694,77,685112.54,130.56,Right,MELODY,5,0.866,0.866,False,0.644,-10.0,0
Note_003695,74,685248.96,130.56,Right,MELODY,2,0.866,0.866,False,0.609,5.0,0
Note_003696,51,685385.38,266.98,Left,INNER,2,0.866,0.866,True,0.345,5.0,0
Note_003697,75,685385.38,130.56,Right,INNER,2,0.866,0.866,True,0.655,0.0,0
Note_003698,81,685385.38,130.56,Right,MELODY,4,0.866,0.866,False,0.655,0.0,0
Note_003699,74,685521.81,130.56,Right,MELODY,2,0.866,0.866,False,0.609,5.0,0
Note_003700,50,685658.23,266.98,Left,INNER,3,0.866,0.866,False,0.333,-0.0,0
Note_003701,74,685658.23,266.98,Right,INNER,1,0.866,0.866,False,0.626,0.0,0
Note_003702,77,685658.23,266.98,Right,MELODY,5,0.866,0.866,False,0.626,0.0,0
Note_003703,49,685931.07,266.98,Left,INNER,4,0.866,0.866,True,0.322,-5.0,0
Note_003704,73,685931.07,130.56,Right,INNER,2,0.866,0.866,True,0.644,0.0,0
Note_003705,81,685931.07,130.56,Right,MELODY,4,0.866,0.866,False,0.644,0.0,0
Note_003706,74,686067.5,130.56,Right,MELODY,1,0.866,0.866,False,0.609,10.0,0
Note_003707,44,686203.92,266.98,Left,INNER,5,0.866,0.866,True,0.264,-10.0,12
Note_003708,68,686203.92,130.56,Right,INNER,3,0.866,0.866,True,0.592,-10.0,0
Note_003709,77,686203.92,130.56,Right,MELODY,5,0.866,0.866,False,0.592,-10.0,0
Note_003710,74,686340.34,130.56,Right,MELODY,3,0.866,0.866,False,0.609,0.0,0
Note_003711,40,686476.76,2046.33,Left,INNER,3,0.866,0.866,False,0.284,15.0,0
Note_003712,45,686476.76,2046.33,Left,INNER,2,0.866,0.866,False,0.284,15.0,0
Note_003713,52,686476.76,2046.33,Left,INNER,1,0.866,0.866,False,0.284,15.0,0
Note_003714,69,686476.76,130.56,Right,MELODY,2,0.866,0.866,False,0.552,5.0,0
Note_003715,73,686613.18,130.56,Right,MELODY,4,0.866,0.866,True,0.598,-5.0,0
Note_003716,76,686749.61,130.56,Right,MELODY,5,0.866,0.866,False,0.632,-10.0,0
Note_003717,73,686886.03,130.56,Right,MELODY,4,0.866,0.866,True,0.598,-5.0,0
Note_003718,79,687022.45,130.56,Right,MELODY,5,0.866,0.866,False,0.667,-10.0,0
Note_003719,73,687158.87,130.56,Right,MELODY,4,0.866,0.866,True,0.598,-5.0,0
Note_003720,76,687295.3,130.56,Right,MELODY,5,0.866,0.866,False,0.632,-10.0,0
Note_003721,73,687431.72,130.56,Right,MELODY,4,0.866,0.866,True,0.598,-5.0,0
Note_003722,69,687568.14,130.56,Right,MELODY,2,0.866,0.866,False,0.552,5.0,0
Note_003723,73,687704.56,130.56,Right,MELODY,4,0.866,0.866,True,0.598,-5.0,0
Note_003724,76,687840.98,130.56,Right,MELODY,5,0.866,0.866,False,0.632,-10.0,0
Note_003725,73,687977.41,130.56,Right,MELODY,4,0.866,0.866,True,0.598,-5.0,0
Note_003726,79,688113.83,130.56,Right,MELODY,5,0.866,0.866,False,0.667,-10.0,0
Note_003727,73,688250.25,130.56,Right,MELODY,4,0.866,0.866,True,0.598,-5.0,0
Note_003728,76,688386.67,130.56,Right,MELODY,5,0.866,0.866,False,0.632,-10.0,0
Note_003729,73,688523.1,130.56,Right,MELODY,3,0.866,0.866,True,0.598,0.0,0
Note_003730,41,688659.52,954.96,Left,INNER,3,0.866,0.866,False,0.287,15.0,0
Note_003731,44,688659.52,954.96,Left,INNER,2,0.866,0.866,True,0.287,15.0,0
Note_003732,53,688659.52,954.96,Left,INNER,1,0.866,0.866,False,0.287,15.0,0
Note_003733,68,688659.52,130.56,Right,INNER,2,0.866,0.866,True,0.557,5.0,0
Note_003734,71,688659.52,130.56,Right,MELODY,3,0.866,0.866,False,0.557,5.0,0
Note_003735,74,688795.94,130.56,Right,MELODY,4,0.866,0.866,False,0.609,-5.0,0
Note_003736,77,688932.36,130.56,Right,MELODY,5,0.866,0.866,False,0.644,-10.0,0
Note_003737,74,689068.78,130.56,Right,MELODY,2,0.866,0.866,False,0.609,5.0,0
Note_003738,80,689205.21,130.56,Right,MELODY,4,0.866,0.866,True,0.678,-5.0,0
Note_003739,74,689341.63,130.56,Right,MELODY,2,0.866,0.866,False,0.609,5.0,0
Note_003740,77,689478.05,130.56,Right,MELODY,5,0.866,0.866,False,0.644,-10.0,0
Note_003741,74,689614.47,130.56,Right,MELODY,4,0.866,0.866,False,0.609,-5.0,0
Note_003742,45,689750.9,266.98,Left,INNER,1,0.866,0.866,False,0.276,10.0,0
Note_003743,69,689750.9,130.56,Right,INNER,2,0.866,0.866,False,0.563,5.0,0
Note_003744,71,689750.9,130.56,Right,MELODY,3,0.866,0.866,False,0.563,5.0,0
Note_003745,74,689887.32,130.56,Right,MELODY,4,0.866,0.866,False,0.609,-5.0,0
Note_003746,44,690023.74,266.98,Left,INNER,2,0.866,0.866,True,0.264,5.0,0
Note_003747,77,690023.74,130.56,Right,MELODY,5,0.866,0.866,False,0.644,-10.0,0
Note_003748,74,690160.16,130.56,Right,MELODY,4,0.866,0.866,False,0.609,-5.0,0
Note_003749,67,690296.58,130.56,Right,INNER,1,0.866,0.866,False,0.598,10.0,0
Note_003750,79,690296.58,130.56,Right,MELODY,3,0.866,0.866,False,0.598,10.0,0
Note_003751,40,690296.59,266.98,Left,INNER,3,0.866,0.866,False,0.276,15.0,0
Note_003752,43,690296.59,266.98,Left,INNER,2,0.866,0.866,False,0.276,15.0,0
Note_003753,52,690296.59,266.98,Left,INNER,1,0.866,0.866,False,0.276,15.0,0
Note_003754,70,690433.01,130.56,Right,MELODY,2,0.866,0.866,True,0.563,5.0,0
Note_003755,49,690569.43,266.98,Left,INNER,3,0.866,0.866,True,0.322,-0.0,0
Note_003756,73,690569.43,130.56,Right,MELODY,4,0.866,0.866,True,0.598,-5.0,0
Note_003757,70,690705.85,130.56,Right,MELODY,3,0.866,0.866,True,0.563,0.0,0
Note_003758,38,690842.27,2046.33,Left,BASS,5,0.866,0.866,False,0.299,5.0,0
Note_003759,50,690842.27,2046.33,Left,INNER,2,0.866,0.866,False,0.299,5.0,0
Note_003760,53,690842.27,2046.33,Left,INNER,1,0.866,0.866,False,0.299,5.0,0
Note_003761,69,690842.27,130.56,Right,MELODY,2,0.866,0.866,False,0.552,5.0,0
Note_003762,74,690978.7,130.56,Right,MELODY,4,0.866,0.866,False,0.609,-5.0,0
Note_003763,77,691115.12,130.56,Right,MELODY,5,0.866,0.866,False,0.644,-10.0,0
Note_003764,74,691251.54,130.56,Right,MELODY,4,0.866,0.866,False,0.609,-5.0,0
Note_003765,81,691387.96,130.56,Right,MELODY,5,0.866,0.866,False,0.69,-10.0,0
Note_003766,69,691524.39,130.56,Right,MELODY,2,0.866,0.866,False,0.552,5.0,0
Note_003767,74,691660.81,130.56,Right,MELODY,4,0.866,0.866,False,0.609,-5.0,0
Note_003768,77,691797.23,130.56,Right,MELODY,5,0.866,0.866,False,0.644,-10.0,0
Note_003769,74,691933.65,266.98,Right,INNER,1,0.866,0.866,False,0.648,10.0,0
Note_003770,77,691933.65,266.98,Right,INNER,2,0.866,0.866,False,0.648,10.0,0
Note_003771,81,691933.65,266.98,Right,MELODY,4,0.866,0.866,False,0.648,10.0,0
Note_003772,74,692206.5,266.98,Right,INNER,1,0.866,0.866,False,0.648,10.0,0
Note_003773,77,692206.5,266.98,Right,INNER,2,0.866,0.866,False,0.648,10.0,0
Note_003774,81,692206.5,266.98,Right,MELODY,4,0.866,0.866,False,0.648,10.0,0
Note_003775,74,692479.34,266.98,Right,INNER,1,0.866,0.866,False,0.648,10.0,0
Note_003776,77,692479.34,266.98,Right,INNER,2,0.866,0.866,False,0.648,10.0,0
Note_003777,81,692479.34,266.98,Right,MELODY,4,0.866,0.866,False,0.648,10.0,0
Note_003778,74,692752.19,266.98,Right,INNER,1,0.866,0.866,False,0.648,5.0,0
Note_003779,77,692752.19,266.98,Right,INNER,2,0.866,0.866,False,0.648,5.0,0
Note_003780,81,692752.19,266.98,Right,MELODY,5,0.866,0.866,False,0.648,5.0,0
Note_003781,57,693161.45,130.56,Right,INNER,1,0.866,0.866,False,0.464,10.0,0
Note_003782,62,693161.45,130.56,Right,INNER,2,0.866,0.866,False,0.464,10.0,0
Note_003783,65,693161.45,130.56,Right,MELODY,4,0.866,0.866,False,0.464,10.0,0
Note_003784,57,693297.87,130.56,Right,INNER,1,0.866,0.866,False,0.464,10.0,0
Note_003785,62,693297.87,130.56,Right,INNER,2,0.866,0.866,False,0.464,10.0,0
Note_003786,65,693297.87,130.56,Right,MELODY,4,0.866,0.866,False,0.464,10.0,0
Note_003787,57,693434.3,130.56,Right,INNER,1,0.866,0.866,False,0.464,5.0,0
Note_003788,62,693434.3,130.56,Right,INNER,2,0.866,0.866,False,0.464,5.0,0
Note_003789,65,693434.3,130.56,Right,MELODY,5,0.866,0.866,False,0.464,5.0,0
Note_003790,58,693570.72,130.56,Right,INNER,3,0.866,0.866,True,0.46,-10.0,0
Note_003791,64,693570.72,130.56,Right,MELODY,5,0.866,0.866,False,0.46,-10.0,0
Note_003792,58,693707.14,130.56,Right,INNER,2,0.866,0.866,True,0.46,5.0,0
Note_003793,64,693707.14,130.56,Right,MELODY,3,0.866,0.866,False,0.46,5.0,0
Note_003794,55,693843.56,130.56,Right,INNER,1,0.866,0.866,False,0.425,15.0,0
Note_003795,61,693843.56,130.56,Right,MELODY,2,0.866,0.866,True,0.425,15.0,0
Note_003796,55,693979.99,130.56,Right,INNER,1,0.866,0.866,False,0.425,5.0,0
Note_003797,61,693979.99,130.56,Right,MELODY,4,0.866,0.866,True,0.425,5.0,0
Note_003798,57,694116.41,130.56,Right,INNER,1,0.866,0.866,False,0.443,5.0,0
Note_003799,62,694116.41,130.56,Right,MELODY,4,0.866,0.866,False,0.443,5.0,0
Note_003800,57,694252.83,130.56,Right,INNER,3,0.866,0.866,False,0.443,-5.0,0
Note_003801,62,694252.83,130.56,Right,MELODY,4,0.866,0.866,False,0.443,-5.0,0
Note_003802,57,694389.25,130.56,Right,INNER,1,0.866,0.866,False,0.464,15.0,0
Note_003803,62,694389.25,130.56,Right,INNER,2,0.866,0.866,False,0.464,15.0,0
Note_003804,65,694389.25,130.56,Right,MELODY,3,0.866,0.866,False,0.464,15.0,0
Note_003805,57,694525.67,130.56,Right,INNER,1,0.866,0.866,False,0.464,5.0,0
Note_003806,62,694525.67,130.56,Right,INNER,2,0.866,0.866,False,0.464,5.0,0
Note_003807,65,694525.67,130.56,Right,MELODY,5,0.866,0.866,False,0.464,5.0,0
Note_003808,58,694662.1,130.56,Right,INNER,3,0.866,0.866,True,0.46,-10.0,0
Note_003809,64,694662.1,130.56,Right,MELODY,5,0.866,0.866,False,0.46,-10.0,0
Note_003810,58,694798.52,130.56,Right,INNER,2,0.866,0.866,True,0.46,5.0,0
Note_003811,64,694798.52,130.56,Right,MELODY,3,0.866,0.866,False,0.46,5.0,0
Note_003812,55,694934.94,130.56,Right,INNER,1,0.866,0.866,False,0.42,15.0,0
Note_003813,60,694934.94,130.56,Right,MELODY,2,0.866,0.866,False,0.42,15.0,0
Note_003814,55,695071.36,130.56,Right,INNER,2,0.866,0.866,False,0.42,-5.0,0
Note_003815,60,695071.36,130.56,Right,MELODY,5,0.866,0.866,False,0.42,-5.0,0
Note_003816,62,695344.21,130.56,Right,INNER,1,0.866,0.866,False,0.513,10.0,0
Note_003817,65,695344.21,130.56,Right,INNER,2,0.866,0.866,False,0.513,10.0,0
Note_003818,70,695344.21,130.56,Right,MELODY,4,0.866,0.866,True,0.513,10.0,0
Note_003819,62,695480.63,130.56,Right,INNER,1,0.866,0.866,False,0.513,10.0,0
Note_003820,65,695480.63,130.56,Right,INNER,2,0.866,0.866,False,0.513,10.0,0
Note_003821,70,695480.63,130.56,Right,MELODY,4,0.866,0.866,True,0.513,10.0,0
Note_003822,62,695617.05,130.56,Right,INNER,1,0.866,0.866,False,0.513,10.0,0
Note_003823,65,695617.05,130.56,Right,INNER,2,0.866,0.866,False,0.513,10.0,0
Note_003824,70,695617.05,130.56,Right,MELODY,4,0.866,0.866,True,0.513,10.0,0
Note_003825,62,695753.47,130.56,Right,INNER,1,0.866,0.866,False,0.529,5.0,0
Note_003826,65,695753.47,130.56,Right,INNER,2,0.866,0.866,False,0.529,5.0,0
Note_003827,74,695753.47,130.56,Right,MELODY,5,0.866,0.866,False,0.529,5.0,0
Note_003828,62,695889.9,130.56,Right,INNER,1,0.866,0.866,False,0.529,5.0,0
Note_003829,65,695889.9,130.56,Right,INNER,2,0.866,0.866,False,0.529,5.0,0
Note_003830,74,695889.9,130.56,Right,MELODY,5,0.866,0.866,False,0.529,5.0,0
Note_003831,62,696026.32,130.56,Right,INNER,1,0.866,0.866,False,0.513,10.0,0
Note_003832,65,696026.32,130.56,Right,INNER,2,0.866,0.866,False,0.513,10.0,0
Note_003833,70,696026.32,130.56,Right,MELODY,4,0.866,0.866,True,0.513,10.0,0
Note_003834,62,696162.74,130.56,Right,INNER,1,0.866,0.866,False,0.513,10.0,0
Note_003835,65,696162.74,130.56,Right,INNER,2,0.866,0.866,False,0.513,10.0,0
Note_003836,70,696162.74,130.56,Right,MELODY,4,0.866,0.866,True,0.513,10.0,0
Note_003837,67,696299.16,130.56,Right,INNER,1,0.866,0.866,False,0.621,15.0,0
Note_003838,76,696299.16,130.56,Right,INNER,2,0.866,0.866,False,0.621,15.0,0
Note_003839,82,696299.16,130.56,Right,MELODY,3,0.866,0.866,True,0.621,15.0,0
Note_003840,67,696435.59,130.56,Right,INNER,1,0.866,0.866,False,0.621,10.0,0
Note_003841,76,696435.59,130.56,Right,INNER,2,0.866,0.866,False,0.621,10.0,0
Note_003842,82,696435.59,130.56,Right,MELODY,4,0.866,0.866,True,0.621,10.0,0
Note_003843,67,696572.01,130.56,Right,INNER,1,0.866,0.866,False,0.598,5.0,0
Note_003844,73,696572.01,130.56,Right,INNER,2,0.866,0.866,True,0.598,5.0,0
Note_003845,79,696572.01,130.56,Right,MELODY,5,0.866,0.866,False,0.598,5.0,0
Note_003846,67,696708.43,130.56,Right,INNER,2,0.866,0.866,False,0.598,-5.0,0
Note_003847,73,696708.43,130.56,Right,INNER,3,0.866,0.866,True,0.598,-5.0,0
Note_003848,79,696708.43,130.56,Right,MELODY,5,0.866,0.866,False,0.598,-5.0,0
Note_003849,67,696844.85,130.56,Left,INNER,3,0.866,0.866,False,0.546,5.0,0
Note_003850,70,696844.85,130.56,Left,INNER,2,0.866,0.866,True,0.546,5.0,0
Note_003851,79,696844.85,130.56,Right,INNER,1,0.866,0.866,False,0.701,5.0,0
Note_003852,85,696844.85,130.56,Right,MELODY,4,0.866,0.866,True,0.701,5.0,0
Note_003853,67,696981.28,130.56,Left,INNER,5,0.866,0.866,False,0.546,-10.0,0
Note_003854,70,696981.28,130.56,Left,INNER,3,0.866,0.866,True,0.546,-10.0,0
Note_003855,79,696981.28,130.56,Right,INNER,1,0.866,0.866,False,0.701,5.0,0
Note_003856,85,696981.28,130.56,Right,MELODY,4,0.866,0.866,True,0.701,5.0,0
Note_003857,67,697117.7,130.56,Right,INNER,1,0.866,0.866,False,0.606,5.0,-12
Note_003858,70,697117.7,130.56,Right,INNER,2,0.866,0.866,True,0.606,5.0,-12
Note_003859,76,697117.7,130.56,Right,INNER,3,0.866,0.866,False,0.606,5.0,-12
Note_003860,82,697117.7,130.56,Right,MELODY,5,0.866,0.866,True,0.606,5.0,-12
Note_003861,67,697254.12,130.56,Right,INNER,1,0.866,0.866,False,0.606,5.0,-12
Note_003862,70,697254.12,130.56,Right,INNER,2,0.866,0.866,True,0.606,5.0,-12
Note_003863,76,697254.12,130.56,Right,INNER,3,0.866,0.866,False,0.606,5.0,-12
Note_003864,82,697254.12,130.56,Right,MELODY,5,0.866,0.866,True,0.606,5.0,-12
Note_003865,38,697390.54,2592.02,Left,BASS,5,0.866,0.866,False,0.195,-10.0,0
Note_003866,50,697390.54,2592.02,Right,MELODY,2,0.866,0.866,False,0.333,5.0,0
Note_003867,69,697526.96,130.56,Right,MELODY,3,0.866,0.866,False,0.552,0.0,0
Note_003868,74,697663.39,130.56,Right,MELODY,4,0.866,0.866,False,0.609,-5.0,0
Note_003869,81,697799.81,130.56,Right,MELODY,5,0.866,0.866,False,0.69,-10.0,0
Note_003870,80,697936.23,130.56,Right,MELODY,4,0.866,0.866,True,0.678,-5.0,0
Note_003871,69,698072.65,130.56,Right,MELODY,2,0.866,0.866,False,0.552,5.0,0
Note_003872,74,698209.08,130.56,Right,MELODY,4,0.866,0.866,False,0.609,-5.0,0
Note_003873,79,698345.5,130.56,Right,MELODY,5,0.866,0.866,False,0.667,-10.0,0
Note_003874,77,698481.92,130.56,Right,MELODY,4,0.866,0.866,False,0.644,-5.0,0
Note_003875,69,698618.34,130.56,Right,MELODY,2,0.866,0.866,False,0.552,5.0,0
Note_003876,74,698754.76,130.56,Right,MELODY,4,0.866,0.866,False,0.609,-5.0,0
Note_003877,77,698891.19,130.56,Right,MELODY,5,0.866,0.866,False,0.644,-10.0,0
Note_003878,76,699027.61,130.56,Right,MELODY,4,0.866,0.866,False,0.632,-5.0,0
Note_003879,67,699164.03,130.56,Right,MELODY,2,0.866,0.866,False,0.529,5.0,0
Note_003880,73,699300.45,130.56,Right,MELODY,4,0.866,0.866,True,0.598,-5.0,0
Note_003881,76,699436.88,130.56,Right,MELODY,5,0.866,0.866,False,0.632,-10.0,0
Note_003882,74,699573.3,266.98,Right,MELODY,4,0.866,0.866,False,0.609,-5.0,0
Note_003883,69,699846.14,130.56,Right,MELODY,2,0.866,0.866,False,0.552,5.0,0
Note_003884,74,699982.56,130.56,Right,MELODY,5,0.866,0.866,False,0.609,-10.0,0
Note_003885,40,700118.99,454.56,Left,INNER,2,0.866,0.866,False,0.287,15.0,0
Note_003886,52,700118.99,454.56,Left,INNER,1,0.866,0.866,False,0.287,15.0,0
Note_003887,73,700118.99,266.98,Right,MELODY,4,0.866,0.866,True,0.598,-5.0,0
Note_003888,67,700391.83,130.56,Right,MELODY,2,0.866,0.866,False,0.529,5.0,0
Note_003889,70,700528.25,130.56,Right,MELODY,4,0.866,0.866,True,0.563,-5.0,0
Note_003890,41,700664.68,954.96,Left,INNER,2,0.866,0.866,False,0.299,15.0,0
Note_003891,53,700664.68,954.96,Left,INNER,1,0.866,0.866,False,0.299,15.0,0
Note_003892,69,700664.68,266.98,Right,MELODY,2,0.866,0.866,False,0.552,5.0,0
Note_003893,69,700937.52,130.56,Right,MELODY,2,0.866,0.866,False,0.552,5.0,0
Note_003894,74,701073.94,130.56,Right,MELODY,4,0.866,0.866,False,0.609,-5.0,0
Note_003895,77,701210.36,130.56,Right,MELODY,5,0.866,0.866,False,0.644,-10.0,0
Note_003896,69,701346.79,130.56,Right,MELODY,2,0.866,0.866,False,0.552,5.0,0
Note_003897,74,701483.21,130.56,Right,MELODY,4,0.866,0.866,False,0.609,-5.0,0
Note_003898,77,701619.63,130.56,Right,MELODY,5,0.866,0.866,False,0.644,-10.0,0
Note_003899,43,701756.05,954.96,Left,INNER,3,0.866,0.866,False,0.253,-0.0,0
Note_003900,70,701756.05,130.56,Right,MELODY,4,0.866,0.866,True,0.563,-5.0,0
Note_003901,67,701892.48,130.56,Right,MELODY,2,0.866,0.866,False,0.529,5.0,0
Note_003902,70,702028.9,130.56,Right,MELODY,3,0.866,0.866,True,0.563,0.0,0
Note_003903,73,702165.32,130.56,Right,MELODY,4,0.866,0.866,True,0.598,-5.0,0
Note_003904,76,702301.74,130.56,Right,MELODY,5,0.866,0.866,False,0.632,-10.0,0
Note_003905,70,702438.17,130.56,Right,MELODY,2,0.866,0.866,True,0.563,5.0,0
Note_003906,73,702574.59,130.56,Right,MELODY,4,0.866,0.866,True,0.598,-5.0,0
Note_003907,76,702711.01,130.56,Right,MELODY,5,0.866,0.866,False,0.632,-10.0,0
Note_003908,45,702847.43,954.96,Left,INNER,2,0.866,0.866,False,0.276,5.0,0
Note_003909,77,702847.43,130.56,Right,MELODY,1,0.866,0.866,False,0.644,10.0,0
Note_003910,81,702983.85,130.56,Right,MELODY,4,0.866,0.866,False,0.69,-5.0,0
Note_003911,86,703120.28,130.56,Right,MELODY,5,0.866,0.866,False,0.747,-10.0,0
Note_003912,81,703256.7,130.56,Right,MELODY,4,0.866,0.866,False,0.69,-5.0,0
Note_003913,77,703393.12,130.56,Right,MELODY,2,0.866,0.866,False,0.644,5.0,0
Note_003914,86,703529.54,130.56,Right,MELODY,5,0.866,0.866,False,0.747,-10.0,0
Note_003915,81,703665.97,130.56,Right,MELODY,4,0.866,0.866,False,0.69,-5.0,0
Note_003916,77,703802.39,130.56,Right,MELODY,3,0.866,0.866,False,0.644,0.0,0
Note_003917,43,703938.81,954.96,Left,INNER,3,0.866,0.866,False,0.253,-0.0,0
Note_003918,76,703938.81,130.56,Right,MELODY,2,0.866,0.866,False,0.632,5.0,0
Note_003919,79,704075.23,130.56,Right,MELODY,3,0.866,0.866,False,0.667,0.0,0
Note_003920,85,704211.65,130.56,Right,MELODY,4,0.866,0.866,True,0.736,-5.0,0
Note_003921,79,704348.08,130.56,Right,MELODY,3,0.866,0.866,False,0.667,0.0,0
Note_003922,76,704484.5,130.56,Right,MELODY,2,0.866,0.866,False,0.632,5.0,0
Note_003923,85,704620.92,130.56,Right,MELODY,5,0.866,0.866,True,0.736,-10.0,-12
Note_003924,79,704757.34,130.56,Right,MELODY,4,0.866,0.866,False,0.667,-5.0,0
Note_003925,76,704893.77,130.56,Right,MELODY,3,0.866,0.866,False,0.632,0.0,0
Note_003926,41,705030.19,954.96,Left,INNER,2,0.866,0.866,False,0.299,15.0,0
Note_003927,53,705030.19,954.96,Left,INNER,1,0.866,0.866,False,0.299,15.0,0
Note_003928,74,705030.19,130.56,Right,MELODY,2,0.866,0.866,False,0.609,5.0,0
Note_003929,77,705166.61,130.56,Right,MELODY,4,0.866,0.866,False,0.644,-5.0,0
Note_003930,81,705303.03,130.56,Right,MELODY,5,0.866,0.866,False,0.69,-10.0,0
Note_003931,77,705439.45,130.56,Right,MELODY,4,0.866,0.866,False,0.644,-5.0,0
Note_003932,74,705575.88,130.56,Right,MELODY,2,0.866,0.866,False,0.609,5.0,0
Note_003933,81,705712.3,130.56,Right,MELODY,5,0.866,0.866,False,0.69,-10.0,0
Note_003934,77,705848.72,130.56,Right,MELODY,4,0.866,0.866,False,0.644,-5.0,0
Note_003935,74,705985.14,130.56,Right,MELODY,2,0.866,0.866,False,0.609,5.0,0
Note_003936,40,706121.57,266.98,Left,INNER,2,0.866,0.866,False,0.287,15.0,0
Note_003937,52,706121.57,266.98,Left,INNER,1,0.866,0.866,False,0.287,15.0,0
Note_003938,73,706121.57,266.98,Right,MELODY,1,0.866,0.866,True,0.598,10.0,12
Note_003939,43,706394.41,266.98,Left,INNER,3,0.866,0.866,False,0.253,-0.0,0
Note_003940,69,706394.41,266.98,Right,INNER,1,0.866,0.866,False,0.605,5.0,0
Note_003941,73,706394.41,266.98,Right,INNER,2,0.866,0.866,True,0.605,5.0,0
Note_003942,79,706394.41,266.98,Right,MELODY,5,0.866,0.866,False,0.605,5.0,0
Note_003943,74,706667.25,266.98,Right,INNER,1,0.866,0.866,False,0.651,10.0,0
Note_003944,77,706667.25,266.98,Right,INNER,2,0.866,0.866,False,0.651,10.0,0
Note_003945,82,706667.25,266.98,Right,MELODY,4,0.866,0.866,True,0.651,10.0,0
Note_003946,46,706667.26,266.98,Left,INNER,2,0.866,0.866,True,0.287,5.0,0
Note_003947,44,706940.1,266.98,Left,INNER,3,0.866,0.866,True,0.264,-0.0,0
Note_003948,73,706940.1,266.98,Right,INNER,1,0.866,0.866,True,0.64,10.0,12
Note_003949,76,706940.1,266.98,Right,INNER,2,0.866,0.866,False,0.64,10.0,12
Note_003950,81,706940.1,266.98,Right,MELODY,4,0.866,0.866,False,0.64,10.0,12
Note_003951,45,707212.94,954.96,Left,INNER,2,0.866,0.866,False,0.276,5.0,0
Note_003952,69,707212.94,954.96,Right,INNER,1,0.866,0.866,False,0.602,10.0,0
Note_003953,72,707212.94,954.96,Right,INNER,2,0.866,0.866,False,0.602,10.0,0
Note_003954,79,707212.94,954.96,Right,MELODY,4,0.866,0.866,False,0.602,10.0,0
Note_003955,38,708304.32,3131.85,Left,BASS,5,0.866,0.866,False,0.195,-10.0,0
Note_003956,50,708304.32,3131.85,Right,MELODY,5,0.866,0.866,False,0.333,-10.0,0
Note_003957,74,708440.74,130.56,Right,INNER,1,0.866,0.866,False,0.678,5.0,0
Note_003958,86,708440.74,130.56,Right,MELODY,4,0.866,0.866,False,0.678,5.0,0
Note_003959,72,708577.17,130.56,Right,INNER,1,0.866,0.866,False,0.655,5.0,0
Note_003960,84,708577.17,130.56,Right,MELODY,4,0.866,0.866,False,0.655,5.0,0
Note_003961,74,708713.59,130.56,Right,INNER,1,0.866,0.866,False,0.678,5.0,0
Note_003962,86,708713.59,130.56,Right,MELODY,4,0.866,0.866,False,0.678,5.0,0
Note_003963,75,708850.01,130.56,Right,INNER,1,0.866,0.866,True,0.69,5.0,12
Note_003964,87,708850.01,130.56,Right,MELODY,4,0.866,0.866,True,0.69,5.0,12
Note_003965,74,708986.43,130.56,Right,INNER,1,0.866,0.866,False,0.678,5.0,0
Note_003966,86,708986.43,130.56,Right,MELODY,4,0.866,0.866,False,0.678,5.0,0
Note_003967,72,709122.86,130.56,Right,INNER,1,0.866,0.866,False,0.655,5.0,0
Note_003968,84,709122.86,130.56,Right,MELODY,4,0.866,0.866,False,0.655,5.0,0
Note_003969,68,709259.28,130.56,Right,INNER,2,0.866,0.866,True,0.609,-5.0,-12
Note_003970,80,709259.28,130.56,Right,MELODY,5,0.866,0.866,True,0.609,-5.0,-12
Note_003971,69,709395.7,130.56,Right,INNER,1,0.866,0.866,False,0.621,15.0,0
Note_003972,81,709395.7,130.56,Right,MELODY,2,0.866,0.866,False,0.621,15.0,0
Note_003973,77,709532.12,130.56,Right,MELODY,4,0.866,0.866,False,0.644,-5.0,0
Note_003974,76,709668.54,130.56,Right,MELODY,2,0.866,0.866,False,0.632,5.0,0
Note_003975,77,709804.97,130.56,Right,MELODY,4,0.866,0.866,False,0.644,-5.0,0
Note_003976,67,709941.39,130.56,Right,INNER,1,0.866,0.866,False,0.598,5.0,0
Note_003977,79,709941.39,130.56,Right,MELODY,4,0.866,0.866,False,0.598,5.0,0
Note_003978,77,710077.81,130.56,Right,MELODY,4,0.866,0.866,False,0.644,-5.0,0
Note_003979,76,710214.23,130.56,Right,MELODY,3,0.866,0.866,False,0.632,0.0,0
Note_003980,73,710350.66,130.56,Right,MELODY,2,0.866,0.866,True,0.598,5.0,0
Note_003981,74,710487.08,454.56,Right,MELODY,5,0.866,0.866,False,0.609,-10.0,0
Note_003982,52,711442.03,130.56,Right,MELODY,4,0.866,0.866,False,0.356,-5.0,0
Note_003983,53,711578.46,130.56,Right,MELODY,5,0.866,0.866,False,0.368,-10.0,0
Note_003984,50,711714.88,130.56,Right,MELODY,4,0.866,0.866,False,0.333,-5.0,0
Note_003985,49,711851.3,130.56,Right,MELODY,2,0.866,0.866,True,0.322,5.0,0
Note_003986,50,711987.72,130.56,Right,MELODY,4,0.866,0.866,False,0.333,-5.0,0
Note_003987,51,712124.15,130.56,Right,MELODY,5,0.866,0.866,True,0.345,-10.0,-12
Note_003988,50,712260.57,130.56,Right,MELODY,4,0.866,0.866,False,0.333,-5.0,0
Note_003989,49,712396.99,130.56,Right,MELODY,3,0.866,0.866,True,0.322,0.0,0
Note_003990,44,712533.41,130.56,Right,MELODY,2,0.866,0.866,True,0.264,5.0,0
Note_003991,45,712669.83,266.98,Right,INNER,2,0.866,0.866,False,0.305,-5.0,0
Note_003992,50,712669.83,266.98,Right,MELODY,5,0.866,0.866,False,0.305,-5.0,0
Note_003993,50,712942.68,266.98,Right,INNER,1,0.866,0.866,False,0.351,5.0,0
Note_003994,53,712942.68,266.98,Right,MELODY,4,0.866,0.866,False,0.351,5.0,0
Note_003995,40,713215.52,266.98,Right,INNER,1,0.866,0.866,False,0.299,10.0,0
Note_003996,49,713215.52,266.98,Right,INNER,2,0.866,0.866,True,0.299,10.0,0
Note_003997,52,713215.52,266.98,Right,MELODY,4,0.866,0.866,False,0.299,10.0,0
Note_003998,52,713488.37,266.98,Right,INNER,1,0.866,0.866,False,0.443,0.0,0
Note_003999,67,713488.37,266.98,Right,MELODY,5,0.866,0.866,False,0.443,0.0,0
Note_004000,41,713761.21,266.98,Right,INNER,1,0.866,0.866,False,0.31,10.0,0
Note_004001,50,713761.21,266.98,Right,INNER,2,0.866,0.866,False,0.31,10.0,0
Note_004002,53,713761.21,266.98,Right,MELODY,4,0.866,0.866,False,0.31,10.0,0
Note_004003,53,714034.06,266.98,Right,INNER,1,0.866,0.866,False,0.466,0.0,-12
Note_004004,70,714034.06,266.98,Right,MELODY,5,0.866,0.866,True,0.466,0.0,-12
Note_004005,43,714306.9,266.98,Left,INNER,3,0.866,0.866,False,0.253,-0.0,0
Note_004006,67,714306.9,266.98,Right,INNER,2,0.866,0.866,False,0.54,5.0,0
Note_004007,69,714306.9,266.98,Right,MELODY,3,0.866,0.866,False,0.54,5.0,0
Note_004008,52,714579.75,266.98,Left,INNER,2,0.866,0.866,False,0.356,5.0,0
Note_004009,73,714579.75,266.98,Right,MELODY,4,0.866,0.866,True,0.598,-5.0,0
Note_004010,45,714852.59,454.56,Left,INNER,3,0.866,0.866,False,0.276,-0.0,0
Note_004011,69,714852.59,130.56,Right,INNER,2,0.866,0.866,False,0.58,0.0,0
Note_004012,74,714852.59,130.56,Right,MELODY,4,0.866,0.866,False,0.58,0.0,0
Note_004013,69,714989.01,130.56,Right,MELODY,2,0.866,0.866,False,0.552,5.0,0
Note_004014,74,715125.43,130.56,Right,MELODY,4,0.866,0.866,False,0.609,-5.0,0
Note_004015,81,715261.86,130.56,Right,MELODY,5,0.866,0.866,False,0.69,-10.0,0
Note_004016,80,715398.28,130.56,Right,MELODY,4,0.866,0.866,True,0.678,-5.0,0
Note_004017,69,715534.7,130.56,Right,MELODY,2,0.866,0.866,False,0.552,5.0,0
Note_004018,74,715671.12,130.56,Right,MELODY,4,0.866,0.866,False,0.609,-5.0,0
Note_004019,79,715807.55,130.56,Right,MELODY,5,0.866,0.866,False,0.667,-10.0,0
Note_004020,77,715943.97,130.56,Right,MELODY,4,0.866,0.866,False,0.644,-5.0,0
Note_004021,69,716080.39,130.56,Right,MELODY,2,0.866,0.866,False,0.552,5.0,0
Note_004022,74,716216.81,130.56,Right,MELODY,4,0.866,0.866,False,0.609,-5.0,0
Note_004023,77,716353.23,130.56,Right,MELODY,5,0.866,0.866,False,0.644,-10.0,0
Note_004024,76,716489.66,130.56,Right,MELODY,4,0.866,0.866,False,0.632,-5.0,0
Note_004025,67,716626.08,130.56,Right,MELODY,2,0.866,0.866,False,0.529,5.0,0
Note_004026,73,716762.5,130.56,Right,MELODY,4,0.866,0.866,True,0.598,-5.0,0
Note_004027,76,716898.92,130.56,Right,MELODY,5,0.866,0.866,False,0.632,-10.0,0
Note_004028,74,717035.35,130.56,Right,MELODY,4,0.866,0.866,False,0.609,-5.0,0
Note_004029,65,717171.77,130.56,Right,MELODY,2,0.866,0.866,False,0.506,5.0,0
Note_004030,69,717308.19,130.56,Right,MELODY,4,0.866,0.866,False,0.552,-5.0,0
Note_004031,74,717444.61,130.56,Right,MELODY,5,0.866,0.866,False,0.609,-10.0,0
Note_004032,73,717581.03,266.98,Right,MELODY,4,0.866,0.866,True,0.598,-5.0,0
Note_004033,67,717853.88,130.56,Right,MELODY,2,0.866,0.866,False,0.529,5.0,0
Note_004034,70,717990.3,130.56,Right,MELODY,4,0.866,0.866,True,0.563,-5.0,0
Note_004035,69,718126.72,130.56,Right,MELODY,3,0.866,0.866,False,0.552,0.0,0
Note_004036,65,718263.15,130.56,Right,MELODY,2,0.866,0.866,False,0.506,5.0,0
Note_004037,69,718399.57,130.56,Right,MELODY,3,0.866,0.866,False,0.552,0.0,0
Note_004038,74,718535.99,130.56,Right,MELODY,4,0.866,0.866,False,0.609,-5.0,0
Note_004039,77,718672.41,130.56,Right,MELODY,5,0.866,0.866,False,0.644,-10.0,0
Note_004040,69,718808.84,130.56,Right,MELODY,2,0.866,0.866,False,0.552,5.0,0
Note_004041,74,718945.26,130.56,Right,MELODY,4,0.866,0.866,False,0.609,-5.0,0
Note_004042,77,719081.68,130.56,Right,MELODY,5,0.866,0.866,False,0.644,-10.0,0
Note_004043,76,719218.1,130.56,Right,MELODY,4,0.866,0.866,False,0.632,-5.0,0
Note_004044,67,719354.52,130.56,Right,MELODY,2,0.866,0.866,False,0.529,5.0,0
Note_004045,70,719490.95,130.56,Right,MELODY,3,0.866,0.866,True,0.563,0.0,0
Note_004046,73,719627.37,130.56,Right,MELODY,4,0.866,0.866,True,0.598,-5.0,0
Note_004047,76,719763.79,130.56,Right,MELODY,5,0.866,0.866,False,0.632,-10.0,0
Note_004048,73,719900.21,130.56,Right,MELODY,2,0.866,0.866,True,0.598,5.0,0
Note_004049,76,720036.64,130.56,Right,MELODY,4,0.866,0.866,False,0.632,-5.0,0
Note_004050,79,720173.06,130.56,Right,MELODY,5,0.866,0.866,False,0.667,-10.0,0
Note_004051,77,720309.48,130.56,Right,MELODY,2,0.866,0.866,False,0.644,5.0,0
Note_004052,81,720445.9,130.56,Right,MELODY,4,0.866,0.866,False,0.69,-5.0,0
Note_004053,86,720582.32,130.56,Right,MELODY,5,0.866,0.866,False,0.747,-10.0,0
Note_004054,81,720718.75,130.56,Right,MELODY,4,0.866,0.866,False,0.69,-5.0,0
Note_004055,77,720855.17,130.56,Right,MELODY,2,0.866,0.866,False,0.644,5.0,0
Note_004056,86,720991.59,130.56,Right,MELODY,5,0.866,0.866,False,0.747,-10.0,0
Note_004057,81,721128.01,130.56,Right,MELODY,4,0.866,0.866,False,0.69,-5.0,0
Note_004058,77,721264.44,130.56,Right,MELODY,3,0.866,0.866,False,0.644,0.0,0
Note_004059,76,721400.86,130.56,Right,MELODY,2,0.866,0.866,False,0.632,5.0,0
Note_004060,79,721537.28,130.56,Right,MELODY,3,0.866,0.866,False,0.667,0.0,0
Note_004061,85,721673.7,130.56,Right,MELODY,4,0.866,0.866,True,0.736,-5.0,0
Note_004062,79,721810.12,130.56,Right,MELODY,3,0.866,0.866,False,0.667,0.0,0
Note_004063,76,721946.55,130.56,Right,MELODY,2,0.866,0.866,False,0.632,5.0,0
Note_004064,85,722082.97,130.56,Right,MELODY,5,0.866,0.866,True,0.736,-10.0,-12
Note_004065,79,722219.39,130.56,Right,MELODY,4,0.866,0.866,False,0.667,-5.0,0
Note_004066,76,722355.81,130.56,Right,MELODY,3,0.866,0.866,False,0.632,0.0,0
Note_004067,38,722492.24,954.96,Left,BASS,5,0.866,0.866,False,0.195,-10.0,0
Note_004068,50,722492.24,954.96,Right,MELODY,2,0.866,0.866,False,0.333,5.0,0
Note_004069,69,722628.66,130.56,Right,MELODY,4,0.866,0.866,False,0.552,-5.0,0
Note_004070,74,722765.08,130.56,Right,MELODY,5,0.866,0.866,False,0.609,-10.0,0
Note_004071,69,722901.5,130.56,Right,MELODY,4,0.866,0.866,False,0.552,-5.0,0
Note_004072,77,723037.92,130.56,Right,MELODY,5,0.866,0.866,False,0.644,-10.0,0
Note_004073,69,723174.35,130.56,Right,MELODY,4,0.866,0.866,False,0.552,-5.0,0
Note_004074,74,723310.77,130.56,Right,MELODY,5,0.866,0.866,False,0.609,-10.0,0
Note_004075,69,723447.19,130.56,Right,MELODY,2,0.866,0.866,False,0.552,5.0,0
Note_004076,39,723583.61,266.98,Left,BASS,5,0.866,0.866,True,0.276,-5.0,12
Note_004077,51,723583.61,266.98,Left,INNER,2,0.866,0.866,True,0.276,-5.0,12
Note_004078,75,723583.61,130.56,Right,MELODY,4,0.866,0.866,True,0.621,-5.0,0
Note_004079,67,723720.04,130.56,Right,MELODY,2,0.866,0.866,False,0.529,5.0,0
Note_004080,38,723856.46,266.98,Left,BASS,2,0.866,0.866,False,0.264,15.0,0
Note_004081,50,723856.46,266.98,Left,INNER,1,0.866,0.866,False,0.264,15.0,0
Note_004082,74,723856.46,130.56,Right,MELODY,4,0.866,0.866,False,0.609,-5.0,0
Note_004083,69,723992.88,130.56,Right,MELODY,2,0.866,0.866,False,0.552,5.0,0
Note_004084,49,724129.3,266.98,Left,INNER,2,0.866,0.866,True,0.322,5.0,0
Note_004085,75,724129.3,130.56,Right,MELODY,4,0.866,0.866,True,0.621,-5.0,0
Note_004086,69,724265.73,130.56,Right,MELODY,2,0.866,0.866,False,0.552,5.0,0
Note_004087,44,724402.15,266.98,Left,INNER,3,0.866,0.866,True,0.264,-0.0,0
Note_004088,74,724402.15,130.56,Right,MELODY,5,0.866,0.866,False,0.609,-10.0,0
Note_004089,69,724538.57,130.56,Right,MELODY,4,0.866,0.866,False,0.552,-5.0,0
Note_004090,45,724674.99,2046.33,Right,MELODY,2,0.866,0.866,False,0.276,5.0,0
Note_004091,67,724811.41,130.56,Right,MELODY,3,0.866,0.866,False,0.529,0.0,0
Note_004092,73,724947.84,130.56,Right,MELODY,4,0.866,0.866,True,0.598,-5.0,0
Note_004093,67,725084.26,130.56,Right,MELODY,2,0.866,0.866,False,0.529,5.0,0
Note_004094,67,725357.1,130.56,Right,MELODY,2,0.866,0.866,False,0.529,5.0,0
Note_004095,73,725493.53,130.56,Right,MELODY,4,0.866,0.866,True,0.598,-5.0,0
Note_004096,67,725629.95,130.56,Right,MELODY,2,0.866,0.866,False,0.529,5.0,0
Note_004097,67,725902.79,130.56,Right,MELODY,2,0.866,0.866,False,0.529,5.0,0
Note_004098,73,726039.21,130.56,Right,MELODY,4,0.866,0.866,True,0.598,-5.0,0
Note_004099,67,726175.64,130.56,Right,MELODY,2,0.866,0.866,False,0.529,5.0,0
Note_004100,67,726448.48,130.56,Right,MELODY,2,0.866,0.866,False,0.529,5.0,0
Note_004101,73,726584.9,130.56,Right,MELODY,4,0.866,0.866,True,0.598,-5.0,0
Note_004102,67,726721.33,130.56,Right,MELODY,3,0.866,0.866,False,0.529,0.0,0
Note_004103,44,726857.75,954.96,Right,MELODY,2,0.866,0.866,True,0.264,5.0,0
Note_004104,68,726994.17,130.56,Right,MELODY,4,0.866,0.866,True,0.54,-5.0,0
Note_004105,71,727130.59,130.56,Right,MELODY,5,0.866,0.866,False,0.575,-10.0,0
Note_004106,68,727267.01,130.56,Right,MELODY,4,0.866,0.866,True,0.54,-5.0,0
Note_004107,74,727403.44,130.56,Right,MELODY,5,0.866,0.866,False,0.609,-10.0,0
Note_004108,68,727539.86,130.56,Right,MELODY,4,0.866,0.866,True,0.54,-5.0,0
Note_004109,71,727676.28,130.56,Right,MELODY,5,0.866,0.866,False,0.575,-10.0,0
Note_004110,68,727812.7,130.56,Right,MELODY,4,0.866,0.866,True,0.54,-5.0,0
Note_004111,45,727949.13,266.98,Right,MELODY,2,0.866,0.866,False,0.276,5.0,0
Note_004112,68,728085.55,130.56,Right,MELODY,4,0.866,0.866,True,0.54,-5.0,0
Note_004113,44,728221.97,266.98,Left,INNER,2,0.866,0.866,True,0.264,5.0,0
Note_004114,71,728221.97,130.56,Right,MELODY,5,0.866,0.866,False,0.575,-10.0,0
Note_004115,68,728358.39,130.56,Right,MELODY,2,0.866,0.866,True,0.54,5.0,0
Note_004116,73,728494.81,130.56,Right,MELODY,4,0.866,0.866,True,0.598,-5.0,0
Note_004117,43,728494.82,266.98,Left,INNER,3,0.866,0.866,False,0.253,-0.0,0
Note_004118,67,728631.24,130.56,Right,MELODY,2,0.866,0.866,False,0.529,5.0,0
Note_004119,49,728767.66,266.98,Left,INNER,2,0.866,0.866,True,0.322,5.0,0
Note_004120,70,728767.66,130.56,Right,MELODY,4,0.866,0.866,True,0.563,-5.0,0
Note_004121,67,728904.08,130.56,Right,MELODY,3,0.866,0.866,False,0.529,0.0,0
Note_004122,38,729040.5,2046.33,Left,BASS,5,0.866,0.866,False,0.195,-10.0,0
Note_004123,50,729040.5,2046.33,Right,MELODY,2,0.866,0.866,False,0.333,5.0,0
Note_004124,69,729176.93,130.56,Right,MELODY,4,0.866,0.866,False,0.552,-5.0,0
Note_004125,74,729313.35,130.56,Right,MELODY,5,0.866,0.866,False,0.609,-10.0,0
Note_004126,69,729449.77,130.56,Right,MELODY,4,0.866,0.866,False,0.552,-5.0,0
Note_004127,77,729586.19,130.56,Right,MELODY,5,0.866,0.866,False,0.644,-10.0,0
Note_004128,69,729722.62,130.56,Right,MELODY,4,0.866,0.866,False,0.552,-5.0,0
Note_004129,74,729859.04,130.56,Right,MELODY,5,0.866,0.866,False,0.609,-10.0,0
Note_004130,69,729995.46,130.56,Right,MELODY,4,0.866,0.866,False,0.552,-5.0,0
Note_004131,69,730268.3,130.56,Right,MELODY,4,0.866,0.866,False,0.552,-5.0,0
Note_004132,74,730404.73,130.56,Right,MELODY,5,0.866,0.866,False,0.609,-10.0,0
Note_004133,69,730541.15,130.56,Right,MELODY,4,0.866,0.866,False,0.552,-5.0,0
Note_004134,77,730677.57,130.56,Right,MELODY,5,0.866,0.866,False,0.644,-10.0,0
Note_004135,74,730813.99,130.56,Right,MELODY,2,0.866,0.866,False,0.609,5.0,0
Note_004136,77,730950.42,130.56,Right,MELODY,4,0.866,0.866,False,0.644,-5.0,0
Note_004137,81,731086.84,130.56,Right,MELODY,5,0.866,0.866,False,0.69,-10.0,0
Note_004138,38,731223.26,954.96,Left,BASS,5,0.866,0.866,False,0.264,-5.0,0
Note_004139,50,731223.26,954.96,Left,INNER,2,0.866,0.866,False,0.264,-5.0,0
Note_004140,74,731223.26,130.56,Right,INNER,1,0.866,0.866,False,0.678,5.0,0
Note_004141,86,731223.26,130.56,Right,MELODY,4,0.866,0.866,False,0.678,5.0,0
Note_004142,74,731359.68,130.56,Right,MELODY,2,0.866,0.866,False,0.609,5.0,0
Note_004143,77,731496.1,130.56,Right,MELODY,5,0.866,0.866,False,0.644,-10.0,0
Note_004144,74,731632.53,130.56,Right,MELODY,4,0.866,0.866,False,0.609,-5.0,0
Note_004145,81,731768.95,130.56,Right,MELODY,5,0.866,0.866,False,0.69,-10.0,0
Note_004146,74,731905.37,130.56,Right,MELODY,4,0.866,0.866,False,0.609,-5.0,0
Note_004147,77,732041.79,130.56,Right,MELODY,5,0.866,0.866,False,0.644,-10.0,0
Note_004148,74,732178.22,130.56,Right,MELODY,2,0.866,0.866,False,0.609,5.0,0
Note_004149,51,732314.64,266.98,Left,INNER,2,0.866,0.866,True,0.345,5.0,0
Note_004150,75,732314.64,130.56,Right,INNER,2,0.866,0.866,True,0.655,0.0,0
Note_004151,81,732314.64,130.56,Right,MELODY,4,0.866,0.866,False,0.655,0.0,0
Note_004152,74,732451.06,130.56,Right,MELODY,2,0.866,0.866,False,0.609,5.0,0
Note_004153,50,732587.48,266.98,Left,INNER,3,0.866,0.866,False,0.333,-0.0,0
Note_004154,74,732587.48,266.98,Right,INNER,1,0.866,0.866,False,0.626,0.0,0
Note_004155,77,732587.48,266.98,Right,MELODY,5,0.866,0.866,False,0.626,0.0,0
Note_004156,49,732860.33,266.98,Left,INNER,4,0.866,0.866,True,0.322,-5.0,0
Note_004157,73,732860.33,130.56,Right,INNER,2,0.866,0.866,True,0.644,0.0,0
Note_004158,81,732860.33,130.56,Right,MELODY,4,0.866,0.866,False,0.644,0.0,0
Note_004159,74,732996.75,130.56,Right,MELODY,1,0.866,0.866,False,0.609,10.0,0
Note_004160,44,733133.17,266.98,Left,INNER,5,0.866,0.866,True,0.264,-10.0,12
Note_004161,68,733133.17,130.56,Right,INNER,3,0.866,0.866,True,0.592,-10.0,0
Note_004162,77,733133.17,130.56,Right,MELODY,5,0.866,0.866,False,0.592,-10.0,0
Note_004163,74,733269.59,130.56,Right,MELODY,3,0.866,0.866,False,0.609,0.0,0
Note_004164,40,733406.02,2046.33,Left,INNER,3,0.866,0.866,False,0.284,15.0,0
Note_004165,45,733406.02,2046.33,Left,INNER,2,0.866,0.866,False,0.284,15.0,0
Note_004166,52,733406.02,2046.33,Left,INNER,1,0.866,0.866,False,0.284,15.0,0
Note_004167,69,733406.02,130.56,Right,MELODY,2,0.866,0.866,False,0.552,5.0,0
Note_004168,73,733542.44,130.56,Right,MELODY,4,0.866,0.866,True,0.598,-5.0,0
Note_004169,76,733678.86,130.56,Right,MELODY,5,0.866,0.866,False,0.632,-10.0,0
Note_004170,73,733815.28,130.56,Right,MELODY,4,0.866,0.866,True,0.598,-5.0,0
Note_004171,79,733951.7,130.56,Right,MELODY,5,0.866,0.866,False,0.667,-10.0,0
Note_004172,73,734088.13,130.56,Right,MELODY,4,0.866,0.866,True,0.598,-5.0,0
Note_004173,76,734224.55,130.56,Right,MELODY,5,0.866,0.866,False,0.632,-10.0,0
Note_004174,73,734360.97,130.56,Right,MELODY,4,0.866,0.866,True,0.598,-5.0,0
Note_004175,69,734497.39,130.56,Right,MELODY,2,0.866,0.866,False,0.552,5.0,0
Note_004176,73,734633.82,130.56,Right,MELODY,4,0.866,0.866,True,0.598,-5.0,0
Note_004177,76,734770.24,130.56,Right,MELODY,5,0.866,0.866,False,0.632,-10.0,0
Note_004178,73,734906.66,130.56,Right,MELODY,4,0.866,0.866,True,0.598,-5.0,0
Note_004179,79,735043.08,130.56,Right,MELODY,5,0.866,0.866,False,0.667,-10.0,0
Note_004180,73,735179.51,130.56,Right,MELODY,4,0.866,0.866,True,0.598,-5.0,0
Note_004181,76,735315.93,130.56,Right,MELODY,5,0.866,0.866,False,0.632,-10.0,0
Note_004182,73,735452.35,130.56,Right,MELODY,3,0.866,0.866,True,0.598,0.0,0
Note_004183,41,735588.77,954.96,Left,INNER,3,0.866,0.866,False,0.287,15.0,0
Note_004184,44,735588.77,954.96,Left,INNER,2,0.866,0.866,True,0.287,15.0,0
Note_004185,53,735588.77,954.96,Left,INNER,1,0.866,0.866,False,0.287,15.0,0
Note_004186,68,735588.77,130.56,Right,INNER,2,0.866,0.866,True,0.557,5.0,0
Note_004187,71,735588.77,130.56,Right,MELODY,3,0.866,0.866,False,0.557,5.0,0
Note_004188,74,735725.19,130.56,Right,MELODY,4,0.866,0.866,False,0.609,-5.0,0
Note_004189,77,735861.62,130.56,Right,MELODY,5,0.866,0.866,False,0.644,-10.0,0
Note_004190,74,735998.04,130.56,Right,MELODY,2,0.866,0.866,False,0.609,5.0,0
Note_004191,80,736134.46,130.56,Right,MELODY,4,0.866,0.866,True,0.678,-5.0,0
Note_004192,74,736270.88,130.56,Right,MELODY,2,0.866,0.866,False,0.609,5.0,0
Note_004193,77,736407.31,130.56,Right,MELODY,5,0.866,0.866,False,0.644,-10.0,0
Note_004194,74,736543.73,130.56,Right,MELODY,4,0.866,0.866,False,0.609,-5.0,0
Note_004195,45,736680.15,266.98,Left,INNER,1,0.866,0.866,False,0.276,10.0,0
Note_004196,69,736680.15,130.56,Right,INNER,2,0.866,0.866,False,0.563,5.0,0
Note_004197,71,736680.15,130.56,Right,MELODY,3,0.866,0.866,False,0.563,5.0,0
Note_004198,74,736816.57,130.56,Right,MELODY,4,0.866,0.866,False,0.609,-5.0,0
Note_004199,44,736952.99,266.98,Left,INNER,2,0.866,0.866,True,0.264,5.0,0
Note_004200,77,736952.99,130.56,Right,MELODY,5,0.866,0.866,False,0.644,-10.0,0
Note_004201,74,737089.42,130.56,Right,MELODY,4,0.866,0.866,False,0.609,-5.0,0
Note_004202,40,737225.84,266.98,Left,INNER,3,0.866,0.866,False,0.276,15.0,0
Note_004203,43,737225.84,266.98,Left,INNER,2,0.866,0.866,False,0.276,15.0,0
Note_004204,52,737225.84,266.98,Left,INNER,1,0.866,0.866,False,0.276,15.0,0
Note_004205,67,737225.84,130.56,Right,INNER,1,0.866,0.866,False,0.598,10.0,0
Note_004206,79,737225.84,130.56,Right,MELODY,3,0.866,0.866,False,0.598,10.0,0
Note_004207,70,737362.26,130.56,Right,MELODY,2,0.866,0.866,True,0.563,5.0,0
Note_004208,49,737498.68,266.98,Left,INNER,3,0.866,0.866,True,0.322,-0.0,0
Note_004209,73,737498.68,130.56,Right,MELODY,4,0.866,0.866,True,0.598,-5.0,0
Note_004210,70,737635.11,130.56,Right,MELODY,3,0.866,0.866,True,0.563,0.0,0
Note_004211,38,737771.53,2046.33,Left,BASS,5,0.866,0.866,False,0.299,5.0,0
Note_004212,50,737771.53,2046.33,Left,INNER,2,0.866,0.866,False,0.299,5.0,0
Note_004213,53,737771.53,2046.33,Left,INNER,1,0.866,0.866,False,0.299,5.0,0
Note_004214,69,737771.53,130.56,Right,MELODY,2,0.866,0.866,False,0.552,5.0,0
Note_004215,74,737907.95,130.56,Right,MELODY,4,0.866,0.866,False,0.609,-5.0,0
Note_004216,77,738044.37,130.56,Right,MELODY,5,0.866,0.866,False,0.644,-10.0,0
Note_004217,74,738180.79,130.56,Right,MELODY,4,0.866,0.866,False,0.609,-5.0,0
Note_004218,81,738317.22,130.56,Right,MELODY,5,0.866,0.866,False,0.69,-10.0,0
Note_004219,69,738453.64,130.56,Right,MELODY,2,0.866,0.866,False,0.552,5.0,0
Note_004220,74,738590.06,130.56,Right,MELODY,4,0.866,0.866,False,0.609,-5.0,0
Note_004221,77,738726.48,130.56,Right,MELODY,5,0.866,0.866,False,0.644,-10.0,0
Note_004222,74,738862.91,266.98,Right,INNER,1,0.866,0.866,False,0.648,10.0,0
Note_004223,77,738862.91,266.98,Right,INNER,2,0.866,0.866,False,0.648,10.0,0
Note_004224,81,738862.91,266.98,Right,MELODY,4,0.866,0.866,False,0.648,10.0,0
Note_004225,74,739135.75,266.98,Right,INNER,1,0.866,0.866,False,0.648,10.0,0
Note_004226,77,739135.75,266.98,Right,INNER,2,0.866,0.866,False,0.648,10.0,0
Note_004227,81,739135.75,266.98,Right,MELODY,4,0.866,0.866,False,0.648,10.0,0
Note_004228,74,739408.59,266.98,Right,INNER,1,0.866,0.866,False,0.648,10.0,0
Note_004229,77,739408.59,266.98,Right,INNER,2,0.866,0.866,False,0.648,10.0,0
Note_004230,81,739408.59,266.98,Right,MELODY,4,0.866,0.866,False,0.648,10.0,0
Note_004231,74,739681.44,266.98,Right,INNER,1,0.866,0.866,False,0.648,5.0,0
Note_004232,77,739681.44,266.98,Right,INNER,2,0.866,0.866,False,0.648,5.0,0
Note_004233,81,739681.44,266.98,Right,MELODY,5,0.866,0.866,False,0.648,5.0,0
Note_004234,57,740090.71,130.56,Right,INNER,1,0.866,0.866,False,0.464,10.0,0
Note_004235,62,740090.71,130.56,Right,INNER,2,0.866,0.866,False,0.464,10.0,0
Note_004236,65,740090.71,130.56,Right,MELODY,4,0.866,0.866,False,0.464,10.0,0
Note_004237,57,740227.13,130.56,Right,INNER,1,0.866,0.866,False,0.464,10.0,0
Note_004238,62,740227.13,130.56,Right,INNER,2,0.866,0.866,False,0.464,10.0,0
Note_004239,65,740227.13,130.56,Right,MELODY,4,0.866,0.866,False,0.464,10.0,0
Note_004240,57,740363.55,130.56,Right,INNER,1,0.866,0.866,False,0.464,5.0,0
Note_004241,62,740363.55,130.56,Right,INNER,2,0.866,0.866,False,0.464,5.0,0
Note_004242,65,740363.55,130.56,Right,MELODY,5,0.866,0.866,False,0.464,5.0,0
Note_004243,58,740499.97,130.56,Right,INNER,3,0.866,0.866,True,0.46,-10.0,0
Note_004244,64,740499.97,130.56,Right,MELODY,5,0.866,0.866,False,0.46,-10.0,0
Note_004245,58,740636.4,130.56,Right,INNER,2,0.866,0.866,True,0.46,5.0,0
Note_004246,64,740636.4,130.56,Right,MELODY,3,0.866,0.866,False,0.46,5.0,0
Note_004247,55,740772.82,130.56,Right,INNER,1,0.866,0.866,False,0.425,15.0,0
Note_004248,61,740772.82,130.56,Right,MELODY,2,0.866,0.866,True,0.425,15.0,0
Note_004249,55,740909.24,130.56,Right,INNER,1,0.866,0.866,False,0.425,5.0,0
Note_004250,61,740909.24,130.56,Right,MELODY,4,0.866,0.866,True,0.425,5.0,0
Note_004251,57,741045.66,130.56,Right,INNER,1,0.866,0.866,False,0.443,5.0,0
Note_004252,62,741045.66,130.56,Right,MELODY,4,0.866,0.866,False,0.443,5.0,0
Note_004253,57,741182.08,130.56,Right,INNER,3,0.866,0.866,False,0.443,-5.0,0
Note_004254,62,741182.08,130.56,Right,MELODY,4,0.866,0.866,False,0.443,-5.0,0
Note_004255,57,741318.51,130.56,Right,INNER,1,0.866,0.866,False,0.464,15.0,0
Note_004256,62,741318.51,130.56,Right,INNER,2,0.866,0.866,False,0.464,15.0,0
Note_004257,65,741318.51,130.56,Right,MELODY,3,0.866,0.866,False,0.464,15.0,0
Note_004258,57,741454.93,130.56,Right,INNER,1,0.866,0.866,False,0.464,5.0,0
Note_004259,62,741454.93,130.56,Right,INNER,2,0.866,0.866,False,0.464,5.0,0
Note_004260,65,741454.93,130.56,Right,MELODY,5,0.866,0.866,False,0.464,5.0,0
Note_004261,58,741591.35,130.56,Right,INNER,3,0.866,0.866,True,0.46,-10.0,0
Note_004262,64,741591.35,130.56,Right,MELODY,5,0.866,0.866,False,0.46,-10.0,0
Note_004263,58,741727.77,130.56,Right,INNER,2,0.866,0.866,True,0.46,5.0,0
Note_004264,64,741727.77,130.56,Right,MELODY,3,0.866,0.866,False,0.46,5.0,0
Note_004265,55,741864.2,130.56,Right,INNER,1,0.866,0.866,False,0.425,15.0,0
Note_004266,61,741864.2,130.56,Right,MELODY,2,0.866,0.866,True,0.425,15.0,0
Note_004267,55,742000.62,130.56,Right,INNER,2,0.866,0.866,False,0.425,0.0,0
Note_004268,61,742000.62,130.56,Right,MELODY,4,0.866,0.866,True,0.425,0.0,0
Note_004269,62,742273.46,130.56,Right,INNER,1,0.866,0.866,False,0.51,5.0,0
Note_004270,65,742273.46,130.56,Right,INNER,2,0.866,0.866,False,0.51,5.0,0
Note_004271,69,742273.46,130.56,Right,MELODY,5,0.866,0.866,False,0.51,5.0,0
Note_004272,62,742409.88,130.56,Right,INNER,1,0.866,0.866,False,0.51,10.0,0
Note_004273,65,742409.88,130.56,Right,INNER,2,0.866,0.866,False,0.51,10.0,0
Note_004274,69,742409.88,130.56,Right,MELODY,4,0.866,0.866,False,0.51,10.0,0
Note_004275,62,742546.31,130.56,Right,INNER,1,0.866,0.866,False,0.51,5.0,0
Note_004276,65,742546.31,130.56,Right,INNER,2,0.866,0.866,False,0.51,5.0,0
Note_004277,69,742546.31,130.56,Right,MELODY,5,0.866,0.866,False,0.51,5.0,0
Note_004278,62,742682.73,130.56,Right,INNER,1,0.866,0.866,False,0.529,10.0,0
Note_004279,65,742682.73,130.56,Right,INNER,2,0.866,0.866,False,0.529,10.0,0
Note_004280,74,742682.73,130.56,Right,MELODY,4,0.866,0.866,False,0.529,10.0,0
Note_004281,62,742819.15,130.56,Right,INNER,1,0.866,0.866,False,0.529,5.0,0
Note_004282,65,742819.15,130.56,Right,INNER,2,0.866,0.866,False,0.529,5.0,0
Note_004283,74,742819.15,130.56,Right,MELODY,5,0.866,0.866,False,0.529,5.0,0
Note_004284,62,742955.57,130.56,Right,INNER,1,0.866,0.866,False,0.51,10.0,0
Note_004285,65,742955.57,130.56,Right,INNER,2,0.866,0.866,False,0.51,10.0,0
Note_004286,69,742955.57,130.56,Right,MELODY,4,0.866,0.866,False,0.51,10.0,0
Note_004287,62,743092.0,130.56,Right,INNER,1,0.866,0.866,False,0.51,5.0,0
Note_004288,65,743092.0,130.56,Right,INNER,2,0.866,0.866,False,0.51,5.0,0
Note_004289,69,743092.0,130.56,Right,MELODY,5,0.866,0.866,False,0.51,5.0,0
Note_004290,67,743228.42,130.56,Right,INNER,1,0.866,0.866,False,0.621,10.0,0
Note_004291,76,743228.42,130.56,Right,INNER,2,0.866,0.866,False,0.621,10.0,0
Note_004292,82,743228.42,130.56,Right,MELODY,4,0.866,0.866,True,0.621,10.0,0
Note_004293,67,743364.84,130.56,Right,INNER,1,0.866,0.866,False,0.621,10.0,0
Note_004294,76,743364.84,130.56,Right,INNER,2,0.866,0.866,False,0.621,10.0,0
Note_004295,82,743364.84,130.56,Right,MELODY,4,0.866,0.866,True,0.621,10.0,0
Note_004296,67,743501.26,130.56,Right,INNER,1,0.866,0.866,False,0.598,5.0,0
Note_004297,73,743501.26,130.56,Right,INNER,2,0.866,0.866,True,0.598,5.0,0
Note_004298,79,743501.26,130.56,Right,MELODY,5,0.866,0.866,False,0.598,5.0,0
Note_004299,67,743637.68,130.56,Right,INNER,2,0.866,0.866,False,0.598,-5.0,0
Note_004300,73,743637.68,130.56,Right,INNER,3,0.866,0.866,True,0.598,-5.0,0
Note_004301,79,743637.68,130.56,Right,MELODY,5,0.866,0.866,False,0.598,-5.0,0
Note_004302,67,743774.11,130.56,Left,INNER,3,0.866,0.866,False,0.546,5.0,0
Note_004303,70,743774.11,130.56,Left,INNER,2,0.866,0.866,True,0.546,5.0,0
Note_004304,79,743774.11,130.56,Right,INNER,1,0.866,0.866,False,0.701,5.0,0
Note_004305,85,743774.11,130.56,Right,MELODY,4,0.866,0.866,True,0.701,5.0,0
Note_004306,67,743910.53,130.56,Left,INNER,5,0.866,0.866,False,0.546,-10.0,0
Note_004307,70,743910.53,130.56,Left,INNER,3,0.866,0.866,True,0.546,-10.0,0
Note_004308,79,743910.53,130.56,Right,INNER,1,0.866,0.866,False,0.701,5.0,0
Note_004309,85,743910.53,130.56,Right,MELODY,4,0.866,0.866,True,0.701,5.0,0
Note_004310,67,744046.95,130.56,Right,INNER,1,0.866,0.866,False,0.606,5.0,-12
Note_004311,70,744046.95,130.56,Right,INNER,2,0.866,0.866,True,0.606,5.0,-12
Note_004312,76,744046.95,130.56,Right,INNER,3,0.866,0.866,False,0.606,5.0,-12
Note_004313,82,744046.95,130.56,Right,MELODY,5,0.866,0.866,True,0.606,5.0,-12
Note_004314,67,744183.37,130.56,Right,INNER,1,0.866,0.866,False,0.606,5.0,-12
Note_004315,70,744183.37,130.56,Right,INNER,2,0.866,0.866,True,0.606,5.0,-12
Note_004316,76,744183.37,130.56,Right,INNER,3,0.866,0.866,False,0.606,5.0,-12
Note_004317,82,744183.37,130.56,Right,MELODY,5,0.866,0.866,True,0.606,5.0,-12
Note_004318,62,745547.6,266.98,Right,MELODY,2,0.866,0.866,False,0.471,5.0,0
Note_004319,65,745820.44,266.98,Right,MELODY,3,0.866,0.866,False,0.506,0.0,0
Note_004320,66,746093.29,130.56,Right,MELODY,4,0.866,0.866,True,0.517,-5.0,0
Note_004321,67,746229.71,266.98,Right,MELODY,5,0.866,0.866,False,0.529,-10.0,0
Note_004322,57,746502.55,266.98,Right,INNER,1,0.866,0.866,False,0.431,5.0,0
Note_004323,60,746502.55,266.98,Right,MELODY,4,0.866,0.866,False,0.431,5.0,0
Note_004324,57,746775.4,266.98,Right,INNER,1,0.866,0.866,False,0.431,5.0,0
Note_004325,60,746775.4,266.98,Right,MELODY,4,0.866,0.866,False,0.431,5.0,0
Note_004326,57,747048.24,266.98,Right,INNER,3,0.866,0.866,False,0.431,-5.0,0
Note_004327,60,747048.24,266.98,Right,MELODY,4,0.866,0.866,False,0.431,-5.0,0
Note_004328,53,747321.09,130.56,Right,INNER,2,0.866,0.866,False,0.391,5.0,0
Note_004329,57,747321.09,130.56,Right,MELODY,3,0.866,0.866,False,0.391,5.0,0
Note_004330,57,747457.51,130.56,Right,INNER,1,0.866,0.866,False,0.431,5.0,0
Note_004331,60,747457.51,130.56,Right,MELODY,4,0.866,0.866,False,0.431,5.0,0
Note_004332,57,747730.35,266.98,Right,INNER,3,0.866,0.866,False,0.431,-5.0,0
Note_004333,60,747730.35,266.98,Right,MELODY,4,0.866,0.866,False,0.431,-5.0,0
Note_004334,53,748003.2,130.56,Right,INNER,2,0.866,0.866,False,0.391,5.0,0
Note_004335,57,748003.2,130.56,Right,MELODY,3,0.866,0.866,False,0.391,5.0,0
Note_004336,57,748139.62,130.56,Right,INNER,3,0.866,0.866,False,0.431,-5.0,0
Note_004337,60,748139.62,130.56,Right,MELODY,4,0.866,0.866,False,0.431,-5.0,0
Note_004338,53,748276.04,130.56,Right,INNER,2,0.866,0.866,False,0.391,5.0,0
Note_004339,57,748276.04,130.56,Right,MELODY,3,0.866,0.866,False,0.391,5.0,0
Note_004340,57,748412.46,266.98,Right,INNER,1,0.866,0.866,False,0.431,5.0,0
Note_004341,60,748412.46,266.98,Right,MELODY,4,0.866,0.866,False,0.431,5.0,0
Note_004342,55,748685.31,266.98,Right,INNER,1,0.866,0.866,False,0.414,5.0,0
Note_004343,59,748685.31,266.98,Right,MELODY,4,0.866,0.866,False,0.414,5.0,0
Note_004344,55,748958.15,266.98,Right,INNER,1,0.866,0.866,False,0.414,5.0,0
Note_004345,59,748958.15,266.98,Right,MELODY,4,0.866,0.866,False,0.414,5.0,0
Note_004346,55,749231.0,266.98,Right,INNER,3,0.866,0.866,False,0.414,-5.0,0
Note_004347,59,749231.0,266.98,Right,MELODY,4,0.866,0.866,False,0.414,-5.0,0
Note_004348,52,749503.84,130.56,Right,INNER,2,0.866,0.866,False,0.374,5.0,0
Note_004349,55,749503.84,130.56,Right,MELODY,3,0.866,0.866,False,0.374,5.0,0
Note_004350,55,749640.26,130.56,Right,INNER,1,0.866,0.866,False,0.414,5.0,0
Note_004351,59,749640.26,130.56,Right,MELODY,4,0.866,0.866,False,0.414,5.0,0
Note_004352,55,749913.11,266.98,Right,INNER,3,0.866,0.866,False,0.414,-5.0,0
Note_004353,59,749913.11,266.98,Right,MELODY,4,0.866,0.866,False,0.414,-5.0,0
Note_004354,52,750185.95,130.56,Right,INNER,2,0.866,0.866,False,0.374,5.0,0
Note_004355,55,750185.95,130.56,Right,MELODY,3,0.866,0.866,False,0.374,5.0,0
Note_004356,55,750322.37,130.56,Right,INNER,3,0.866,0.866,False,0.414,-5.0,0
Note_004357,59,750322.37,130.56,Right,MELODY,4,0.866,0.866,False,0.414,-5.0,0
Note_004358,52,750458.8,130.56,Right,INNER,2,0.866,0.866,False,0.374,5.0,0
Note_004359,55,750458.8,130.56,Right,MELODY,3,0.866,0.866,False,0.374,5.0,0
Note_004360,55,750595.22,266.98,Right,INNER,1,0.866,0.866,False,0.414,5.0,0
Note_004361,59,750595.22,266.98,Right,MELODY,4,0.866,0.866,False,0.414,5.0,0
Note_004362,57,750868.06,266.98,Right,INNER,1,0.866,0.866,False,0.431,5.0,0
Note_004363,60,750868.06,266.98,Right,MELODY,4,0.866,0.866,False,0.431,5.0,0
Note_004364,57,751140.91,266.98,Right,INNER,1,0.866,0.866,False,0.431,5.0,0
Note_004365,60,751140.91,266.98,Right,MELODY,4,0.866,0.866,False,0.431,5.0,0
Note_004366,57,751413.75,266.98,Right,INNER,3,0.866,0.866,False,0.431,-5.0,0
Note_004367,60,751413.75,266.98,Right,MELODY,4,0.866,0.866,False,0.431,-5.0,0
Note_004368,53,751686.6,130.56,Right,INNER,2,0.866,0.866,False,0.391,5.0,0
Note_004369,57,751686.6,130.56,Right,MELODY,3,0.866,0.866,False,0.391,5.0,0
Note_004370,57,751823.02,130.56,Right,INNER,1,0.866,0.866,False,0.431,5.0,0
Note_004371,60,751823.02,130.56,Right,MELODY,4,0.866,0.866,False,0.431,5.0,0
Note_004372,57,752095.86,266.98,Right,INNER,3,0.866,0.866,False,0.431,-5.0,0
Note_004373,60,752095.86,266.98,Right,MELODY,4,0.866,0.866,False,0.431,-5.0,0
Note_004374,53,752368.71,130.56,Right,INNER,2,0.866,0.866,False,0.391,5.0,0
Note_004375,57,752368.71,130.56,Right,MELODY,3,0.866,0.866,False,0.391,5.0,0
Note_004376,57,752505.13,130.56,Right,INNER,3,0.866,0.866,False,0.431,-5.0,0
Note_004377,60,752505.13,130.56,Right,MELODY,4,0.866,0.866,False,0.431,-5.0,0
Note_004378,53,752641.55,130.56,Right,INNER,2,0.866,0.866,False,0.391,5.0,0
Note_004379,57,752641.55,130.56,Right,MELODY,3,0.866,0.866,False,0.391,5.0,0
Note_004380,57,752777.98,266.98,Right,INNER,1,0.866,0.866,False,0.431,5.0,0
Note_004381,60,752777.98,266.98,Right,MELODY,4,0.866,0.866,False,0.431,5.0,0
Note_004382,55,753050.82,266.98,Right,INNER,1,0.866,0.866,False,0.414,5.0,0
Note_004383,59,753050.82,266.98,Right,MELODY,4,0.866,0.866,False,0.414,5.0,0
Note_004384,55,753323.66,266.98,Right,INNER,1,0.866,0.866,False,0.414,5.0,0
Note_004385,59,753323.66,266.98,Right,MELODY,4,0.866,0.866,False,0.414,5.0,0
Note_004386,55,753596.51,266.98,Right,INNER,3,0.866,0.866,False,0.414,-5.0,0
Note_004387,59,753596.51,266.98,Right,MELODY,4,0.866,0.866,False,0.414,-5.0,0
Note_004388,52,753869.35,130.56,Right,INNER,2,0.866,0.866,False,0.374,5.0,0
Note_004389,55,753869.35,130.56,Right,MELODY,3,0.866,0.866,False,0.374,5.0,0
Note_004390,55,754005.78,130.56,Right,INNER,1,0.866,0.866,False,0.414,5.0,0
Note_004391,59,754005.78,130.56,Right,MELODY,4,0.866,0.866,False,0.414,5.0,0
Note_004392,55,754278.62,266.98,Right,INNER,3,0.866,0.866,False,0.414,-5.0,0
Note_004393,59,754278.62,266.98,Right,MELODY,4,0.866,0.866,False,0.414,-5.0,0
Note_004394,52,754551.46,130.56,Right,INNER,2,0.866,0.866,False,0.374,5.0,0
Note_004395,55,754551.46,130.56,Right,MELODY,3,0.866,0.866,False,0.374,5.0,0
Note_004396,55,754687.89,130.56,Right,INNER,3,0.866,0.866,False,0.414,-5.0,0
Note_004397,59,754687.89,130.56,Right,MELODY,4,0.866,0.866,False,0.414,-5.0,0
Note_004398,52,754824.31,130.56,Right,INNER,2,0.866,0.866,False,0.374,5.0,0
Note_004399,55,754824.31,130.56,Right,MELODY,3,0.866,0.866,False,0.374,5.0,0
Note_004400,55,754960.73,266.98,Right,INNER,1,0.866,0.866,False,0.414,5.0,0
Note_004401,59,754960.73,266.98,Right,MELODY,4,0.866,0.866,False,0.414,5.0,0
Note_004402,57,755233.58,2046.33,Right,INNER,1,0.866,0.866,False,0.431,5.0,0
Note_004403,60,755233.58,2046.33,Right,MELODY,4,0.866,0.866,False,0.431,5.0,0
Note_004404,36,757416.33,2046.33,Left,BASS,5,0.866,0.866,False,0.172,-10.0,0
Note_004405,55,757416.33,954.96,Right,INNER,2,0.866,0.866,False,0.441,-5.0,0
Note_004406,59,757416.33,954.96,Right,INNER,3,0.866,0.866,False,0.441,-5.0,0
Note_004407,64,757416.33,954.96,Right,MELODY,5,0.866,0.866,False,0.441,-5.0,0
Note_004408,64,758780.55,266.98,Right,MELODY,2,0.866,0.866,False,0.494,5.0,0
Note_004409,65,759053.4,198.77,Right,MELODY,3,0.866,0.866,False,0.506,0.0,0
Note_004410,67,759258.03,335.19,Right,MELODY,4,0.866,0.866,False,0.529,-5.0,0
Note_004411,41,759599.09,2046.33,Left,INNER,2,0.866,0.866,False,0.23,5.0,0
Note_004412,60,759599.09,954.96,Right,INNER,2,0.866,0.866,False,0.502,-0.0,0
Note_004413,65,759599.09,954.96,Right,INNER,3,0.866,0.866,False,0.502,-0.0,0
Note_004414,69,759599.09,954.96,Right,MELODY,4,0.866,0.866,False,0.502,-0.0,0
Note_004415,69,760963.31,266.98,Right,MELODY,5,0.866,0.866,False,0.552,-10.0,0
Note_004416,67,761236.15,198.77,Right,MELODY,4,0.866,0.866,False,0.529,-5.0,0
Note_004417,65,761440.79,335.19,Right,MELODY,3,0.866,0.866,False,0.506,0.0,0
Note_004418,36,761781.84,2046.33,Left,BASS,5,0.866,0.866,False,0.172,-10.0,0
Note_004419,55,761781.84,954.96,Right,INNER,1,0.866,0.866,False,0.441,15.0,0
Note_004420,59,761781.84,954.96,Right,INNER,2,0.866,0.866,False,0.441,15.0,0
Note_004421,64,761781.84,954.96,Right,MELODY,3,0.866,0.866,False,0.441,15.0,0
Note_004422,64,763146.07,266.98,Right,MELODY,2,0.866,0.866,False,0.494,5.0,0
Note_004423,65,763418.91,198.77,Right,MELODY,3,0.866,0.866,False,0.506,0.0,0
Note_004424,67,763623.54,335.19,Right,MELODY,4,0.866,0.866,False,0.529,-5.0,0
Note_004425,41,763964.6,954.96,Left,INNER,2,0.866,0.866,False,0.23,5.0,0
Note_004426,60,763964.6,954.96,Right,INNER,2,0.866,0.866,False,0.502,-0.0,0
Note_004427,65,763964.6,954.96,Right,INNER,3,0.866,0.866,False,0.502,-0.0,0
Note_004428,69,763964.6,954.96,Right,MELODY,4,0.866,0.866,False,0.502,-0.0,0
Note_004429,43,765055.98,954.96,Right,MELODY,2,0.866,0.866,False,0.253,5.0,0
Note_004430,71,765328.82,266.98,Right,MELODY,3,0.866,0.866,False,0.575,0.0,0
Note_004431,72,765601.67,198.77,Right,MELODY,4,0.866,0.866,False,0.586,-5.0,0
Note_004432,74,765806.3,335.19,Right,MELODY,5,0.866,0.866,False,0.609,-10.0,0
Note_004433,36,766147.36,2046.33,Left,BASS,5,0.866,0.866,False,0.172,-10.0,0
Note_004434,55,766147.36,954.96,Right,INNER,2,0.866,0.866,False,0.441,-0.0,0
Note_004435,59,766147.36,954.96,Right,INNER,3,0.866,0.866,False,0.441,-0.0,0
Note_004436,64,766147.36,954.96,Right,MELODY,4,0.866,0.866,False,0.441,-0.0,0
Note_004437,64,767511.58,266.98,Right,MELODY,2,0.866,0.866,False,0.494,5.0,0
Note_004438,65,767784.42,198.77,Right,MELODY,3,0.866,0.866,False,0.506,0.0,0
Note_004439,67,767989.06,335.19,Right,MELODY,4,0.866,0.866,False,0.529,-5.0,0
Note_004440,41,768330.11,954.96,Left,INNER,3,0.866,0.866,False,0.23,-0.0,0
Note_004441,60,768330.11,954.96,Right,INNER,1,0.866,0.866,False,0.502,10.0,0
Note_004442,65,768330.11,954.96,Right,INNER,2,0.866,0.866,False,0.502,10.0,0
Note_004443,69,768330.11,954.96,Right,MELODY,4,0.866,0.866,False,0.502,10.0,0
Note_004444,43,769421.49,266.98,Left,INNER,2,0.866,0.866,False,0.253,5.0,0
Note_004445,62,769421.49,266.98,Right,INNER,1,0.866,0.866,False,0.525,10.0,0
Note_004446,67,769421.49,266.98,Right,INNER,2,0.866,0.866,False,0.525,10.0,0
Note_004447,71,769421.49,266.98,Right,MELODY,4,0.866,0.866,False,0.525,10.0,0
Note_004448,43,769694.33,266.98,Left,INNER,2,0.866,0.866,False,0.253,5.0,0
Note_004449,62,769694.33,266.98,Right,INNER,1,0.866,0.866,False,0.525,10.0,0
Note_004450,67,769694.33,266.98,Right,INNER,2,0.866,0.866,False,0.525,10.0,0
Note_004451,71,769694.33,266.98,Right,MELODY,4,0.866,0.866,False,0.525,10.0,0
Note_004452,43,770171.81,335.19,Left,INNER,2,0.866,0.866,False,0.253,5.0,0
Note_004453,62,770171.81,335.19,Right,INNER,2,0.866,0.866,False,0.525,-0.0,0
Note_004454,67,770171.81,335.19,Right,INNER,3,0.866,0.866,False,0.525,-0.0,0
Note_004455,71,770171.81,335.19,Right,MELODY,4,0.866,0.866,False,0.525,-0.0,0
Note_004456,36,770512.87,266.98,Left,BASS,5,0.866,0.866,False,0.172,-10.0,0
Note_004457,64,770512.87,727.41,Right,MELODY,2,0.866,0.866,False,0.494,5.0,0
Note_004458,36,770785.71,266.98,Left,BASS,5,0.866,0.866,False,0.172,-10.0,0
Note_004459,36,771058.56,266.98,Left,BASS,5,0.866,0.866,False,0.172,-10.0,0
Note_004460,36,771331.4,266.98,Left,BASS,5,0.866,0.866,False,0.172,-10.0,0
Note_004461,64,771331.4,266.98,Right,MELODY,4,0.866,0.866,False,0.494,-5.0,0
Note_004462,38,771604.25,266.98,Left,BASS,1,0.866,0.866,False,0.195,10.0,0
Note_004463,65,771604.25,266.98,Right,MELODY,5,0.866,0.866,False,0.506,-10.0,0
Note_004464,38,771877.09,266.98,Left,BASS,5,0.866,0.866,False,0.195,-10.0,0
Note_004465,64,771877.09,266.98,Right,MELODY,2,0.866,0.866,False,0.494,5.0,0
Note_004466,65,772149.93,266.98,Right,MELODY,4,0.866,0.866,False,0.506,-5.0,0
Note_004467,38,772149.94,266.98,Left,BASS,5,0.866,0.866,False,0.195,-10.0,0
Note_004468,38,772422.78,266.98,Left,BASS,5,0.866,0.866,False,0.195,-10.0,0
Note_004469,67,772422.78,266.98,Right,MELODY,5,0.866,0.866,False,0.529,-10.0,0
Note_004470,40,772695.62,266.98,Left,INNER,2,0.866,0.866,False,0.218,5.0,0
Note_004471,64,772695.62,954.96,Right,MELODY,4,0.866,0.866,False,0.494,-5.0,0
Note_004472,40,772968.47,266.98,Right,MELODY,2,0.866,0.866,False,0.218,5.0,0
Note_004473,40,773241.31,266.98,Right,MELODY,4,0.866,0.866,False,0.218,-5.0,0
Note_004474,40,773514.16,266.98,Right,MELODY,1,0.866,0.866,False,0.218,10.0,0
Note_004475,36,773787.0,266.98,Left,BASS,5,0.866,0.866,False,0.172,-10.0,0
Note_004476,60,773787.0,454.56,Right,MELODY,2,0.866,0.866,False,0.448,5.0,0
Note_004477,36,774059.85,266.98,Left,BASS,5,0.866,0.866,False,0.172,-10.0,0
Note_004478,36,774332.69,266.98,Left,BASS,5,0.866,0.866,False,0.172,-10.0,0
Note_004479,64,774332.69,266.98,Right,MELODY,3,0.866,0.866,False,0.494,0.0,0
Note_004480,36,774605.54,266.98,Left,BASS,5,0.866,0.866,False,0.172,-10.0,0
Note_004481,67,774605.54,266.98,Right,MELODY,4,0.866,0.866,False,0.529,-5.0,0
Note_004482,41,774878.38,266.98,Left,INNER,2,0.866,0.866,False,0.23,5.0,0
Note_004483,69,774878.38,454.56,Right,MELODY,5,0.866,0.866,False,0.552,-10.0,0
Note_004484,41,775151.22,266.98,Right,MELODY,4,0.866,0.866,False,0.23,-5.0,0
Note_004485,41,775424.07,266.98,Left,INNER,2,0.866,0.866,False,0.23,5.0,0
Note_004486,69,775424.07,266.98,Right,MELODY,5,0.866,0.866,False,0.552,-10.0,0
Note_004487,41,775696.91,266.98,Left,INNER,3,0.866,0.866,False,0.23,-0.0,0
Note_004488,69,775696.91,266.98,Right,MELODY,4,0.866,0.866,False,0.552,-5.0,0
Note_004489,43,775969.76,266.98,Left,INNER,2,0.866,0.866,False,0.253,5.0,0
Note_004490,71,775969.76,454.56,Right,MELODY,5,0.866,0.866,False,0.575,-10.0,0
Note_004491,43,776242.6,266.98,Right,MELODY,4,0.866,0.866,False,0.253,-5.0,0
Note_004492,43,776515.45,266.98,Left,INNER,2,0.866,0.866,False,0.253,5.0,0
Note_004493,74,776515.45,266.98,Right,MELODY,5,0.866,0.866,False,0.609,-10.0,0
Note_004494,43,776788.29,266.98,Left,INNER,2,0.866,0.866,False,0.253,5.0,0
Note_004495,72,776788.29,266.98,Right,MELODY,4,0.866,0.866,False,0.586,-5.0,0
Note_004496,36,777061.14,266.98,Left,BASS,5,0.866,0.866,False,0.172,-10.0,0
Note_004497,67,777061.14,1500.64,Right,MELODY,3,0.866,0.866,False,0.529,0.0,0
Note_004498,36,777333.98,266.98,Left,BASS,5,0.866,0.866,False,0.172,-10.0,0
Note_004499,36,777606.83,266.98,Left,BASS,5,0.866,0.866,False,0.172,-10.0,0
Note_004500,36,777879.67,266.98,Left,BASS,5,0.866,0.866,False,0.172,-10.0,0
Note_004501,36,778152.51,266.98,Left,BASS,5,0.866,0.866,False,0.172,-10.0,0
Note_004502,36,778425.36,266.98,Left,BASS,5,0.866,0.866,False,0.172,-10.0,0
Note_004503,38,778698.2,130.56,Left,BASS,3,0.866,0.866,False,0.195,-0.0,0
Note_004504,40,778834.63,403.4,Right,MELODY,2,0.866,0.866,False,0.218,5.0,0
Note_004505,41,779243.89,266.98,Left,INNER,2,0.866,0.866,False,0.23,5.0,0
Note_004506,69,779243.89,727.41,Right,MELODY,5,0.866,0.866,False,0.552,-10.0,0
Note_004507,41,779516.74,266.98,Right,MELODY,4,0.866,0.866,False,0.23,-5.0,0
Note_004508,41,779789.58,266.98,Right,MELODY,2,0.866,0.866,False,0.23,5.0,0
Note_004509,41,780062.43,266.98,Left,INNER,3,0.866,0.866,False,0.23,-0.0,0
Note_004510,69,780062.43,266.98,Right,MELODY,4,0.866,0.866,False,0.552,-5.0,0
Note_004511,43,780335.27,266.98,Left,INNER,2,0.866,0.866,False,0.253,5.0,0
Note_004512,71,780335.27,454.56,Right,MELODY,5,0.866,0.866,False,0.575,-10.0,0
Note_004513,43,780608.11,266.98,Right,MELODY,4,0.866,0.866,False,0.253,-5.0,0
Note_004514,43,780880.96,266.98,Left,INNER,2,0.866,0.866,False,0.253,5.0,0
Note_004515,74,780880.96,266.98,Right,MELODY,5,0.866,0.866,False,0.609,-10.0,0
Note_004516,43,781153.8,266.98,Left,INNER,2,0.866,0.866,False,0.253,5.0,0
Note_004517,72,781153.8,266.98,Right,MELODY,4,0.866,0.866,False,0.586,-5.0,0
Note_004518,40,781426.65,266.98,Left,INNER,3,0.866,0.866,False,0.218,-0.0,0
Note_004519,67,781426.65,954.96,Right,MELODY,3,0.866,0.866,False,0.529,0.0,0
Note_004520,40,781699.49,266.98,Right,MELODY,2,0.866,0.866,False,0.218,5.0,0
Note_004521,40,781972.34,266.98,Right,MELODY,4,0.866,0.866,False,0.218,-5.0,0
Note_004522,40,782245.18,266.98,Right,MELODY,4,0.866,0.866,False,0.218,-5.0,0
Note_004523,36,782518.03,266.98,Left,BASS,5,0.866,0.866,False,0.172,-10.0,0
Note_004524,72,782518.03,454.56,Right,MELODY,5,0.866,0.866,False,0.586,-10.0,0
Note_004525,36,782790.87,266.98,Left,BASS,5,0.866,0.866,False,0.172,-10.0,0
Note_004526,60,783063.71,266.98,Right,MELODY,2,0.866,0.866,False,0.448,5.0,0
Note_004527,36,783063.72,266.98,Left,BASS,5,0.866,0.866,False,0.172,-10.0,0
Note_004528,36,783336.56,266.98,Left,BASS,1,0.866,0.866,False,0.172,10.0,0
Note_004529,62,783336.56,266.98,Right,MELODY,3,0.866,0.866,False,0.471,0.0,0
Note_004530,34,783609.4,266.98,Left,BASS,2,0.866,0.866,True,0.149,5.0,0
Note_004531,65,783609.4,727.41,Right,MELODY,4,0.866,0.866,False,0.506,-5.0,0
Note_004532,34,783882.25,266.98,Left,BASS,2,0.866,0.866,True,0.149,5.0,0
Note_004533,34,784155.09,266.98,Left,BASS,2,0.866,0.866,True,0.149,5.0,0
Note_004534,34,784427.94,266.98,Left,BASS,2,0.866,0.866,True,0.149,5.0,0
Note_004535,67,784427.94,335.19,Right,MELODY,5,0.866,0.866,False,0.529,-10.0,0
Note_004536,34,784700.78,266.98,Left,BASS,2,0.866,0.866,True,0.149,5.0,0
Note_004537,65,784768.99,266.98,Right,MELODY,4,0.866,0.866,False,0.506,-5.0,0
Note_004538,34,784973.63,266.98,Left,BASS,2,0.866,0.866,True,0.149,5.0,0
Note_004539,64,785041.84,198.77,Right,MELODY,3,0.866,0.866,False,0.494,0.0,0
Note_004540,34,785246.47,266.98,Left,BASS,2,0.866,0.866,True,0.149,5.0,0
Note_004541,62,785246.47,266.98,Right,MELODY,2,0.866,0.866,False,0.471,5.0,0
Note_004542,34,785519.32,266.98,Left,BASS,2,0.866,0.866,True,0.149,5.0,0
Note_004543,60,785519.32,266.98,Right,MELODY,1,0.866,0.866,False,0.448,10.0,0
Note_004544,38,785792.16,266.98,Left,BASS,1,0.866,0.866,False,0.195,10.0,0
Note_004545,67,785792.16,2046.33,Right,MELODY,5,0.866,0.866,False,0.529,-10.0,0
Note_004546,38,786065.0,266.98,Left,BASS,5,0.866,0.866,False,0.195,-10.0,0
Note_004547,38,786337.85,266.98,Left,BASS,5,0.866,0.866,False,0.195,-10.0,0
Note_004548,38,786610.69,266.98,Left,BASS,1,0.866,0.866,False,0.195,10.0,0
Note_004549,43,786883.54,266.98,Right,MELODY,4,0.866,0.866,False,0.253,-5.0,0
Note_004550,43,787156.38,266.98,Right,MELODY,4,0.866,0.866,False,0.253,-5.0,0
Note_004551,43,787429.23,266.98,Right,MELODY,4,0.866,0.866,False,0.253,-5.0,0
Note_004552,43,787702.07,266.98,Right,MELODY,4,0.866,0.866,False,0.253,-5.0,0
Note_004553,36,787974.92,266.98,Left,BASS,5,0.866,0.866,False,0.172,-10.0,0
Note_004554,64,787974.92,727.41,Right,MELODY,5,0.866,0.866,False,0.494,-10.0,0
Note_004555,36,788247.76,266.98,Left,BASS,5,0.866,0.866,False,0.172,-10.0,0
Note_004556,36,788520.61,266.98,Left,BASS,5,0.866,0.866,False,0.172,-10.0,0
Note_004557,36,788793.45,266.98,Left,BASS,5,0.866,0.866,False,0.172,-10.0,0
Note_004558,64,788793.45,266.98,Right,MELODY,4,0.866,0.866,False,0.494,-5.0,0
Note_004559,38,789066.29,266.98,Left,BASS,1,0.866,0.866,False,0.195,10.0,0
Note_004560,65,789066.29,266.98,Right,MELODY,5,0.866,0.866,False,0.506,-10.0,0
Note_004561,38,789339.14,266.98,Left,BASS,5,0.866,0.866,False,0.195,-10.0,0
Note_004562,64,789339.14,266.98,Right,MELODY,2,0.866,0.866,False,0.494,5.0,0
Note_004563,38,789611.98,266.98,Left,BASS,5,0.866,0.866,False,0.195,-10.0,0
Note_004564,65,789611.98,266.98,Right,MELODY,4,0.866,0.866,False,0.506,-5.0,0
Note_004565,38,789884.83,266.98,Left,BASS,5,0.866,0.866,False,0.195,-10.0,0
Note_004566,67,789884.83,266.98,Right,MELODY,5,0.866,0.866,False,0.529,-10.0,0
Note_004567,40,790157.67,266.98,Left,INNER,2,0.866,0.866,False,0.218,5.0,0
Note_004568,64,790157.67,954.96,Right,MELODY,4,0.866,0.866,False,0.494,-5.0,0
Note_004569,40,790430.52,266.98,Right,MELODY,2,0.866,0.866,False,0.218,5.0,0
Note_004570,40,790703.36,266.98,Right,MELODY,4,0.866,0.866,False,0.218,-5.0,0
Note_004571,40,790976.21,266.98,Right,MELODY,1,0.866,0.866,False,0.218,10.0,0
Note_004572,36,791249.05,266.98,Left,BASS,5,0.866,0.866,False,0.172,-10.0,0
Note_004573,60,791249.05,454.56,Right,MELODY,2,0.866,0.866,False,0.448,5.0,0
Note_004574,36,791521.89,266.98,Left,BASS,5,0.866,0.866,False,0.172,-10.0,0
Note_004575,36,791794.74,266.98,Left,BASS,5,0.866,0.866,False,0.172,-10.0,0
Note_004576,64,791794.74,266.98,Right,MELODY,3,0.866,0.866,False,0.494,0.0,0
Note_004577,36,792067.58,266.98,Left,BASS,5,0.866,0.866,False,0.172,-10.0,0
Note_004578,67,792067.58,266.98,Right,MELODY,4,0.866,0.866,False,0.529,-5.0,0
Note_004579,41,792340.43,266.98,Left,INNER,2,0.866,0.866,False,0.23,5.0,0
Note_004580,69,792340.43,454.56,Right,MELODY,5,0.866,0.866,False,0.552,-10.0,0
Note_004581,41,792613.27,266.98,Right,MELODY,4,0.866,0.866,False,0.23,-5.0,0
Note_004582,41,792886.12,266.98,Left,INNER,2,0.866,0.866,False,0.23,5.0,0
Note_004583,69,792886.12,266.98,Right,MELODY,5,0.866,0.866,False,0.552,-10.0,0
Note_004584,41,793158.96,266.98,Left,INNER,3,0.866,0.866,False,0.23,-0.0,0
Note_004585,69,793158.96,266.98,Right,MELODY,4,0.866,0.866,False,0.552,-5.0,0
Note_004586,43,793431.81,266.98,Left,INNER,2,0.866,0.866,False,0.253,5.0,0
Note_004587,71,793431.81,454.56,Right,MELODY,5,0.866,0.866,False,0.575,-10.0,0
Note_004588,43,793704.65,266.98,Right,MELODY,4,0.866,0.866,False,0.253,-5.0,0
Note_004589,74,793977.49,266.98,Right,MELODY,5,0.866,0.866,False,0.609,-10.0,0
Note_004590,43,793977.5,266.98,Left,INNER,2,0.866,0.866,False,0.253,5.0,0
Note_004591,43,794250.34,266.98,Left,INNER,2,0.866,0.866,False,0.253,5.0,0
Note_004592,72,794250.34,266.98,Right,MELODY,4,0.866,0.866,False,0.586,-5.0,0
Note_004593,36,794523.18,266.98,Left,BASS,5,0.866,0.866,False,0.172,-10.0,0
Note_004594,67,794523.18,1500.64,Right,MELODY,3,0.866,0.866,False,0.529,0.0,0
Note_004595,36,794796.03,266.98,Left,BASS,5,0.866,0.866,False,0.172,-10.0,0
Note_004596,36,795068.87,266.98,Left,BASS,5,0.866,0.866,False,0.172,-10.0,0
Note_004597,36,795341.72,266.98,Left,BASS,5,0.866,0.866,False,0.172,-10.0,0
Note_004598,36,795614.56,266.98,Left,BASS,5,0.866,0.866,False,0.172,-10.0,0
Note_004599,36,795887.41,266.98,Left,BASS,5,0.866,0.866,False,0.172,-10.0,0
Note_004600,38,796160.25,130.56,Left,BASS,3,0.866,0.866,False,0.195,-0.0,0
Note_004601,40,796296.67,403.4,Right,MELODY,2,0.866,0.866,False,0.218,5.0,0
Note_004602,41,796705.94,266.98,Left,INNER,2,0.866,0.866,False,0.23,5.0,0
Note_004603,69,796705.94,727.41,Right,MELODY,5,0.866,0.866,False,0.552,-10.0,0
Note_004604,41,796978.78,266.98,Right,MELODY,4,0.866,0.866,False,0.23,-5.0,0
Note_004605,41,797251.63,266.98,Right,MELODY,2,0.866,0.866,False,0.23,5.0,0
Note_004606,41,797524.47,266.98,Left,INNER,3,0.866,0.866,False,0.23,-0.0,0
Note_004607,69,797524.47,266.98,Right,MELODY,4,0.866,0.866,False,0.552,-5.0,0
Note_004608,43,797797.32,266.98,Left,INNER,2,0.866,0.866,False,0.253,5.0,0
Note_004609,71,797797.32,454.56,Right,MELODY,5,0.866,0.866,False,0.575,-10.0,0
Note_004610,43,798070.16,266.98,Right,MELODY,4,0.866,0.866,False,0.253,-5.0,0
Note_004611,43,798343.01,266.98,Left,INNER,2,0.866,0.866,False,0.253,5.0,0
Note_004612,74,798343.01,266.98,Right,MELODY,5,0.866,0.866,False,0.609,-10.0,0
Note_004613,43,798615.85,266.98,Left,INNER,2,0.866,0.866,False,0.253,5.0,0
Note_004614,72,798615.85,266.98,Right,MELODY,4,0.866,0.866,False,0.586,-5.0,0
Note_004615,40,798888.7,266.98,Left,INNER,3,0.866,0.866,False,0.218,-0.0,0
Note_004616,67,798888.7,954.96,Right,MELODY,3,0.866,0.866,False,0.529,0.0,0
Note_004617,40,799161.54,266.98,Right,MELODY,2,0.866,0.866,False,0.218,5.0,0
Note_004618,40,799434.39,266.98,Right,MELODY,4,0.866,0.866,False,0.218,-5.0,0
Note_004619,40,799707.23,266.98,Right,MELODY,4,0.866,0.866,False,0.218,-5.0,0
Note_004620,36,799980.07,266.98,Left,BASS,5,0.866,0.866,False,0.172,-10.0,0
Note_004621,72,799980.07,454.56,Right,MELODY,5,0.866,0.866,False,0.586,-10.0,0
Note_004622,36,800252.92,266.98,Left,BASS,5,0.866,0.866,False,0.172,-10.0,0
Note_004623,36,800525.76,266.98,Left,BASS,5,0.866,0.866,False,0.172,-10.0,0
Note_004624,72,800525.76,266.98,Right,MELODY,2,0.866,0.866,False,0.586,5.0,0
Note_004625,36,800798.61,266.98,Left,BASS,5,0.866,0.866,False,0.172,-10.0,0
Note_004626,74,800798.61,266.98,Right,MELODY,4,0.866,0.866,False,0.609,-5.0,0
Note_004627,38,801071.45,266.98,Left,BASS,1,0.866,0.866,False,0.195,10.0,0
Note_004628,77,801071.45,454.56,Right,MELODY,5,0.866,0.866,False,0.644,-10.0,0
Note_004629,38,801344.3,266.98,Left,BASS,5,0.866,0.866,False,0.195,-10.0,0
Note_004630,38,801617.14,266.98,Left,BASS,5,0.866,0.866,False,0.195,-10.0,0
Note_004631,76,801617.14,454.56,Right,MELODY,4,0.866,0.866,False,0.632,-5.0,0
Note_004632,38,801889.99,266.98,Left,BASS,5,0.866,0.866,False,0.195,-10.0,0
Note_004633,43,802162.83,266.98,Left,INNER,2,0.866,0.866,False,0.253,5.0,0
Note_004634,71,802162.83,454.56,Right,MELODY,3,0.866,0.866,False,0.575,0.0,0
Note_004635,43,802435.67,266.98,Right,MELODY,2,0.866,0.866,False,0.253,5.0,0
Note_004636,43,802708.52,266.98,Right,MELODY,4,0.866,0.866,False,0.253,-5.0,0
Note_004637,43,802981.36,266.98,Left,INNER,2,0.866,0.866,False,0.253,5.0,0
Note_004638,72,802981.36,266.98,Right,MELODY,5,0.866,0.866,False,0.586,-10.0,0
Note_004639,36,803254.21,266.98,Left,BASS,5,0.866,0.866,False,0.172,-10.0,0
Note_004640,72,803254.21,954.96,Right,MELODY,4,0.866,0.866,False,0.586,-5.0,0
Note_004641,36,803527.05,266.98,Left,BASS,5,0.866,0.866,False,0.172,-10.0,0
Note_004642,36,803799.9,266.98,Left,BASS,5,0.866,0.866,False,0.172,-10.0,0
Note_004643,36,804072.74,266.98,Left,BASS,5,0.866,0.866,False,0.172,-10.0,0
Note_004644,36,804345.59,266.98,Left,BASS,5,0.866,0.866,False,0.172,-10.0,0
Note_004645,36,804618.43,266.98,Left,BASS,5,0.866,0.866,False,0.172,-10.0,0
Note_004646,36,804891.28,266.98,Left,BASS,5,0.866,0.866,False,0.172,-10.0,0
Note_004647,36,805164.12,266.98,Left,BASS,5,0.866,0.866,False,0.172,-10.0,0
Note_004648,45,805436.96,727.41,Left,INNER,2,0.866,0.866,False,0.276,5.0,0
Note_004649,72,805436.96,454.56,Right,MELODY,2,0.866,0.866,False,0.586,5.0,0
Note_004650,45,806255.5,1227.8,Left,INNER,2,0.866,0.866,False,0.276,5.0,0
Note_004651,74,806255.5,266.98,Right,MELODY,4,0.866,0.866,False,0.609,-5.0,0
Note_004652,76,807074.03,454.56,Right,MELODY,5,0.866,0.866,False,0.632,-10.0,0
Note_004653,43,807619.72,727.41,Left,INNER,3,0.866,0.866,False,0.253,-0.0,0
Note_004654,71,807619.72,454.56,Right,MELODY,4,0.866,0.866,False,0.575,-5.0,0
Note_004655,43,808438.25,1227.8,Left,INNER,2,0.866,0.866,False,0.253,5.0,0
Note_004656,67,808438.25,266.98,Right,MELODY,3,0.866,0.866,False,0.529,0.0,0
Note_004657,64,809256.79,454.56,Right,MELODY,2,0.866,0.866,False,0.494,5.0,0
Note_004658,41,809802.48,727.41,Left,INNER,3,0.866,0.866,False,0.23,-0.0,0
Note_004659,69,809802.48,454.56,Right,MELODY,3,0.866,0.866,False,0.552,0.0,0
Note_004660,41,810621.01,1227.8,Left,INNER,2,0.866,0.866,False,0.23,5.0,0
Note_004661,71,810621.01,266.98,Right,MELODY,4,0.866,0.866,False,0.575,-5.0,0
Note_004662,72,811439.54,454.56,Right,MELODY,5,0.866,0.866,False,0.586,-10.0,0
Note_004663,40,811985.23,727.41,Left,INNER,3,0.866,0.866,False,0.218,-0.0,0
Note_004664,67,811985.23,454.56,Right,MELODY,4,0.866,0.866,False,0.529,-5.0,0
Note_004665,40,812803.77,1227.8,Right,MELODY,2,0.866,0.866,False,0.218,5.0,0
Note_004666,38,814167.99,1500.64,Left,BASS,5,0.866,0.866,False,0.195,-10.0,0
Note_004667,65,814167.99,454.56,Right,MELODY,3,0.866,0.866,False,0.506,0.0,0
Note_004668,67,814986.52,266.98,Right,MELODY,4,0.866,0.866,False,0.529,-5.0,0
Note_004669,69,815805.05,454.56,Right,MELODY,5,0.866,0.866,False,0.552,-10.0,0
Note_004670,38,815805.06,454.56,Left,BASS,5,0.866,0.866,False,0.195,-10.0,0
Note_004671,40,816350.74,1500.64,Left,INNER,2,0.866,0.866,False,0.218,5.0,0
Note_004672,67,816350.74,454.56,Right,MELODY,2,0.866,0.866,False,0.529,5.0,0
Note_004673,71,817169.28,266.98,Right,MELODY,4,0.866,0.866,False,0.575,-5.0,0
Note_004674,40,817987.81,454.56,Left,INNER,3,0.866,0.866,False,0.218,-0.0,0
Note_004675,72,817987.81,454.56,Right,MELODY,5,0.866,0.866,False,0.586,-10.0,0
Note_004676,41,818533.5,1500.64,Left,INNER,2,0.866,0.866,False,0.23,5.0,0
Note_004677,69,818533.5,454.56,Right,MELODY,2,0.866,0.866,False,0.552,5.0,0
Note_004678,41,820170.57,454.56,Left,INNER,3,0.866,0.866,False,0.23,-0.0,0
Note_004679,72,820170.57,454.56,Right,MELODY,3,0.866,0.866,False,0.586,0.0,0
Note_004680,43,820716.26,2046.33,Left,INNER,2,0.866,0.866,False,0.253,5.0,0
Note_004681,74,820716.26,454.56,Right,MELODY,4,0.866,0.866,False,0.609,-5.0,0
Note_004682,48,822899.01,266.98,Left,INNER,1,0.866,0.866,False,0.31,10.0,0
Note_004683,72,822899.01,266.98,Right,INNER,1,0.866,0.866,False,0.609,5.0,0
Note_004684,76,822899.01,266.98,Right,MELODY,4,0.866,0.866,False,0.609,5.0,0
Note_004685,48,823171.86,266.98,Left,INNER,2,0.866,0.866,False,0.31,5.0,0
Note_004686,71,823171.86,266.98,Right,INNER,1,0.866,0.866,False,0.592,5.0,0
Note_004687,74,823171.86,266.98,Right,MELODY,4,0.866,0.866,False,0.592,5.0,0
Note_004688,48,823444.7,266.98,Left,INNER,2,0.866,0.866,False,0.31,5.0,0
Note_004689,72,823444.7,266.98,Right,INNER,1,0.866,0.866,False,0.609,5.0,0
Note_004690,76,823444.7,266.98,Right,MELODY,4,0.866,0.866,False,0.609,5.0,0
Note_004691,48,823717.55,266.98,Left,INNER,2,0.866,0.866,False,0.31,5.0,0
Note_004692,74,823717.55,266.98,Right,INNER,1,0.866,0.866,False,0.626,5.0,0
Note_004693,77,823717.55,266.98,Right,MELODY,4,0.866,0.866,False,0.626,5.0,0
Note_004694,47,823990.39,266.98,Left,INNER,3,0.866,0.866,False,0.299,-0.0,0
Note_004695,76,823990.39,454.56,Right,INNER,3,0.866,0.866,False,0.649,-5.0,0
Note_004696,79,823990.39,454.56,Right,MELODY,4,0.866,0.866,False,0.649,-5.0,0
Note_004697,47,824263.23,266.98,Right,MELODY,2,0.866,0.866,False,0.299,5.0,0
Note_004698,47,824536.08,266.98,Left,INNER,2,0.866,0.866,False,0.299,5.0,0
Note_004699,72,824536.08,266.98,Right,INNER,1,0.866,0.866,False,0.609,5.0,0
Note_004700,76,824536.08,266.98,Right,MELODY,4,0.866,0.866,False,0.609,5.0,0
Note_004701,47,824808.92,266.98,Left,INNER,2,0.866,0.866,False,0.299,5.0,0
Note_004702,71,824808.92,266.98,Right,INNER,1,0.866,0.866,False,0.592,5.0,0
Note_004703,74,824808.92,266.98,Right,MELODY,4,0.866,0.866,False,0.592,5.0,0
Note_004704,45,825081.77,266.98,Left,INNER,3,0.866,0.866,False,0.276,-0.0,0
Note_004705,71,825081.77,727.41,Right,INNER,3,0.866,0.866,False,0.592,-5.0,0
Note_004706,74,825081.77,727.41,Right,MELODY,4,0.866,0.866,False,0.592,-5.0,0
Note_004707,45,825354.61,266.98,Right,MELODY,2,0.866,0.866,False,0.276,5.0,0
Note_004708,45,825627.46,266.98,Right,MELODY,5,0.866,0.866,False,0.276,-10.0,0
Note_004709,45,825900.3,266.98,Left,INNER,2,0.866,0.866,False,0.276,5.0,0
Note_004710,67,825900.3,266.98,Right,INNER,1,0.866,0.866,False,0.557,5.0,0
Note_004711,72,825900.3,266.98,Right,MELODY,4,0.866,0.866,False,0.557,5.0,0
Note_004712,43,826173.15,266.98,Left,INNER,3,0.866,0.866,False,0.253,-0.0,0
Note_004713,67,826173.15,454.56,Right,INNER,3,0.866,0.866,False,0.557,-5.0,0
Note_004714,72,826173.15,454.56,Right,MELODY,4,0.866,0.866,False,0.557,-5.0,0
Note_004715,43,826445.99,266.98,Right,MELODY,2,0.866,0.866,False,0.253,5.0,0
Note_004716,72,826718.83,266.98,Right,INNER,2,0.866,0.866,False,0.609,-5.0,0
Note_004717,76,826718.83,266.98,Right,MELODY,5,0.866,0.866,False,0.609,-5.0,0
Note_004718,43,826718.84,266.98,Left,INNER,2,0.866,0.866,False,0.253,5.0,0
Note_004719,43,826991.68,266.98,Left,INNER,2,0.866,0.866,False,0.253,5.0,0
Note_004720,76,826991.68,266.98,Right,INNER,1,0.866,0.866,False,0.649,5.0,0
Note_004721,79,826991.68,266.98,Right,MELODY,4,0.866,0.866,False,0.649,5.0,0
Note_004722,41,827264.52,266.98,Left,INNER,3,0.866,0.866,False,0.23,-0.0,0
Note_004723,77,827264.52,266.98,Right,INNER,1,0.866,0.866,False,0.667,5.0,0
Note_004724,81,827264.52,266.98,Right,MELODY,4,0.866,0.866,False,0.667,5.0,0
Note_004725,41,827537.37,266.98,Left,INNER,2,0.866,0.866,False,0.23,5.0,0
Note_004726,76,827537.37,266.98,Right,INNER,1,0.866,0.866,False,0.649,5.0,0
Note_004727,79,827537.37,266.98,Right,MELODY,4,0.866,0.866,False,0.649,5.0,0
Note_004728,41,827810.21,266.98,Left,INNER,2,0.866,0.866,False,0.23,5.0,0
Note_004729,77,827810.21,266.98,Right,INNER,1,0.866,0.866,False,0.667,5.0,0
Note_004730,81,827810.21,266.98,Right,MELODY,4,0.866,0.866,False,0.667,5.0,0
Note_004731,41,828083.06,266.98,Left,INNER,2,0.866,0.866,False,0.23,5.0,0
Note_004732,77,828083.06,266.98,Right,INNER,1,0.866,0.866,False,0.678,5.0,0
Note_004733,83,828083.06,266.98,Right,MELODY,4,0.866,0.866,False,0.678,5.0,0
Note_004734,40,828355.9,266.98,Left,INNER,3,0.866,0.866,False,0.218,-0.0,0
Note_004735,76,828355.9,454.56,Right,INNER,1,0.866,0.866,False,0.678,5.0,0
Note_004736,84,828355.9,454.56,Right,MELODY,4,0.866,0.866,False,0.678,5.0,0
Note_004737,40,828628.75,266.98,Right,MELODY,5,0.866,0.866,False,0.218,-10.0,0
Note_004738,40,828901.59,266.98,Left,INNER,2,0.866,0.866,False,0.218,5.0,0
Note_004739,76,828901.59,266.98,Right,INNER,1,0.866,0.866,False,0.649,5.0,0
Note_004740,79,828901.59,266.98,Right,MELODY,4,0.866,0.866,False,0.649,5.0,0
Note_004741,40,829174.44,266.98,Left,INNER,2,0.866,0.866,False,0.218,5.0,0
Note_004742,74,829174.44,266.98,Right,INNER,1,0.866,0.866,False,0.626,5.0,0
Note_004743,77,829174.44,266.98,Right,MELODY,4,0.866,0.866,False,0.626,5.0,0
Note_004744,38,829447.28,266.98,Left,BASS,5,0.866,0.866,False,0.195,-10.0,0
Note_004745,72,829447.28,454.56,Right,INNER,1,0.866,0.866,False,0.609,5.0,0
Note_004746,76,829447.28,454.56,Right,MELODY,4,0.866,0.866,False,0.609,5.0,0
Note_004747,38,829720.12,266.98,Left,BASS,5,0.866,0.866,False,0.195,-10.0,0
Note_004748,38,829992.97,266.98,Left,BASS,5,0.866,0.866,False,0.195,-10.0,0
Note_004749,72,829992.97,266.98,Right,INNER,1,0.866,0.866,False,0.609,5.0,0
Note_004750,76,829992.97,266.98,Right,MELODY,4,0.866,0.866,False,0.609,5.0,0
Note_004751,38,830265.81,266.98,Left,BASS,5,0.866,0.866,False,0.195,-10.0,0
Note_004752,74,830265.81,266.98,Right,INNER,2,0.866,0.866,False,0.626,0.0,0
Note_004753,77,830265.81,266.98,Right,MELODY,4,0.866,0.866,False,0.626,0.0,0
Note_004754,43,830538.66,266.98,Left,INNER,3,0.866,0.866,False,0.253,-0.0,0
Note_004755,71,830538.66,954.96,Right,INNER,1,0.866,0.866,False,0.592,15.0,0
Note_004756,74,830538.66,954.96,Right,MELODY,2,0.866,0.866,False,0.592,15.0,0
Note_004757,43,830811.5,266.98,Right,MELODY,4,0.866,0.866,False,0.253,-5.0,0
Note_004758,43,831084.35,266.98,Right,MELODY,4,0.866,0.866,False,0.253,-5.0,0
Note_004759,43,831357.19,266.98,Right,MELODY,5,0.866,0.866,False,0.253,-10.0,0
Note_004760,48,831630.04,266.98,Left,INNER,2,0.866,0.866,False,0.31,5.0,0
Note_004761,72,831630.04,266.98,Right,INNER,1,0.866,0.866,False,0.609,5.0,0
Note_004762,76,831630.04,266.98,Right,MELODY,4,0.866,0.866,False,0.609,5.0,0
Note_004763,48,831902.88,266.98,Left,INNER,2,0.866,0.866,False,0.31,5.0,0
Note_004764,71,831902.88,266.98,Right,INNER,1,0.866,0.866,False,0.592,5.0,0
Note_004765,74,831902.88,266.98,Right,MELODY,4,0.866,0.866,False,0.592,5.0,0
Note_004766,72,832175.72,266.98,Right,INNER,1,0.866,0.866,False,0.609,5.0,0
Note_004767,76,832175.72,266.98,Right,MELODY,4,0.866,0.866,False,0.609,5.0,0
Note_004768,48,832175.73,266.98,Left,INNER,2,0.866,0.866,False,0.31,5.0,0
Note_004769,48,832448.57,266.98,Left,INNER,2,0.866,0.866,False,0.31,5.0,0
Note_004770,74,832448.57,266.98,Right,INNER,1,0.866,0.866,False,0.626,5.0,0
Note_004771,77,832448.57,266.98,Right,MELODY,4,0.866,0.866,False,0.626,5.0,0
Note_004772,47,832721.41,266.98,Left,INNER,3,0.866,0.866,False,0.299,-0.0,0
Note_004773,76,832721.41,454.56,Right,INNER,3,0.866,0.866,False,0.649,-5.0,0
Note_004774,79,832721.41,454.56,Right,MELODY,4,0.866,0.866,False,0.649,-5.0,0
Note_004775,47,832994.26,266.98,Right,MELODY,2,0.866,0.866,False,0.299,5.0,0
Note_004776,47,833267.1,266.98,Left,INNER,2,0.866,0.866,False,0.299,5.0,0
Note_004777,72,833267.1,266.98,Right,INNER,1,0.866,0.866,False,0.609,5.0,0
Note_004778,76,833267.1,266.98,Right,MELODY,4,0.866,0.866,False,0.609,5.0,0
Note_004779,47,833539.95,266.98,Left,INNER,2,0.866,0.866,False,0.299,5.0,0
Note_004780,71,833539.95,266.98,Right,INNER,1,0.866,0.866,False,0.592,5.0,0
Note_004781,74,833539.95,266.98,Right,MELODY,4,0.866,0.866,False,0.592,5.0,0
Note_004782,45,833812.79,266.98,Left,INNER,3,0.866,0.866,False,0.276,-0.0,0
Note_004783,71,833812.79,727.41,Right,INNER,3,0.866,0.866,False,0.592,-5.0,0
Note_004784,74,833812.79,727.41,Right,MELODY,4,0.866,0.866,False,0.592,-5.0,0
Note_004785,45,834085.64,266.98,Right,MELODY,2,0.866,0.866,False,0.276,5.0,0
Note_004786,45,834358.48,266.98,Right,MELODY,5,0.866,0.866,False,0.276,-10.0,0
Note_004787,45,834631.33,266.98,Left,INNER,2,0.866,0.866,False,0.276,5.0,0
Note_004788,67,834631.33,266.98,Right,INNER,1,0.866,0.866,False,0.557,5.0,0
Note_004789,72,834631.33,266.98,Right,MELODY,4,0.866,0.866,False,0.557,5.0,0
Note_004790,43,834904.17,266.98,Left,INNER,3,0.866,0.866,False,0.253,-0.0,0
Note_004791,67,834904.17,454.56,Right,INNER,3,0.866,0.866,False,0.557,-5.0,0
Note_004792,72,834904.17,454.56,Right,MELODY,4,0.866,0.866,False,0.557,-5.0,0
Note_004793,43,835177.01,266.98,Right,MELODY,2,0.866,0.866,False,0.253,5.0,0
Note_004794,43,835449.86,266.98,Left,INNER,2,0.866,0.866,False,0.253,5.0,0
Note_004795,72,835449.86,266.98,Right,INNER,2,0.866,0.866,False,0.609,-5.0,0
Note_004796,76,835449.86,266.98,Right,MELODY,5,0.866,0.866,False,0.609,-5.0,0
Note_004797,43,835722.7,266.98,Left,INNER,2,0.866,0.866,False,0.253,5.0,0
Note_004798,76,835722.7,266.98,Right,INNER,1,0.866,0.866,False,0.649,5.0,0
Note_004799,79,835722.7,266.98,Right,MELODY,4,0.866,0.866,False,0.649,5.0,0
Note_004800,41,835995.55,266.98,Left,INNER,3,0.866,0.866,False,0.23,-0.0,0
Note_004801,77,835995.55,266.98,Right,INNER,1,0.866,0.866,False,0.667,5.0,0
Note_004802,81,835995.55,266.98,Right,MELODY,4,0.866,0.866,False,0.667,5.0,0
Note_004803,41,836268.39,266.98,Left,INNER,2,0.866,0.866,False,0.23,5.0,0
Note_004804,76,836268.39,266.98,Right,INNER,1,0.866,0.866,False,0.649,5.0,0
Note_004805,79,836268.39,266.98,Right,MELODY,4,0.866,0.866,False,0.649,5.0,0
Note_004806,41,836541.24,266.98,Left,INNER,2,0.866,0.866,False,0.23,5.0,0
Note_004807,77,836541.24,266.98,Right,INNER,1,0.866,0.866,False,0.667,5.0,0
Note_004808,81,836541.24,266.98,Right,MELODY,4,0.866,0.866,False,0.667,5.0,0
Note_004809,41,836814.08,266.98,Left,INNER,2,0.866,0.866,False,0.23,5.0,0
Note_004810,77,836814.08,266.98,Right,INNER,1,0.866,0.866,False,0.678,5.0,0
Note_004811,83,836814.08,266.98,Right,MELODY,4,0.866,0.866,False,0.678,5.0,0
Note_004812,40,837086.93,266.98,Left,INNER,3,0.866,0.866,False,0.218,-0.0,0
Note_004813,76,837086.93,454.56,Right,INNER,1,0.866,0.866,False,0.678,5.0,0
Note_004814,84,837086.93,454.56,Right,MELODY,4,0.866,0.866,False,0.678,5.0,0
Note_004815,40,837359.77,266.98,Right,MELODY,5,0.866,0.866,False,0.218,-10.0,0
Note_004816,76,837632.61,266.98,Right,INNER,1,0.866,0.866,False,0.649,5.0,0
Note_004817,79,837632.61,266.98,Right,MELODY,4,0.866,0.866,False,0.649,5.0,0
Note_004818,40,837632.62,266.98,Left,INNER,2,0.866,0.866,False,0.218,5.0,0
Note_004819,40,837905.46,266.98,Left,INNER,2,0.866,0.866,False,0.218,5.0,0
Note_004820,74,837905.46,266.98,Right,INNER,1,0.866,0.866,False,0.626,5.0,0
Note_004821,77,837905.46,266.98,Right,MELODY,4,0.866,0.866,False,0.626,5.0,0
Note_004822,38,838178.3,266.98,Left,BASS,5,0.866,0.866,False,0.195,-10.0,0
Note_004823,72,838178.3,266.98,Right,INNER,1,0.866,0.866,False,0.615,5.0,0
Note_004824,77,838178.3,266.98,Right,MELODY,4,0.866,0.866,False,0.615,5.0,0
Note_004825,38,838451.15,266.98,Left,BASS,5,0.866,0.866,False,0.195,-10.0,0
Note_004826,72,838451.15,266.98,Right,INNER,1,0.866,0.866,False,0.609,5.0,0
Note_004827,76,838451.15,266.98,Right,MELODY,4,0.866,0.866,False,0.609,5.0,0
Note_004828,38,838723.99,266.98,Left,BASS,5,0.866,0.866,False,0.195,-10.0,0
Note_004829,71,838723.99,266.98,Right,INNER,1,0.866,0.866,False,0.592,5.0,0
Note_004830,74,838723.99,266.98,Right,MELODY,4,0.866,0.866,False,0.592,5.0,0
Note_004831,38,838996.84,266.98,Left,BASS,5,0.866,0.866,False,0.195,-10.0,0
Note_004832,67,838996.84,266.98,Right,INNER,2,0.866,0.866,False,0.557,0.0,0
Note_004833,72,838996.84,266.98,Right,MELODY,4,0.866,0.866,False,0.557,0.0,0
Note_004834,43,839269.68,266.98,Left,INNER,2,0.866,0.866,False,0.253,5.0,0
Note_004835,74,839269.68,454.56,Right,INNER,1,0.866,0.866,False,0.638,0.0,0
Note_004836,79,839269.68,454.56,Right,MELODY,5,0.866,0.866,False,0.638,0.0,0
Note_004837,43,839542.53,266.98,Right,MELODY,4,0.866,0.866,False,0.253,-5.0,0
Note_004838,43,839815.37,266.98,Left,INNER,2,0.866,0.866,False,0.253,5.0,0
Note_004839,62,839815.37,454.56,Right,INNER,1,0.866,0.866,False,0.5,0.0,0
Note_004840,67,839815.37,454.56,Right,MELODY,5,0.866,0.866,False,0.5,0.0,0
Note_004841,43,840088.22,266.98,Right,MELODY,4,0.866,0.866,False,0.253,-5.0,0
Note_004842,36,840361.06,266.98,Left,BASS,5,0.866,0.866,False,0.172,-10.0,0
Note_004843,76,840361.06,727.41,Right,MELODY,5,0.866,0.866,False,0.632,-10.0,0
Note_004844,36,840633.9,266.98,Left,BASS,5,0.866,0.866,False,0.172,-10.0,0
Note_004845,36,840906.75,266.98,Left,BASS,5,0.866,0.866,False,0.172,-10.0,0
Note_004846,36,841179.59,266.98,Left,BASS,5,0.866,0.866,False,0.172,-10.0,0
Note_004847,76,841179.59,266.98,Right,MELODY,4,0.866,0.866,False,0.632,-5.0,0
Note_004848,38,841452.44,266.98,Left,BASS,1,0.866,0.866,False,0.195,10.0,0
Note_004849,77,841452.44,266.98,Right,MELODY,5,0.866,0.866,False,0.644,-10.0,0
Note_004850,38,841725.28,266.98,Left,BASS,5,0.866,0.866,False,0.195,-10.0,0
Note_004851,76,841725.28,266.98,Right,MELODY,2,0.866,0.866,False,0.632,5.0,0
Note_004852,38,841998.13,266.98,Left,BASS,5,0.866,0.866,False,0.195,-10.0,0
Note_004853,77,841998.13,266.98,Right,MELODY,4,0.866,0.866,False,0.644,-5.0,0
Note_004854,38,842270.97,266.98,Left,BASS,5,0.866,0.866,False,0.195,-10.0,0
Note_004855,79,842270.97,266.98,Right,MELODY,5,0.866,0.866,False,0.667,-10.0,0
Note_004856,40,842543.82,266.98,Left,INNER,2,0.866,0.866,False,0.218,5.0,0
Note_004857,76,842543.82,954.96,Right,MELODY,4,0.866,0.866,False,0.632,-5.0,0
Note_004858,40,842816.66,266.98,Right,MELODY,2,0.866,0.866,False,0.218,5.0,0
Note_004859,40,843089.51,266.98,Right,MELODY,4,0.866,0.866,False,0.218,-5.0,0
Note_004860,40,843362.35,266.98,Right,MELODY,1,0.866,0.866,False,0.218,10.0,0
Note_004861,36,843635.19,266.98,Left,BASS,5,0.866,0.866,False,0.172,-10.0,0
Note_004862,72,843635.19,454.56,Right,MELODY,2,0.866,0.866,False,0.586,5.0,0
Note_004863,36,843908.04,266.98,Left,BASS,5,0.866,0.866,False,0.172,-10.0,0
Note_004864,36,844180.88,266.98,Left,BASS,5,0.866,0.866,False,0.172,-10.0,0
Note_004865,76,844180.88,266.98,Right,MELODY,3,0.866,0.866,False,0.632,0.0,0
Note_004866,36,844453.73,266.98,Left,BASS,5,0.866,0.866,False,0.172,-10.0,0
Note_004867,79,844453.73,266.98,Right,MELODY,4,0.866,0.866,False,0.667,-5.0,0
Note_004868,41,844726.57,266.98,Left,INNER,2,0.866,0.866,False,0.23,5.0,0
Note_004869,81,844726.57,454.56,Right,MELODY,5,0.866,0.866,False,0.69,-10.0,0
Note_004870,41,844999.42,266.98,Right,MELODY,4,0.866,0.866,False,0.23,-5.0,0
Note_004871,41,845272.26,266.98,Left,INNER,2,0.866,0.866,False,0.23,5.0,0
Note_004872,81,845272.26,266.98,Right,MELODY,5,0.866,0.866,False,0.69,-10.0,0
Note_004873,41,845545.11,266.98,Left,INNER,3,0.866,0.866,False,0.23,-0.0,0
Note_004874,81,845545.11,266.98,Right,MELODY,4,0.866,0.866,False,0.69,-5.0,0
Note_004875,43,845817.95,266.98,Left,INNER,2,0.866,0.866,False,0.253,5.0,0
Note_004876,83,845817.95,454.56,Right,MELODY,5,0.866,0.866,False,0.713,-10.0,0
Note_004877,43,846090.79,266.98,Right,MELODY,4,0.866,0.866,False,0.253,-5.0,0
Note_004878,43,846363.64,266.98,Left,INNER,2,0.866,0.866,False,0.253,5.0,0
Note_004879,86,846363.64,266.98,Right,MELODY,5,0.866,0.866,False,0.747,-10.0,0
Note_004880,43,846636.48,266.98,Left,INNER,2,0.866,0.866,False,0.253,5.0,0
Note_004881,84,846636.48,266.98,Right,MELODY,4,0.866,0.866,False,0.724,-5.0,0
Note_004882,36,846909.33,266.98,Left,BASS,5,0.866,0.866,False,0.172,-10.0,0
Note_004883,79,846909.33,1500.64,Right,MELODY,3,0.866,0.866,False,0.667,0.0,0
Note_004884,36,847182.17,266.98,Left,BASS,5,0.866,0.866,False,0.172,-10.0,0
Note_004885,36,847455.02,266.98,Left,BASS,5,0.866,0.866,False,0.172,-10.0,0
Note_004886,36,847727.86,266.98,Left,BASS,5,0.866,0.866,False,0.172,-10.0,0
Note_004887,36,848000.71,266.98,Left,BASS,5,0.866,0.866,False,0.172,-10.0,0
Note_004888,36,848273.55,266.98,Left,BASS,5,0.866,0.866,False,0.172,-10.0,0
Note_004889,38,848546.4,130.56,Left,BASS,3,0.866,0.866,False,0.195,-0.0,0
Note_004890,40,848682.82,403.4,Right,MELODY,2,0.866,0.866,False,0.218,5.0,0
Note_004891,41,849092.08,266.98,Left,INNER,2,0.866,0.866,False,0.23,5.0,0
Note_004892,81,849092.08,727.41,Right,MELODY,5,0.866,0.866,False,0.69,-10.0,0
Note_004893,41,849364.93,266.98,Right,MELODY,4,0.866,0.866,False,0.23,-5.0,0
Note_004894,41,849637.77,266.98,Right,MELODY,2,0.866,0.866,False,0.23,5.0,0
Note_004895,41,849910.62,266.98,Left,INNER,3,0.866,0.866,False,0.23,-0.0,0
Note_004896,81,849910.62,266.98,Right,MELODY,4,0.866,0.866,False,0.69,-5.0,0
Note_004897,43,850183.46,266.98,Left,INNER,2,0.866,0.866,False,0.253,5.0,0
Note_004898,83,850183.46,454.56,Right,MELODY,5,0.866,0.866,False,0.713,-10.0,0
Note_004899,43,850456.31,266.98,Right,MELODY,4,0.866,0.866,False,0.253,-5.0,0
Note_004900,43,850729.15,266.98,Left,INNER,2,0.866,0.866,False,0.253,5.0,0
Note_004901,86,850729.15,266.98,Right,MELODY,5,0.866,0.866,False,0.747,-10.0,0
Note_004902,43,851002.0,266.98,Left,INNER,2,0.866,0.866,False,0.253,5.0,0
Note_004903,84,851002.0,266.98,Right,MELODY,4,0.866,0.866,False,0.724,-5.0,0
Note_004904,40,851274.84,266.98,Left,INNER,3,0.866,0.866,False,0.218,-0.0,0
Note_004905,79,851274.84,954.96,Right,MELODY,3,0.866,0.866,False,0.667,0.0,0
Note_004906,40,851547.68,266.98,Right,MELODY,2,0.866,0.866,False,0.218,5.0,0
Note_004907,40,851820.53,266.98,Right,MELODY,4,0.866,0.866,False,0.218,-5.0,0
Note_004908,40,852093.37,266.98,Right,MELODY,4,0.866,0.866,False,0.218,-5.0,0
Note_004909,36,852366.22,266.98,Left,BASS,5,0.866,0.866,False,0.172,-10.0,0
Note_004910,84,852366.22,454.56,Right,MELODY,5,0.866,0.866,False,0.724,-10.0,0
Note_004911,36,852639.06,266.98,Left,BASS,5,0.866,0.866,False,0.172,-10.0,0
Note_004912,36,852911.91,266.98,Left,BASS,5,0.866,0.866,False,0.172,-10.0,0
Note_004913,72,852911.91,266.98,Right,MELODY,2,0.866,0.866,False,0.586,5.0,0
Note_004914,36,853184.75,266.98,Left,BASS,1,0.866,0.866,False,0.172,10.0,0
Note_004915,74,853184.75,266.98,Right,MELODY,3,0.866,0.866,False,0.609,0.0,0
Note_004916,34,853457.6,266.98,Left,BASS,2,0.866,0.866,True,0.149,5.0,0
Note_004917,77,853457.6,727.41,Right,MELODY,4,0.866,0.866,False,0.644,-5.0,0
Note_004918,34,853730.44,266.98,Left,BASS,2,0.866,0.866,True,0.149,5.0,0
Note_004919,34,854003.29,266.98,Left,BASS,2,0.866,0.866,True,0.149,5.0,0
Note_004920,34,854276.13,266.98,Left,BASS,2,0.866,0.866,True,0.149,5.0,0
Note_004921,79,854276.13,335.19,Right,MELODY,5,0.866,0.866,False,0.667,-10.0,0
Note_004922,34,854548.97,266.98,Left,BASS,2,0.866,0.866,True,0.149,5.0,0
Note_004923,77,854617.19,266.98,Right,MELODY,4,0.866,0.866,False,0.644,-5.0,0
Note_004924,34,854821.82,266.98,Left,BASS,2,0.866,0.866,True,0.149,5.0,0
Note_004925,76,854890.03,198.77,Right,MELODY,3,0.866,0.866,False,0.632,0.0,0
Note_004926,34,855094.66,266.98,Left,BASS,2,0.866,0.866,True,0.149,5.0,0
Note_004927,74,855094.66,266.98,Right,MELODY,2,0.866,0.866,False,0.609,5.0,0
Note_004928,34,855367.51,266.98,Left,BASS,2,0.866,0.866,True,0.149,5.0,0
Note_004929,72,855367.51,266.98,Right,MELODY,1,0.866,0.866,False,0.586,10.0,0
Note_004930,38,855640.35,266.98,Left,BASS,1,0.866,0.866,False,0.195,10.0,0
Note_004931,79,855640.35,2046.33,Right,MELODY,5,0.866,0.866,False,0.667,-10.0,0
Note_004932,38,855913.2,266.98,Left,BASS,5,0.866,0.866,False,0.195,-10.0,0
Note_004933,38,856186.04,266.98,Left,BASS,5,0.866,0.866,False,0.195,-10.0,0
Note_004934,38,856458.89,266.98,Left,BASS,1,0.866,0.866,False,0.195,10.0,0
Note_004935,43,856731.73,266.98,Right,MELODY,4,0.866,0.866,False,0.253,-5.0,0
Note_004936,43,857004.57,266.98,Right,MELODY,4,0.866,0.866,False,0.253,-5.0,0
Note_004937,43,857277.42,266.98,Right,MELODY,4,0.866,0.866,False,0.253,-5.0,0
Note_004938,43,857550.26,266.98,Right,MELODY,4,0.866,0.866,False,0.253,-5.0,0
Note_004939,36,857823.11,266.98,Left,BASS,5,0.866,0.866,False,0.172,-10.0,0
Note_004940,64,857823.11,727.41,Right,MELODY,5,0.866,0.866,False,0.494,-10.0,0
Note_004941,36,858095.95,266.98,Left,BASS,5,0.866,0.866,False,0.172,-10.0,0
Note_004942,36,858368.8,266.98,Left,BASS,5,0.866,0.866,False,0.172,-10.0,0
Note_004943,36,858641.64,266.98,Left,BASS,5,0.866,0.866,False,0.172,-10.0,0
Note_004944,64,858641.64,266.98,Right,MELODY,4,0.866,0.866,False,0.494,-5.0,0
Note_004945,38,858914.49,266.98,Left,BASS,1,0.866,0.866,False,0.195,10.0,0
Note_004946,65,858914.49,266.98,Right,MELODY,5,0.866,0.866,False,0.506,-10.0,0
Note_004947,38,859187.33,266.98,Left,BASS,5,0.866,0.866,False,0.195,-10.0,0
Note_004948,64,859187.33,266.98,Right,MELODY,2,0.866,0.866,False,0.494,5.0,0
Note_004949,65,859460.17,266.98,Right,MELODY,4,0.866,0.866,False,0.506,-5.0,0
Note_004950,38,859460.18,266.98,Left,BASS,5,0.866,0.866,False,0.195,-10.0,0
Note_004951,38,859733.02,266.98,Left,BASS,5,0.866,0.866,False,0.195,-10.0,0
Note_004952,67,859733.02,266.98,Right,MELODY,5,0.866,0.866,False,0.529,-10.0,0
Note_004953,40,860005.86,266.98,Left,INNER,2,0.866,0.866,False,0.218,5.0,0
Note_004954,64,860005.86,954.96,Right,MELODY,4,0.866,0.866,False,0.494,-5.0,0
Note_004955,40,860278.71,266.98,Right,MELODY,2,0.866,0.866,False,0.218,5.0,0
Note_004956,40,860551.55,266.98,Right,MELODY,4,0.866,0.866,False,0.218,-5.0,0
Note_004957,40,860824.4,266.98,Right,MELODY,1,0.866,0.866,False,0.218,10.0,0
Note_004958,36,861097.24,266.98,Left,BASS,5,0.866,0.866,False,0.172,-10.0,0
Note_004959,60,861097.24,454.56,Right,MELODY,2,0.866,0.866,False,0.448,5.0,0
Note_004960,36,861370.09,266.98,Left,BASS,5,0.866,0.866,False,0.172,-10.0,0
Note_004961,36,861642.93,266.98,Left,BASS,5,0.866,0.866,False,0.172,-10.0,0
Note_004962,64,861642.93,266.98,Right,MELODY,3,0.866,0.866,False,0.494,0.0,0
Note_004963,36,861915.78,266.98,Left,BASS,5,0.866,0.866,False,0.172,-10.0,0
Note_004964,67,861915.78,266.98,Right,MELODY,4,0.866,0.866,False,0.529,-5.0,0
Note_004965,41,862188.62,266.98,Left,INNER,2,0.866,0.866,False,0.23,5.0,0
Note_004966,69,862188.62,454.56,Right,MELODY,5,0.866,0.866,False,0.552,-10.0,0
Note_004967,41,862461.46,266.98,Right,MELODY,4,0.866,0.866,False,0.23,-5.0,0
Note_004968,41,862734.31,266.98,Left,INNER,2,0.866,0.866,False,0.23,5.0,0
Note_004969,69,862734.31,266.98,Right,MELODY,5,0.866,0.866,False,0.552,-10.0,0
Note_004970,41,863007.15,266.98,Left,INNER,3,0.866,0.866,False,0.23,-0.0,0
Note_004971,69,863007.15,266.98,Right,MELODY,4,0.866,0.866,False,0.552,-5.0,0
Note_004972,43,863280.0,266.98,Left,INNER,2,0.866,0.866,False,0.253,5.0,0
Note_004973,71,863280.0,454.56,Right,MELODY,5,0.866,0.866,False,0.575,-10.0,0
Note_004974,43,863552.84,266.98,Right,MELODY,4,0.866,0.866,False,0.253,-5.0,0
Note_004975,43,863825.69,266.98,Left,INNER,2,0.866,0.866,False,0.253,5.0,0
Note_004976,74,863825.69,266.98,Right,MELODY,5,0.866,0.866,False,0.609,-10.0,0
Note_004977,43,864098.53,266.98,Left,INNER,2,0.866,0.866,False,0.253,5.0,0
Note_004978,72,864098.53,266.98,Right,MELODY,4,0.866,0.866,False,0.586,-5.0,0
Note_004979,36,864371.38,266.98,Left,BASS,5,0.866,0.866,False,0.172,-10.0,0
Note_004980,67,864371.38,1500.64,Right,MELODY,3,0.866,0.866,False,0.529,0.0,0
Note_004981,36,864644.22,266.98,Left,BASS,5,0.866,0.866,False,0.172,-10.0,0
Note_004982,36,864917.07,266.98,Left,BASS,5,0.866,0.866,False,0.172,-10.0,0
Note_004983,36,865189.91,266.98,Left,BASS,5,0.866,0.866,False,0.172,-10.0,0
Note_004984,36,865462.75,266.98,Left,BASS,5,0.866,0.866,False,0.172,-10.0,0
Note_004985,36,865735.6,266.98,Left,BASS,5,0.866,0.866,False,0.172,-10.0,0
Note_004986,38,866008.44,130.56,Left,BASS,3,0.866,0.866,False,0.195,-0.0,0
Note_004987,40,866144.87,403.4,Right,MELODY,2,0.866,0.866,False,0.218,5.0,0
Note_004988,41,866554.13,266.98,Left,INNER,2,0.866,0.866,False,0.23,5.0,0
Note_004989,69,866554.13,727.41,Right,MELODY,5,0.866,0.866,False,0.552,-10.0,0
Note_004990,41,866826.98,266.98,Right,MELODY,4,0.866,0.866,False,0.23,-5.0,0
Note_004991,41,867099.82,266.98,Right,MELODY,2,0.866,0.866,False,0.23,5.0,0
Note_004992,41,867372.67,266.98,Left,INNER,3,0.866,0.866,False,0.23,-0.0,0
Note_004993,69,867372.67,266.98,Right,MELODY,4,0.866,0.866,False,0.552,-5.0,0
Note_004994,43,867645.51,266.98,Left,INNER,2,0.866,0.866,False,0.253,5.0,0
Note_004995,71,867645.51,454.56,Right,MELODY,5,0.866,0.866,False,0.575,-10.0,0
Note_004996,43,867918.35,266.98,Right,MELODY,4,0.866,0.866,False,0.253,-5.0,0
Note_004997,43,868191.2,266.98,Left,INNER,2,0.866,0.866,False,0.253,5.0,0
Note_004998,74,868191.2,266.98,Right,MELODY,5,0.866,0.866,False,0.609,-10.0,0
Note_004999,43,868464.04,266.98,Left,INNER,2,0.866,0.866,False,0.253,5.0,0
Note_005000,72,868464.04,266.98,Right,MELODY,4,0.866,0.866,False,0.586,-5.0,0
Note_005001,40,868736.89,266.98,Left,INNER,3,0.866,0.866,False,0.218,-0.0,0
Note_005002,67,868736.89,954.96,Right,MELODY,3,0.866,0.866,False,0.529,0.0,0
Note_005003,40,869009.73,266.98,Right,MELODY,2,0.866,0.866,False,0.218,5.0,0
Note_005004,40,869282.58,266.98,Right,MELODY,4,0.866,0.866,False,0.218,-5.0,0
Note_005005,40,869555.42,266.98,Right,MELODY,4,0.866,0.866,False,0.218,-5.0,0
Note_005006,36,869828.27,266.98,Left,BASS,5,0.866,0.866,False,0.172,-10.0,0
Note_005007,72,869828.27,454.56,Right,MELODY,5,0.866,0.866,False,0.586,-10.0,0
Note_005008,36,870101.11,266.98,Left,BASS,5,0.866,0.866,False,0.172,-10.0,0
Note_005009,72,870373.95,266.98,Right,MELODY,2,0.866,0.866,False,0.586,5.0,0
Note_005010,36,870373.96,266.98,Left,BASS,5,0.866,0.866,False,0.172,-10.0,0
Note_005011,36,870646.8,266.98,Left,BASS,5,0.866,0.866,False,0.172,-10.0,0
Note_005012,74,870646.8,266.98,Right,MELODY,4,0.866,0.866,False,0.609,-5.0,0
Note_005013,38,870919.64,266.98,Left,BASS,1,0.866,0.866,False,0.195,10.0,0
Note_005014,77,870919.64,454.56,Right,MELODY,5,0.866,0.866,False,0.644,-10.0,0
Note_005015,38,871192.49,266.98,Left,BASS,5,0.866,0.866,False,0.195,-10.0,0
Note_005016,38,871465.33,266.98,Left,BASS,5,0.866,0.866,False,0.195,-10.0,0
Note_005017,76,871465.33,454.56,Right,MELODY,4,0.866,0.866,False,0.632,-5.0,0
Note_005018,38,871738.18,266.98,Left,BASS,5,0.866,0.866,False,0.195,-10.0,0
Note_005019,43,872011.02,266.98,Left,INNER,2,0.866,0.866,False,0.253,5.0,0
Note_005020,71,872011.02,454.56,Right,MELODY,3,0.866,0.866,False,0.575,0.0,0
Note_005021,43,872283.87,266.98,Right,MELODY,2,0.866,0.866,False,0.253,5.0,0
Note_005022,43,872556.71,266.98,Right,MELODY,4,0.866,0.866,False,0.253,-5.0,0
Note_005023,43,872829.56,266.98,Left,INNER,2,0.866,0.866,False,0.253,5.0,0
Note_005024,72,872829.56,266.98,Right,MELODY,5,0.866,0.866,False,0.586,-10.0,0
Note_005025,36,873102.4,266.98,Left,BASS,5,0.866,0.866,False,0.172,-10.0,0
Note_005026,72,873102.4,954.96,Right,MELODY,4,0.866,0.866,False,0.586,-5.0,0
Note_005027,36,873375.24,266.98,Left,BASS,5,0.866,0.866,False,0.172,-10.0,0
Note_005028,36,873648.09,266.98,Left,BASS,5,0.866,0.866,False,0.172,-10.0,0
Note_005029,36,873920.93,266.98,Left,BASS,5,0.866,0.866,False,0.172,-10.0,0
Note_005030,36,874193.78,266.98,Left,BASS,5,0.866,0.866,False,0.172,-10.0,0
Note_005031,36,874466.62,266.98,Left,BASS,5,0.866,0.866,False,0.172,-10.0,0
Note_005032,36,874739.47,266.98,Left,BASS,5,0.866,0.866,False,0.172,-10.0,0
Note_005033,36,875012.31,266.98,Left,BASS,5,0.866,0.866,False,0.172,-10.0,0
Note_005034,45,875285.16,727.41,Left,INNER,2,0.866,0.866,False,0.276,5.0,0
Note_005035,72,875285.16,454.56,Right,MELODY,2,0.866,0.866,False,0.586,5.0,0
Note_005036,45,876103.69,1227.8,Left,INNER,2,0.866,0.866,False,0.276,5.0,0
Note_005037,74,876103.69,266.98,Right,MELODY,4,0.866,0.866,False,0.609,-5.0,0
Note_005038,76,876922.22,454.56,Right,MELODY,5,0.866,0.866,False,0.632,-10.0,0
Note_005039,43,877467.91,727.41,Left,INNER,3,0.866,0.866,False,0.253,-0.0,0
Note_005040,71,877467.91,454.56,Right,MELODY,4,0.866,0.866,False,0.575,-5.0,0
Note_005041,43,878286.45,1227.8,Left,INNER,2,0.866,0.866,False,0.253,5.0,0
Note_005042,67,878286.45,266.98,Right,MELODY,3,0.866,0.866,False,0.529,0.0,0
Note_005043,64,879104.98,454.56,Right,MELODY,2,0.866,0.866,False,0.494,5.0,0
Note_005044,41,879650.67,727.41,Left,INNER,3,0.866,0.866,False,0.23,-0.0,0
Note_005045,69,879650.67,454.56,Right,MELODY,3,0.866,0.866,False,0.552,0.0,0
Note_005046,41,880469.2,1227.8,Left,INNER,2,0.866,0.866,False,0.23,5.0,0
Note_005047,71,880469.2,266.98,Right,MELODY,4,0.866,0.866,False,0.575,-5.0,0
Note_005048,72,881287.73,454.56,Right,MELODY,5,0.866,0.866,False,0.586,-10.0,0
Note_005049,40,881833.42,727.41,Left,INNER,3,0.866,0.866,False,0.218,-0.0,0
Note_005050,67,881833.42,454.56,Right,MELODY,4,0.866,0.866,False,0.529,-5.0,0
Note_005051,40,882651.96,1227.8,Right,MELODY,2,0.866,0.866,False,0.218,5.0,0
Note_005052,38,884016.18,1500.64,Left,BASS,5,0.866,0.866,False,0.195,-10.0,0
Note_005053,65,884016.18,454.56,Right,MELODY,3,0.866,0.866,False,0.506,0.0,0
Note_005054,67,884834.71,266.98,Right,MELODY,4,0.866,0.866,False,0.529,-5.0,0
Note_005055,38,885653.25,454.56,Left,BASS,5,0.866,0.866,False,0.195,-10.0,0
Note_005056,69,885653.25,454.56,Right,MELODY,5,0.866,0.866,False,0.552,-10.0,0
Note_005057,40,886198.94,1500.64,Left,INNER,2,0.866,0.866,False,0.218,5.0,0
Note_005058,67,886198.94,454.56,Right,MELODY,2,0.866,0.866,False,0.529,5.0,0
Note_005059,71,887017.47,266.98,Right,MELODY,4,0.866,0.866,False,0.575,-5.0,0
Note_005060,40,887836.0,454.56,Left,INNER,3,0.866,0.866,False,0.218,-0.0,0
Note_005061,72,887836.0,454.56,Right,MELODY,5,0.866,0.866,False,0.586,-10.0,0
Note_005062,41,888381.69,1500.64,Left,INNER,2,0.866,0.866,False,0.23,5.0,0
Note_005063,69,888381.69,454.56,Right,MELODY,2,0.866,0.866,False,0.552,5.0,0
Note_005064,41,890018.76,454.56,Left,INNER,3,0.866,0.866,False,0.23,-0.0,0
Note_005065,72,890018.76,454.56,Right,MELODY,3,0.866,0.866,False,0.586,0.0,0
Note_005066,43,890564.45,2046.33,Left,INNER,2,0.866,0.866,False,0.253,5.0,0
Note_005067,74,890564.45,454.56,Right,MELODY,4,0.866,0.866,False,0.609,-5.0,0
Note_005068,48,892747.2,266.98,Left,INNER,1,0.866,0.866,False,0.31,10.0,0
Note_005069,72,892747.2,266.98,Right,INNER,1,0.866,0.866,False,0.609,5.0,0
Note_005070,76,892747.2,266.98,Right,MELODY,4,0.866,0.866,False,0.609,5.0,0
Note_005071,48,893020.05,266.98,Left,INNER,2,0.866,0.866,False,0.31,5.0,0
Note_005072,71,893020.05,266.98,Right,INNER,1,0.866,0.866,False,0.592,5.0,0
Note_005073,74,893020.05,266.98,Right,MELODY,4,0.866,0.866,False,0.592,5.0,0
Note_005074,48,893292.89,266.98,Left,INNER,2,0.866,0.866,False,0.31,5.0,0
Note_005075,72,893292.89,266.98,Right,INNER,1,0.866,0.866,False,0.609,5.0,0
Note_005076,76,893292.89,266.98,Right,MELODY,4,0.866,0.866,False,0.609,5.0,0
Note_005077,48,893565.74,266.98,Left,INNER,2,0.866,0.866,False,0.31,5.0,0
Note_005078,74,893565.74,266.98,Right,INNER,1,0.866,0.866,False,0.626,5.0,0
Note_005079,77,893565.74,266.98,Right,MELODY,4,0.866,0.866,False,0.626,5.0,0
Note_005080,47,893838.58,266.98,Left,INNER,3,0.866,0.866,False,0.299,-0.0,0
Note_005081,76,893838.58,454.56,Right,INNER,3,0.866,0.866,False,0.649,-5.0,0
Note_005082,79,893838.58,454.56,Right,MELODY,4,0.866,0.866,False,0.649,-5.0,0
Note_005083,47,894111.43,266.98,Right,MELODY,2,0.866,0.866,False,0.299,5.0,0
Note_005084,47,894384.27,266.98,Left,INNER,2,0.866,0.866,False,0.299,5.0,0
Note_005085,72,894384.27,266.98,Right,INNER,1,0.866,0.866,False,0.609,5.0,0
Note_005086,76,894384.27,266.98,Right,MELODY,4,0.866,0.866,False,0.609,5.0,0
Note_005087,47,894657.12,266.98,Left,INNER,2,0.866,0.866,False,0.299,5.0,0
Note_005088,71,894657.12,266.98,Right,INNER,1,0.866,0.866,False,0.592,5.0,0
Note_005089,74,894657.12,266.98,Right,MELODY,4,0.866,0.866,False,0.592,5.0,0
Note_005090,45,894929.96,266.98,Left,INNER,3,0.866,0.866,False,0.276,-0.0,0
Note_005091,71,894929.96,727.41,Right,INNER,3,0.866,0.866,False,0.592,-5.0,0
Note_005092,74,894929.96,727.41,Right,MELODY,4,0.866,0.866,False,0.592,-5.0,0
Note_005093,45,895202.8,266.98,Right,MELODY,2,0.866,0.866,False,0.276,5.0,0
Note_005094,45,895475.65,266.98,Right,MELODY,5,0.866,0.866,False,0.276,-10.0,0
Note_005095,45,895748.49,266.98,Left,INNER,2,0.866,0.866,False,0.276,5.0,0
Note_005096,67,895748.49,266.98,Right,INNER,1,0.866,0.866,False,0.557,5.0,0
Note_005097,72,895748.49,266.98,Right,MELODY,4,0.866,0.866,False,0.557,5.0,0
Note_005098,43,896021.34,266.98,Left,INNER,3,0.866,0.866,False,0.253,-0.0,0
Note_005099,67,896021.34,454.56,Right,INNER,3,0.866,0.866,False,0.557,-5.0,0
Note_005100,72,896021.34,454.56,Right,MELODY,4,0.866,0.866,False,0.557,-5.0,0
Note_005101,43,896294.18,266.98,Right,MELODY,2,0.866,0.866,False,0.253,5.0,0
Note_005102,43,896567.03,266.98,Left,INNER,2,0.866,0.866,False,0.253,5.0,0
Note_005103,72,896567.03,266.98,Right,INNER,2,0.866,0.866,False,0.609,-5.0,0
Note_005104,76,896567.03,266.98,Right,MELODY,5,0.866,0.866,False,0.609,-5.0,0
Note_005105,43,896839.87,266.98,Left,INNER,2,0.866,0.866,False,0.253,5.0,0
Note_005106,76,896839.87,266.98,Right,INNER,1,0.866,0.866,False,0.649,5.0,0
Note_005107,79,896839.87,266.98,Right,MELODY,4,0.866,0.866,False,0.649,5.0,0
Note_005108,41,897112.72,266.98,Left,INNER,3,0.866,0.866,False,0.23,-0.0,0
Note_005109,77,897112.72,266.98,Right,INNER,1,0.866,0.866,False,0.667,5.0,0
Note_005110,81,897112.72,266.98,Right,MELODY,4,0.866,0.866,False,0.667,5.0,0
Note_005111,41,897385.56,266.98,Left,INNER,2,0.866,0.866,False,0.23,5.0,0
Note_005112,76,897385.56,266.98,Right,INNER,1,0.866,0.866,False,0.649,5.0,0
Note_005113,79,897385.56,266.98,Right,MELODY,4,0.866,0.866,False,0.649,5.0,0
Note_005114,77,897658.4,266.98,Right,INNER,1,0.866,0.866,False,0.667,5.0,0
Note_005115,81,897658.4,266.98,Right,MELODY,4,0.866,0.866,False,0.667,5.0,0
Note_005116,41,897658.41,266.98,Left,INNER,2,0.866,0.866,False,0.23,5.0,0
Note_005117,41,897931.25,266.98,Left,INNER,2,0.866,0.866,False,0.23,5.0,0
Note_005118,77,897931.25,266.98,Right,INNER,1,0.866,0.866,False,0.678,5.0,0
Note_005119,83,897931.25,266.98,Right,MELODY,4,0.866,0.866,False,0.678,5.0,0
Note_005120,40,898204.09,266.98,Left,INNER,3,0.866,0.866,False,0.218,-0.0,0
Note_005121,76,898204.09,454.56,Right,INNER,1,0.866,0.866,False,0.678,5.0,0
Note_005122,84,898204.09,454.56,Right,MELODY,4,0.866,0.866,False,0.678,5.0,0
Note_005123,40,898476.94,266.98,Right,MELODY,5,0.866,0.866,False,0.218,-10.0,0
Note_005124,40,898749.78,266.98,Left,INNER,2,0.866,0.866,False,0.218,5.0,0
Note_005125,76,898749.78,266.98,Right,INNER,1,0.866,0.866,False,0.649,5.0,0
Note_005126,79,898749.78,266.98,Right,MELODY,4,0.866,0.866,False,0.649,5.0,0
Note_005127,40,899022.63,266.98,Left,INNER,2,0.866,0.866,False,0.218,5.0,0
Note_005128,74,899022.63,266.98,Right,INNER,1,0.866,0.866,False,0.626,5.0,0
Note_005129,77,899022.63,266.98,Right,MELODY,4,0.866,0.866,False,0.626,5.0,0
Note_005130,38,899295.47,266.98,Left,BASS,5,0.866,0.866,False,0.195,-10.0,0
Note_005131,72,899295.47,454.56,Right,INNER,1,0.866,0.866,False,0.609,5.0,0
Note_005132,76,899295.47,454.56,Right,MELODY,4,0.866,0.866,False,0.609,5.0,0
Note_005133,38,899568.32,266.98,Left,BASS,5,0.866,0.866,False,0.195,-10.0,0
Note_005134,38,899841.16,266.98,Left,BASS,5,0.866,0.866,False,0.195,-10.0,0
Note_005135,72,899841.16,266.98,Right,INNER,1,0.866,0.866,False,0.609,5.0,0
Note_005136,76,899841.16,266.98,Right,MELODY,4,0.866,0.866,False,0.609,5.0,0
Note_005137,38,900114.01,266.98,Left,BASS,5,0.866,0.866,False,0.195,-10.0,0
Note_005138,74,900114.01,266.98,Right,INNER,2,0.866,0.866,False,0.626,0.0,0
Note_005139,77,900114.01,266.98,Right,MELODY,4,0.866,0.866,False,0.626,0.0,0
Note_005140,43,900386.85,266.98,Left,INNER,3,0.866,0.866,False,0.253,-0.0,0
Note_005141,71,900386.85,954.96,Right,INNER,1,0.866,0.866,False,0.592,15.0,0
Note_005142,74,900386.85,954.96,Right,MELODY,2,0.866,0.866,False,0.592,15.0,0
Note_005143,43,900659.69,266.98,Right,MELODY,4,0.866,0.866,False,0.253,-5.0,0
Note_005144,43,900932.54,266.98,Right,MELODY,4,0.866,0.866,False,0.253,-5.0,0
Note_005145,43,901205.38,266.98,Right,MELODY,5,0.866,0.866,False,0.253,-10.0,0
Note_005146,48,901478.23,266.98,Left,INNER,2,0.866,0.866,False,0.31,5.0,0
Note_005147,72,901478.23,266.98,Right,INNER,1,0.866,0.866,False,0.609,5.0,0
Note_005148,76,901478.23,266.98,Right,MELODY,4,0.866,0.866,False,0.609,5.0,0
Note_005149,48,901751.07,266.98,Left,INNER,2,0.866,0.866,False,0.31,5.0,0
Note_005150,71,901751.07,266.98,Right,INNER,1,0.866,0.866,False,0.592,5.0,0
Note_005151,74,901751.07,266.98,Right,MELODY,4,0.866,0.866,False,0.592,5.0,0
Note_005152,48,902023.92,266.98,Left,INNER,2,0.866,0.866,False,0.31,5.0,0
Note_005153,72,902023.92,266.98,Right,INNER,1,0.866,0.866,False,0.609,5.0,0
Note_005154,76,902023.92,266.98,Right,MELODY,4,0.866,0.866,False,0.609,5.0,0
Note_005155,48,902296.76,266.98,Left,INNER,2,0.866,0.866,False,0.31,5.0,0
Note_005156,74,902296.76,266.98,Right,INNER,1,0.866,0.866,False,0.626,5.0,0
Note_005157,77,902296.76,266.98,Right,MELODY,4,0.866,0.866,False,0.626,5.0,0
Note_005158,47,902569.61,266.98,Left,INNER,3,0.866,0.866,False,0.299,-0.0,0
Note_005159,76,902569.61,454.56,Right,INNER,3,0.866,0.866,False,0.649,-5.0,0
Note_005160,79,902569.61,454.56,Right,MELODY,4,0.866,0.866,False,0.649,-5.0,0
Note_005161,47,902842.45,266.98,Right,MELODY,2,0.866,0.866,False,0.299,5.0,0
Note_005162,72,903115.29,266.98,Right,INNER,1,0.866,0.866,False,0.609,5.0,0
Note_005163,76,903115.29,266.98,Right,MELODY,4,0.866,0.866,False,0.609,5.0,0
Note_005164,47,903115.3,266.98,Left,INNER,2,0.866,0.866,False,0.299,5.0,0
Note_005165,47,903388.14,266.98,Left,INNER,2,0.866,0.866,False,0.299,5.0,0
Note_005166,71,903388.14,266.98,Right,INNER,1,0.866,0.866,False,0.592,5.0,0
Note_005167,74,903388.14,266.98,Right,MELODY,4,0.866,0.866,False,0.592,5.0,0
Note_005168,45,903660.98,266.98,Left,INNER,3,0.866,0.866,False,0.276,-0.0,0
Note_005169,71,903660.98,727.41,Right,INNER,3,0.866,0.866,False,0.592,-5.0,0
Note_005170,74,903660.98,727.41,Right,MELODY,4,0.866,0.866,False,0.592,-5.0,0
Note_005171,45,903933.83,266.98,Right,MELODY,2,0.866,0.866,False,0.276,5.0,0
Note_005172,45,904206.67,266.98,Right,MELODY,5,0.866,0.866,False,0.276,-10.0,0
Note_005173,45,904479.52,266.98,Left,INNER,2,0.866,0.866,False,0.276,5.0,0
Note_005174,67,904479.52,266.98,Right,INNER,1,0.866,0.866,False,0.557,5.0,0
Note_005175,72,904479.52,266.98,Right,MELODY,4,0.866,0.866,False,0.557,5.0,0
Note_005176,43,904752.36,266.98,Left,INNER,3,0.866,0.866,False,0.253,-0.0,0
Note_005177,67,904752.36,454.56,Right,INNER,3,0.866,0.866,False,0.557,-5.0,0
Note_005178,72,904752.36,454.56,Right,MELODY,4,0.866,0.866,False,0.557,-5.0,0
Note_005179,43,905025.21,266.98,Right,MELODY,2,0.866,0.866,False,0.253,5.0,0
Note_005180,43,905298.05,266.98,Left,INNER,2,0.866,0.866,False,0.253,5.0,0
Note_005181,72,905298.05,266.98,Right,INNER,2,0.866,0.866,False,0.609,-5.0,0
Note_005182,76,905298.05,266.98,Right,MELODY,5,0.866,0.866,False,0.609,-5.0,0
Note_005183,43,905570.9,266.98,Left,INNER,2,0.866,0.866,False,0.253,5.0,0
Note_005184,76,905570.9,266.98,Right,INNER,1,0.866,0.866,False,0.649,5.0,0
Note_005185,79,905570.9,266.98,Right,MELODY,4,0.866,0.866,False,0.649,5.0,0
Note_005186,41,905843.74,266.98,Left,INNER,3,0.866,0.866,False,0.23,-0.0,0
Note_005187,77,905843.74,266.98,Right,INNER,1,0.866,0.866,False,0.667,5.0,0
Note_005188,81,905843.74,266.98,Right,MELODY,4,0.866,0.866,False,0.667,5.0,0
Note_005189,41,906116.58,266.98,Left,INNER,2,0.866,0.866,False,0.23,5.0,0
Note_005190,76,906116.58,266.98,Right,INNER,1,0.866,0.866,False,0.649,5.0,0
Note_005191,79,906116.58,266.98,Right,MELODY,4,0.866,0.866,False,0.649,5.0,0
Note_005192,41,906389.43,266.98,Left,INNER,2,0.866,0.866,False,0.23,5.0,0
Note_005193,77,906389.43,266.98,Right,INNER,1,0.866,0.866,False,0.667,5.0,0
Note_005194,81,906389.43,266.98,Right,MELODY,4,0.866,0.866,False,0.667,5.0,0
Note_005195,41,906662.27,266.98,Left,INNER,2,0.866,0.866,False,0.23,5.0,0
Note_005196,77,906662.27,266.98,Right,INNER,1,0.866,0.866,False,0.678,5.0,0
Note_005197,83,906662.27,266.98,Right,MELODY,4,0.866,0.866,False,0.678,5.0,0
Note_005198,40,906935.12,266.98,Left,INNER,3,0.866,0.866,False,0.218,-0.0,0
Note_005199,76,906935.12,454.56,Right,INNER,1,0.866,0.866,False,0.678,5.0,0
Note_005200,84,906935.12,454.56,Right,MELODY,4,0.866,0.866,False,0.678,5.0,0
Note_005201,40,907207.96,266.98,Right,MELODY,5,0.866,0.866,False,0.218,-10.0,0
Note_005202,40,907480.81,266.98,Left,INNER,2,0.866,0.866,False,0.218,5.0,0
Note_005203,76,907480.81,266.98,Right,INNER,1,0.866,0.866,False,0.649,5.0,0
Note_005204,79,907480.81,266.98,Right,MELODY,4,0.866,0.866,False,0.649,5.0,0
Note_005205,40,907753.65,266.98,Left,INNER,2,0.866,0.866,False,0.218,5.0,0
Note_005206,74,907753.65,266.98,Right,INNER,1,0.866,0.866,False,0.626,5.0,0
Note_005207,77,907753.65,266.98,Right,MELODY,4,0.866,0.866,False,0.626,5.0,0
Note_005208,38,908026.5,266.98,Left,BASS,5,0.866,0.866,False,0.195,-10.0,0
Note_005209,72,908026.5,266.98,Right,INNER,1,0.866,0.866,False,0.615,5.0,0
Note_005210,77,908026.5,266.98,Right,MELODY,4,0.866,0.866,False,0.615,5.0,0
Note_005211,38,908299.34,266.98,Left,BASS,5,0.866,0.866,False,0.195,-10.0,0
Note_005212,72,908299.34,266.98,Right,INNER,1,0.866,0.866,False,0.609,5.0,0
Note_005213,76,908299.34,266.98,Right,MELODY,4,0.866,0.866,False,0.609,5.0,0
Note_005214,71,908572.18,266.98,Right,INNER,1,0.866,0.866,False,0.592,5.0,0
Note_005215,74,908572.18,266.98,Right,MELODY,4,0.866,0.866,False,0.592,5.0,0
Note_005216,38,908572.19,266.98,Left,BASS,5,0.866,0.866,False,0.195,-10.0,0
Note_005217,38,908845.03,266.98,Left,BASS,5,0.866,0.866,False,0.195,-10.0,0
Note_005218,67,908845.03,266.98,Right,INNER,2,0.866,0.866,False,0.557,0.0,0
Note_005219,72,908845.03,266.98,Right,MELODY,4,0.866,0.866,False,0.557,0.0,0
Note_005220,43,909117.87,266.98,Left,INNER,2,0.866,0.866,False,0.253,5.0,0
Note_005221,74,909117.87,454.56,Right,INNER,1,0.866,0.866,False,0.638,0.0,0
Note_005222,79,909117.87,454.56,Right,MELODY,5,0.866,0.866,False,0.638,0.0,0
Note_005223,43,909390.72,266.98,Right,MELODY,2,0.866,0.866,False,0.253,5.0,0
Note_005224,43,909663.56,266.98,Left,INNER,3,0.866,0.866,False,0.253,-0.0,0
Note_005225,62,909663.56,454.56,Right,INNER,3,0.866,0.866,False,0.5,-5.0,0
Note_005226,67,909663.56,454.56,Right,MELODY,4,0.866,0.866,False,0.5,-5.0,0
Note_005227,43,909936.41,266.98,Right,MELODY,2,0.866,0.866,False,0.253,5.0,0
Note_005228,49,910209.25,266.98,Left,INNER,2,0.866,0.866,True,0.322,5.0,0
Note_005229,73,910209.25,266.98,Right,INNER,1,0.866,0.866,True,0.621,5.0,12
Note_005230,77,910209.25,266.98,Right,MELODY,4,0.866,0.866,False,0.621,5.0,12
Note_005231,49,910482.1,266.98,Left,INNER,2,0.866,0.866,True,0.322,5.0,0
Note_005232,72,910482.1,266.98,Right,INNER,1,0.866,0.866,False,0.603,5.0,0
Note_005233,75,910482.1,266.98,Right,MELODY,4,0.866,0.866,True,0.603,5.0,0
Note_005234,49,910754.94,266.98,Left,INNER,2,0.866,0.866,True,0.322,5.0,0
Note_005235,73,910754.94,266.98,Right,INNER,3,0.866,0.866,True,0.621,-5.0,0
Note_005236,77,910754.94,266.98,Right,MELODY,4,0.866,0.866,False,0.621,-5.0,0
Note_005237,49,911027.79,266.98,Left,INNER,2,0.866,0.866,True,0.322,5.0,0
Note_005238,75,911027.79,266.98,Right,INNER,2,0.866,0.866,True,0.638,5.0,0
Note_005239,78,911027.79,266.98,Right,MELODY,3,0.866,0.866,True,0.638,5.0,0
Note_005240,48,911300.63,266.98,Left,INNER,3,0.866,0.866,False,0.31,-0.0,0
Note_005241,77,911300.63,454.56,Right,INNER,1,0.866,0.866,False,0.661,15.0,0
Note_005242,80,911300.63,454.56,Right,MELODY,2,0.866,0.866,True,0.661,15.0,0
Note_005243,48,911573.47,266.98,Right,MELODY,3,0.866,0.866,False,0.31,0.0,0
Note_005244,48,911846.32,266.98,Left,INNER,2,0.866,0.866,False,0.31,5.0,0
Note_005245,73,911846.32,266.98,Right,INNER,3,0.866,0.866,True,0.621,-5.0,0
Note_005246,77,911846.32,266.98,Right,MELODY,4,0.866,0.866,False,0.621,-5.0,0
Note_005247,48,912119.16,266.98,Left,INNER,2,0.866,0.866,False,0.31,5.0,0
Note_005248,72,912119.16,266.98,Right,INNER,1,0.866,0.866,False,0.603,15.0,0
Note_005249,75,912119.16,266.98,Right,MELODY,2,0.866,0.866,True,0.603,15.0,0
Note_005250,46,912392.01,266.98,Left,INNER,3,0.866,0.866,True,0.287,-0.0,0
Note_005251,72,912392.01,727.41,Right,INNER,3,0.866,0.866,False,0.603,-5.0,0
Note_005252,75,912392.01,727.41,Right,MELODY,4,0.866,0.866,True,0.603,-5.0,0
Note_005253,46,912664.85,266.98,Right,MELODY,2,0.866,0.866,True,0.287,5.0,0
Note_005254,46,912937.7,266.98,Right,MELODY,4,0.866,0.866,True,0.287,-5.0,0
Note_005255,46,913210.54,266.98,Left,INNER,2,0.866,0.866,True,0.287,5.0,0
Note_005256,68,913210.54,266.98,Right,INNER,4,0.866,0.866,True,0.569,-15.0,-12
Note_005257,73,913210.54,266.98,Right,MELODY,5,0.866,0.866,True,0.569,-15.0,-12
Note_005258,44,913483.39,266.98,Left,INNER,3,0.866,0.866,True,0.264,-0.0,0
Note_005259,68,913483.39,454.56,Right,INNER,3,0.866,0.866,True,0.569,-5.0,0
Note_005260,73,913483.39,454.56,Right,MELODY,4,0.866,0.866,True,0.569,-5.0,0
Note_005261,44,913756.23,266.98,Right,MELODY,2,0.866,0.866,True,0.264,5.0,0
Note_005262,73,914029.07,266.98,Right,INNER,2,0.866,0.866,True,0.621,-5.0,0
Note_005263,77,914029.07,266.98,Right,MELODY,5,0.866,0.866,False,0.621,-5.0,0
Note_005264,44,914029.08,266.98,Left,INNER,2,0.866,0.866,True,0.264,5.0,0
Note_005265,44,914301.92,266.98,Left,INNER,2,0.866,0.866,True,0.264,5.0,0
Note_005266,77,914301.92,266.98,Right,INNER,1,0.866,0.866,False,0.661,5.0,0
Note_005267,80,914301.92,266.98,Right,MELODY,4,0.866,0.866,True,0.661,5.0,0
Note_005268,42,914574.76,266.98,Left,INNER,3,0.866,0.866,True,0.241,-0.0,0
Note_005269,78,914574.76,266.98,Right,INNER,1,0.866,0.866,True,0.678,5.0,12
Note_005270,82,914574.76,266.98,Right,MELODY,4,0.866,0.866,True,0.678,5.0,12
Note_005271,42,914847.61,266.98,Left,INNER,2,0.866,0.866,True,0.241,5.0,0
Note_005272,77,914847.61,266.98,Right,INNER,1,0.866,0.866,False,0.661,5.0,0
Note_005273,80,914847.61,266.98,Right,MELODY,4,0.866,0.866,True,0.661,5.0,0
Note_005274,42,915120.45,266.98,Left,INNER,2,0.866,0.866,True,0.241,5.0,0
Note_005275,78,915120.45,266.98,Right,INNER,3,0.866,0.866,True,0.678,-5.0,0
Note_005276,82,915120.45,266.98,Right,MELODY,4,0.866,0.866,True,0.678,-5.0,0
Note_005277,42,915393.3,266.98,Left,INNER,2,0.866,0.866,True,0.241,5.0,0
Note_005278,78,915393.3,266.98,Right,INNER,2,0.866,0.866,True,0.69,5.0,0
Note_005279,84,915393.3,266.98,Right,MELODY,3,0.866,0.866,False,0.69,5.0,0
Note_005280,41,915666.14,266.98,Left,INNER,3,0.866,0.866,False,0.23,-0.0,0
Note_005281,77,915666.14,454.56,Right,INNER,1,0.866,0.866,False,0.69,15.0,0
Note_005282,85,915666.14,454.56,Right,MELODY,2,0.866,0.866,True,0.69,15.0,0
Note_005283,41,915938.99,266.98,Right,MELODY,5,0.866,0.866,False,0.23,-10.0,0
Note_005284,41,916211.83,266.98,Left,INNER,2,0.866,0.866,False,0.23,5.0,0
Note_005285,77,916211.83,266.98,Right,INNER,1,0.866,0.866,False,0.661,5.0,0
Note_005286,80,916211.83,266.98,Right,MELODY,4,0.866,0.866,True,0.661,5.0,0
Note_005287,41,916484.68,266.98,Left,INNER,2,0.866,0.866,False,0.23,5.0,0
Note_005288,75,916484.68,266.98,Right,INNER,1,0.866,0.866,True,0.638,5.0,12
Note_005289,78,916484.68,266.98,Right,MELODY,4,0.866,0.866,True,0.638,5.0,12
Note_005290,39,916757.52,266.98,Left,BASS,3,0.866,0.866,True,0.207,-0.0,0
Note_005291,73,916757.52,454.56,Right,INNER,3,0.866,0.866,True,0.621,-5.0,0
Note_005292,77,916757.52,454.56,Right,MELODY,4,0.866,0.866,False,0.621,-5.0,0
Note_005293,39,917030.36,266.98,Left,BASS,2,0.866,0.866,True,0.207,5.0,0
Note_005294,39,917303.21,266.98,Left,BASS,2,0.866,0.866,True,0.207,5.0,0
Note_005295,73,917303.21,266.98,Right,INNER,1,0.866,0.866,True,0.621,10.0,12
Note_005296,77,917303.21,266.98,Right,MELODY,3,0.866,0.866,False,0.621,10.0,12
Note_005297,39,917576.05,266.98,Left,BASS,5,0.866,0.866,True,0.207,-10.0,12
Note_005298,75,917576.05,266.98,Right,INNER,2,0.866,0.866,True,0.638,5.0,0
Note_005299,78,917576.05,266.98,Right,MELODY,3,0.866,0.866,True,0.638,5.0,0
Note_005300,44,917848.9,266.98,Left,INNER,3,0.866,0.866,True,0.264,-0.0,0
Note_005301,72,917848.9,954.96,Right,INNER,1,0.866,0.866,False,0.603,15.0,0
Note_005302,75,917848.9,954.96,Right,MELODY,2,0.866,0.866,True,0.603,15.0,0
Note_005303,44,918121.74,266.98,Right,MELODY,4,0.866,0.866,True,0.264,-5.0,0
Note_005304,44,918394.59,266.98,Right,MELODY,4,0.866,0.866,True,0.264,-5.0,0
Note_005305,44,918667.43,266.98,Right,MELODY,4,0.866,0.866,True,0.264,-5.0,0
Note_005306,49,918940.28,266.98,Left,INNER,2,0.866,0.866,True,0.322,5.0,0
Note_005307,73,918940.28,266.98,Right,INNER,4,0.866,0.866,True,0.621,-15.0,0
Note_005308,77,918940.28,266.98,Right,MELODY,5,0.866,0.866,False,0.621,-15.0,0
Note_005309,49,919213.12,266.98,Left,INNER,2,0.866,0.866,True,0.322,5.0,0
Note_005310,72,919213.12,266.98,Right,INNER,1,0.866,0.866,False,0.603,5.0,0
Note_005311,75,919213.12,266.98,Right,MELODY,4,0.866,0.866,True,0.603,5.0,0
Note_005312,73,919485.96,266.98,Right,INNER,3,0.866,0.866,True,0.621,-5.0,0
Note_005313,77,919485.96,266.98,Right,MELODY,4,0.866,0.866,False,0.621,-5.0,0
Note_005314,49,919485.97,266.98,Left,INNER,2,0.866,0.866,True,0.322,5.0,0
Note_005315,49,919758.81,266.98,Left,INNER,2,0.866,0.866,True,0.322,5.0,0
Note_005316,75,919758.81,266.98,Right,INNER,2,0.866,0.866,True,0.638,5.0,0
Note_005317,78,919758.81,266.98,Right,MELODY,3,0.866,0.866,True,0.638,5.0,0
Note_005318,48,920031.65,266.98,Left,INNER,3,0.866,0.866,False,0.31,-0.0,0
Note_005319,77,920031.65,454.56,Right,INNER,1,0.866,0.866,False,0.661,15.0,0
Note_005320,80,920031.65,454.56,Right,MELODY,2,0.866,0.866,True,0.661,15.0,0
Note_005321,48,920304.5,266.98,Right,MELODY,3,0.866,0.866,False,0.31,0.0,0
Note_005322,48,920577.34,266.98,Left,INNER,2,0.866,0.866,False,0.31,5.0,0
Note_005323,73,920577.34,266.98,Right,INNER,3,0.866,0.866,True,0.621,-5.0,0
Note_005324,77,920577.34,266.98,Right,MELODY,4,0.866,0.866,False,0.621,-5.0,0
Note_005325,48,920850.19,266.98,Left,INNER,2,0.866,0.866,False,0.31,5.0,0
Note_005326,72,920850.19,266.98,Right,INNER,1,0.866,0.866,False,0.603,15.0,0
Note_005327,75,920850.19,266.98,Right,MELODY,2,0.866,0.866,True,0.603,15.0,0
Note_005328,46,921123.03,266.98,Left,INNER,3,0.866,0.866,True,0.287,-0.0,0
Note_005329,72,921123.03,727.41,Right,INNER,3,0.866,0.866,False,0.603,-5.0,0
Note_005330,75,921123.03,727.41,Right,MELODY,4,0.866,0.866,True,0.603,-5.0,0
Note_005331,46,921395.88,266.98,Right,MELODY,2,0.866,0.866,True,0.287,5.0,0
Note_005332,46,921668.72,266.98,Right,MELODY,4,0.866,0.866,True,0.287,-5.0,0
Note_005333,46,921941.57,266.98,Left,INNER,2,0.866,0.866,True,0.287,5.0,0
Note_005334,68,921941.57,266.98,Right,INNER,4,0.866,0.866,True,0.569,-15.0,-12
Note_005335,73,921941.57,266.98,Right,MELODY,5,0.866,0.866,True,0.569,-15.0,-12
Note_005336,44,922214.41,266.98,Left,INNER,3,0.866,0.866,True,0.264,-0.0,0
Note_005337,68,922214.41,454.56,Right,INNER,3,0.866,0.866,True,0.569,-5.0,0
Note_005338,73,922214.41,454.56,Right,MELODY,4,0.866,0.866,True,0.569,-5.0,0
Note_005339,44,922487.25,266.98,Right,MELODY,2,0.866,0.866,True,0.264,5.0,0
Note_005340,44,922760.1,266.98,Left,INNER,2,0.866,0.866,True,0.264,5.0,0
Note_005341,73,922760.1,266.98,Right,INNER,2,0.866,0.866,True,0.621,-5.0,0
Note_005342,77,922760.1,266.98,Right,MELODY,5,0.866,0.866,False,0.621,-5.0,0
Note_005343,44,923032.94,266.98,Left,INNER,2,0.866,0.866,True,0.264,5.0,0
Note_005344,77,923032.94,266.98,Right,INNER,1,0.866,0.866,False,0.661,5.0,0
Note_005345,80,923032.94,266.98,Right,MELODY,4,0.866,0.866,True,0.661,5.0,0
Note_005346,42,923305.79,266.98,Left,INNER,3,0.866,0.866,True,0.241,-0.0,0
Note_005347,78,923305.79,266.98,Right,INNER,1,0.866,0.866,True,0.678,5.0,12
Note_005348,82,923305.79,266.98,Right,MELODY,4,0.866,0.866,True,0.678,5.0,12
Note_005349,42,923578.63,266.98,Left,INNER,2,0.866,0.866,True,0.241,5.0,0
Note_005350,77,923578.63,266.98,Right,INNER,1,0.866,0.866,False,0.661,5.0,0
Note_005351,80,923578.63,266.98,Right,MELODY,4,0.866,0.866,True,0.661,5.0,0
Note_005352,42,923851.48,266.98,Left,INNER,2,0.866,0.866,True,0.241,5.0,0
Note_005353,78,923851.48,266.98,Right,INNER,3,0.866,0.866,True,0.678,-5.0,0
Note_005354,82,923851.48,266.98,Right,MELODY,4,0.866,0.866,True,0.678,-5.0,0
Note_005355,42,924124.32,266.98,Left,INNER,2,0.866,0.866,True,0.241,5.0,0
Note_005356,78,924124.32,266.98,Right,INNER,2,0.866,0.866,True,0.69,5.0,0
Note_005357,84,924124.32,266.98,Right,MELODY,3,0.866,0.866,False,0.69,5.0,0
Note_005358,41,924397.17,266.98,Left,INNER,3,0.866,0.866,False,0.23,-0.0,0
Note_005359,77,924397.17,454.56,Right,INNER,1,0.866,0.866,False,0.69,15.0,0
Note_005360,85,924397.17,454.56,Right,MELODY,2,0.866,0.866,True,0.69,15.0,0
Note_005361,41,924670.01,266.98,Right,MELODY,5,0.866,0.866,False,0.23,-10.0,0
Note_005362,77,924942.85,266.98,Right,INNER,1,0.866,0.866,False,0.661,5.0,0
Note_005363,80,924942.85,266.98,Right,MELODY,4,0.866,0.866,True,0.661,5.0,0
Note_005364,41,924942.86,266.98,Left,INNER,2,0.866,0.866,False,0.23,5.0,0
Note_005365,41,925215.7,266.98,Left,INNER,2,0.866,0.866,False,0.23,5.0,0
Note_005366,75,925215.7,266.98,Right,INNER,3,0.866,0.866,True,0.638,-5.0,0
Note_005367,78,925215.7,266.98,Right,MELODY,4,0.866,0.866,True,0.638,-5.0,0
Note_005368,39,925488.54,266.98,Left,BASS,3,0.866,0.866,True,0.207,-0.0,0
Note_005369,73,925488.54,266.98,Right,INNER,1,0.866,0.866,True,0.626,10.0,12
Note_005370,78,925488.54,266.98,Right,MELODY,3,0.866,0.866,True,0.626,10.0,12
Note_005371,39,925761.39,266.98,Left,BASS,2,0.866,0.866,True,0.207,5.0,0
Note_005372,73,925761.39,266.98,Right,INNER,1,0.866,0.866,True,0.621,10.0,12
Note_005373,77,925761.39,266.98,Right,MELODY,3,0.866,0.866,False,0.621,10.0,12
Note_005374,39,926034.23,266.98,Left,BASS,2,0.866,0.866,True,0.207,5.0,0
Note_005375,72,926034.23,266.98,Right,INNER,1,0.866,0.866,False,0.603,10.0,0
Note_005376,75,926034.23,266.98,Right,MELODY,3,0.866,0.866,True,0.603,10.0,0
Note_005377,39,926307.08,266.98,Left,BASS,3,0.866,0.866,True,0.207,-0.0,0
Note_005378,68,926307.08,266.98,Right,INNER,2,0.866,0.866,True,0.569,5.0,0
Note_005379,73,926307.08,266.98,Right,MELODY,3,0.866,0.866,True,0.569,5.0,0
Note_005380,44,926579.92,266.98,Left,INNER,2,0.866,0.866,True,0.264,5.0,0
Note_005381,75,926579.92,454.56,Right,INNER,3,0.866,0.866,True,0.649,-5.0,0
Note_005382,80,926579.92,454.56,Right,MELODY,4,0.866,0.866,True,0.649,-5.0,0
Note_005383,44,926852.77,266.98,Right,MELODY,2,0.866,0.866,True,0.264,5.0,0
Note_005384,44,927125.61,266.98,Left,INNER,2,0.866,0.866,True,0.264,5.0,0
Note_005385,68,927125.61,454.56,Right,INNER,3,0.866,0.866,True,0.563,-5.0,0
Note_005386,72,927125.61,454.56,Right,MELODY,4,0.866,0.866,False,0.563,-5.0,0
Note_005387,44,927398.46,266.98,Right,MELODY,2,0.866,0.866,True,0.264,5.0,0
Note_005388,37,927671.3,2046.33,Left,BASS,3,0.866,0.866,True,0.184,-0.0,0
Note_005389,56,927671.3,954.96,Right,INNER,2,0.866,0.866,True,0.452,-0.0,0
Note_005390,60,927671.3,954.96,Right,INNER,3,0.866,0.866,False,0.452,-0.0,0
Note_005391,65,927671.3,954.96,Right,MELODY,4,0.866,0.866,False,0.452,-0.0,0
Note_005392,65,929035.52,266.98,Right,MELODY,2,0.866,0.866,False,0.506,5.0,0
Note_005393,66,929308.37,198.77,Right,MELODY,3,0.866,0.866,True,0.517,0.0,0
Note_005394,68,929513.0,335.19,Right,MELODY,4,0.866,0.866,True,0.54,-5.0,0
Note_005395,42,929854.06,2046.33,Left,INNER,2,0.866,0.866,True,0.241,5.0,0
Note_005396,61,929854.06,954.96,Right,INNER,2,0.866,0.866,True,0.513,-0.0,0
Note_005397,66,929854.06,954.96,Right,INNER,3,0.866,0.866,True,0.513,-0.0,0
Note_005398,70,929854.06,954.96,Right,MELODY,4,0.866,0.866,True,0.513,-0.0,0
Note_005399,70,931218.28,266.98,Right,MELODY,5,0.866,0.866,True,0.563,-10.0,-12
Note_005400,68,931491.12,198.77,Right,MELODY,4,0.866,0.866,True,0.54,-5.0,0
Note_005401,66,931695.76,335.19,Right,MELODY,4,0.866,0.866,True,0.517,-5.0,0
Note_005402,37,932036.81,2046.33,Left,BASS,3,0.866,0.866,True,0.184,-0.0,0
Note_005403,56,932036.81,954.96,Right,INNER,2,0.866,0.866,True,0.452,-0.0,0
Note_005404,60,932036.81,954.96,Right,INNER,3,0.866,0.866,False,0.452,-0.0,0
Note_005405,65,932036.81,954.96,Right,MELODY,4,0.866,0.866,False,0.452,-0.0,0
Note_005406,65,933401.03,266.98,Right,MELODY,2,0.866,0.866,False,0.506,5.0,0
Note_005407,66,933673.88,198.77,Right,MELODY,3,0.866,0.866,True,0.517,0.0,0
Note_005408,68,933878.51,335.19,Right,MELODY,4,0.866,0.866,True,0.54,-5.0,0
Note_005409,42,934219.57,2046.33,Left,INNER,2,0.866,0.866,True,0.241,5.0,0
Note_005410,61,934219.57,954.96,Right,INNER,2,0.866,0.866,True,0.513,-0.0,0
Note_005411,66,934219.57,954.96,Right,INNER,3,0.866,0.866,True,0.513,-0.0,0
Note_005412,70,934219.57,954.96,Right,MELODY,4,0.866,0.866,True,0.513,-0.0,0
Note_005413,70,935583.79,266.98,Right,MELODY,5,0.866,0.866,True,0.563,-10.0,-12
Note_005414,68,935856.63,198.77,Right,MELODY,4,0.866,0.866,True,0.54,-5.0,0
Note_005415,66,936061.27,335.19,Right,MELODY,4,0.866,0.866,True,0.517,-5.0,0
Note_005416,37,936402.32,2046.33,Left,BASS,3,0.866,0.866,True,0.184,-0.0,0
Note_005417,56,936402.32,954.96,Right,INNER,2,0.866,0.866,True,0.452,-0.0,0
Note_005418,60,936402.32,954.96,Right,INNER,3,0.866,0.866,False,0.452,-0.0,0
Note_005419,65,936402.32,954.96,Right,MELODY,4,0.866,0.866,False,0.452,-0.0,0
Note_005420,65,937766.55,266.98,Right,MELODY,2,0.866,0.866,False,0.506,5.0,0
Note_005421,66,938039.39,198.77,Right,MELODY,3,0.866,0.866,True,0.517,0.0,0
Note_005422,68,938244.02,335.19,Right,MELODY,4,0.866,0.866,True,0.54,-5.0,0
Note_005423,42,938585.08,2046.33,Left,INNER,2,0.866,0.866,True,0.241,5.0,0
Note_005424,61,938585.08,954.96,Right,INNER,1,0.866,0.866,True,0.513,10.0,12
Note_005425,66,938585.08,954.96,Right,INNER,2,0.866,0.866,True,0.513,10.0,12
Note_005426,70,938585.08,954.96,Right,MELODY,4,0.866,0.866,True,0.513,10.0,12
Note_005427,66,939676.46,1358.36,Right,INNER,3,0.866,0.866,True,0.556,-15.0,-12
Note_005428,69,939676.46,1358.36,Right,INNER,4,0.866,0.866,False,0.556,-15.0,-12
Note_005429,73,939676.46,1358.36,Right,MELODY,5,0.866,0.866,True,0.556,-15.0,-12
Note_005430,37,940972.47,341.06,Left,BASS,3,0.866,0.866,True,0.184,-0.0,0
Note_005431,68,941040.68,62.35,Right,MELODY,3,0.866,0.866,True,0.54,0.0,0
Note_005432,65,941108.89,1159.59,Right,INNER,1,0.866,0.866,False,0.552,15.0,0
Note_005433,73,941108.89,1159.59,Right,MELODY,2,0.866,0.866,True,0.552,15.0,0
Note_005434,37,942950.59,454.56,Left,BASS,2,0.866,0.866,True,0.184,5.0,0
