---,Pitch,StartMs,DurationMs,Hand,Role,Finger,Pressure,KeyDepth,bIsBlack,WristPosNorm,WristYawDeg,WristRollDeg
Note_000000,52,6000.0,750.0,Left,INNER,3,0.787,0.787,False,0.414,15.0,0
Note_000001,57,6000.0,750.0,Left,INNER,2,0.787,0.787,False,0.414,15.0,0
Note_000002,62,6000.0,750.0,Left,INNER,1,0.787,0.787,False,0.414,15.0,0
Note_000003,81,6000.0,62.5,Right,MELODY,5,0.787,0.787,False,0.69,-10.0,0
Note_000004,80,6750.0,62.5,Right,MELODY,4,0.787,0.787,True,0.678,-5.0,0
Note_000005,37,7500.0,62.5,Left,BASS,3,0.787,0.787,True,0.184,-0.0,0
Note_000006,80,7500.0,62.5,Right,MELODY,4,0.787,0.787,True,0.678,-5.0,0
Note_000007,81,8250.0,62.5,Right,MELODY,5,0.787,0.787,False,0.69,-10.0,0
Note_000008,80,9000.0,62.5,Right,MELODY,4,0.787,0.787,True,0.678,-5.0,0
Note_000009,37,9750.0,62.5,Left,BASS,3,0.787,0.787,True,0.184,-0.0,0
Note_000010,80,9750.0,62.5,Right,MELODY,4,0.787,0.787,True,0.678,-5.0,0
Note_000011,81,10500.0,62.5,Right,MELODY,5,0.787,0.787,False,0.69,-10.0,0
Note_000012,52,11250.0,750.0,Left,INNER,3,0.787,0.787,False,0.414,15.0,0
Note_000013,57,11250.0,750.0,Left,INNER,2,0.787,0.787,False,0.414,15.0,0
Note_000014,62,11250.0,750.0,Left,INNER,1,0.787,0.787,False,0.414,15.0,0
Note_000015,80,11250.0,62.5,Right,MELODY,4,0.787,0.787,True,0.678,-5.0,0
Note_000016,37,12000.0,62.5,Left,BASS,3,0.787,0.787,True,0.184,-0.0,0
Note_000017,80,12000.0,62.5,Right,MELODY,4,0.787,0.787,True,0.678,-5.0,0
Note_000018,52,12750.0,2250.0,Left,INNER,3,0.787,0.787,False,0.414,15.0,0
Note_000019,57,12750.0,2250.0,Left,INNER,2,0.787,0.787,False,0.414,15.0,0
Note_000020,62,12750.0,2250.0,Left,INNER,1,0.787,0.787,False,0.414,15.0,0
Note_000021,81,12750.0,62.5,Right,MELODY,5,0.787,0.787,False,0.69,-10.0,0
Note_000022,80,13500.0,62.5,Right,MELODY,4,0.787,0.787,True,0.678,-5.0,0
Note_000023,37,14250.0,62.5,Left,BASS,5,0.787,0.787,True,0.184,-10.0,12
Note_000024,80,14250.0,62.5,Right,MELODY,4,0.787,0.787,True,0.678,-5.0,0
Note_000025,52,15000.0,750.0,Left,INNER,3,0.787,0.787,False,0.414,15.0,0
Note_000026,57,15000.0,750.0,Left,INNER,2,0.787,0.787,False,0.414,15.0,0
Note_000027,62,15000.0,750.0,Left,INNER,1,0.787,0.787,False,0.414,15.0,0
Note_000028,81,15000.0,62.5,Right,MELODY,5,0.787,0.787,False,0.69,-10.0,0
Note_000029,80,15750.0,62.5,Right,MELODY,4,0.787,0.787,True,0.678,-5.0,0
Note_000030,37,16500.0,62.5,Left,BASS,3,0.787,0.787,True,0.184,-0.0,0
Note_000031,81,16500.0,62.5,Right,MELODY,5,0.787,0.787,False,0.69,-10.0,0
Note_000032,80,17250.0,62.5,Right,MELODY,4,0.787,0.787,True,0.678,-5.0,0
Note_000033,52,18000.0,750.0,Left,INNER,3,0.787,0.787,False,0.414,15.0,0
Note_000034,57,18000.0,750.0,Left,INNER,2,0.787,0.787,False,0.414,15.0,0
Note_000035,62,18000.0,750.0,Left,INNER,1,0.787,0.787,False,0.414,15.0,0
Note_000036,81,18000.0,62.5,Right,MELODY,5,0.787,0.787,False,0.69,-10.0,0
Note_000037,80,18750.0,62.5,Right,MELODY,4,0.787,0.787,True,0.678,-5.0,0
Note_000038,37,19500.0,62.5,Left,BASS,3,0.787,0.787,True,0.184,-0.0,0
Note_000039,80,19500.0,62.5,Right,MELODY,4,0.787,0.787,True,0.678,-5.0,0
Note_000040,81,20250.0,62.5,Right,MELODY,5,0.787,0.787,False,0.69,-10.0,0
Note_000041,80,21000.0,62.5,Right,MELODY,4,0.787,0.787,True,0.678,-5.0,0
Note_000042,37,21750.0,62.5,Left,BASS,3,0.787,0.787,True,0.184,-0.0,0
Note_000043,80,21750.0,62.5,Right,MELODY,4,0.787,0.787,True,0.678,-5.0,0
Note_000044,81,22500.0,62.5,Right,MELODY,5,0.787,0.787,False,0.69,-10.0,0
Note_000045,54,23250.0,750.0,Left,INNER,3,0.787,0.787,True,0.444,15.0,0
Note_000046,60,23250.0,750.0,Left,INNER,2,0.787,0.787,False,0.444,15.0,0
Note_000047,65,23250.0,750.0,Left,INNER,1,0.787,0.787,False,0.444,15.0,0
Note_000048,80,23250.0,62.5,Right,MELODY,4,0.787,0.787,True,0.678,-5.0,0
Note_000049,37,24000.0,62.5,Left,BASS,3,0.787,0.787,True,0.184,-0.0,0
Note_000050,80,24000.0,62.5,Right,MELODY,4,0.787,0.787,True,0.678,-5.0,0
Note_000051,54,24750.0,2250.0,Left,INNER,3,0.787,0.787,True,0.444,15.0,0
Note_000052,60,24750.0,2250.0,Left,INNER,2,0.787,0.787,False,0.444,15.0,0
Note_000053,65,24750.0,2250.0,Left,INNER,1,0.787,0.787,False,0.444,15.0,0
Note_000054,81,24750.0,62.5,Right,MELODY,5,0.787,0.787,False,0.69,-10.0,0
Note_000055,80,25500.0,62.5,Right,MELODY,4,0.787,0.787,True,0.678,-5.0,0
Note_000056,37,26250.0,62.5,Left,BASS,5,0.787,0.787,True,0.184,-10.0,12
Note_000057,80,26250.0,62.5,Right,MELODY,4,0.787,0.787,True,0.678,-5.0,0
Note_000058,54,27000.0,750.0,Left,INNER,3,0.787,0.787,True,0.444,15.0,0
Note_000059,60,27000.0,750.0,Left,INNER,2,0.787,0.787,False,0.444,15.0,0
Note_000060,65,27000.0,750.0,Left,INNER,1,0.787,0.787,False,0.444,15.0,0
Note_000061,81,27000.0,62.5,Right,MELODY,5,0.787,0.787,False,0.69,-10.0,0
Note_000062,80,27750.0,62.5,Right,MELODY,4,0.787,0.787,True,0.678,-5.0,0
Note_000063,37,28500.0,62.5,Left,BASS,3,0.787,0.787,True,0.184,-0.0,0
Note_000064,81,28500.0,62.5,Right,MELODY,5,0.787,0.787,False,0.69,-10.0,0
Note_000065,80,29250.0,62.5,Right,MELODY,4,0.787,0.787,True,0.678,-5.0,0
Note_000066,52,30000.0,750.0,Left,INNER,3,0.787,0.787,False,0.414,15.0,0
Note_000067,57,30000.0,750.0,Left,INNER,2,0.787,0.787,False,0.414,15.0,0
Note_000068,62,30000.0,750.0,Left,INNER,1,0.787,0.787,False,0.414,15.0,0
Note_000069,81,30000.0,62.5,Right,MELODY,5,0.787,0.787,False,0.69,-10.0,0
Note_000070,80,30750.0,62.5,Right,MELODY,4,0.787,0.787,True,0.678,-5.0,0
Note_000071,37,31500.0,62.5,Left,BASS,3,0.787,0.787,True,0.184,-0.0,0
Note_000072,80,31500.0,62.5,Right,MELODY,4,0.787,0.787,True,0.678,-5.0,0
Note_000073,81,32250.0,62.5,Right,MELODY,5,0.787,0.787,False,0.69,-10.0,0
Note_000074,80,33000.0,62.5,Right,MELODY,4,0.787,0.787,True,0.678,-5.0,0
Note_000075,37,33750.0,62.5,Left,BASS,3,0.787,0.787,True,0.184,-0.0,0
Note_000076,80,33750.0,62.5,Right,MELODY,4,0.787,0.787,True,0.678,-5.0,0
Note_000077,81,34500.0,62.5,Right,MELODY,5,0.787,0.787,False,0.69,-10.0,0
Note_000078,52,35250.0,750.0,Left,INNER,3,0.787,0.787,False,0.414,15.0,0
Note_000079,57,35250.0,750.0,Left,INNER,2,0.787,0.787,False,0.414,15.0,0
Note_000080,62,35250.0,750.0,Left,INNER,1,0.787,0.787,False,0.414,15.0,0
Note_000081,80,35250.0,62.5,Right,MELODY,4,0.787,0.787,True,0.678,-5.0,0
Note_000082,37,36000.0,62.5,Left,BASS,3,0.787,0.787,True,0.184,-0.0,0
Note_000083,80,36000.0,62.5,Right,MELODY,4,0.787,0.787,True,0.678,-5.0,0
Note_000084,52,36750.0,2250.0,Left,INNER,3,0.787,0.787,False,0.414,15.0,0
Note_000085,57,36750.0,2250.0,Left,INNER,2,0.787,0.787,False,0.414,15.0,0
Note_000086,62,36750.0,2250.0,Left,INNER,1,0.787,0.787,False,0.414,15.0,0
Note_000087,81,36750.0,62.5,Right,MELODY,5,0.787,0.787,False,0.69,-10.0,0
Note_000088,80,37500.0,62.5,Right,MELODY,4,0.787,0.787,True,0.678,-5.0,0
Note_000089,37,38250.0,62.5,Left,BASS,5,0.787,0.787,True,0.184,-10.0,12
Note_000090,80,38250.0,62.5,Right,MELODY,4,0.787,0.787,True,0.678,-5.0,0
Note_000091,52,39000.0,750.0,Left,INNER,3,0.787,0.787,False,0.414,15.0,0
Note_000092,57,39000.0,750.0,Left,INNER,2,0.787,0.787,False,0.414,15.0,0
Note_000093,62,39000.0,750.0,Left,INNER,1,0.787,0.787,False,0.414,15.0,0
Note_000094,81,39000.0,62.5,Right,MELODY,5,0.787,0.787,False,0.69,-10.0,0
Note_000095,80,39750.0,62.5,Right,MELODY,4,0.787,0.787,True,0.678,-5.0,0
Note_000096,37,40500.0,62.5,Left,BASS,3,0.787,0.787,True,0.184,-0.0,0
Note_000097,81,40500.0,62.5,Right,MELODY,5,0.787,0.787,False,0.69,-10.0,0
Note_000098,80,41250.0,62.5,Right,MELODY,4,0.787,0.787,True,0.678,-5.0,0
Note_000099,52,42000.0,750.0,Left,INNER,3,0.787,0.787,False,0.414,15.0,0
Note_000100,57,42000.0,750.0,Left,INNER,2,0.787,0.787,False,0.414,15.0,0
Note_000101,62,42000.0,750.0,Left,INNER,1,0.787,0.787,False,0.414,15.0,0
Note_000102,81,42000.0,62.5,Right,MELODY,5,0.787,0.787,False,0.69,-10.0,0
Note_000103,80,42750.0,62.5,Right,MELODY,4,0.787,0.787,True,0.678,-5.0,0
Note_000104,37,43500.0,62.5,Left,BASS,3,0.787,0.787,True,0.184,-0.0,0
Note_000105,80,43500.0,62.5,Right,MELODY,4,0.787,0.787,True,0.678,-5.0,0
Note_000106,81,44250.0,62.5,Right,MELODY,5,0.787,0.787,False,0.69,-10.0,0
Note_000107,80,45000.0,62.5,Right,MELODY,4,0.787,0.787,True,0.678,-5.0,0
Note_000108,37,45750.0,62.5,Left,BASS,3,0.787,0.787,True,0.184,-0.0,0
Note_000109,80,45750.0,62.5,Right,MELODY,4,0.787,0.787,True,0.678,-5.0,0
Note_000110,81,46500.0,62.5,Right,MELODY,5,0.787,0.787,False,0.69,-10.0,0
Note_000111,54,47250.0,750.0,Left,INNER,3,0.787,0.787,True,0.444,15.0,0
Note_000112,60,47250.0,750.0,Left,INNER,2,0.787,0.787,False,0.444,15.0,0
Note_000113,65,47250.0,750.0,Left,INNER,1,0.787,0.787,False,0.444,15.0,0
Note_000114,80,47250.0,62.5,Right,MELODY,4,0.787,0.787,True,0.678,-5.0,0
Note_000115,37,48000.0,62.5,Left,BASS,3,0.787,0.787,True,0.184,-0.0,0
Note_000116,80,48000.0,62.5,Right,MELODY,4,0.787,0.787,True,0.678,-5.0,0
Note_000117,80,48750.0,62.5,Right,MELODY,4,0.787,0.787,True,0.678,-5.0,0
Note_000118,37,49500.0,62.5,Left,BASS,2,0.787,0.787,True,0.184,5.0,0
Note_000119,81,49500.0,62.5,Right,MELODY,5,0.787,0.787,False,0.69,-10.0,0
Note_000120,80,52500.0,62.5,Right,MELODY,4,0.787,0.787,True,0.678,-5.0,0
Note_000121,80,53250.0,62.5,Right,MELODY,4,0.787,0.787,True,0.678,-5.0,0
Note_000122,77,53812.5,187.5,Right,MELODY,2,0.787,0.787,False,0.644,5.0,0
Note_000123,43,54000.0,3000.0,Left,BASS,1,0.787,0.787,False,0.253,10.0,0
Note_000124,78,54000.0,3000.0,Right,INNER,3,0.787,0.787,True,0.672,-5.0,0
Note_000125,81,54000.0,62.5,Right,MELODY,4,0.787,0.787,False,0.672,-5.0,0
Note_000126,80,54750.0,62.5,Right,MELODY,2,0.787,0.787,True,0.678,5.0,0
Note_000127,37,55500.0,62.5,Left,BASS,2,0.787,0.787,True,0.184,5.0,0
Note_000128,80,55500.0,62.5,Right,MELODY,4,0.787,0.787,True,0.678,-5.0,0
Note_000129,81,56250.0,62.5,Right,MELODY,5,0.787,0.787,False,0.69,-10.0,0
Note_000130,43,57000.0,3000.0,Left,BASS,1,0.787,0.787,False,0.253,10.0,0
Note_000131,80,57000.0,62.5,Right,MELODY,4,0.787,0.787,True,0.678,-5.0,0
Note_000132,73,57562.5,187.5,Right,MELODY,2,0.787,0.787,True,0.598,5.0,0
Note_000133,37,57750.0,62.5,Left,BASS,3,0.787,0.787,True,0.184,-0.0,0
Note_000134,74,57750.0,750.0,Right,INNER,1,0.787,0.787,False,0.644,5.0,0
Note_000135,80,57750.0,62.5,Right,MELODY,4,0.787,0.787,True,0.644,5.0,0
Note_000136,71,58500.0,750.0,Right,INNER,1,0.787,0.787,False,0.632,5.0,0
Note_000137,81,58500.0,62.5,Right,MELODY,4,0.787,0.787,False,0.632,5.0,0
Note_000138,52,59250.0,750.0,Left,INNER,3,0.787,0.787,False,0.414,15.0,0
Note_000139,57,59250.0,750.0,Left,INNER,2,0.787,0.787,False,0.414,15.0,0
Note_000140,62,59250.0,750.0,Left,INNER,1,0.787,0.787,False,0.414,15.0,0
Note_000141,74,59250.0,3000.0,Right,INNER,2,0.787,0.787,False,0.644,0.0,0
Note_000142,80,59250.0,62.5,Right,MELODY,4,0.787,0.787,True,0.644,0.0,0
Note_000143,37,60000.0,62.5,Left,BASS,2,0.787,0.787,True,0.218,15.0,0
Note_000144,43,60000.0,3000.0,Left,INNER,1,0.787,0.787,False,0.218,15.0,0
Note_000145,80,60000.0,62.5,Right,MELODY,4,0.787,0.787,True,0.678,-5.0,0
Note_000146,52,60750.0,2250.0,Left,INNER,4,0.787,0.787,False,0.414,-0.0,0
Note_000147,57,60750.0,2250.0,Left,INNER,3,0.787,0.787,False,0.414,-0.0,0
Note_000148,62,60750.0,2250.0,Left,INNER,2,0.787,0.787,False,0.414,-0.0,0
Note_000149,81,60750.0,62.5,Right,MELODY,5,0.787,0.787,False,0.69,-10.0,0
Note_000150,80,61500.0,62.5,Right,MELODY,4,0.787,0.787,True,0.678,-5.0,0
Note_000151,37,62250.0,62.5,Left,BASS,5,0.787,0.787,True,0.184,-10.0,12
Note_000152,80,62250.0,62.5,Right,MELODY,4,0.787,0.787,True,0.678,-5.0,0
Note_000153,70,62812.5,187.5,Right,MELODY,2,0.787,0.787,True,0.563,5.0,0
Note_000154,43,63000.0,3000.0,Left,BASS,1,0.787,0.787,False,0.253,10.0,0
Note_000155,81,63000.0,62.5,Right,MELODY,4,0.787,0.787,False,0.69,-5.0,0
Note_000156,74,63750.0,750.0,Right,INNER,1,0.787,0.787,False,0.644,5.0,0
Note_000157,80,63750.0,62.5,Right,MELODY,4,0.787,0.787,True,0.644,5.0,0
Note_000158,37,64500.0,62.5,Left,BASS,5,0.787,0.787,True,0.184,-10.0,12
Note_000159,76,64500.0,750.0,Right,INNER,1,0.787,0.787,False,0.661,5.0,0
Note_000160,81,64500.0,62.5,Right,MELODY,4,0.787,0.787,False,0.661,5.0,0
Note_000161,78,65250.0,3750.0,Right,INNER,2,0.787,0.787,True,0.667,0.0,0
Note_000162,80,65250.0,62.5,Right,MELODY,4,0.787,0.787,True,0.667,0.0,0
Note_000163,48,66000.0,3000.0,Left,BASS,4,0.787,0.787,False,0.391,10.0,0
Note_000164,52,66000.0,750.0,Left,INNER,3,0.787,0.787,False,0.391,10.0,0
Note_000165,58,66000.0,750.0,Left,INNER,2,0.787,0.787,True,0.391,10.0,0
Note_000166,62,66000.0,750.0,Left,INNER,1,0.787,0.787,False,0.391,10.0,0
Note_000167,81,66000.0,62.5,Right,MELODY,4,0.787,0.787,False,0.69,-5.0,0
Note_000168,80,66750.0,62.5,Right,MELODY,2,0.787,0.787,True,0.678,5.0,0
Note_000169,37,67500.0,62.5,Left,BASS,5,0.787,0.787,True,0.184,-10.0,12
Note_000170,80,67500.0,62.5,Right,MELODY,4,0.787,0.787,True,0.678,-5.0,0
Note_000171,81,68250.0,62.5,Right,MELODY,5,0.787,0.787,False,0.69,-10.0,0
Note_000172,48,69000.0,3000.0,Left,BASS,1,0.787,0.787,False,0.31,10.0,0
Note_000173,80,69000.0,62.5,Right,MELODY,4,0.787,0.787,True,0.678,-5.0,0
Note_000174,73,69562.5,187.5,Right,MELODY,2,0.787,0.787,True,0.598,5.0,0
Note_000175,37,69750.0,62.5,Left,BASS,3,0.787,0.787,True,0.184,-0.0,0
Note_000176,74,69750.0,750.0,Right,INNER,1,0.787,0.787,False,0.644,5.0,0
Note_000177,80,69750.0,62.5,Right,MELODY,4,0.787,0.787,True,0.644,5.0,0
Note_000178,71,70500.0,750.0,Right,INNER,1,0.787,0.787,False,0.632,5.0,0
Note_000179,81,70500.0,62.5,Right,MELODY,4,0.787,0.787,False,0.632,5.0,0
Note_000180,52,71250.0,750.0,Left,INNER,3,0.787,0.787,False,0.418,15.0,0
Note_000181,58,71250.0,750.0,Left,INNER,2,0.787,0.787,True,0.418,15.0,0
Note_000182,62,71250.0,750.0,Left,INNER,1,0.787,0.787,False,0.418,15.0,0
Note_000183,74,71250.0,3750.0,Right,INNER,2,0.787,0.787,False,0.644,0.0,0
Note_000184,80,71250.0,62.5,Right,MELODY,4,0.787,0.787,True,0.644,0.0,0
Note_000185,37,72000.0,62.5,Left,BASS,2,0.787,0.787,True,0.247,15.0,0
Note_000186,48,72000.0,3000.0,Left,INNER,1,0.787,0.787,False,0.247,15.0,0
Note_000187,80,72000.0,62.5,Right,MELODY,4,0.787,0.787,True,0.678,-5.0,0
Note_000188,52,72750.0,2250.0,Left,INNER,5,0.787,0.787,False,0.418,-5.0,0
Note_000189,58,72750.0,2250.0,Left,INNER,3,0.787,0.787,True,0.418,-5.0,0
Note_000190,62,72750.0,2250.0,Left,INNER,2,0.787,0.787,False,0.418,-5.0,0
Note_000191,81,72750.0,62.5,Right,MELODY,5,0.787,0.787,False,0.69,-10.0,0
Note_000192,80,73500.0,62.5,Right,MELODY,4,0.787,0.787,True,0.678,-5.0,0
Note_000193,37,74250.0,62.5,Left,BASS,1,0.787,0.787,True,0.184,10.0,-12
Note_000194,80,74250.0,62.5,Right,MELODY,4,0.787,0.787,True,0.678,-5.0,0
Note_000195,48,75000.0,3000.0,Left,BASS,4,0.787,0.787,False,0.391,10.0,0
Note_000196,52,75000.0,750.0,Left,INNER,3,0.787,0.787,False,0.391,10.0,0
Note_000197,58,75000.0,750.0,Left,INNER,2,0.787,0.787,True,0.391,10.0,0
Note_000198,62,75000.0,750.0,Left,INNER,1,0.787,0.787,False,0.391,10.0,0
Note_000199,81,75000.0,62.5,Right,MELODY,5,0.787,0.787,False,0.69,-10.0,0
Note_000200,73,75562.5,187.5,Right,MELODY,2,0.787,0.787,True,0.598,5.0,0
Note_000201,74,75750.0,1125.0,Right,INNER,2,0.787,0.787,False,0.644,0.0,0
Note_000202,80,75750.0,62.5,Right,MELODY,4,0.787,0.787,True,0.644,0.0,0
Note_000203,37,76500.0,62.5,Left,BASS,5,0.787,0.787,True,0.184,-10.0,12
Note_000204,81,76500.0,62.5,Right,MELODY,4,0.787,0.787,False,0.69,-5.0,0
Note_000205,73,76875.0,1125.0,Right,MELODY,2,0.787,0.787,True,0.598,5.0,0
Note_000206,80,77250.0,62.5,Right,MELODY,4,0.787,0.787,True,0.678,-5.0,0
Note_000207,45,78000.0,3000.0,Left,BASS,5,0.787,0.787,False,0.388,5.0,0
Note_000208,55,78000.0,750.0,Left,INNER,3,0.787,0.787,False,0.388,5.0,0
Note_000209,59,78000.0,750.0,Left,INNER,2,0.787,0.787,False,0.388,5.0,0
Note_000210,60,78000.0,750.0,Left,INNER,1,0.787,0.787,False,0.388,5.0,0
Note_000211,72,78000.0,2250.0,Right,INNER,1,0.787,0.787,False,0.638,5.0,0
Note_000212,81,78000.0,62.5,Right,MELODY,4,0.787,0.787,False,0.638,5.0,0
Note_000213,80,78750.0,62.5,Right,MELODY,4,0.787,0.787,True,0.678,-5.0,0
Note_000214,37,79500.0,62.5,Left,BASS,1,0.787,0.787,True,0.184,10.0,-12
Note_000215,80,79500.0,62.5,Right,MELODY,4,0.787,0.787,True,0.678,-5.0,0
Note_000216,81,80250.0,62.5,Right,MELODY,5,0.787,0.787,False,0.69,-10.0,0
Note_000217,71,80812.5,187.5,Right,MELODY,4,0.787,0.787,False,0.575,-5.0,0
Note_000218,45,81000.0,3000.0,Left,BASS,2,0.787,0.787,False,0.276,5.0,0
Note_000219,72,81000.0,750.0,Right,INNER,1,0.787,0.787,False,0.632,15.0,0
Note_000220,80,81000.0,62.5,Right,MELODY,2,0.787,0.787,True,0.632,15.0,0
Note_000221,37,81750.0,62.5,Left,BASS,3,0.787,0.787,True,0.184,-0.0,0
Note_000222,76,81750.0,750.0,Right,INNER,1,0.787,0.787,False,0.655,5.0,0
Note_000223,80,81750.0,62.5,Right,MELODY,4,0.787,0.787,True,0.655,5.0,0
Note_000224,79,82500.0,750.0,Right,INNER,1,0.787,0.787,False,0.678,5.0,0
Note_000225,81,82500.0,62.5,Right,MELODY,4,0.787,0.787,False,0.678,5.0,0
Note_000226,54,83250.0,750.0,Left,INNER,3,0.787,0.787,True,0.421,15.0,0
Note_000227,59,83250.0,750.0,Left,INNER,2,0.787,0.787,False,0.421,15.0,0
Note_000228,60,83250.0,750.0,Left,INNER,1,0.787,0.787,False,0.421,15.0,0
Note_000229,78,83250.0,1500.0,Right,INNER,3,0.787,0.787,True,0.667,-5.0,0
Note_000230,80,83250.0,62.5,Right,MELODY,4,0.787,0.787,True,0.667,-5.0,0
Note_000231,37,84000.0,62.5,Left,BASS,3,0.787,0.787,True,0.259,10.0,0
Note_000232,50,84000.0,3000.0,Left,INNER,1,0.787,0.787,False,0.259,10.0,0
Note_000233,80,84000.0,62.5,Right,MELODY,2,0.787,0.787,True,0.678,5.0,0
Note_000234,54,84750.0,2250.0,Left,INNER,4,0.787,0.787,True,0.421,-0.0,0
Note_000235,59,84750.0,2250.0,Left,INNER,3,0.787,0.787,False,0.421,-0.0,0
Note_000236,60,84750.0,2250.0,Left,INNER,2,0.787,0.787,False,0.421,-0.0,0
Note_000237,81,84750.0,62.5,Right,MELODY,4,0.787,0.787,False,0.69,-5.0,0
Note_000238,74,85500.0,750.0,Right,INNER,1,0.787,0.787,False,0.644,5.0,0
Note_000239,80,85500.0,62.5,Right,MELODY,4,0.787,0.787,True,0.644,5.0,0
Note_000240,37,86250.0,62.5,Left,BASS,5,0.787,0.787,True,0.184,-10.0,12
Note_000241,69,86250.0,750.0,Right,INNER,2,0.787,0.787,False,0.615,-5.0,-12
Note_000242,80,86250.0,62.5,Right,MELODY,5,0.787,0.787,True,0.615,-5.0,-12
Note_000243,50,87000.0,3000.0,Left,BASS,4,0.787,0.787,False,0.399,10.0,0
Note_000244,54,87000.0,750.0,Left,INNER,3,0.787,0.787,True,0.399,10.0,0
Note_000245,59,87000.0,750.0,Left,INNER,2,0.787,0.787,False,0.399,10.0,0
Note_000246,60,87000.0,750.0,Left,INNER,1,0.787,0.787,False,0.399,10.0,0
Note_000247,81,87000.0,62.5,Right,MELODY,5,0.787,0.787,False,0.69,-10.0,0
Note_000248,80,87750.0,62.5,Right,MELODY,4,0.787,0.787,True,0.678,-5.0,0
Note_000249,37,88500.0,62.5,Left,BASS,5,0.787,0.787,True,0.184,-10.0,12
Note_000250,74,88500.0,750.0,Right,INNER,1,0.787,0.787,False,0.649,5.0,0
Note_000251,81,88500.0,62.5,Right,MELODY,4,0.787,0.787,False,0.649,5.0,0
Note_000252,71,89250.0,750.0,Right,INNER,2,0.787,0.787,False,0.626,0.0,0
Note_000253,80,89250.0,62.5,Right,MELODY,4,0.787,0.787,True,0.626,0.0,0
Note_000254,43,90000.0,3000.0,Left,BASS,1,0.787,0.787,False,0.253,10.0,0
Note_000255,81,90000.0,62.5,Right,MELODY,4,0.787,0.787,False,0.69,-5.0,0
Note_000256,80,90750.0,62.5,Right,MELODY,2,0.787,0.787,True,0.678,5.0,0
Note_000257,37,91500.0,62.5,Left,BASS,2,0.787,0.787,True,0.184,5.0,0
Note_000258,80,91500.0,62.5,Right,MELODY,4,0.787,0.787,True,0.678,-5.0,0
Note_000259,81,92250.0,62.5,Right,MELODY,5,0.787,0.787,False,0.69,-10.0,0
Note_000260,43,93000.0,3000.0,Left,BASS,1,0.787,0.787,False,0.253,10.0,0
Note_000261,80,93000.0,62.5,Right,MELODY,4,0.787,0.787,True,0.678,-5.0,0
Note_000262,37,93750.0,62.5,Left,BASS,3,0.787,0.787,True,0.184,-0.0,0
Note_000263,80,93750.0,62.5,Right,MELODY,4,0.787,0.787,True,0.678,-5.0,0
Note_000264,81,94500.0,62.5,Right,MELODY,5,0.787,0.787,False,0.69,-10.0,0
Note_000265,54,95250.0,750.0,Left,INNER,3,0.787,0.787,True,0.444,15.0,0
Note_000266,60,95250.0,750.0,Left,INNER,2,0.787,0.787,False,0.444,15.0,0
Note_000267,65,95250.0,750.0,Left,INNER,1,0.787,0.787,False,0.444,15.0,0
Note_000268,80,95250.0,62.5,Right,MELODY,4,0.787,0.787,True,0.678,-5.0,0
Note_000269,37,96000.0,62.5,Left,BASS,2,0.787,0.787,True,0.224,15.0,-12
Note_000270,44,96000.0,3000.0,Left,INNER,1,0.787,0.787,True,0.224,15.0,-12
Note_000271,80,96000.0,62.5,Right,MELODY,4,0.787,0.787,True,0.678,-5.0,0
Note_000272,54,96750.0,2250.0,Left,INNER,5,0.787,0.787,True,0.444,-5.0,12
Note_000273,60,96750.0,2250.0,Left,INNER,3,0.787,0.787,False,0.444,-5.0,12
Note_000274,65,96750.0,2250.0,Left,INNER,2,0.787,0.787,False,0.444,-5.0,12
Note_000275,81,96750.0,62.5,Right,MELODY,5,0.787,0.787,False,0.69,-10.0,0
Note_000276,80,97500.0,62.5,Right,MELODY,4,0.787,0.787,True,0.678,-5.0,0
Note_000277,37,98250.0,62.5,Left,BASS,1,0.787,0.787,True,0.184,10.0,-12
Note_000278,80,98250.0,62.5,Right,MELODY,4,0.787,0.787,True,0.678,-5.0,0
Note_000279,44,99000.0,3000.0,Left,BASS,2,0.787,0.787,True,0.264,5.0,0
Note_000280,81,99000.0,62.5,Right,MELODY,5,0.787,0.787,False,0.69,-10.0,0
Note_000281,80,99750.0,62.5,Right,MELODY,4,0.787,0.787,True,0.678,-5.0,0
Note_000282,37,100500.0,62.5,Left,BASS,3,0.787,0.787,True,0.184,-0.0,0
Note_000283,81,100500.0,62.5,Right,MELODY,5,0.787,0.787,False,0.69,-10.0,0
Note_000284,80,101250.0,62.5,Right,MELODY,4,0.787,0.787,True,0.678,-5.0,0
Note_000285,77,101812.5,187.5,Right,MELODY,2,0.787,0.787,False,0.644,5.0,0
Note_000286,43,102000.0,3000.0,Left,BASS,1,0.787,0.787,False,0.253,10.0,0
Note_000287,78,102000.0,3000.0,Right,INNER,3,0.787,0.787,True,0.672,-5.0,0
Note_000288,81,102000.0,62.5,Right,MELODY,4,0.787,0.787,False,0.672,-5.0,0
Note_000289,80,102750.0,62.5,Right,MELODY,2,0.787,0.787,True,0.678,5.0,0
Note_000290,37,103500.0,62.5,Left,BASS,2,0.787,0.787,True,0.184,5.0,0
Note_000291,80,103500.0,62.5,Right,MELODY,4,0.787,0.787,True,0.678,-5.0,0
Note_000292,81,104250.0,62.5,Right,MELODY,5,0.787,0.787,False,0.69,-10.0,0
Note_000293,43,105000.0,3000.0,Left,BASS,1,0.787,0.787,False,0.253,10.0,0
Note_000294,80,105000.0,62.5,Right,MELODY,4,0.787,0.787,True,0.678,-5.0,0
Note_000295,73,105562.5,187.5,Right,MELODY,2,0.787,0.787,True,0.598,5.0,0
Note_000296,37,105750.0,62.5,Left,BASS,3,0.787,0.787,True,0.184,-0.0,0
Note_000297,74,105750.0,750.0,Right,INNER,1,0.787,0.787,False,0.644,5.0,0
Note_000298,80,105750.0,62.5,Right,MELODY,4,0.787,0.787,True,0.644,5.0,0
Note_000299,71,106500.0,750.0,Right,INNER,1,0.787,0.787,False,0.632,5.0,0
Note_000300,81,106500.0,62.5,Right,MELODY,4,0.787,0.787,False,0.632,5.0,0
Note_000301,52,107250.0,750.0,Left,INNER,3,0.787,0.787,False,0.414,15.0,0
Note_000302,57,107250.0,750.0,Left,INNER,2,0.787,0.787,False,0.414,15.0,0
Note_000303,62,107250.0,750.0,Left,INNER,1,0.787,0.787,False,0.414,15.0,0
Note_000304,74,107250.0,3000.0,Right,INNER,2,0.787,0.787,False,0.644,0.0,0
Note_000305,80,107250.0,62.5,Right,MELODY,4,0.787,0.787,True,0.644,0.0,0
Note_000306,37,108000.0,62.5,Left,BASS,2,0.787,0.787,True,0.218,15.0,0
Note_000307,43,108000.0,3000.0,Left,INNER,1,0.787,0.787,False,0.218,15.0,0
Note_000308,80,108000.0,62.5,Right,MELODY,4,0.787,0.787,True,0.678,-5.0,0
Note_000309,52,108750.0,2250.0,Left,INNER,4,0.787,0.787,False,0.414,-0.0,0
Note_000310,57,108750.0,2250.0,Left,INNER,3,0.787,0.787,False,0.414,-0.0,0
Note_000311,62,108750.0,2250.0,Left,INNER,2,0.787,0.787,False,0.414,-0.0,0
Note_000312,81,108750.0,62.5,Right,MELODY,5,0.787,0.787,False,0.69,-10.0,0
Note_000313,80,109500.0,62.5,Right,MELODY,4,0.787,0.787,True,0.678,-5.0,0
Note_000314,37,110250.0,62.5,Left,BASS,5,0.787,0.787,True,0.184,-10.0,12
Note_000315,80,110250.0,62.5,Right,MELODY,4,0.787,0.787,True,0.678,-5.0,0
Note_000316,70,110812.5,187.5,Right,MELODY,2,0.787,0.787,True,0.563,5.0,0
Note_000317,43,111000.0,3000.0,Left,BASS,1,0.787,0.787,False,0.253,10.0,0
Note_000318,81,111000.0,62.5,Right,MELODY,4,0.787,0.787,False,0.69,-5.0,0
Note_000319,74,111750.0,750.0,Right,INNER,1,0.787,0.787,False,0.644,5.0,0
Note_000320,80,111750.0,62.5,Right,MELODY,4,0.787,0.787,True,0.644,5.0,0
Note_000321,37,112500.0,62.5,Left,BASS,5,0.787,0.787,True,0.184,-10.0,12
Note_000322,76,112500.0,750.0,Right,INNER,1,0.787,0.787,False,0.661,5.0,0
Note_000323,81,112500.0,62.5,Right,MELODY,4,0.787,0.787,False,0.661,5.0,0
Note_000324,78,113250.0,3750.0,Right,INNER,2,0.787,0.787,True,0.667,0.0,0
Note_000325,80,113250.0,62.5,Right,MELODY,4,0.787,0.787,True,0.667,0.0,0
Note_000326,48,114000.0,3000.0,Left,BASS,4,0.787,0.787,False,0.391,10.0,0
Note_000327,52,114000.0,750.0,Left,INNER,3,0.787,0.787,False,0.391,10.0,0
Note_000328,58,114000.0,750.0,Left,INNER,2,0.787,0.787,True,0.391,10.0,0
Note_000329,62,114000.0,750.0,Left,INNER,1,0.787,0.787,False,0.391,10.0,0
Note_000330,81,114000.0,62.5,Right,MELODY,4,0.787,0.787,False,0.69,-5.0,0
Note_000331,80,114750.0,62.5,Right,MELODY,2,0.787,0.787,True,0.678,5.0,0
Note_000332,37,115500.0,62.5,Left,BASS,5,0.787,0.787,True,0.184,-10.0,12
Note_000333,80,115500.0,62.5,Right,MELODY,4,0.787,0.787,True,0.678,-5.0,0
Note_000334,81,116250.0,62.5,Right,MELODY,5,0.787,0.787,False,0.69,-10.0,0
Note_000335,48,117000.0,3000.0,Left,BASS,1,0.787,0.787,False,0.31,10.0,0
Note_000336,80,117000.0,62.5,Right,MELODY,4,0.787,0.787,True,0.678,-5.0,0
Note_000337,78,117562.5,187.5,Right,MELODY,3,0.787,0.787,True,0.655,0.0,0
Note_000338,37,117750.0,62.5,Left,BASS,5,0.787,0.787,True,0.184,-10.0,12
Note_000339,79,117750.0,750.0,Right,INNER,1,0.787,0.787,False,0.672,10.0,0
Note_000340,80,117750.0,62.5,Right,MELODY,3,0.787,0.787,True,0.672,10.0,0
Note_000341,78,118500.0,750.0,Right,INNER,2,0.787,0.787,True,0.672,5.0,0
Note_000342,81,118500.0,62.5,Right,MELODY,3,0.787,0.787,False,0.672,5.0,0
Note_000343,50,119250.0,750.0,Left,INNER,5,0.787,0.787,False,0.402,-5.0,0
Note_000344,57,119250.0,750.0,Left,INNER,3,0.787,0.787,False,0.402,-5.0,0
Note_000345,61,119250.0,750.0,Left,INNER,2,0.787,0.787,True,0.402,-5.0,0
Note_000346,76,119250.0,3750.0,Right,INNER,1,0.787,0.787,False,0.655,15.0,0
Note_000347,80,119250.0,62.5,Right,MELODY,2,0.787,0.787,True,0.655,15.0,0
Note_000348,37,120000.0,62.5,Left,BASS,2,0.787,0.787,True,0.241,15.0,0
Note_000349,47,120000.0,3000.0,Left,INNER,1,0.787,0.787,False,0.241,15.0,0
Note_000350,80,120000.0,62.5,Right,MELODY,4,0.787,0.787,True,0.678,-5.0,0
Note_000351,50,120750.0,2250.0,Left,INNER,5,0.787,0.787,False,0.402,-5.0,0
Note_000352,57,120750.0,2250.0,Left,INNER,3,0.787,0.787,False,0.402,-5.0,0
Note_000353,61,120750.0,2250.0,Left,INNER,2,0.787,0.787,True,0.402,-5.0,0
Note_000354,81,120750.0,62.5,Right,MELODY,5,0.787,0.787,False,0.69,-10.0,0
Note_000355,80,121500.0,62.5,Right,MELODY,4,0.787,0.787,True,0.678,-5.0,0
Note_000356,37,122250.0,62.5,Left,BASS,1,0.787,0.787,True,0.184,10.0,-12
Note_000357,80,122250.0,62.5,Right,MELODY,4,0.787,0.787,True,0.678,-5.0,0
Note_000358,40,123000.0,3000.0,Left,BASS,2,0.787,0.787,False,0.218,5.0,0
Note_000359,81,123000.0,62.5,Right,MELODY,5,0.787,0.787,False,0.69,-10.0,0
Note_000360,75,123562.5,187.5,Right,MELODY,2,0.787,0.787,True,0.621,5.0,0
Note_000361,76,123750.0,750.0,Right,INNER,1,0.787,0.787,False,0.655,5.0,0
Note_000362,80,123750.0,62.5,Right,MELODY,4,0.787,0.787,True,0.655,5.0,0
Note_000363,37,124500.0,62.5,Left,BASS,3,0.787,0.787,True,0.184,-0.0,0
Note_000364,79,124500.0,750.0,Right,INNER,1,0.787,0.787,False,0.678,5.0,0
Note_000365,81,124500.0,62.5,Right,MELODY,4,0.787,0.787,False,0.678,5.0,0
Note_000366,80,125250.0,62.5,Right,INNER,2,0.787,0.787,True,0.684,0.0,0
Note_000367,81,125250.0,750.0,Right,MELODY,4,0.787,0.787,False,0.684,0.0,0
Note_000368,45,126000.0,3000.0,Left,BASS,1,0.787,0.787,False,0.276,10.0,0
Note_000369,81,126000.0,62.5,Right,INNER,2,0.787,0.787,False,0.701,0.0,0
Note_000370,83,126000.0,6000.0,Right,MELODY,4,0.787,0.787,False,0.701,0.0,0
Note_000371,80,126750.0,62.5,Right,MELODY,2,0.787,0.787,True,0.678,5.0,0
Note_000372,37,127500.0,62.5,Left,BASS,2,0.787,0.787,True,0.184,5.0,0
Note_000373,80,127500.0,62.5,Right,MELODY,4,0.787,0.787,True,0.678,-5.0,0
Note_000374,81,128250.0,62.5,Right,MELODY,5,0.787,0.787,False,0.69,-10.0,0
Note_000375,45,129000.0,3000.0,Left,BASS,1,0.787,0.787,False,0.276,10.0,0
Note_000376,80,129000.0,62.5,Right,MELODY,4,0.787,0.787,True,0.678,-5.0,0
Note_000377,37,129750.0,62.5,Left,BASS,3,0.787,0.787,True,0.184,-0.0,0
Note_000378,80,129750.0,62.5,Right,MELODY,4,0.787,0.787,True,0.678,-5.0,0
Note_000379,81,130500.0,62.5,Right,MELODY,5,0.787,0.787,False,0.69,-10.0,0
Note_000380,54,131250.0,750.0,Left,INNER,3,0.787,0.787,True,0.444,15.0,0
Note_000381,60,131250.0,750.0,Left,INNER,2,0.787,0.787,False,0.444,15.0,0
Note_000382,65,131250.0,750.0,Left,INNER,1,0.787,0.787,False,0.444,15.0,0
Note_000383,80,131250.0,62.5,Right,MELODY,4,0.787,0.787,True,0.678,-5.0,0
Note_000384,37,132000.0,62.5,Left,BASS,3,0.787,0.787,True,0.259,10.0,0
Note_000385,50,132000.0,3000.0,Left,INNER,1,0.787,0.787,False,0.259,10.0,0
Note_000386,80,132000.0,62.5,Right,MELODY,4,0.787,0.787,True,0.678,-5.0,0
Note_000387,54,132750.0,2250.0,Left,INNER,5,0.787,0.787,True,0.444,-5.0,12
Note_000388,60,132750.0,2250.0,Left,INNER,3,0.787,0.787,False,0.444,-5.0,12
Note_000389,65,132750.0,2250.0,Left,INNER,2,0.787,0.787,False,0.444,-5.0,12
Note_000390,81,132750.0,62.5,Right,MELODY,5,0.787,0.787,False,0.69,-10.0,0
Note_000391,80,133500.0,62.5,Right,MELODY,2,0.787,0.787,True,0.678,5.0,0
Note_000392,81,134062.5,187.5,Right,MELODY,4,0.787,0.787,False,0.69,-5.0,0
Note_000393,37,134250.0,62.5,Left,BASS,1,0.787,0.787,True,0.184,10.0,-12
Note_000394,80,134250.0,62.5,Right,INNER,1,0.787,0.787,True,0.69,5.0,12
Note_000395,82,134250.0,750.0,Right,MELODY,4,0.787,0.787,True,0.69,5.0,12
Note_000396,50,135000.0,3000.0,Left,BASS,4,0.787,0.787,False,0.417,10.0,0
Note_000397,54,135000.0,750.0,Left,INNER,3,0.787,0.787,True,0.417,10.0,0
Note_000398,60,135000.0,750.0,Left,INNER,2,0.787,0.787,False,0.417,10.0,0
Note_000399,65,135000.0,750.0,Left,INNER,1,0.787,0.787,False,0.417,10.0,0
Note_000400,78,135000.0,750.0,Right,INNER,1,0.787,0.787,True,0.672,5.0,12
Note_000401,81,135000.0,62.5,Right,MELODY,4,0.787,0.787,False,0.672,5.0,12
Note_000402,74,135750.0,750.0,Right,INNER,1,0.787,0.787,False,0.644,5.0,0
Note_000403,80,135750.0,62.5,Right,MELODY,4,0.787,0.787,True,0.644,5.0,0
Note_000404,37,136500.0,62.5,Left,BASS,5,0.787,0.787,True,0.184,-10.0,12
Note_000405,76,136500.0,750.0,Right,INNER,1,0.787,0.787,False,0.661,5.0,0
Note_000406,81,136500.0,62.5,Right,MELODY,4,0.787,0.787,False,0.661,5.0,0
Note_000407,78,137250.0,6750.0,Right,INNER,2,0.787,0.787,True,0.667,0.0,0
Note_000408,80,137250.0,62.5,Right,MELODY,4,0.787,0.787,True,0.667,0.0,0
Note_000409,43,138000.0,3000.0,Left,BASS,1,0.787,0.787,False,0.253,10.0,0
Note_000410,81,138000.0,62.5,Right,MELODY,4,0.787,0.787,False,0.69,-5.0,0
Note_000411,80,138750.0,62.5,Right,MELODY,2,0.787,0.787,True,0.678,5.0,0
Note_000412,37,139500.0,62.5,Left,BASS,2,0.787,0.787,True,0.184,5.0,0
Note_000413,80,139500.0,62.5,Right,MELODY,4,0.787,0.787,True,0.678,-5.0,0
Note_000414,81,140250.0,62.5,Right,MELODY,5,0.787,0.787,False,0.69,-10.0,0
Note_000415,43,141000.0,3000.0,Left,BASS,1,0.787,0.787,False,0.253,10.0,0
Note_000416,80,141000.0,62.5,Right,MELODY,4,0.787,0.787,True,0.678,-5.0,0
Note_000417,37,141750.0,62.5,Left,BASS,3,0.787,0.787,True,0.184,-0.0,0
Note_000418,80,141750.0,62.5,Right,MELODY,4,0.787,0.787,True,0.678,-5.0,0
Note_000419,81,142500.0,62.5,Right,MELODY,5,0.787,0.787,False,0.69,-10.0,0
Note_000420,54,143250.0,750.0,Left,INNER,3,0.787,0.787,True,0.444,15.0,0
Note_000421,60,143250.0,750.0,Left,INNER,2,0.787,0.787,False,0.444,15.0,0
Note_000422,65,143250.0,750.0,Left,INNER,1,0.787,0.787,False,0.444,15.0,0
Note_000423,80,143250.0,62.5,Right,MELODY,4,0.787,0.787,True,0.678,-5.0,0
Note_000424,37,144000.0,62.5,Left,BASS,2,0.787,0.787,True,0.224,15.0,-12
Note_000425,44,144000.0,3000.0,Left,INNER,1,0.787,0.787,True,0.224,15.0,-12
Note_000426,80,144000.0,62.5,Right,MELODY,4,0.787,0.787,True,0.678,-5.0,0
Note_000427,54,144750.0,2250.0,Left,INNER,5,0.787,0.787,True,0.444,-5.0,12
Note_000428,60,144750.0,2250.0,Left,INNER,3,0.787,0.787,False,0.444,-5.0,12
Note_000429,65,144750.0,2250.0,Left,INNER,2,0.787,0.787,False,0.444,-5.0,12
Note_000430,81,144750.0,62.5,Right,MELODY,5,0.787,0.787,False,0.69,-10.0,0
Note_000431,80,145500.0,62.5,Right,MELODY,4,0.787,0.787,True,0.678,-5.0,0
Note_000432,37,146250.0,62.5,Left,BASS,1,0.787,0.787,True,0.184,10.0,-12
Note_000433,80,146250.0,62.5,Right,MELODY,4,0.787,0.787,True,0.678,-5.0,0
Note_000434,44,147000.0,3000.0,Left,BASS,2,0.787,0.787,True,0.264,5.0,0
Note_000435,81,147000.0,62.5,Right,MELODY,5,0.787,0.787,False,0.69,-10.0,0
Note_000436,80,147750.0,62.5,Right,MELODY,4,0.787,0.787,True,0.678,-5.0,0
Note_000437,37,148500.0,62.5,Left,BASS,3,0.787,0.787,True,0.184,-0.0,0
Note_000438,81,148500.0,62.5,Right,MELODY,5,0.787,0.787,False,0.69,-10.0,0
Note_000439,80,149250.0,62.5,Right,MELODY,4,0.787,0.787,True,0.678,-5.0,0
Note_000440,77,149812.5,187.5,Right,MELODY,2,0.787,0.787,False,0.644,5.0,0
Note_000441,43,150000.0,3000.0,Left,BASS,1,0.787,0.787,False,0.253,10.0,0
Note_000442,78,150000.0,3000.0,Right,INNER,3,0.787,0.787,True,0.672,-5.0,0
Note_000443,81,150000.0,62.5,Right,MELODY,4,0.787,0.787,False,0.672,-5.0,0
Note_000444,80,150750.0,62.5,Right,MELODY,2,0.787,0.787,True,0.678,5.0,0
Note_000445,37,151500.0,62.5,Left,BASS,2,0.787,0.787,True,0.184,5.0,0
Note_000446,80,151500.0,62.5,Right,MELODY,4,0.787,0.787,True,0.678,-5.0,0
Note_000447,81,152250.0,62.5,Right,MELODY,5,0.787,0.787,False,0.69,-10.0,0
Note_000448,43,153000.0,3000.0,Left,BASS,1,0.787,0.787,False,0.253,10.0,0
Note_000449,80,153000.0,62.5,Right,MELODY,4,0.787,0.787,True,0.678,-5.0,0
Note_000450,73,153562.5,187.5,Right,MELODY,2,0.787,0.787,True,0.598,5.0,0
Note_000451,37,153750.0,62.5,Left,BASS,3,0.787,0.787,True,0.184,-0.0,0
Note_000452,74,153750.0,750.0,Right,INNER,1,0.787,0.787,False,0.644,5.0,0
Note_000453,80,153750.0,62.5,Right,MELODY,4,0.787,0.787,True,0.644,5.0,0
Note_000454,71,154500.0,750.0,Right,INNER,1,0.787,0.787,False,0.632,5.0,0
Note_000455,81,154500.0,62.5,Right,MELODY,4,0.787,0.787,False,0.632,5.0,0
Note_000456,52,155250.0,750.0,Left,INNER,3,0.787,0.787,False,0.414,15.0,0
Note_000457,57,155250.0,750.0,Left,INNER,2,0.787,0.787,False,0.414,15.0,0
Note_000458,62,155250.0,750.0,Left,INNER,1,0.787,0.787,False,0.414,15.0,0
Note_000459,74,155250.0,3000.0,Right,INNER,2,0.787,0.787,False,0.644,0.0,0
Note_000460,80,155250.0,62.5,Right,MELODY,4,0.787,0.787,True,0.644,0.0,0
Note_000461,37,156000.0,62.5,Left,BASS,2,0.787,0.787,True,0.218,15.0,0
Note_000462,43,156000.0,3000.0,Left,INNER,1,0.787,0.787,False,0.218,15.0,0
Note_000463,80,156000.0,62.5,Right,MELODY,4,0.787,0.787,True,0.678,-5.0,0
Note_000464,52,156750.0,2250.0,Left,INNER,4,0.787,0.787,False,0.414,-0.0,0
Note_000465,57,156750.0,2250.0,Left,INNER,3,0.787,0.787,False,0.414,-0.0,0
Note_000466,62,156750.0,2250.0,Left,INNER,2,0.787,0.787,False,0.414,-0.0,0
Note_000467,81,156750.0,62.5,Right,MELODY,5,0.787,0.787,False,0.69,-10.0,0
Note_000468,80,157500.0,62.5,Right,MELODY,4,0.787,0.787,True,0.678,-5.0,0
Note_000469,37,158250.0,62.5,Left,BASS,5,0.787,0.787,True,0.184,-10.0,12
Note_000470,80,158250.0,62.5,Right,MELODY,4,0.787,0.787,True,0.678,-5.0,0
Note_000471,70,158812.5,187.5,Right,MELODY,2,0.787,0.787,True,0.563,5.0,0
Note_000472,43,159000.0,3000.0,Left,BASS,1,0.787,0.787,False,0.253,10.0,0
Note_000473,81,159000.0,62.5,Right,MELODY,4,0.787,0.787,False,0.69,-5.0,0
Note_000474,74,159750.0,750.0,Right,INNER,1,0.787,0.787,False,0.644,5.0,0
Note_000475,80,159750.0,62.5,Right,MELODY,4,0.787,0.787,True,0.644,5.0,0
Note_000476,37,160500.0,62.5,Left,BASS,5,0.787,0.787,True,0.184,-10.0,12
Note_000477,76,160500.0,750.0,Right,INNER,1,0.787,0.787,False,0.661,5.0,0
Note_000478,81,160500.0,62.5,Right,MELODY,4,0.787,0.787,False,0.661,5.0,0
Note_000479,78,161250.0,3750.0,Right,INNER,2,0.787,0.787,True,0.667,0.0,0
Note_000480,80,161250.0,62.5,Right,MELODY,4,0.787,0.787,True,0.667,0.0,0
Note_000481,48,162000.0,3000.0,Left,BASS,5,0.787,0.787,False,0.391,-0.0,-12
Note_000482,48,162000.0,12000.0,Left,INNER,4,0.787,0.787,False,0.391,-0.0,-12
Note_000483,52,162000.0,750.0,Left,INNER,3,0.787,0.787,False,0.391,-0.0,-12
Note_000484,52,162000.0,12000.0,Left,INNER,2,0.787,0.787,False,0.391,-0.0,-12
Note_000485,58,162000.0,750.0,Left,INNER,1,0.787,0.787,True,0.391,-0.0,-12
Note_000486,58,162000.0,12000.0,Left,INNER,0,0.787,0.787,True,0.391,-0.0,-12
Note_000487,62,162000.0,750.0,Left,INNER,0,0.787,0.787,False,0.391,-0.0,-12
Note_000488,62,162000.0,12000.0,Left,INNER,0,0.787,0.787,False,0.391,-0.0,-12
Note_000489,81,162000.0,62.5,Right,MELODY,4,0.787,0.787,False,0.69,-5.0,0
Note_000490,80,162750.0,62.5,Right,MELODY,2,0.787,0.787,True,0.678,5.0,0
Note_000491,37,163500.0,62.5,Left,BASS,1,0.787,0.787,True,0.184,10.0,-12
Note_000492,80,163500.0,62.5,Right,MELODY,4,0.787,0.787,True,0.678,-5.0,0
Note_000493,81,164250.0,62.5,Right,MELODY,5,0.787,0.787,False,0.69,-10.0,0
Note_000494,48,165000.0,3000.0,Left,BASS,2,0.787,0.787,False,0.31,5.0,0
Note_000495,80,165000.0,62.5,Right,MELODY,4,0.787,0.787,True,0.678,-5.0,0
Note_000496,73,165562.5,187.5,Right,MELODY,2,0.787,0.787,True,0.598,5.0,0
Note_000497,37,165750.0,62.5,Left,BASS,3,0.787,0.787,True,0.184,-0.0,0
Note_000498,74,165750.0,750.0,Right,INNER,1,0.787,0.787,False,0.644,5.0,0
Note_000499,80,165750.0,62.5,Right,MELODY,4,0.787,0.787,True,0.644,5.0,0
Note_000500,71,166500.0,750.0,Right,INNER,1,0.787,0.787,False,0.632,5.0,0
Note_000501,81,166500.0,62.5,Right,MELODY,4,0.787,0.787,False,0.632,5.0,0
Note_000502,52,167250.0,750.0,Left,INNER,3,0.787,0.787,False,0.418,15.0,0
Note_000503,58,167250.0,750.0,Left,INNER,2,0.787,0.787,True,0.418,15.0,0
Note_000504,62,167250.0,750.0,Left,INNER,1,0.787,0.787,False,0.418,15.0,0
Note_000505,74,167250.0,3750.0,Right,INNER,2,0.787,0.787,False,0.644,0.0,0
Note_000506,80,167250.0,62.5,Right,MELODY,4,0.787,0.787,True,0.644,0.0,0
Note_000507,37,168000.0,62.5,Left,BASS,2,0.787,0.787,True,0.247,15.0,0
Note_000508,48,168000.0,3000.0,Left,INNER,1,0.787,0.787,False,0.247,15.0,0
Note_000509,80,168000.0,62.5,Right,MELODY,4,0.787,0.787,True,0.678,-5.0,0
Note_000510,52,168750.0,2250.0,Left,INNER,5,0.787,0.787,False,0.418,-5.0,0
Note_000511,58,168750.0,2250.0,Left,INNER,3,0.787,0.787,True,0.418,-5.0,0
Note_000512,62,168750.0,2250.0,Left,INNER,2,0.787,0.787,False,0.418,-5.0,0
Note_000513,81,168750.0,62.5,Right,MELODY,5,0.787,0.787,False,0.69,-10.0,0
Note_000514,80,169500.0,62.5,Right,MELODY,4,0.787,0.787,True,0.678,-5.0,0
Note_000515,37,170250.0,62.5,Left,BASS,1,0.787,0.787,True,0.184,10.0,-12
Note_000516,80,170250.0,62.5,Right,MELODY,4,0.787,0.787,True,0.678,-5.0,0
Note_000517,48,171000.0,3000.0,Left,BASS,4,0.787,0.787,False,0.391,10.0,0
Note_000518,52,171000.0,750.0,Left,INNER,3,0.787,0.787,False,0.391,10.0,0
Note_000519,58,171000.0,750.0,Left,INNER,2,0.787,0.787,True,0.391,10.0,0
Note_000520,62,171000.0,750.0,Left,INNER,1,0.787,0.787,False,0.391,10.0,0
Note_000521,81,171000.0,62.5,Right,MELODY,5,0.787,0.787,False,0.69,-10.0,0
Note_000522,73,171562.5,187.5,Right,MELODY,2,0.787,0.787,True,0.598,5.0,0
Note_000523,74,171750.0,1125.0,Right,INNER,2,0.787,0.787,False,0.644,0.0,0
Note_000524,80,171750.0,62.5,Right,MELODY,4,0.787,0.787,True,0.644,0.0,0
Note_000525,37,172500.0,62.5,Left,BASS,5,0.787,0.787,True,0.184,-10.0,12
Note_000526,81,172500.0,62.5,Right,MELODY,4,0.787,0.787,False,0.69,-5.0,0
Note_000527,73,172875.0,1125.0,Right,MELODY,2,0.787,0.787,True,0.598,5.0,0
Note_000528,80,173250.0,62.5,Right,MELODY,4,0.787,0.787,True,0.678,-5.0,0
Note_000529,45,174000.0,3000.0,Left,BASS,5,0.787,0.787,False,0.388,-0.0,0
Note_000530,45,174000.0,6000.0,Left,INNER,4,0.787,0.787,False,0.388,-0.0,0
Note_000531,55,174000.0,750.0,Left,INNER,3,0.787,0.787,False,0.388,-0.0,0
Note_000532,55,174000.0,6000.0,Left,INNER,2,0.787,0.787,False,0.388,-0.0,0
Note_000533,59,174000.0,750.0,Left,INNER,1,0.787,0.787,False,0.388,-0.0,0
Note_000534,59,174000.0,6000.0,Left,INNER,0,0.787,0.787,False,0.388,-0.0,0
Note_000535,60,174000.0,750.0,Left,INNER,0,0.787,0.787,False,0.388,-0.0,0
Note_000536,60,174000.0,6000.0,Left,INNER,0,0.787,0.787,False,0.388,-0.0,0
Note_000537,72,174000.0,2250.0,Right,INNER,1,0.787,0.787,False,0.638,5.0,0
Note_000538,81,174000.0,62.5,Right,MELODY,4,0.787,0.787,False,0.638,5.0,0
Note_000539,80,174750.0,62.5,Right,MELODY,4,0.787,0.787,True,0.678,-5.0,0
Note_000540,37,175500.0,62.5,Left,BASS,1,0.787,0.787,True,0.184,10.0,-12
Note_000541,80,175500.0,62.5,Right,MELODY,4,0.787,0.787,True,0.678,-5.0,0
Note_000542,81,176250.0,62.5,Right,MELODY,5,0.787,0.787,False,0.69,-10.0,0
Note_000543,71,176812.5,187.5,Right,MELODY,4,0.787,0.787,False,0.575,-5.0,0
Note_000544,45,177000.0,3000.0,Left,BASS,2,0.787,0.787,False,0.276,5.0,0
Note_000545,72,177000.0,750.0,Right,INNER,1,0.787,0.787,False,0.632,15.0,0
Note_000546,80,177000.0,62.5,Right,MELODY,2,0.787,0.787,True,0.632,15.0,0
Note_000547,37,177750.0,62.5,Left,BASS,3,0.787,0.787,True,0.184,-0.0,0
Note_000548,76,177750.0,750.0,Right,INNER,1,0.787,0.787,False,0.655,5.0,0
Note_000549,80,177750.0,62.5,Right,MELODY,4,0.787,0.787,True,0.655,5.0,0
Note_000550,79,178500.0,750.0,Right,INNER,1,0.787,0.787,False,0.678,5.0,0
Note_000551,81,178500.0,62.5,Right,MELODY,4,0.787,0.787,False,0.678,5.0,0
Note_000552,54,179250.0,750.0,Left,INNER,3,0.787,0.787,True,0.421,15.0,0
Note_000553,59,179250.0,750.0,Left,INNER,2,0.787,0.787,False,0.421,15.0,0
Note_000554,60,179250.0,750.0,Left,INNER,1,0.787,0.787,False,0.421,15.0,0
Note_000555,78,179250.0,1500.0,Right,INNER,3,0.787,0.787,True,0.667,-5.0,0
Note_000556,80,179250.0,62.5,Right,MELODY,4,0.787,0.787,True,0.667,-5.0,0
Note_000557,37,180000.0,62.5,Left,BASS,3,0.787,0.787,True,0.259,10.0,0
Note_000558,50,180000.0,3000.0,Left,INNER,1,0.787,0.787,False,0.259,10.0,0
Note_000559,80,180000.0,62.5,Right,MELODY,2,0.787,0.787,True,0.678,5.0,0
Note_000560,54,180750.0,2250.0,Left,INNER,4,0.787,0.787,True,0.421,-0.0,0
Note_000561,59,180750.0,2250.0,Left,INNER,3,0.787,0.787,False,0.421,-0.0,0
Note_000562,60,180750.0,2250.0,Left,INNER,2,0.787,0.787,False,0.421,-0.0,0
Note_000563,81,180750.0,62.5,Right,MELODY,4,0.787,0.787,False,0.69,-5.0,0
Note_000564,74,181500.0,750.0,Right,INNER,1,0.787,0.787,False,0.644,5.0,0
Note_000565,80,181500.0,62.5,Right,MELODY,4,0.787,0.787,True,0.644,5.0,0
Note_000566,37,182250.0,62.5,Left,BASS,5,0.787,0.787,True,0.184,-10.0,12
Note_000567,69,182250.0,750.0,Right,INNER,2,0.787,0.787,False,0.615,-5.0,-12
Note_000568,80,182250.0,62.5,Right,MELODY,5,0.787,0.787,True,0.615,-5.0,-12
Note_000569,50,183000.0,3000.0,Left,BASS,4,0.787,0.787,False,0.399,10.0,0
Note_000570,54,183000.0,750.0,Left,INNER,3,0.787,0.787,True,0.399,10.0,0
Note_000571,59,183000.0,750.0,Left,INNER,2,0.787,0.787,False,0.399,10.0,0
Note_000572,60,183000.0,750.0,Left,INNER,1,0.787,0.787,False,0.399,10.0,0
Note_000573,81,183000.0,62.5,Right,MELODY,5,0.787,0.787,False,0.69,-10.0,0
Note_000574,80,183750.0,62.5,Right,MELODY,4,0.787,0.787,True,0.678,-5.0,0
Note_000575,37,184500.0,62.5,Left,BASS,5,0.787,0.787,True,0.184,-10.0,12
Note_000576,74,184500.0,750.0,Right,INNER,1,0.787,0.787,False,0.649,5.0,0
Note_000577,81,184500.0,62.5,Right,MELODY,4,0.787,0.787,False,0.649,5.0,0
Note_000578,71,185250.0,750.0,Right,INNER,2,0.787,0.787,False,0.626,0.0,0
Note_000579,80,185250.0,62.5,Right,MELODY,4,0.787,0.787,True,0.626,0.0,0
Note_000580,43,186000.0,3000.0,Left,BASS,1,0.787,0.787,False,0.253,10.0,0
Note_000581,81,186000.0,62.5,Right,MELODY,4,0.787,0.787,False,0.69,-5.0,0
Note_000582,80,186750.0,62.5,Right,MELODY,2,0.787,0.787,True,0.678,5.0,0
Note_000583,37,187500.0,62.5,Left,BASS,2,0.787,0.787,True,0.184,5.0,0
Note_000584,80,187500.0,62.5,Right,MELODY,4,0.787,0.787,True,0.678,-5.0,0
Note_000585,81,188250.0,62.5,Right,MELODY,5,0.787,0.787,False,0.69,-10.0,0
Note_000586,43,189000.0,3000.0,Left,BASS,1,0.787,0.787,False,0.253,10.0,0
Note_000587,80,189000.0,62.5,Right,MELODY,4,0.787,0.787,True,0.678,-5.0,0
Note_000588,37,189750.0,62.5,Left,BASS,3,0.787,0.787,True,0.184,-0.0,0
Note_000589,80,189750.0,62.5,Right,MELODY,4,0.787,0.787,True,0.678,-5.0,0
Note_000590,81,190500.0,62.5,Right,MELODY,5,0.787,0.787,False,0.69,-10.0,0
Note_000591,54,191250.0,750.0,Left,INNER,3,0.787,0.787,True,0.444,15.0,0
Note_000592,60,191250.0,750.0,Left,INNER,2,0.787,0.787,False,0.444,15.0,0
Note_000593,65,191250.0,750.0,Left,INNER,1,0.787,0.787,False,0.444,15.0,0
Note_000594,80,191250.0,62.5,Right,MELODY,4,0.787,0.787,True,0.678,-5.0,0
Note_000595,37,192000.0,62.5,Left,BASS,2,0.787,0.787,True,0.224,15.0,-12
Note_000596,44,192000.0,3000.0,Left,INNER,1,0.787,0.787,True,0.224,15.0,-12
Note_000597,80,192000.0,62.5,Right,MELODY,4,0.787,0.787,True,0.678,-5.0,0
Note_000598,54,192750.0,2250.0,Left,INNER,5,0.787,0.787,True,0.444,-5.0,12
Note_000599,60,192750.0,2250.0,Left,INNER,3,0.787,0.787,False,0.444,-5.0,12
Note_000600,65,192750.0,2250.0,Left,INNER,2,0.787,0.787,False,0.444,-5.0,12
Note_000601,81,192750.0,62.5,Right,MELODY,5,0.787,0.787,False,0.69,-10.0,0
Note_000602,80,193500.0,62.5,Right,MELODY,4,0.787,0.787,True,0.678,-5.0,0
Note_000603,37,194250.0,62.5,Left,BASS,1,0.787,0.787,True,0.184,10.0,-12
Note_000604,80,194250.0,62.5,Right,MELODY,4,0.787,0.787,True,0.678,-5.0,0
Note_000605,44,195000.0,3000.0,Left,BASS,2,0.787,0.787,True,0.264,5.0,0
Note_000606,81,195000.0,62.5,Right,MELODY,5,0.787,0.787,False,0.69,-10.0,0
Note_000607,80,195750.0,62.5,Right,MELODY,4,0.787,0.787,True,0.678,-5.0,0
Note_000608,37,196500.0,62.5,Left,BASS,3,0.787,0.787,True,0.184,-0.0,0
Note_000609,81,196500.0,62.5,Right,MELODY,5,0.787,0.787,False,0.69,-10.0,0
Note_000610,80,197250.0,62.5,Right,MELODY,4,0.787,0.787,True,0.678,-5.0,0
Note_000611,77,197812.5,187.5,Right,MELODY,2,0.787,0.787,False,0.644,5.0,0
Note_000612,43,198000.0,3000.0,Left,BASS,1,0.787,0.787,False,0.253,10.0,0
Note_000613,78,198000.0,3000.0,Right,INNER,3,0.787,0.787,True,0.672,-5.0,0
Note_000614,81,198000.0,62.5,Right,MELODY,4,0.787,0.787,False,0.672,-5.0,0
Note_000615,80,198750.0,62.5,Right,MELODY,2,0.787,0.787,True,0.678,5.0,0
Note_000616,37,199500.0,62.5,Left,BASS,2,0.787,0.787,True,0.184,5.0,0
Note_000617,80,199500.0,62.5,Right,MELODY,4,0.787,0.787,True,0.678,-5.0,0
Note_000618,81,200250.0,62.5,Right,MELODY,5,0.787,0.787,False,0.69,-10.0,0
Note_000619,43,201000.0,3000.0,Left,BASS,1,0.787,0.787,False,0.253,10.0,0
Note_000620,80,201000.0,62.5,Right,MELODY,4,0.787,0.787,True,0.678,-5.0,0
Note_000621,73,201562.5,187.5,Right,MELODY,2,0.787,0.787,True,0.598,5.0,0
Note_000622,37,201750.0,62.5,Left,BASS,3,0.787,0.787,True,0.184,-0.0,0
Note_000623,74,201750.0,750.0,Right,INNER,1,0.787,0.787,False,0.644,5.0,0
Note_000624,80,201750.0,62.5,Right,MELODY,4,0.787,0.787,True,0.644,5.0,0
Note_000625,71,202500.0,750.0,Right,INNER,1,0.787,0.787,False,0.632,5.0,0
Note_000626,81,202500.0,62.5,Right,MELODY,4,0.787,0.787,False,0.632,5.0,0
Note_000627,52,203250.0,750.0,Left,INNER,3,0.787,0.787,False,0.414,15.0,0
Note_000628,57,203250.0,750.0,Left,INNER,2,0.787,0.787,False,0.414,15.0,0
Note_000629,62,203250.0,750.0,Left,INNER,1,0.787,0.787,False,0.414,15.0,0
Note_000630,74,203250.0,3000.0,Right,INNER,2,0.787,0.787,False,0.644,0.0,0
Note_000631,80,203250.0,62.5,Right,MELODY,4,0.787,0.787,True,0.644,0.0,0
Note_000632,37,204000.0,62.5,Left,BASS,2,0.787,0.787,True,0.218,15.0,0
Note_000633,43,204000.0,3000.0,Left,INNER,1,0.787,0.787,False,0.218,15.0,0
Note_000634,80,204000.0,62.5,Right,MELODY,4,0.787,0.787,True,0.678,-5.0,0
Note_000635,52,204750.0,2250.0,Left,INNER,4,0.787,0.787,False,0.414,-0.0,0
Note_000636,57,204750.0,2250.0,Left,INNER,3,0.787,0.787,False,0.414,-0.0,0
Note_000637,62,204750.0,2250.0,Left,INNER,2,0.787,0.787,False,0.414,-0.0,0
Note_000638,81,204750.0,62.5,Right,MELODY,5,0.787,0.787,False,0.69,-10.0,0
Note_000639,80,205500.0,62.5,Right,MELODY,4,0.787,0.787,True,0.678,-5.0,0
Note_000640,37,206250.0,62.5,Left,BASS,5,0.787,0.787,True,0.184,-10.0,12
Note_000641,80,206250.0,62.5,Right,MELODY,4,0.787,0.787,True,0.678,-5.0,0
Note_000642,70,206812.5,187.5,Right,MELODY,2,0.787,0.787,True,0.563,5.0,0
Note_000643,43,207000.0,3000.0,Left,BASS,1,0.787,0.787,False,0.253,10.0,0
Note_000644,81,207000.0,62.5,Right,MELODY,4,0.787,0.787,False,0.69,-5.0,0
Note_000645,74,207750.0,750.0,Right,INNER,1,0.787,0.787,False,0.644,5.0,0
Note_000646,80,207750.0,62.5,Right,MELODY,4,0.787,0.787,True,0.644,5.0,0
Note_000647,37,208500.0,62.5,Left,BASS,5,0.787,0.787,True,0.184,-10.0,12
Note_000648,76,208500.0,750.0,Right,INNER,1,0.787,0.787,False,0.661,5.0,0
Note_000649,81,208500.0,62.5,Right,MELODY,4,0.787,0.787,False,0.661,5.0,0
Note_000650,78,209250.0,3750.0,Right,INNER,2,0.787,0.787,True,0.667,0.0,0
Note_000651,80,209250.0,62.5,Right,MELODY,4,0.787,0.787,True,0.667,0.0,0
Note_000652,48,210000.0,3000.0,Left,BASS,5,0.787,0.787,False,0.391,-0.0,-12
Note_000653,48,210000.0,6000.0,Left,INNER,4,0.787,0.787,False,0.391,-0.0,-12
Note_000654,52,210000.0,750.0,Left,INNER,3,0.787,0.787,False,0.391,-0.0,-12
Note_000655,52,210000.0,6000.0,Left,INNER,2,0.787,0.787,False,0.391,-0.0,-12
Note_000656,58,210000.0,750.0,Left,INNER,1,0.787,0.787,True,0.391,-0.0,-12
Note_000657,58,210000.0,6000.0,Left,INNER,0,0.787,0.787,True,0.391,-0.0,-12
Note_000658,62,210000.0,750.0,Left,INNER,0,0.787,0.787,False,0.391,-0.0,-12
Note_000659,62,210000.0,6000.0,Left,INNER,0,0.787,0.787,False,0.391,-0.0,-12
Note_000660,81,210000.0,62.5,Right,MELODY,4,0.787,0.787,False,0.69,-5.0,0
Note_000661,80,210750.0,62.5,Right,MELODY,2,0.787,0.787,True,0.678,5.0,0
Note_000662,37,211500.0,62.5,Left,BASS,1,0.787,0.787,True,0.184,10.0,-12
Note_000663,80,211500.0,62.5,Right,MELODY,4,0.787,0.787,True,0.678,-5.0,0
Note_000664,81,212250.0,62.5,Right,MELODY,5,0.787,0.787,False,0.69,-10.0,0
Note_000665,48,213000.0,3000.0,Left,BASS,2,0.787,0.787,False,0.31,5.0,0
Note_000666,80,213000.0,62.5,Right,MELODY,4,0.787,0.787,True,0.678,-5.0,0
Note_000667,78,213562.5,187.5,Right,MELODY,3,0.787,0.787,True,0.655,0.0,0
Note_000668,37,213750.0,62.5,Left,BASS,5,0.787,0.787,True,0.184,-10.0,12
Note_000669,79,213750.0,750.0,Right,INNER,1,0.787,0.787,False,0.672,10.0,0
Note_000670,80,213750.0,62.5,Right,MELODY,3,0.787,0.787,True,0.672,10.0,0
Note_000671,78,214500.0,750.0,Right,INNER,2,0.787,0.787,True,0.672,5.0,0
Note_000672,81,214500.0,62.5,Right,MELODY,3,0.787,0.787,False,0.672,5.0,0
Note_000673,50,215250.0,750.0,Left,INNER,5,0.787,0.787,False,0.402,-5.0,0
Note_000674,57,215250.0,750.0,Left,INNER,3,0.787,0.787,False,0.402,-5.0,0
Note_000675,61,215250.0,750.0,Left,INNER,2,0.787,0.787,True,0.402,-5.0,0
Note_000676,76,215250.0,3750.0,Right,INNER,1,0.787,0.787,False,0.655,15.0,0
Note_000677,80,215250.0,62.5,Right,MELODY,2,0.787,0.787,True,0.655,15.0,0
Note_000678,37,216000.0,62.5,Left,BASS,2,0.787,0.787,True,0.241,15.0,0
Note_000679,47,216000.0,3000.0,Left,INNER,1,0.787,0.787,False,0.241,15.0,0
Note_000680,80,216000.0,62.5,Right,MELODY,4,0.787,0.787,True,0.678,-5.0,0
Note_000681,50,216750.0,2250.0,Left,INNER,5,0.787,0.787,False,0.402,-5.0,0
Note_000682,57,216750.0,2250.0,Left,INNER,3,0.787,0.787,False,0.402,-5.0,0
Note_000683,61,216750.0,2250.0,Left,INNER,2,0.787,0.787,True,0.402,-5.0,0
Note_000684,81,216750.0,62.5,Right,MELODY,5,0.787,0.787,False,0.69,-10.0,0
Note_000685,80,217500.0,62.5,Right,MELODY,4,0.787,0.787,True,0.678,-5.0,0
Note_000686,37,218250.0,62.5,Left,BASS,1,0.787,0.787,True,0.184,10.0,-12
Note_000687,80,218250.0,62.5,Right,MELODY,4,0.787,0.787,True,0.678,-5.0,0
Note_000688,40,219000.0,3000.0,Left,BASS,2,0.787,0.787,False,0.218,5.0,0
Note_000689,81,219000.0,62.5,Right,MELODY,5,0.787,0.787,False,0.69,-10.0,0
Note_000690,75,219562.5,187.5,Right,MELODY,2,0.787,0.787,True,0.621,5.0,0
Note_000691,76,219750.0,750.0,Right,INNER,1,0.787,0.787,False,0.655,5.0,0
Note_000692,80,219750.0,62.5,Right,MELODY,4,0.787,0.787,True,0.655,5.0,0
Note_000693,37,220500.0,62.5,Left,BASS,3,0.787,0.787,True,0.184,-0.0,0
Note_000694,79,220500.0,750.0,Right,INNER,1,0.787,0.787,False,0.678,5.0,0
Note_000695,81,220500.0,62.5,Right,MELODY,4,0.787,0.787,False,0.678,5.0,0
Note_000696,80,221250.0,62.5,Right,INNER,2,0.787,0.787,True,0.684,0.0,0
Note_000697,81,221250.0,750.0,Right,MELODY,4,0.787,0.787,False,0.684,0.0,0
Note_000698,45,222000.0,3000.0,Left,BASS,1,0.787,0.787,False,0.276,10.0,0
Note_000699,81,222000.0,62.5,Right,INNER,2,0.787,0.787,False,0.701,0.0,0
Note_000700,83,222000.0,6000.0,Right,MELODY,4,0.787,0.787,False,0.701,0.0,0
Note_000701,80,222750.0,62.5,Right,MELODY,2,0.787,0.787,True,0.678,5.0,0
Note_000702,37,223500.0,62.5,Left,BASS,2,0.787,0.787,True,0.184,5.0,0
Note_000703,80,223500.0,62.5,Right,MELODY,4,0.787,0.787,True,0.678,-5.0,0
Note_000704,81,224250.0,62.5,Right,MELODY,5,0.787,0.787,False,0.69,-10.0,0
Note_000705,45,225000.0,3000.0,Left,BASS,1,0.787,0.787,False,0.276,10.0,0
Note_000706,80,225000.0,62.5,Right,MELODY,4,0.787,0.787,True,0.678,-5.0,0
Note_000707,37,225750.0,62.5,Left,BASS,3,0.787,0.787,True,0.184,-0.0,0
Note_000708,80,225750.0,62.5,Right,MELODY,4,0.787,0.787,True,0.678,-5.0,0
Note_000709,81,226500.0,62.5,Right,MELODY,5,0.787,0.787,False,0.69,-10.0,0
Note_000710,54,227250.0,750.0,Left,INNER,3,0.787,0.787,True,0.444,15.0,0
Note_000711,60,227250.0,750.0,Left,INNER,2,0.787,0.787,False,0.444,15.0,0
Note_000712,65,227250.0,750.0,Left,INNER,1,0.787,0.787,False,0.444,15.0,0
Note_000713,80,227250.0,62.5,Right,MELODY,4,0.787,0.787,True,0.678,-5.0,0
Note_000714,37,228000.0,62.5,Left,BASS,3,0.787,0.787,True,0.259,10.0,0
Note_000715,50,228000.0,3000.0,Left,INNER,1,0.787,0.787,False,0.259,10.0,0
Note_000716,80,228000.0,62.5,Right,MELODY,4,0.787,0.787,True,0.678,-5.0,0
Note_000717,54,228750.0,2250.0,Left,INNER,5,0.787,0.787,True,0.444,-5.0,12
Note_000718,60,228750.0,2250.0,Left,INNER,3,0.787,0.787,False,0.444,-5.0,12
Note_000719,65,228750.0,2250.0,Left,INNER,2,0.787,0.787,False,0.444,-5.0,12
Note_000720,81,228750.0,62.5,Right,MELODY,5,0.787,0.787,False,0.69,-10.0,0
Note_000721,80,229500.0,62.5,Right,MELODY,2,0.787,0.787,True,0.678,5.0,0
Note_000722,81,230062.5,187.5,Right,MELODY,4,0.787,0.787,False,0.69,-5.0,0
Note_000723,37,230250.0,62.5,Left,BASS,1,0.787,0.787,True,0.184,10.0,-12
Note_000724,80,230250.0,62.5,Right,INNER,1,0.787,0.787,True,0.69,5.0,12
Note_000725,82,230250.0,750.0,Right,MELODY,4,0.787,0.787,True,0.69,5.0,12
Note_000726,50,231000.0,3000.0,Left,BASS,4,0.787,0.787,False,0.417,10.0,0
Note_000727,54,231000.0,750.0,Left,INNER,3,0.787,0.787,True,0.417,10.0,0
Note_000728,60,231000.0,750.0,Left,INNER,2,0.787,0.787,False,0.417,10.0,0
Note_000729,65,231000.0,750.0,Left,INNER,1,0.787,0.787,False,0.417,10.0,0
Note_000730,78,231000.0,750.0,Right,INNER,1,0.787,0.787,True,0.672,5.0,12
Note_000731,81,231000.0,62.5,Right,MELODY,4,0.787,0.787,False,0.672,5.0,12
Note_000732,74,231750.0,750.0,Right,INNER,1,0.787,0.787,False,0.644,5.0,0
Note_000733,80,231750.0,62.5,Right,MELODY,4,0.787,0.787,True,0.644,5.0,0
Note_000734,37,232500.0,62.5,Left,BASS,5,0.787,0.787,True,0.184,-10.0,12
Note_000735,76,232500.0,750.0,Right,INNER,1,0.787,0.787,False,0.661,5.0,0
Note_000736,81,232500.0,62.5,Right,MELODY,4,0.787,0.787,False,0.661,5.0,0
Note_000737,78,233250.0,6750.0,Right,INNER,2,0.787,0.787,True,0.667,0.0,0
Note_000738,80,233250.0,62.5,Right,MELODY,4,0.787,0.787,True,0.667,0.0,0
Note_000739,43,234000.0,3000.0,Left,BASS,1,0.787,0.787,False,0.253,10.0,0
Note_000740,81,234000.0,62.5,Right,MELODY,4,0.787,0.787,False,0.69,-5.0,0
Note_000741,80,234750.0,62.5,Right,MELODY,2,0.787,0.787,True,0.678,5.0,0
Note_000742,37,235500.0,62.5,Left,BASS,2,0.787,0.787,True,0.184,5.0,0
Note_000743,80,235500.0,62.5,Right,MELODY,4,0.787,0.787,True,0.678,-5.0,0
Note_000744,81,236250.0,62.5,Right,MELODY,5,0.787,0.787,False,0.69,-10.0,0
Note_000745,43,237000.0,3000.0,Left,BASS,1,0.787,0.787,False,0.253,10.0,0
Note_000746,80,237000.0,62.5,Right,MELODY,4,0.787,0.787,True,0.678,-5.0,0
Note_000747,37,237750.0,62.5,Left,BASS,3,0.787,0.787,True,0.184,-0.0,0
Note_000748,80,237750.0,62.5,Right,MELODY,4,0.787,0.787,True,0.678,-5.0,0
Note_000749,81,238500.0,62.5,Right,MELODY,5,0.787,0.787,False,0.69,-10.0,0
Note_000750,52,239250.0,750.0,Left,INNER,3,0.787,0.787,False,0.414,15.0,0
Note_000751,57,239250.0,750.0,Left,INNER,2,0.787,0.787,False,0.414,15.0,0
Note_000752,62,239250.0,750.0,Left,INNER,1,0.787,0.787,False,0.414,15.0,0
Note_000753,80,239250.0,62.5,Right,MELODY,4,0.787,0.787,True,0.678,-5.0,0
Note_000754,37,240000.0,62.5,Left,BASS,2,0.787,0.787,True,0.218,15.0,0
Note_000755,43,240000.0,3000.0,Left,INNER,1,0.787,0.787,False,0.218,15.0,0
Note_000756,80,240000.0,62.5,Right,MELODY,4,0.787,0.787,True,0.678,-5.0,0
Note_000757,52,240750.0,2250.0,Left,INNER,4,0.787,0.787,False,0.414,-0.0,0
Note_000758,57,240750.0,2250.0,Left,INNER,3,0.787,0.787,False,0.414,-0.0,0
Note_000759,62,240750.0,2250.0,Left,INNER,2,0.787,0.787,False,0.414,-0.0,0
Note_000760,81,240750.0,62.5,Right,MELODY,5,0.787,0.787,False,0.69,-10.0,0
Note_000761,80,241500.0,62.5,Right,MELODY,4,0.787,0.787,True,0.678,-5.0,0
Note_000762,37,242250.0,62.5,Left,BASS,5,0.787,0.787,True,0.184,-10.0,12
Note_000763,80,242250.0,62.5,Right,MELODY,4,0.787,0.787,True,0.678,-5.0,0
Note_000764,78,242812.5,187.5,Right,MELODY,2,0.787,0.787,True,0.655,5.0,0
Note_000765,43,243000.0,3000.0,Left,BASS,1,0.787,0.787,False,0.253,10.0,0
Note_000766,79,243000.0,1125.0,Right,INNER,1,0.787,0.787,False,0.678,5.0,0
Note_000767,81,243000.0,62.5,Right,MELODY,4,0.787,0.787,False,0.678,5.0,0
Note_000768,80,243750.0,62.5,Right,MELODY,4,0.787,0.787,True,0.678,-5.0,0
Note_000769,79,244125.0,1125.0,Right,MELODY,2,0.787,0.787,False,0.667,5.0,0
Note_000770,37,244500.0,62.5,Left,BASS,5,0.787,0.787,True,0.184,-10.0,12
Note_000771,81,244500.0,62.5,Right,MELODY,4,0.787,0.787,False,0.69,-5.0,0
Note_000772,78,245250.0,750.0,Right,INNER,1,0.787,0.787,True,0.667,5.0,12
Note_000773,80,245250.0,62.5,Right,MELODY,4,0.787,0.787,True,0.667,5.0,12
Note_000774,49,246000.0,3000.0,Left,BASS,5,0.787,0.787,True,0.411,5.0,12
Note_000775,55,246000.0,750.0,Left,INNER,3,0.787,0.787,False,0.411,5.0,12
Note_000776,59,246000.0,750.0,Left,INNER,2,0.787,0.787,False,0.411,5.0,12
Note_000777,64,246000.0,750.0,Left,INNER,1,0.787,0.787,False,0.411,5.0,12
Note_000778,76,246000.0,6000.0,Right,INNER,1,0.787,0.787,False,0.661,5.0,0
Note_000779,81,246000.0,62.5,Right,MELODY,4,0.787,0.787,False,0.661,5.0,0
Note_000780,80,246750.0,62.5,Right,MELODY,4,0.787,0.787,True,0.678,-5.0,0
Note_000781,37,247500.0,62.5,Left,BASS,1,0.787,0.787,True,0.184,10.0,-12
Note_000782,80,247500.0,62.5,Right,MELODY,4,0.787,0.787,True,0.678,-5.0,0
Note_000783,81,248250.0,62.5,Right,MELODY,5,0.787,0.787,False,0.69,-10.0,0
Note_000784,49,249000.0,3000.0,Left,BASS,2,0.787,0.787,True,0.322,5.0,0
Note_000785,80,249000.0,62.5,Right,MELODY,4,0.787,0.787,True,0.678,-5.0,0
Note_000786,37,249750.0,62.5,Left,BASS,3,0.787,0.787,True,0.184,-0.0,0
Note_000787,80,249750.0,62.5,Right,MELODY,4,0.787,0.787,True,0.678,-5.0,0
Note_000788,81,250500.0,62.5,Right,MELODY,5,0.787,0.787,False,0.69,-10.0,0
Note_000789,52,251250.0,750.0,Left,INNER,3,0.787,0.787,False,0.418,15.0,0
Note_000790,58,251250.0,750.0,Left,INNER,2,0.787,0.787,True,0.418,15.0,0
Note_000791,62,251250.0,750.0,Left,INNER,1,0.787,0.787,False,0.418,15.0,0
Note_000792,80,251250.0,62.5,Right,MELODY,4,0.787,0.787,True,0.678,-5.0,0
Note_000793,37,252000.0,62.5,Left,BASS,5,0.787,0.787,True,0.213,-15.0,12
Note_000794,42,252000.0,3000.0,Left,INNER,4,0.787,0.787,True,0.213,-15.0,12
Note_000795,80,252000.0,62.5,Right,MELODY,4,0.787,0.787,True,0.678,-5.0,0
Note_000796,52,252750.0,2250.0,Left,INNER,3,0.787,0.787,False,0.418,15.0,0
Note_000797,58,252750.0,2250.0,Left,INNER,2,0.787,0.787,True,0.418,15.0,0
Note_000798,62,252750.0,2250.0,Left,INNER,1,0.787,0.787,False,0.418,15.0,0
Note_000799,81,252750.0,62.5,Right,MELODY,5,0.787,0.787,False,0.69,-10.0,0
Note_000800,80,253500.0,62.5,Right,MELODY,4,0.787,0.787,True,0.678,-5.0,0
Note_000801,37,254250.0,62.5,Left,BASS,5,0.787,0.787,True,0.184,-10.0,12
Note_000802,80,254250.0,62.5,Right,MELODY,4,0.787,0.787,True,0.678,-5.0,0
Note_000803,77,254812.5,187.5,Right,MELODY,2,0.787,0.787,False,0.644,5.0,0
Note_000804,42,255000.0,3000.0,Left,BASS,2,0.787,0.787,True,0.241,5.0,0
Note_000805,78,255000.0,1125.0,Right,INNER,1,0.787,0.787,True,0.672,5.0,12
Note_000806,81,255000.0,62.5,Right,MELODY,4,0.787,0.787,False,0.672,5.0,12
Note_000807,80,255750.0,62.5,Right,MELODY,4,0.787,0.787,True,0.678,-5.0,0
Note_000808,78,256125.0,1125.0,Right,MELODY,2,0.787,0.787,True,0.655,5.0,0
Note_000809,37,256500.0,62.5,Left,BASS,5,0.787,0.787,True,0.184,-10.0,12
Note_000810,81,256500.0,62.5,Right,MELODY,4,0.787,0.787,False,0.69,-5.0,0
Note_000811,76,257250.0,750.0,Right,INNER,1,0.787,0.787,False,0.655,5.0,0
Note_000812,80,257250.0,62.5,Right,MELODY,4,0.787,0.787,True,0.655,5.0,0
Note_000813,47,258000.0,3000.0,Left,BASS,5,0.787,0.787,False,0.405,5.0,0
Note_000814,57,258000.0,750.0,Left,INNER,3,0.787,0.787,False,0.405,5.0,0
Note_000815,59,258000.0,750.0,Left,INNER,2,0.787,0.787,False,0.405,5.0,0
Note_000816,62,258000.0,750.0,Left,INNER,1,0.787,0.787,False,0.405,5.0,0
Note_000817,74,258000.0,6000.0,Right,INNER,1,0.787,0.787,False,0.649,5.0,0
Note_000818,81,258000.0,62.5,Right,MELODY,4,0.787,0.787,False,0.649,5.0,0
Note_000819,80,258750.0,62.5,Right,MELODY,4,0.787,0.787,True,0.678,-5.0,0
Note_000820,37,259500.0,62.5,Left,BASS,1,0.787,0.787,True,0.184,10.0,-12
Note_000821,80,259500.0,62.5,Right,MELODY,4,0.787,0.787,True,0.678,-5.0,0
Note_000822,81,260250.0,62.5,Right,MELODY,5,0.787,0.787,False,0.69,-10.0,0
Note_000823,47,261000.0,3000.0,Left,BASS,2,0.787,0.787,False,0.299,5.0,0
Note_000824,80,261000.0,62.5,Right,MELODY,4,0.787,0.787,True,0.678,-5.0,0
Note_000825,37,261750.0,62.5,Left,BASS,3,0.787,0.787,True,0.184,-0.0,0
Note_000826,80,261750.0,62.5,Right,MELODY,4,0.787,0.787,True,0.678,-5.0,0
Note_000827,81,262500.0,62.5,Right,MELODY,5,0.787,0.787,False,0.69,-10.0,0
Note_000828,56,263250.0,750.0,Left,INNER,3,0.787,0.787,True,0.425,5.0,0
Note_000829,60,263250.0,750.0,Left,INNER,2,0.787,0.787,False,0.425,5.0,0
Note_000830,80,263250.0,62.5,Right,MELODY,4,0.787,0.787,True,0.678,-5.0,0
Note_000831,37,264000.0,62.5,Left,BASS,5,0.787,0.787,True,0.201,-10.0,12
Note_000832,40,264000.0,3000.0,Left,INNER,3,0.787,0.787,False,0.201,-10.0,12
Note_000833,80,264000.0,62.5,Right,MELODY,4,0.787,0.787,True,0.678,-5.0,0
Note_000834,56,264750.0,2250.0,Left,INNER,2,0.787,0.787,True,0.425,15.0,0
Note_000835,60,264750.0,2250.0,Left,INNER,1,0.787,0.787,False,0.425,15.0,0
Note_000836,81,264750.0,62.5,Right,MELODY,5,0.787,0.787,False,0.69,-10.0,0
Note_000837,80,265500.0,62.5,Right,MELODY,4,0.787,0.787,True,0.678,-5.0,0
Note_000838,37,266250.0,62.5,Left,BASS,3,0.787,0.787,True,0.184,-0.0,0
Note_000839,80,266250.0,62.5,Right,MELODY,4,0.787,0.787,True,0.678,-5.0,0
Note_000840,75,266812.5,187.5,Right,MELODY,2,0.787,0.787,True,0.621,5.0,0
Note_000841,40,267000.0,3000.0,Left,BASS,1,0.787,0.787,False,0.218,10.0,0
Note_000842,76,267000.0,1125.0,Right,INNER,1,0.787,0.787,False,0.661,5.0,0
Note_000843,81,267000.0,62.5,Right,MELODY,4,0.787,0.787,False,0.661,5.0,0
Note_000844,80,267750.0,62.5,Right,MELODY,4,0.787,0.787,True,0.678,-5.0,0
Note_000845,76,268125.0,1125.0,Right,MELODY,2,0.787,0.787,False,0.632,5.0,0
Note_000846,37,268500.0,62.5,Left,BASS,5,0.787,0.787,True,0.184,-10.0,12
Note_000847,81,268500.0,62.5,Right,MELODY,4,0.787,0.787,False,0.69,-5.0,0
Note_000848,74,269250.0,750.0,Right,INNER,1,0.787,0.787,False,0.644,5.0,0
Note_000849,80,269250.0,62.5,Right,MELODY,4,0.787,0.787,True,0.644,5.0,0
Note_000850,45,270000.0,3000.0,Left,BASS,5,0.787,0.787,False,0.382,5.0,0
Note_000851,55,270000.0,750.0,Left,INNER,3,0.787,0.787,False,0.382,5.0,0
Note_000852,57,270000.0,750.0,Left,INNER,2,0.787,0.787,False,0.382,5.0,0
Note_000853,60,270000.0,750.0,Left,INNER,1,0.787,0.787,False,0.382,5.0,0
Note_000854,72,270000.0,6000.0,Right,INNER,1,0.787,0.787,False,0.638,5.0,0
Note_000855,81,270000.0,62.5,Right,MELODY,4,0.787,0.787,False,0.638,5.0,0
Note_000856,80,270750.0,62.5,Right,MELODY,4,0.787,0.787,True,0.678,-5.0,0
Note_000857,37,271500.0,62.5,Left,BASS,1,0.787,0.787,True,0.184,10.0,-12
Note_000858,80,271500.0,62.5,Right,MELODY,4,0.787,0.787,True,0.678,-5.0,0
Note_000859,81,272250.0,62.5,Right,MELODY,5,0.787,0.787,False,0.69,-10.0,0
Note_000860,45,273000.0,3000.0,Left,BASS,2,0.787,0.787,False,0.276,5.0,0
Note_000861,80,273000.0,62.5,Right,MELODY,4,0.787,0.787,True,0.678,-5.0,0
Note_000862,37,273750.0,62.5,Left,BASS,3,0.787,0.787,True,0.184,-0.0,0
Note_000863,80,273750.0,62.5,Right,MELODY,4,0.787,0.787,True,0.678,-5.0,0
Note_000864,81,274500.0,62.5,Right,MELODY,5,0.787,0.787,False,0.69,-10.0,0
Note_000865,54,275250.0,750.0,Left,INNER,3,0.787,0.787,True,0.414,5.0,0
Note_000866,60,275250.0,750.0,Left,INNER,2,0.787,0.787,False,0.414,5.0,0
Note_000867,80,275250.0,62.5,Right,MELODY,4,0.787,0.787,True,0.678,-5.0,0
Note_000868,37,276000.0,62.5,Left,BASS,3,0.787,0.787,True,0.259,10.0,0
Note_000869,50,276000.0,3000.0,Left,INNER,1,0.787,0.787,False,0.259,10.0,0
Note_000870,80,276000.0,62.5,Right,MELODY,4,0.787,0.787,True,0.678,-5.0,0
Note_000871,54,276750.0,2250.0,Left,INNER,3,0.787,0.787,True,0.414,5.0,0
Note_000872,60,276750.0,2250.0,Left,INNER,2,0.787,0.787,False,0.414,5.0,0
Note_000873,81,276750.0,62.5,Right,MELODY,5,0.787,0.787,False,0.69,-10.0,0
Note_000874,80,277500.0,62.5,Right,MELODY,4,0.787,0.787,True,0.678,-5.0,0
Note_000875,71,278062.5,187.5,Right,MELODY,2,0.787,0.787,False,0.575,5.0,0
Note_000876,37,278250.0,62.5,Left,BASS,5,0.787,0.787,True,0.184,-10.0,12
Note_000877,72,278250.0,750.0,Right,INNER,1,0.787,0.787,False,0.632,5.0,0
Note_000878,80,278250.0,62.5,Right,MELODY,4,0.787,0.787,True,0.632,5.0,0
Note_000879,50,279000.0,3000.0,Left,BASS,3,0.787,0.787,False,0.387,15.0,0
Note_000880,54,279000.0,750.0,Left,INNER,2,0.787,0.787,True,0.387,15.0,0
Note_000881,60,279000.0,750.0,Left,INNER,1,0.787,0.787,False,0.387,15.0,0
Note_000882,72,279000.0,1125.0,Right,INNER,1,0.787,0.787,False,0.638,5.0,0
Note_000883,81,279000.0,62.5,Right,MELODY,4,0.787,0.787,False,0.638,5.0,0
Note_000884,80,279750.0,62.5,Right,MELODY,4,0.787,0.787,True,0.678,-5.0,0
Note_000885,71,280125.0,1125.0,Right,MELODY,2,0.787,0.787,False,0.575,5.0,0
Note_000886,37,280500.0,62.5,Left,BASS,5,0.787,0.787,True,0.184,-10.0,12
Note_000887,81,280500.0,62.5,Right,MELODY,4,0.787,0.787,False,0.69,-5.0,0
Note_000888,72,281250.0,750.0,Right,INNER,1,0.787,0.787,False,0.632,5.0,0
Note_000889,80,281250.0,62.5,Right,MELODY,4,0.787,0.787,True,0.632,5.0,0
Note_000890,43,282000.0,3000.0,Left,BASS,1,0.787,0.787,False,0.253,10.0,0
Note_000891,73,282000.0,2250.0,Right,INNER,1,0.787,0.787,True,0.644,5.0,12
Note_000892,81,282000.0,62.5,Right,MELODY,4,0.787,0.787,False,0.644,5.0,12
Note_000893,80,282750.0,62.5,Right,MELODY,4,0.787,0.787,True,0.678,-5.0,0
Note_000894,37,283500.0,62.5,Left,BASS,2,0.787,0.787,True,0.184,5.0,0
Note_000895,80,283500.0,62.5,Right,MELODY,4,0.787,0.787,True,0.678,-5.0,0
Note_000896,74,284250.0,3750.0,Right,INNER,1,0.787,0.787,False,0.649,5.0,0
Note_000897,81,284250.0,62.5,Right,MELODY,4,0.787,0.787,False,0.649,5.0,0
Note_000898,43,285000.0,3000.0,Left,BASS,1,0.787,0.787,False,0.253,10.0,0
Note_000899,80,285000.0,62.5,Right,MELODY,4,0.787,0.787,True,0.678,-5.0,0
Note_000900,37,285750.0,62.5,Left,BASS,3,0.787,0.787,True,0.184,-0.0,0
Note_000901,80,285750.0,62.5,Right,MELODY,4,0.787,0.787,True,0.678,-5.0,0
Note_000902,81,286500.0,62.5,Right,MELODY,5,0.787,0.787,False,0.69,-10.0,0
Note_000903,52,287250.0,750.0,Left,INNER,3,0.787,0.787,False,0.414,15.0,0
Note_000904,57,287250.0,750.0,Left,INNER,2,0.787,0.787,False,0.414,15.0,0
Note_000905,62,287250.0,750.0,Left,INNER,1,0.787,0.787,False,0.414,15.0,0
Note_000906,80,287250.0,62.5,Right,MELODY,4,0.787,0.787,True,0.678,-5.0,0
Note_000907,37,288000.0,62.5,Left,BASS,2,0.787,0.787,True,0.218,15.0,0
Note_000908,43,288000.0,3000.0,Left,INNER,1,0.787,0.787,False,0.218,15.0,0
Note_000909,80,288000.0,62.5,Right,MELODY,4,0.787,0.787,True,0.678,-5.0,0
Note_000910,52,288750.0,2250.0,Left,INNER,4,0.787,0.787,False,0.414,-0.0,0
Note_000911,57,288750.0,2250.0,Left,INNER,3,0.787,0.787,False,0.414,-0.0,0
Note_000912,62,288750.0,2250.0,Left,INNER,2,0.787,0.787,False,0.414,-0.0,0
Note_000913,81,288750.0,62.5,Right,MELODY,5,0.787,0.787,False,0.69,-10.0,0
Note_000914,80,289500.0,62.5,Right,MELODY,4,0.787,0.787,True,0.678,-5.0,0
Note_000915,37,290250.0,62.5,Left,BASS,5,0.787,0.787,True,0.184,-10.0,12
Note_000916,80,290250.0,62.5,Right,MELODY,4,0.787,0.787,True,0.678,-5.0,0
Note_000917,78,290812.5,187.5,Right,MELODY,2,0.787,0.787,True,0.655,5.0,0
Note_000918,43,291000.0,3000.0,Left,BASS,1,0.787,0.787,False,0.253,10.0,0
Note_000919,79,291000.0,1125.0,Right,INNER,1,0.787,0.787,False,0.678,5.0,0
Note_000920,81,291000.0,62.5,Right,MELODY,4,0.787,0.787,False,0.678,5.0,0
Note_000921,80,291750.0,62.5,Right,MELODY,4,0.787,0.787,True,0.678,-5.0,0
Note_000922,79,292125.0,1125.0,Right,MELODY,2,0.787,0.787,False,0.667,5.0,0
Note_000923,37,292500.0,62.5,Left,BASS,5,0.787,0.787,True,0.184,-10.0,12
Note_000924,81,292500.0,62.5,Right,MELODY,4,0.787,0.787,False,0.69,-5.0,0
Note_000925,78,293250.0,750.0,Right,INNER,1,0.787,0.787,True,0.667,5.0,12
Note_000926,80,293250.0,62.5,Right,MELODY,4,0.787,0.787,True,0.667,5.0,12
Note_000927,49,294000.0,3000.0,Left,BASS,5,0.787,0.787,True,0.411,5.0,12
Note_000928,55,294000.0,750.0,Left,INNER,3,0.787,0.787,False,0.411,5.0,12
Note_000929,59,294000.0,750.0,Left,INNER,2,0.787,0.787,False,0.411,5.0,12
Note_000930,64,294000.0,750.0,Left,INNER,1,0.787,0.787,False,0.411,5.0,12
Note_000931,76,294000.0,6000.0,Right,INNER,1,0.787,0.787,False,0.661,5.0,0
Note_000932,81,294000.0,62.5,Right,MELODY,4,0.787,0.787,False,0.661,5.0,0
Note_000933,80,294750.0,62.5,Right,MELODY,4,0.787,0.787,True,0.678,-5.0,0
Note_000934,37,295500.0,62.5,Left,BASS,1,0.787,0.787,True,0.184,10.0,-12
Note_000935,80,295500.0,62.5,Right,MELODY,4,0.787,0.787,True,0.678,-5.0,0
Note_000936,81,296250.0,62.5,Right,MELODY,5,0.787,0.787,False,0.69,-10.0,0
Note_000937,49,297000.0,3000.0,Left,BASS,2,0.787,0.787,True,0.322,5.0,0
Note_000938,80,297000.0,62.5,Right,MELODY,4,0.787,0.787,True,0.678,-5.0,0
Note_000939,37,297750.0,62.5,Left,BASS,3,0.787,0.787,True,0.184,-0.0,0
Note_000940,80,297750.0,62.5,Right,MELODY,4,0.787,0.787,True,0.678,-5.0,0
Note_000941,81,298500.0,62.5,Right,MELODY,5,0.787,0.787,False,0.69,-10.0,0
Note_000942,52,299250.0,750.0,Left,INNER,3,0.787,0.787,False,0.418,15.0,0
Note_000943,58,299250.0,750.0,Left,INNER,2,0.787,0.787,True,0.418,15.0,0
Note_000944,62,299250.0,750.0,Left,INNER,1,0.787,0.787,False,0.418,15.0,0
Note_000945,80,299250.0,62.5,Right,MELODY,4,0.787,0.787,True,0.678,-5.0,0
Note_000946,37,300000.0,62.5,Left,BASS,5,0.787,0.787,True,0.213,-15.0,12
Note_000947,42,300000.0,3000.0,Left,INNER,4,0.787,0.787,True,0.213,-15.0,12
Note_000948,80,300000.0,62.5,Right,MELODY,4,0.787,0.787,True,0.678,-5.0,0
Note_000949,52,300750.0,2250.0,Left,INNER,3,0.787,0.787,False,0.418,15.0,0
Note_000950,58,300750.0,2250.0,Left,INNER,2,0.787,0.787,True,0.418,15.0,0
Note_000951,62,300750.0,2250.0,Left,INNER,1,0.787,0.787,False,0.418,15.0,0
Note_000952,81,300750.0,62.5,Right,MELODY,5,0.787,0.787,False,0.69,-10.0,0
Note_000953,80,301500.0,62.5,Right,MELODY,4,0.787,0.787,True,0.678,-5.0,0
Note_000954,77,302062.5,187.5,Right,MELODY,2,0.787,0.787,False,0.644,5.0,0
Note_000955,37,302250.0,62.5,Left,BASS,5,0.787,0.787,True,0.184,-10.0,12
Note_000956,78,302250.0,750.0,Right,INNER,1,0.787,0.787,True,0.667,5.0,12
Note_000957,80,302250.0,62.5,Right,MELODY,4,0.787,0.787,True,0.667,5.0,12
Note_000958,42,303000.0,3000.0,Left,BASS,2,0.787,0.787,True,0.241,5.0,0
Note_000959,78,303000.0,1125.0,Right,INNER,1,0.787,0.787,True,0.672,5.0,12
Note_000960,81,303000.0,62.5,Right,MELODY,4,0.787,0.787,False,0.672,5.0,12
Note_000961,80,303750.0,62.5,Right,MELODY,4,0.787,0.787,True,0.678,-5.0,0
Note_000962,76,304125.0,1125.0,Right,MELODY,2,0.787,0.787,False,0.632,5.0,0
Note_000963,37,304500.0,62.5,Left,BASS,5,0.787,0.787,True,0.184,-10.0,12
Note_000964,81,304500.0,62.5,Right,MELODY,4,0.787,0.787,False,0.69,-5.0,0
Note_000965,78,305250.0,750.0,Right,INNER,1,0.787,0.787,True,0.667,5.0,12
Note_000966,80,305250.0,62.5,Right,MELODY,4,0.787,0.787,True,0.667,5.0,12
Note_000967,48,306000.0,3000.0,Left,BASS,4,0.787,0.787,False,0.402,10.0,0
Note_000968,58,306000.0,750.0,Left,INNER,2,0.787,0.787,True,0.402,10.0,0
Note_000969,62,306000.0,750.0,Left,INNER,1,0.787,0.787,False,0.402,10.0,0
Note_000970,74,306000.0,6000.0,Right,INNER,1,0.787,0.787,False,0.649,5.0,0
Note_000971,81,306000.0,62.5,Right,MELODY,4,0.787,0.787,False,0.649,5.0,0
Note_000972,80,306750.0,62.5,Right,MELODY,4,0.787,0.787,True,0.678,-5.0,0
Note_000973,37,307500.0,62.5,Left,BASS,5,0.787,0.787,True,0.184,-10.0,12
Note_000974,80,307500.0,62.5,Right,MELODY,4,0.787,0.787,True,0.678,-5.0,0
Note_000975,81,308250.0,62.5,Right,MELODY,5,0.787,0.787,False,0.69,-10.0,0
Note_000976,41,309000.0,3000.0,Left,BASS,1,0.787,0.787,False,0.23,10.0,0
Note_000977,80,309000.0,62.5,Right,MELODY,4,0.787,0.787,True,0.678,-5.0,0
Note_000978,37,309750.0,62.5,Left,BASS,3,0.787,0.787,True,0.184,-0.0,0
Note_000979,80,309750.0,62.5,Right,MELODY,4,0.787,0.787,True,0.678,-5.0,0
Note_000980,81,310500.0,62.5,Right,MELODY,5,0.787,0.787,False,0.69,-10.0,0
Note_000981,57,311250.0,750.0,Left,INNER,3,0.787,0.787,False,0.443,5.0,0
Note_000982,62,311250.0,750.0,Left,INNER,2,0.787,0.787,False,0.443,5.0,0
Note_000983,80,311250.0,62.5,Right,MELODY,4,0.787,0.787,True,0.678,-5.0,0
Note_000984,37,312000.0,62.5,Left,BASS,5,0.787,0.787,True,0.241,-10.0,12
Note_000985,47,312000.0,3000.0,Left,INNER,3,0.787,0.787,False,0.241,-10.0,12
Note_000986,80,312000.0,62.5,Right,MELODY,4,0.787,0.787,True,0.678,-5.0,0
Note_000987,57,312750.0,2250.0,Left,INNER,2,0.787,0.787,False,0.443,15.0,0
Note_000988,62,312750.0,2250.0,Left,INNER,1,0.787,0.787,False,0.443,15.0,0
Note_000989,81,312750.0,62.5,Right,MELODY,5,0.787,0.787,False,0.69,-10.0,0
Note_000990,80,313500.0,62.5,Right,MELODY,4,0.787,0.787,True,0.678,-5.0,0
Note_000991,37,314250.0,62.5,Left,BASS,3,0.787,0.787,True,0.184,-0.0,0
Note_000992,80,314250.0,62.5,Right,MELODY,4,0.787,0.787,True,0.678,-5.0,0
Note_000993,40,315000.0,3000.0,Left,BASS,1,0.787,0.787,False,0.218,10.0,0
Note_000994,81,315000.0,62.5,Right,MELODY,5,0.787,0.787,False,0.69,-10.0,0
Note_000995,80,315750.0,62.5,Right,MELODY,4,0.787,0.787,True,0.678,-5.0,0
Note_000996,73,316312.5,187.5,Right,MELODY,2,0.787,0.787,True,0.598,5.0,0
Note_000997,37,316500.0,62.5,Left,BASS,2,0.787,0.787,True,0.184,5.0,0
Note_000998,74,316500.0,1500.0,Right,INNER,1,0.787,0.787,False,0.649,5.0,0
Note_000999,81,316500.0,62.5,Right,MELODY,4,0.787,0.787,False,0.649,5.0,0
Note_001000,80,317250.0,62.5,Right,MELODY,4,0.787,0.787,True,0.678,-5.0,0
Note_001001,45,318000.0,3000.0,Left,BASS,1,0.787,0.787,False,0.276,10.0,0
Note_001002,81,318000.0,62.5,Right,MELODY,5,0.787,0.787,False,0.69,-10.0,0
Note_001003,80,318750.0,62.5,Right,MELODY,4,0.787,0.787,True,0.678,-5.0,0
Note_001004,37,319500.0,62.5,Left,BASS,2,0.787,0.787,True,0.184,5.0,0
Note_001005,80,319500.0,62.5,Right,MELODY,4,0.787,0.787,True,0.678,-5.0,0
Note_001006,79,320250.0,6750.0,Right,INNER,1,0.787,0.787,False,0.678,5.0,0
Note_001007,81,320250.0,62.5,Right,MELODY,4,0.787,0.787,False,0.678,5.0,0
Note_001008,45,321000.0,3000.0,Left,BASS,1,0.787,0.787,False,0.276,10.0,0
Note_001009,80,321000.0,62.5,Right,MELODY,4,0.787,0.787,True,0.678,-5.0,0
Note_001010,37,321750.0,62.5,Left,BASS,5,0.787,0.787,True,0.184,-10.0,12
Note_001011,80,321750.0,62.5,Right,MELODY,4,0.787,0.787,True,0.678,-5.0,0
Note_001012,81,322500.0,62.5,Right,MELODY,5,0.787,0.787,False,0.69,-10.0,0
Note_001013,55,323250.0,750.0,Left,INNER,5,0.787,0.787,False,0.456,-5.0,0
Note_001014,61,323250.0,750.0,Left,INNER,3,0.787,0.787,True,0.456,-5.0,0
Note_001015,66,323250.0,750.0,Left,INNER,2,0.787,0.787,True,0.456,-5.0,0
Note_001016,80,323250.0,62.5,Right,MELODY,4,0.787,0.787,True,0.678,-5.0,0
Note_001017,37,324000.0,62.5,Left,BASS,2,0.787,0.787,True,0.23,15.0,0
Note_001018,45,324000.0,3000.0,Left,INNER,1,0.787,0.787,False,0.23,15.0,0
Note_001019,80,324000.0,62.5,Right,MELODY,4,0.787,0.787,True,0.678,-5.0,0
Note_001020,55,324750.0,2250.0,Left,INNER,5,0.787,0.787,False,0.456,-5.0,0
Note_001021,61,324750.0,2250.0,Left,INNER,3,0.787,0.787,True,0.456,-5.0,0
Note_001022,66,324750.0,2250.0,Left,INNER,2,0.787,0.787,True,0.456,-5.0,0
Note_001023,81,324750.0,62.5,Right,MELODY,5,0.787,0.787,False,0.69,-10.0,0
Note_001024,80,325500.0,62.5,Right,MELODY,4,0.787,0.787,True,0.678,-5.0,0
Note_001025,37,326250.0,62.5,Left,BASS,1,0.787,0.787,True,0.184,10.0,-12
Note_001026,80,326250.0,62.5,Right,MELODY,4,0.787,0.787,True,0.678,-5.0,0
Note_001027,45,327000.0,3000.0,Left,BASS,2,0.787,0.787,False,0.276,5.0,0
Note_001028,81,327000.0,62.5,Right,MELODY,5,0.787,0.787,False,0.69,-10.0,0
Note_001029,80,327750.0,62.5,Right,MELODY,4,0.787,0.787,True,0.678,-5.0,0
Note_001030,78,328312.5,187.5,Right,MELODY,2,0.787,0.787,True,0.655,5.0,0
Note_001031,37,328500.0,62.5,Left,BASS,3,0.787,0.787,True,0.184,-0.0,0
Note_001032,79,328500.0,1500.0,Right,INNER,1,0.787,0.787,False,0.678,5.0,0
Note_001033,81,328500.0,62.5,Right,MELODY,4,0.787,0.787,False,0.678,5.0,0
Note_001034,80,329250.0,62.5,Right,MELODY,4,0.787,0.787,True,0.678,-5.0,0
Note_001035,45,330000.0,3000.0,Left,BASS,1,0.787,0.787,False,0.276,10.0,0
Note_001036,78,330000.0,2250.0,Right,INNER,3,0.787,0.787,True,0.672,-5.0,0
Note_001037,81,330000.0,62.5,Right,MELODY,4,0.787,0.787,False,0.672,-5.0,0
Note_001038,80,330750.0,62.5,Right,MELODY,2,0.787,0.787,True,0.678,5.0,0
Note_001039,37,331500.0,62.5,Left,BASS,2,0.787,0.787,True,0.184,5.0,0
Note_001040,80,331500.0,62.5,Right,MELODY,4,0.787,0.787,True,0.678,-5.0,0
Note_001041,76,332250.0,750.0,Right,INNER,1,0.787,0.787,False,0.661,5.0,0
Note_001042,81,332250.0,62.5,Right,MELODY,4,0.787,0.787,False,0.661,5.0,0
Note_001043,45,333000.0,3000.0,Left,BASS,1,0.787,0.787,False,0.276,10.0,0
Note_001044,80,333000.0,62.5,Right,MELODY,4,0.787,0.787,True,0.678,-5.0,0
Note_001045,37,333750.0,62.5,Left,BASS,3,0.787,0.787,True,0.184,-0.0,0
Note_001046,80,333750.0,62.5,Right,MELODY,4,0.787,0.787,True,0.678,-5.0,0
Note_001047,78,334312.5,187.5,Right,MELODY,2,0.787,0.787,True,0.655,5.0,0
Note_001048,79,334500.0,1500.0,Right,INNER,1,0.787,0.787,False,0.678,5.0,0
Note_001049,81,334500.0,62.5,Right,MELODY,4,0.787,0.787,False,0.678,5.0,0
Note_001050,57,335250.0,750.0,Left,INNER,3,0.787,0.787,False,0.46,15.0,0
Note_001051,62,335250.0,750.0,Left,INNER,2,0.787,0.787,False,0.46,15.0,0
Note_001052,64,335250.0,750.0,Left,INNER,1,0.787,0.787,False,0.46,15.0,0
Note_001053,80,335250.0,62.5,Right,MELODY,4,0.787,0.787,True,0.678,-5.0,0
Note_001054,37,336000.0,62.5,Left,BASS,2,0.787,0.787,True,0.241,15.0,0
Note_001055,47,336000.0,3000.0,Left,INNER,1,0.787,0.787,False,0.241,15.0,0
Note_001056,78,336000.0,2250.0,Right,INNER,2,0.787,0.787,True,0.667,0.0,0
Note_001057,80,336000.0,62.5,Right,MELODY,4,0.787,0.787,True,0.667,0.0,0
Note_001058,57,336750.0,2250.0,Left,INNER,4,0.787,0.787,False,0.46,-0.0,0
Note_001059,62,336750.0,2250.0,Left,INNER,3,0.787,0.787,False,0.46,-0.0,0
Note_001060,64,336750.0,2250.0,Left,INNER,2,0.787,0.787,False,0.46,-0.0,0
Note_001061,81,336750.0,62.5,Right,MELODY,4,0.787,0.787,False,0.69,-5.0,0
Note_001062,80,337500.0,62.5,Right,MELODY,3,0.787,0.787,True,0.678,0.0,0
Note_001063,37,338250.0,62.5,Left,BASS,5,0.787,0.787,True,0.184,-10.0,12
Note_001064,76,338250.0,750.0,Right,INNER,2,0.787,0.787,False,0.655,5.0,0
Note_001065,80,338250.0,62.5,Right,MELODY,3,0.787,0.787,True,0.655,5.0,0
Note_001066,52,339000.0,3000.0,Left,BASS,4,0.787,0.787,False,0.431,10.0,0
Note_001067,56,339000.0,750.0,Left,INNER,3,0.787,0.787,True,0.431,10.0,0
Note_001068,62,339000.0,750.0,Left,INNER,2,0.787,0.787,False,0.431,10.0,0
Note_001069,64,339000.0,750.0,Left,INNER,1,0.787,0.787,False,0.431,10.0,0
Note_001070,81,339000.0,62.5,Right,MELODY,3,0.787,0.787,False,0.69,0.0,0
Note_001071,80,339750.0,62.5,Right,MELODY,2,0.787,0.787,True,0.678,5.0,0
Note_001072,80,340312.5,187.5,Right,MELODY,4,0.787,0.787,True,0.678,-5.0,0
Note_001073,37,340500.0,62.5,Left,BASS,5,0.787,0.787,True,0.184,-10.0,12
Note_001074,81,340500.0,1500.0,Right,INNER,1,0.787,0.787,False,0.69,5.0,0
Note_001075,81,340500.0,62.5,Right,MELODY,4,0.787,0.787,False,0.69,5.0,0
Note_001076,80,341250.0,62.5,Right,MELODY,4,0.787,0.787,True,0.678,-5.0,0
Note_001077,45,342000.0,3000.0,Left,BASS,1,0.787,0.787,False,0.276,10.0,0
Note_001078,76,342000.0,2250.0,Right,INNER,1,0.787,0.787,False,0.661,5.0,0
Note_001079,81,342000.0,62.5,Right,MELODY,4,0.787,0.787,False,0.661,5.0,0
Note_001080,80,342750.0,62.5,Right,MELODY,4,0.787,0.787,True,0.678,-5.0,0
Note_001081,37,343500.0,62.5,Left,BASS,2,0.787,0.787,True,0.184,5.0,0
Note_001082,80,343500.0,62.5,Right,MELODY,4,0.787,0.787,True,0.678,-5.0,0
Note_001083,74,344250.0,5250.0,Right,INNER,1,0.787,0.787,False,0.649,5.0,0
Note_001084,81,344250.0,62.5,Right,MELODY,4,0.787,0.787,False,0.649,5.0,0
Note_001085,45,345000.0,3000.0,Left,BASS,1,0.787,0.787,False,0.276,10.0,0
Note_001086,80,345000.0,62.5,Right,MELODY,4,0.787,0.787,True,0.678,-5.0,0
Note_001087,37,345750.0,62.5,Left,BASS,3,0.787,0.787,True,0.184,-0.0,0
Note_001088,80,345750.0,62.5,Right,MELODY,4,0.787,0.787,True,0.678,-5.0,0
Note_001089,81,346500.0,62.5,Right,MELODY,5,0.787,0.787,False,0.69,-10.0,0
Note_001090,54,347250.0,750.0,Left,INNER,3,0.787,0.787,True,0.444,15.0,0
Note_001091,60,347250.0,750.0,Left,INNER,2,0.787,0.787,False,0.444,15.0,0
Note_001092,65,347250.0,750.0,Left,INNER,1,0.787,0.787,False,0.444,15.0,0
Note_001093,80,347250.0,62.5,Right,MELODY,4,0.787,0.787,True,0.678,-5.0,0
Note_001094,37,348000.0,62.5,Left,BASS,3,0.787,0.787,True,0.259,10.0,0
Note_001095,50,348000.0,3000.0,Left,INNER,1,0.787,0.787,False,0.259,10.0,0
Note_001096,80,348000.0,62.5,Right,MELODY,4,0.787,0.787,True,0.678,-5.0,0
Note_001097,54,348750.0,2250.0,Left,INNER,5,0.787,0.787,True,0.444,-5.0,12
Note_001098,60,348750.0,2250.0,Left,INNER,3,0.787,0.787,False,0.444,-5.0,12
Note_001099,65,348750.0,2250.0,Left,INNER,2,0.787,0.787,False,0.444,-5.0,12
Note_001100,81,348750.0,62.5,Right,MELODY,5,0.787,0.787,False,0.69,-10.0,0
Note_001101,80,349500.0,62.5,Right,MELODY,4,0.787,0.787,True,0.678,-5.0,0
Note_001102,37,350250.0,62.5,Left,BASS,1,0.787,0.787,True,0.184,10.0,-12
Note_001103,80,350250.0,62.5,Right,MELODY,4,0.787,0.787,True,0.678,-5.0,0
Note_001104,50,351000.0,3000.0,Left,BASS,4,0.787,0.787,False,0.417,10.0,0
Note_001105,54,351000.0,750.0,Left,INNER,3,0.787,0.787,True,0.417,10.0,0
Note_001106,60,351000.0,750.0,Left,INNER,2,0.787,0.787,False,0.417,10.0,0
Note_001107,65,351000.0,750.0,Left,INNER,1,0.787,0.787,False,0.417,10.0,0
Note_001108,81,351000.0,62.5,Right,MELODY,5,0.787,0.787,False,0.69,-10.0,0
Note_001109,80,351750.0,62.5,Right,MELODY,4,0.787,0.787,True,0.678,-5.0,0
Note_001110,37,352500.0,62.5,Left,BASS,5,0.787,0.787,True,0.184,-10.0,12
Note_001111,81,352500.0,62.5,Right,MELODY,5,0.787,0.787,False,0.69,-10.0,0
Note_001112,80,353250.0,62.5,Right,MELODY,4,0.787,0.787,True,0.678,-5.0,0
Note_001113,77,353812.5,187.5,Right,MELODY,2,0.787,0.787,False,0.644,5.0,0
Note_001114,43,354000.0,3000.0,Left,BASS,1,0.787,0.787,False,0.253,10.0,0
Note_001115,78,354000.0,3000.0,Right,INNER,3,0.787,0.787,True,0.672,-5.0,0
Note_001116,81,354000.0,62.5,Right,MELODY,4,0.787,0.787,False,0.672,-5.0,0
Note_001117,80,354750.0,62.5,Right,MELODY,2,0.787,0.787,True,0.678,5.0,0
Note_001118,37,355500.0,62.5,Left,BASS,2,0.787,0.787,True,0.184,5.0,0
Note_001119,80,355500.0,62.5,Right,MELODY,4,0.787,0.787,True,0.678,-5.0,0
Note_001120,81,356250.0,62.5,Right,MELODY,5,0.787,0.787,False,0.69,-10.0,0
Note_001121,43,357000.0,3000.0,Left,BASS,1,0.787,0.787,False,0.253,10.0,0
Note_001122,80,357000.0,62.5,Right,MELODY,4,0.787,0.787,True,0.678,-5.0,0
Note_001123,73,357562.5,187.5,Right,MELODY,2,0.787,0.787,True,0.598,5.0,0
Note_001124,37,357750.0,62.5,Left,BASS,3,0.787,0.787,True,0.184,-0.0,0
Note_001125,74,357750.0,750.0,Right,INNER,1,0.787,0.787,False,0.644,5.0,0
Note_001126,80,357750.0,62.5,Right,MELODY,4,0.787,0.787,True,0.644,5.0,0
Note_001127,71,358500.0,750.0,Right,INNER,1,0.787,0.787,False,0.632,5.0,0
Note_001128,81,358500.0,62.5,Right,MELODY,4,0.787,0.787,False,0.632,5.0,0
Note_001129,52,359250.0,750.0,Left,INNER,3,0.787,0.787,False,0.414,15.0,0
Note_001130,57,359250.0,750.0,Left,INNER,2,0.787,0.787,False,0.414,15.0,0
Note_001131,62,359250.0,750.0,Left,INNER,1,0.787,0.787,False,0.414,15.0,0
Note_001132,74,359250.0,3000.0,Right,INNER,2,0.787,0.787,False,0.644,0.0,0
Note_001133,80,359250.0,62.5,Right,MELODY,4,0.787,0.787,True,0.644,0.0,0
Note_001134,37,360000.0,62.5,Left,BASS,2,0.787,0.787,True,0.218,15.0,0
Note_001135,43,360000.0,3000.0,Left,INNER,1,0.787,0.787,False,0.218,15.0,0
Note_001136,80,360000.0,62.5,Right,MELODY,4,0.787,0.787,True,0.678,-5.0,0
Note_001137,52,360750.0,2250.0,Left,INNER,4,0.787,0.787,False,0.414,-0.0,0
Note_001138,57,360750.0,2250.0,Left,INNER,3,0.787,0.787,False,0.414,-0.0,0
Note_001139,62,360750.0,2250.0,Left,INNER,2,0.787,0.787,False,0.414,-0.0,0
Note_001140,81,360750.0,62.5,Right,MELODY,5,0.787,0.787,False,0.69,-10.0,0
Note_001141,80,361500.0,62.5,Right,MELODY,4,0.787,0.787,True,0.678,-5.0,0
Note_001142,37,362250.0,62.5,Left,BASS,5,0.787,0.787,True,0.184,-10.0,12
Note_001143,80,362250.0,62.5,Right,MELODY,4,0.787,0.787,True,0.678,-5.0,0
Note_001144,70,362812.5,187.5,Right,MELODY,2,0.787,0.787,True,0.563,5.0,0
Note_001145,43,363000.0,3000.0,Left,BASS,1,0.787,0.787,False,0.253,10.0,0
Note_001146,81,363000.0,62.5,Right,MELODY,4,0.787,0.787,False,0.69,-5.0,0
Note_001147,74,363750.0,750.0,Right,INNER,1,0.787,0.787,False,0.644,5.0,0
Note_001148,80,363750.0,62.5,Right,MELODY,4,0.787,0.787,True,0.644,5.0,0
Note_001149,37,364500.0,62.5,Left,BASS,5,0.787,0.787,True,0.184,-10.0,12
Note_001150,76,364500.0,750.0,Right,INNER,1,0.787,0.787,False,0.661,5.0,0
Note_001151,81,364500.0,62.5,Right,MELODY,4,0.787,0.787,False,0.661,5.0,0
Note_001152,78,365250.0,3750.0,Right,INNER,2,0.787,0.787,True,0.667,0.0,0
Note_001153,80,365250.0,62.5,Right,MELODY,4,0.787,0.787,True,0.667,0.0,0
Note_001154,48,366000.0,3000.0,Left,BASS,5,0.787,0.787,False,0.391,-0.0,-12
Note_001155,48,366000.0,12000.0,Left,INNER,4,0.787,0.787,False,0.391,-0.0,-12
Note_001156,52,366000.0,750.0,Left,INNER,3,0.787,0.787,False,0.391,-0.0,-12
Note_001157,52,366000.0,12000.0,Left,INNER,2,0.787,0.787,False,0.391,-0.0,-12
Note_001158,58,366000.0,750.0,Left,INNER,1,0.787,0.787,True,0.391,-0.0,-12
Note_001159,58,366000.0,12000.0,Left,INNER,0,0.787,0.787,True,0.391,-0.0,-12
Note_001160,62,366000.0,750.0,Left,INNER,0,0.787,0.787,False,0.391,-0.0,-12
Note_001161,62,366000.0,12000.0,Left,INNER,0,0.787,0.787,False,0.391,-0.0,-12
Note_001162,81,366000.0,62.5,Right,MELODY,4,0.787,0.787,False,0.69,-5.0,0
Note_001163,80,366750.0,62.5,Right,MELODY,2,0.787,0.787,True,0.678,5.0,0
Note_001164,37,367500.0,62.5,Left,BASS,1,0.787,0.787,True,0.184,10.0,-12
Note_001165,80,367500.0,62.5,Right,MELODY,4,0.787,0.787,True,0.678,-5.0,0
Note_001166,81,368250.0,62.5,Right,MELODY,5,0.787,0.787,False,0.69,-10.0,0
Note_001167,48,369000.0,3000.0,Left,BASS,2,0.787,0.787,False,0.31,5.0,0
Note_001168,80,369000.0,62.5,Right,MELODY,4,0.787,0.787,True,0.678,-5.0,0
Note_001169,73,369562.5,187.5,Right,MELODY,2,0.787,0.787,True,0.598,5.0,0
Note_001170,37,369750.0,62.5,Left,BASS,3,0.787,0.787,True,0.184,-0.0,0
Note_001171,74,369750.0,750.0,Right,INNER,1,0.787,0.787,False,0.644,5.0,0
Note_001172,80,369750.0,62.5,Right,MELODY,4,0.787,0.787,True,0.644,5.0,0
Note_001173,71,370500.0,750.0,Right,INNER,1,0.787,0.787,False,0.632,5.0,0
Note_001174,81,370500.0,62.5,Right,MELODY,4,0.787,0.787,False,0.632,5.0,0
Note_001175,52,371250.0,750.0,Left,INNER,3,0.787,0.787,False,0.418,15.0,0
Note_001176,58,371250.0,750.0,Left,INNER,2,0.787,0.787,True,0.418,15.0,0
Note_001177,62,371250.0,750.0,Left,INNER,1,0.787,0.787,False,0.418,15.0,0
Note_001178,74,371250.0,3750.0,Right,INNER,2,0.787,0.787,False,0.644,0.0,0
Note_001179,80,371250.0,62.5,Right,MELODY,4,0.787,0.787,True,0.644,0.0,0
Note_001180,37,372000.0,62.5,Left,BASS,2,0.787,0.787,True,0.247,15.0,0
Note_001181,48,372000.0,3000.0,Left,INNER,1,0.787,0.787,False,0.247,15.0,0
Note_001182,80,372000.0,62.5,Right,MELODY,4,0.787,0.787,True,0.678,-5.0,0
Note_001183,52,372750.0,2250.0,Left,INNER,5,0.787,0.787,False,0.418,-5.0,0
Note_001184,58,372750.0,2250.0,Left,INNER,3,0.787,0.787,True,0.418,-5.0,0
Note_001185,62,372750.0,2250.0,Left,INNER,2,0.787,0.787,False,0.418,-5.0,0
Note_001186,81,372750.0,62.5,Right,MELODY,5,0.787,0.787,False,0.69,-10.0,0
Note_001187,80,373500.0,62.5,Right,MELODY,4,0.787,0.787,True,0.678,-5.0,0
Note_001188,37,374250.0,62.5,Left,BASS,1,0.787,0.787,True,0.184,10.0,-12
Note_001189,80,374250.0,62.5,Right,MELODY,4,0.787,0.787,True,0.678,-5.0,0
Note_001190,48,375000.0,3000.0,Left,BASS,4,0.787,0.787,False,0.391,10.0,0
Note_001191,52,375000.0,750.0,Left,INNER,3,0.787,0.787,False,0.391,10.0,0
Note_001192,58,375000.0,750.0,Left,INNER,2,0.787,0.787,True,0.391,10.0,0
Note_001193,62,375000.0,750.0,Left,INNER,1,0.787,0.787,False,0.391,10.0,0
Note_001194,81,375000.0,62.5,Right,MELODY,5,0.787,0.787,False,0.69,-10.0,0
Note_001195,73,375562.5,187.5,Right,MELODY,2,0.787,0.787,True,0.598,5.0,0
Note_001196,74,375750.0,1125.0,Right,INNER,2,0.787,0.787,False,0.644,0.0,0
Note_001197,80,375750.0,62.5,Right,MELODY,4,0.787,0.787,True,0.644,0.0,0
Note_001198,37,376500.0,62.5,Left,BASS,5,0.787,0.787,True,0.184,-10.0,12
Note_001199,81,376500.0,62.5,Right,MELODY,4,0.787,0.787,False,0.69,-5.0,0
Note_001200,73,376875.0,1125.0,Right,MELODY,2,0.787,0.787,True,0.598,5.0,0
Note_001201,80,377250.0,62.5,Right,MELODY,4,0.787,0.787,True,0.678,-5.0,0
Note_001202,45,378000.0,3000.0,Left,BASS,5,0.787,0.787,False,0.388,-0.0,0
Note_001203,45,378000.0,6000.0,Left,INNER,4,0.787,0.787,False,0.388,-0.0,0
Note_001204,55,378000.0,750.0,Left,INNER,3,0.787,0.787,False,0.388,-0.0,0
Note_001205,55,378000.0,6000.0,Left,INNER,2,0.787,0.787,False,0.388,-0.0,0
Note_001206,59,378000.0,750.0,Left,INNER,1,0.787,0.787,False,0.388,-0.0,0
Note_001207,59,378000.0,6000.0,Left,INNER,0,0.787,0.787,False,0.388,-0.0,0
Note_001208,60,378000.0,750.0,Left,INNER,0,0.787,0.787,False,0.388,-0.0,0
Note_001209,60,378000.0,6000.0,Left,INNER,0,0.787,0.787,False,0.388,-0.0,0
Note_001210,72,378000.0,2250.0,Right,INNER,1,0.787,0.787,False,0.638,5.0,0
Note_001211,81,378000.0,62.5,Right,MELODY,4,0.787,0.787,False,0.638,5.0,0
Note_001212,80,378750.0,62.5,Right,MELODY,4,0.787,0.787,True,0.678,-5.0,0
Note_001213,37,379500.0,62.5,Left,BASS,1,0.787,0.787,True,0.184,10.0,-12
Note_001214,80,379500.0,62.5,Right,MELODY,4,0.787,0.787,True,0.678,-5.0,0
Note_001215,81,380250.0,62.5,Right,MELODY,5,0.787,0.787,False,0.69,-10.0,0
Note_001216,71,380812.5,187.5,Right,MELODY,4,0.787,0.787,False,0.575,-5.0,0
Note_001217,45,381000.0,3000.0,Left,BASS,2,0.787,0.787,False,0.276,5.0,0
Note_001218,72,381000.0,750.0,Right,INNER,1,0.787,0.787,False,0.632,15.0,0
Note_001219,80,381000.0,62.5,Right,MELODY,2,0.787,0.787,True,0.632,15.0,0
Note_001220,37,381750.0,62.5,Left,BASS,3,0.787,0.787,True,0.184,-0.0,0
Note_001221,76,381750.0,750.0,Right,INNER,1,0.787,0.787,False,0.655,5.0,0
Note_001222,80,381750.0,62.5,Right,MELODY,4,0.787,0.787,True,0.655,5.0,0
Note_001223,79,382500.0,750.0,Right,INNER,1,0.787,0.787,False,0.678,5.0,0
Note_001224,81,382500.0,62.5,Right,MELODY,4,0.787,0.787,False,0.678,5.0,0
Note_001225,54,383250.0,750.0,Left,INNER,3,0.787,0.787,True,0.421,15.0,0
Note_001226,59,383250.0,750.0,Left,INNER,2,0.787,0.787,False,0.421,15.0,0
Note_001227,60,383250.0,750.0,Left,INNER,1,0.787,0.787,False,0.421,15.0,0
Note_001228,78,383250.0,1500.0,Right,INNER,3,0.787,0.787,True,0.667,-5.0,0
Note_001229,80,383250.0,62.5,Right,MELODY,4,0.787,0.787,True,0.667,-5.0,0
Note_001230,37,384000.0,62.5,Left,BASS,3,0.787,0.787,True,0.259,10.0,0
Note_001231,50,384000.0,3000.0,Left,INNER,1,0.787,0.787,False,0.259,10.0,0
Note_001232,80,384000.0,62.5,Right,MELODY,2,0.787,0.787,True,0.678,5.0,0
Note_001233,54,384750.0,2250.0,Left,INNER,4,0.787,0.787,True,0.421,-0.0,0
Note_001234,59,384750.0,2250.0,Left,INNER,3,0.787,0.787,False,0.421,-0.0,0
Note_001235,60,384750.0,2250.0,Left,INNER,2,0.787,0.787,False,0.421,-0.0,0
Note_001236,81,384750.0,62.5,Right,MELODY,4,0.787,0.787,False,0.69,-5.0,0
Note_001237,74,385500.0,750.0,Right,INNER,1,0.787,0.787,False,0.644,5.0,0
Note_001238,80,385500.0,62.5,Right,MELODY,4,0.787,0.787,True,0.644,5.0,0
Note_001239,37,386250.0,62.5,Left,BASS,5,0.787,0.787,True,0.184,-10.0,12
Note_001240,69,386250.0,750.0,Right,INNER,2,0.787,0.787,False,0.615,-5.0,-12
Note_001241,80,386250.0,62.5,Right,MELODY,5,0.787,0.787,True,0.615,-5.0,-12
Note_001242,50,387000.0,3000.0,Left,BASS,4,0.787,0.787,False,0.399,10.0,0
Note_001243,54,387000.0,750.0,Left,INNER,3,0.787,0.787,True,0.399,10.0,0
Note_001244,59,387000.0,750.0,Left,INNER,2,0.787,0.787,False,0.399,10.0,0
Note_001245,60,387000.0,750.0,Left,INNER,1,0.787,0.787,False,0.399,10.0,0
Note_001246,81,387000.0,62.5,Right,MELODY,5,0.787,0.787,False,0.69,-10.0,0
Note_001247,80,387750.0,62.5,Right,MELODY,4,0.787,0.787,True,0.678,-5.0,0
Note_001248,37,388500.0,62.5,Left,BASS,5,0.787,0.787,True,0.184,-10.0,12
Note_001249,74,388500.0,750.0,Right,INNER,1,0.787,0.787,False,0.649,5.0,0
Note_001250,81,388500.0,62.5,Right,MELODY,4,0.787,0.787,False,0.649,5.0,0
Note_001251,71,389250.0,750.0,Right,INNER,2,0.787,0.787,False,0.626,0.0,0
Note_001252,80,389250.0,62.5,Right,MELODY,4,0.787,0.787,True,0.626,0.0,0
Note_001253,43,390000.0,3000.0,Left,BASS,1,0.787,0.787,False,0.253,10.0,0
Note_001254,81,390000.0,62.5,Right,MELODY,4,0.787,0.787,False,0.69,-5.0,0
Note_001255,80,390750.0,62.5,Right,MELODY,2,0.787,0.787,True,0.678,5.0,0
Note_001256,37,391500.0,62.5,Left,BASS,2,0.787,0.787,True,0.184,5.0,0
Note_001257,80,391500.0,62.5,Right,MELODY,4,0.787,0.787,True,0.678,-5.0,0
Note_001258,81,392250.0,62.5,Right,MELODY,5,0.787,0.787,False,0.69,-10.0,0
Note_001259,43,393000.0,3000.0,Left,BASS,1,0.787,0.787,False,0.253,10.0,0
Note_001260,80,393000.0,62.5,Right,MELODY,4,0.787,0.787,True,0.678,-5.0,0
Note_001261,37,393750.0,62.5,Left,BASS,3,0.787,0.787,True,0.184,-0.0,0
Note_001262,80,393750.0,62.5,Right,MELODY,4,0.787,0.787,True,0.678,-5.0,0
Note_001263,81,394500.0,62.5,Right,MELODY,5,0.787,0.787,False,0.69,-10.0,0
Note_001264,54,395250.0,750.0,Left,INNER,3,0.787,0.787,True,0.444,15.0,0
Note_001265,60,395250.0,750.0,Left,INNER,2,0.787,0.787,False,0.444,15.0,0
Note_001266,65,395250.0,750.0,Left,INNER,1,0.787,0.787,False,0.444,15.0,0
Note_001267,80,395250.0,62.5,Right,MELODY,4,0.787,0.787,True,0.678,-5.0,0
Note_001268,37,396000.0,62.5,Left,BASS,2,0.787,0.787,True,0.224,15.0,-12
Note_001269,44,396000.0,3000.0,Left,INNER,1,0.787,0.787,True,0.224,15.0,-12
Note_001270,80,396000.0,62.5,Right,MELODY,4,0.787,0.787,True,0.678,-5.0,0
Note_001271,54,396750.0,2250.0,Left,INNER,5,0.787,0.787,True,0.444,-5.0,12
Note_001272,60,396750.0,2250.0,Left,INNER,3,0.787,0.787,False,0.444,-5.0,12
Note_001273,65,396750.0,2250.0,Left,INNER,2,0.787,0.787,False,0.444,-5.0,12
Note_001274,81,396750.0,62.5,Right,MELODY,5,0.787,0.787,False,0.69,-10.0,0
Note_001275,80,397500.0,62.5,Right,MELODY,4,0.787,0.787,True,0.678,-5.0,0
Note_001276,37,398250.0,62.5,Left,BASS,1,0.787,0.787,True,0.184,10.0,-12
Note_001277,80,398250.0,62.5,Right,MELODY,4,0.787,0.787,True,0.678,-5.0,0
Note_001278,44,399000.0,3000.0,Left,BASS,2,0.787,0.787,True,0.264,5.0,0
Note_001279,81,399000.0,62.5,Right,MELODY,5,0.787,0.787,False,0.69,-10.0,0
Note_001280,80,399750.0,62.5,Right,MELODY,4,0.787,0.787,True,0.678,-5.0,0
Note_001281,37,400500.0,62.5,Left,BASS,3,0.787,0.787,True,0.184,-0.0,0
Note_001282,81,400500.0,62.5,Right,MELODY,5,0.787,0.787,False,0.69,-10.0,0
Note_001283,80,401250.0,62.5,Right,MELODY,4,0.787,0.787,True,0.678,-5.0,0
Note_001284,77,401812.5,187.5,Right,MELODY,2,0.787,0.787,False,0.644,5.0,0
Note_001285,43,402000.0,3000.0,Left,BASS,1,0.787,0.787,False,0.253,10.0,0
Note_001286,78,402000.0,3000.0,Right,INNER,3,0.787,0.787,True,0.672,-5.0,0
Note_001287,81,402000.0,62.5,Right,MELODY,4,0.787,0.787,False,0.672,-5.0,0
Note_001288,80,402750.0,62.5,Right,MELODY,2,0.787,0.787,True,0.678,5.0,0
Note_001289,37,403500.0,62.5,Left,BASS,2,0.787,0.787,True,0.184,5.0,0
Note_001290,80,403500.0,62.5,Right,MELODY,4,0.787,0.787,True,0.678,-5.0,0
Note_001291,81,404250.0,62.5,Right,MELODY,5,0.787,0.787,False,0.69,-10.0,0
Note_001292,43,405000.0,3000.0,Left,BASS,1,0.787,0.787,False,0.253,10.0,0
Note_001293,80,405000.0,62.5,Right,MELODY,4,0.787,0.787,True,0.678,-5.0,0
Note_001294,73,405562.5,187.5,Right,MELODY,2,0.787,0.787,True,0.598,5.0,0
Note_001295,37,405750.0,62.5,Left,BASS,3,0.787,0.787,True,0.184,-0.0,0
Note_001296,74,405750.0,750.0,Right,INNER,1,0.787,0.787,False,0.644,5.0,0
Note_001297,80,405750.0,62.5,Right,MELODY,4,0.787,0.787,True,0.644,5.0,0
Note_001298,71,406500.0,750.0,Right,INNER,1,0.787,0.787,False,0.632,5.0,0
Note_001299,81,406500.0,62.5,Right,MELODY,4,0.787,0.787,False,0.632,5.0,0
Note_001300,52,407250.0,750.0,Left,INNER,3,0.787,0.787,False,0.414,15.0,0
Note_001301,57,407250.0,750.0,Left,INNER,2,0.787,0.787,False,0.414,15.0,0
Note_001302,62,407250.0,750.0,Left,INNER,1,0.787,0.787,False,0.414,15.0,0
Note_001303,74,407250.0,3000.0,Right,INNER,2,0.787,0.787,False,0.644,0.0,0
Note_001304,80,407250.0,62.5,Right,MELODY,4,0.787,0.787,True,0.644,0.0,0
Note_001305,37,408000.0,62.5,Left,BASS,2,0.787,0.787,True,0.218,15.0,0
Note_001306,43,408000.0,3000.0,Left,INNER,1,0.787,0.787,False,0.218,15.0,0
Note_001307,80,408000.0,62.5,Right,MELODY,4,0.787,0.787,True,0.678,-5.0,0
Note_001308,52,408750.0,2250.0,Left,INNER,4,0.787,0.787,False,0.414,-0.0,0
Note_001309,57,408750.0,2250.0,Left,INNER,3,0.787,0.787,False,0.414,-0.0,0
Note_001310,62,408750.0,2250.0,Left,INNER,2,0.787,0.787,False,0.414,-0.0,0
Note_001311,81,408750.0,62.5,Right,MELODY,5,0.787,0.787,False,0.69,-10.0,0
Note_001312,80,409500.0,62.5,Right,MELODY,4,0.787,0.787,True,0.678,-5.0,0
Note_001313,37,410250.0,62.5,Left,BASS,5,0.787,0.787,True,0.184,-10.0,12
Note_001314,80,410250.0,62.5,Right,MELODY,4,0.787,0.787,True,0.678,-5.0,0
Note_001315,70,410812.5,187.5,Right,MELODY,2,0.787,0.787,True,0.563,5.0,0
Note_001316,43,411000.0,3000.0,Left,BASS,1,0.787,0.787,False,0.253,10.0,0
Note_001317,81,411000.0,62.5,Right,MELODY,4,0.787,0.787,False,0.69,-5.0,0
Note_001318,74,411750.0,750.0,Right,INNER,1,0.787,0.787,False,0.644,5.0,0
Note_001319,80,411750.0,62.5,Right,MELODY,4,0.787,0.787,True,0.644,5.0,0
Note_001320,37,412500.0,62.5,Left,BASS,5,0.787,0.787,True,0.184,-10.0,12
Note_001321,76,412500.0,750.0,Right,INNER,1,0.787,0.787,False,0.661,5.0,0
Note_001322,81,412500.0,62.5,Right,MELODY,4,0.787,0.787,False,0.661,5.0,0
Note_001323,78,413250.0,3750.0,Right,INNER,2,0.787,0.787,True,0.667,0.0,0
Note_001324,80,413250.0,62.5,Right,MELODY,4,0.787,0.787,True,0.667,0.0,0
Note_001325,48,414000.0,3000.0,Left,BASS,5,0.787,0.787,False,0.391,-0.0,-12
Note_001326,48,414000.0,6000.0,Left,INNER,4,0.787,0.787,False,0.391,-0.0,-12
Note_001327,52,414000.0,750.0,Left,INNER,3,0.787,0.787,False,0.391,-0.0,-12
Note_001328,52,414000.0,6000.0,Left,INNER,2,0.787,0.787,False,0.391,-0.0,-12
Note_001329,58,414000.0,750.0,Left,INNER,1,0.787,0.787,True,0.391,-0.0,-12
Note_001330,58,414000.0,6000.0,Left,INNER,0,0.787,0.787,True,0.391,-0.0,-12
Note_001331,62,414000.0,750.0,Left,INNER,0,0.787,0.787,False,0.391,-0.0,-12
Note_001332,62,414000.0,6000.0,Left,INNER,0,0.787,0.787,False,0.391,-0.0,-12
Note_001333,81,414000.0,62.5,Right,MELODY,4,0.787,0.787,False,0.69,-5.0,0
Note_001334,80,414750.0,62.5,Right,MELODY,2,0.787,0.787,True,0.678,5.0,0
Note_001335,37,415500.0,62.5,Left,BASS,1,0.787,0.787,True,0.184,10.0,-12
Note_001336,80,415500.0,62.5,Right,MELODY,4,0.787,0.787,True,0.678,-5.0,0
Note_001337,81,416250.0,62.5,Right,MELODY,5,0.787,0.787,False,0.69,-10.0,0
Note_001338,48,417000.0,3000.0,Left,BASS,2,0.787,0.787,False,0.31,5.0,0
Note_001339,80,417000.0,62.5,Right,MELODY,4,0.787,0.787,True,0.678,-5.0,0
Note_001340,78,417562.5,187.5,Right,MELODY,3,0.787,0.787,True,0.655,0.0,0
Note_001341,37,417750.0,62.5,Left,BASS,5,0.787,0.787,True,0.184,-10.0,12
Note_001342,79,417750.0,750.0,Right,INNER,1,0.787,0.787,False,0.672,10.0,0
Note_001343,80,417750.0,62.5,Right,MELODY,3,0.787,0.787,True,0.672,10.0,0
Note_001344,78,418500.0,750.0,Right,INNER,2,0.787,0.787,True,0.672,5.0,0
Note_001345,81,418500.0,62.5,Right,MELODY,3,0.787,0.787,False,0.672,5.0,0
Note_001346,50,419250.0,750.0,Left,INNER,5,0.787,0.787,False,0.402,-5.0,0
Note_001347,57,419250.0,750.0,Left,INNER,3,0.787,0.787,False,0.402,-5.0,0
Note_001348,61,419250.0,750.0,Left,INNER,2,0.787,0.787,True,0.402,-5.0,0
Note_001349,76,419250.0,3750.0,Right,INNER,1,0.787,0.787,False,0.655,15.0,0
Note_001350,80,419250.0,62.5,Right,MELODY,2,0.787,0.787,True,0.655,15.0,0
Note_001351,37,420000.0,62.5,Left,BASS,2,0.787,0.787,True,0.241,15.0,0
Note_001352,47,420000.0,3000.0,Left,INNER,1,0.787,0.787,False,0.241,15.0,0
Note_001353,80,420000.0,62.5,Right,MELODY,4,0.787,0.787,True,0.678,-5.0,0
Note_001354,50,420750.0,2250.0,Left,INNER,5,0.787,0.787,False,0.402,-5.0,0
Note_001355,57,420750.0,2250.0,Left,INNER,3,0.787,0.787,False,0.402,-5.0,0
Note_001356,61,420750.0,2250.0,Left,INNER,2,0.787,0.787,True,0.402,-5.0,0
Note_001357,81,420750.0,62.5,Right,MELODY,5,0.787,0.787,False,0.69,-10.0,0
Note_001358,80,421500.0,62.5,Right,MELODY,4,0.787,0.787,True,0.678,-5.0,0
Note_001359,37,422250.0,62.5,Left,BASS,1,0.787,0.787,True,0.184,10.0,-12
Note_001360,80,422250.0,62.5,Right,MELODY,4,0.787,0.787,True,0.678,-5.0,0
Note_001361,40,423000.0,3000.0,Left,BASS,2,0.787,0.787,False,0.218,5.0,0
Note_001362,81,423000.0,62.5,Right,MELODY,5,0.787,0.787,False,0.69,-10.0,0
Note_001363,75,423562.5,187.5,Right,MELODY,2,0.787,0.787,True,0.621,5.0,0
Note_001364,76,423750.0,750.0,Right,INNER,1,0.787,0.787,False,0.655,5.0,0
Note_001365,80,423750.0,62.5,Right,MELODY,4,0.787,0.787,True,0.655,5.0,0
Note_001366,37,424500.0,62.5,Left,BASS,3,0.787,0.787,True,0.184,-0.0,0
Note_001367,79,424500.0,750.0,Right,INNER,1,0.787,0.787,False,0.678,5.0,0
Note_001368,81,424500.0,62.5,Right,MELODY,4,0.787,0.787,False,0.678,5.0,0
Note_001369,80,425250.0,62.5,Right,INNER,2,0.787,0.787,True,0.684,0.0,0
Note_001370,81,425250.0,750.0,Right,MELODY,4,0.787,0.787,False,0.684,0.0,0
Note_001371,45,426000.0,3000.0,Left,BASS,1,0.787,0.787,False,0.276,10.0,0
Note_001372,81,426000.0,62.5,Right,INNER,2,0.787,0.787,False,0.701,0.0,0
Note_001373,83,426000.0,6000.0,Right,MELODY,4,0.787,0.787,False,0.701,0.0,0
Note_001374,80,426750.0,62.5,Right,MELODY,2,0.787,0.787,True,0.678,5.0,0
Note_001375,37,427500.0,62.5,Left,BASS,2,0.787,0.787,True,0.184,5.0,0
Note_001376,80,427500.0,62.5,Right,MELODY,4,0.787,0.787,True,0.678,-5.0,0
Note_001377,81,428250.0,62.5,Right,MELODY,5,0.787,0.787,False,0.69,-10.0,0
Note_001378,45,429000.0,3000.0,Left,BASS,1,0.787,0.787,False,0.276,10.0,0
Note_001379,80,429000.0,62.5,Right,MELODY,4,0.787,0.787,True,0.678,-5.0,0
Note_001380,37,429750.0,62.5,Left,BASS,2,0.787,0.787,True,0.184,5.0,0
Note_001381,80,429750.0,62.5,Right,MELODY,4,0.787,0.787,True,0.678,-5.0,0
Note_001382,81,430500.0,62.5,Right,MELODY,5,0.787,0.787,False,0.69,-10.0,0
Note_001383,80,431250.0,62.5,Right,MELODY,4,0.787,0.787,True,0.678,-5.0,0
Note_001384,37,432000.0,62.5,Left,BASS,3,0.787,0.787,True,0.259,10.0,0
Note_001385,50,432000.0,6000.0,Left,INNER,1,0.787,0.787,False,0.259,10.0,0
Note_001386,81,432000.0,62.5,Right,MELODY,5,0.787,0.787,False,0.69,-10.0,0
Note_001387,81,434062.5,187.5,Right,MELODY,2,0.787,0.787,False,0.69,5.0,0
Note_001388,82,434250.0,750.0,Right,MELODY,4,0.787,0.787,True,0.701,-5.0,0
Note_001389,78,435000.0,750.0,Right,MELODY,3,0.787,0.787,True,0.655,0.0,0
Note_001390,74,435750.0,750.0,Right,MELODY,2,0.787,0.787,False,0.609,5.0,0
Note_001391,76,436500.0,750.0,Right,MELODY,3,0.787,0.787,False,0.632,0.0,0
Note_001392,78,437250.0,6750.0,Right,MELODY,4,0.787,0.787,True,0.655,-5.0,0
Note_001393,37,438000.0,62.5,Left,BASS,5,0.787,0.787,True,0.218,-10.0,12
Note_001394,43,438000.0,1500.0,Left,INNER,3,0.787,0.787,False,0.218,-10.0,12
Note_001395,81,438000.0,62.5,Right,MELODY,5,0.787,0.787,False,0.69,-10.0,0
Note_001396,80,439500.0,62.5,Right,MELODY,4,0.787,0.787,True,0.678,-5.0,0
Note_001397,37,440250.0,62.5,Left,BASS,2,0.787,0.787,True,0.218,15.0,0
Note_001398,43,440250.0,750.0,Left,INNER,1,0.787,0.787,False,0.218,15.0,0
Note_001399,81,440250.0,62.5,Right,MELODY,5,0.787,0.787,False,0.69,-10.0,0
Note_001400,37,442500.0,62.5,Left,BASS,3,0.787,0.787,True,0.218,5.0,0
Note_001401,43,442500.0,10500.0,Left,INNER,2,0.787,0.787,False,0.218,5.0,0
Note_001402,81,442500.0,62.5,Right,MELODY,4,0.787,0.787,False,0.69,-5.0,0
Note_001403,52,442875.0,10125.0,Right,MELODY,2,0.787,0.787,False,0.356,5.0,0
Note_001404,57,443250.0,9750.0,Right,MELODY,4,0.787,0.787,False,0.414,-5.0,0
Note_001405,62,443625.0,9375.0,Right,MELODY,5,0.787,0.787,False,0.471,-10.0,0
