---,Pitch,StartMs,DurationMs,Hand,Role,Finger,Pressure,KeyDepth,bIsBlack,WristPosNorm,WristYawDeg,WristRollDeg
Note_000000,40,1551.72,25.86,Left,BASS,1,0.551,0.551,False,0.218,10.0,0
Note_000001,40,1603.45,25.86,Left,BASS,5,0.551,0.551,False,0.218,-10.0,0
Note_000002,36,1655.17,206.9,Left,BASS,2,0.787,0.787,False,0.195,15.0,0
Note_000003,40,1655.17,25.86,Left,INNER,1,0.551,0.551,False,0.195,15.0,0
Note_000004,69,1655.17,206.9,Right,INNER,1,0.827,0.827,False,0.602,10.0,0
Note_000005,74,1655.17,206.9,Right,INNER,2,0.63,0.63,False,0.602,10.0,0
Note_000006,77,1655.17,206.9,Right,MELODY,4,0.433,0.433,False,0.602,10.0,0
Note_000007,38,1965.52,310.34,Left,BASS,5,0.787,0.787,False,0.259,-5.0,0
Note_000008,49,1965.52,25.86,Left,INNER,2,0.709,0.709,True,0.259,-5.0,0
Note_000009,71,1965.52,310.34,Right,INNER,1,0.827,0.827,False,0.598,10.0,0
Note_000010,72,1965.52,206.9,Right,INNER,2,0.433,0.433,False,0.598,10.0,0
Note_000011,76,1965.52,206.9,Right,MELODY,4,0.63,0.63,False,0.598,10.0,0
Note_000012,74,2172.41,25.86,Right,MELODY,4,0.472,0.472,False,0.598,-5.0,0
Note_000013,72,2198.28,25.86,Right,INNER,3,0.472,0.472,False,0.598,-5.0,0
Note_000014,70,2224.14,25.86,Right,MELODY,3,0.472,0.472,True,0.552,5.0,0
Note_000015,68,2250.0,25.86,Right,INNER,2,0.472,0.472,True,0.552,5.0,0
Note_000016,40,2379.31,25.86,Left,BASS,5,0.551,0.551,False,0.218,-10.0,0
Note_000017,40,2431.03,25.86,Left,BASS,5,0.551,0.551,False,0.218,-10.0,0
Note_000018,38,2482.76,206.9,Left,BASS,5,0.787,0.787,False,0.207,-0.0,0
Note_000019,40,2482.76,25.86,Left,INNER,1,0.551,0.551,False,0.207,-0.0,0
Note_000020,71,2482.76,206.9,Right,INNER,1,0.827,0.827,False,0.598,5.0,0
Note_000021,72,2482.76,206.9,Right,INNER,2,0.433,0.433,False,0.598,5.0,0
Note_000022,76,2482.76,206.9,Right,MELODY,5,0.63,0.63,False,0.598,5.0,0
Note_000023,40,2793.1,206.9,Left,BASS,5,0.787,0.787,False,0.27,-5.0,0
Note_000024,49,2793.1,25.86,Left,INNER,2,0.709,0.709,True,0.27,-5.0,0
Note_000025,73,2793.1,206.9,Right,INNER,3,0.827,0.827,True,0.621,-15.0,-12
Note_000026,74,2793.1,206.9,Right,INNER,4,0.433,0.433,False,0.621,-15.0,-12
Note_000027,78,2793.1,206.9,Right,MELODY,5,0.63,0.63,True,0.621,-15.0,-12
Note_000028,41,3103.45,1862.07,Left,BASS,2,0.787,0.787,False,0.276,15.0,-12
Note_000029,49,3103.45,25.86,Left,INNER,1,0.709,0.709,True,0.276,15.0,-12
Note_000030,74,3103.45,1862.07,Right,INNER,1,0.827,0.827,False,0.659,15.0,0
Note_000031,79,3103.45,1862.07,Right,INNER,2,0.709,0.709,False,0.659,15.0,0
Note_000032,82,3103.45,1862.07,Right,MELODY,3,0.551,0.551,True,0.659,15.0,0
Note_000033,86,3724.14,1241.38,Right,MELODY,5,0.866,0.866,False,0.747,-10.0,0
Note_000034,40,4137.93,25.86,Left,BASS,5,0.709,0.709,False,0.218,-10.0,0
Note_000035,48,4327.59,25.86,Left,BASS,1,0.709,0.709,False,0.31,10.0,0
Note_000036,47,4448.27,25.86,Left,BASS,2,0.709,0.709,False,0.299,5.0,0
Note_000037,43,4655.17,25.86,Left,BASS,5,0.709,0.709,False,0.253,-10.0,0
Note_000038,36,4965.52,25.86,Left,BASS,5,0.709,0.709,False,0.233,5.0,-12
Note_000039,38,4965.52,310.34,Left,INNER,3,0.787,0.787,False,0.233,5.0,-12
Note_000040,42,4965.52,25.86,Left,INNER,2,0.709,0.709,True,0.233,5.0,-12
Note_000041,49,4965.52,25.86,Left,INNER,1,0.709,0.709,True,0.233,5.0,-12
Note_000042,69,4965.52,3310.34,Right,MELODY,4,0.709,0.709,False,0.552,-5.0,0
Note_000043,46,5172.41,25.86,Left,BASS,5,0.709,0.709,True,0.287,-10.0,12
Note_000044,45,5275.86,310.34,Left,BASS,1,0.787,0.787,False,0.276,10.0,0
Note_000045,40,5379.31,25.86,Left,BASS,3,0.709,0.709,False,0.23,5.0,0
Note_000046,42,5379.31,25.86,Left,INNER,2,0.709,0.709,True,0.23,5.0,0
Note_000047,36,5586.21,206.9,Left,BASS,5,0.787,0.787,False,0.207,-10.0,0
Note_000048,42,5586.21,25.86,Left,INNER,3,0.709,0.709,True,0.207,-10.0,0
Note_000049,40,5689.65,25.86,Left,BASS,1,0.709,0.709,False,0.218,10.0,0
Note_000050,36,5793.1,25.86,Left,BASS,5,0.709,0.709,False,0.207,-5.0,0
Note_000051,42,5793.1,25.86,Left,INNER,2,0.709,0.709,True,0.207,-5.0,0
Note_000052,40,5896.55,25.86,Left,BASS,1,0.709,0.709,False,0.218,10.0,0
Note_000053,36,6000.0,206.9,Left,BASS,5,0.787,0.787,False,0.23,-5.0,0
Note_000054,46,6000.0,25.86,Left,INNER,2,0.709,0.709,True,0.23,-5.0,0
Note_000055,45,6206.89,206.9,Left,INNER,1,0.787,0.787,False,0.245,15.0,0
Note_000056,40,6206.9,25.86,Left,BASS,3,0.709,0.709,False,0.245,15.0,0
Note_000057,42,6206.9,25.86,Left,INNER,2,0.709,0.709,True,0.245,15.0,0
Note_000058,36,6413.79,206.9,Left,BASS,5,0.787,0.787,False,0.207,-10.0,0
Note_000059,42,6413.79,25.86,Left,INNER,3,0.709,0.709,True,0.207,-10.0,0
Note_000060,36,6620.69,25.86,Left,BASS,5,0.709,0.709,False,0.203,-0.0,-12
Note_000061,38,6620.69,310.34,Left,INNER,3,0.787,0.787,False,0.203,-0.0,-12
Note_000062,42,6620.69,25.86,Left,INNER,1,0.709,0.709,True,0.203,-0.0,-12
Note_000063,46,6827.58,25.86,Left,BASS,2,0.709,0.709,True,0.287,5.0,0
Note_000064,69,6827.58,103.45,Right,MELODY,2,0.827,0.827,False,0.552,5.0,0
Note_000065,45,6931.03,310.34,Left,BASS,5,0.787,0.787,False,0.276,-10.0,0
Note_000066,40,7034.48,25.86,Left,BASS,2,0.709,0.709,False,0.23,15.0,-12
Note_000067,42,7034.48,25.86,Left,INNER,1,0.709,0.709,True,0.23,15.0,-12
Note_000068,74,7034.48,103.45,Right,MELODY,3,0.827,0.827,False,0.609,0.0,0
Note_000069,33,7241.38,206.9,Left,BASS,5,0.787,0.787,False,0.19,-5.0,0
Note_000070,42,7241.38,25.86,Left,INNER,2,0.709,0.709,True,0.19,-5.0,0
Note_000071,78,7241.38,103.45,Right,MELODY,4,0.827,0.827,True,0.655,-5.0,0
Note_000072,42,7344.83,25.86,Left,BASS,2,0.709,0.709,True,0.241,5.0,0
Note_000073,36,7448.27,25.86,Left,BASS,5,0.709,0.709,False,0.207,-5.0,0
Note_000074,42,7448.27,25.86,Left,INNER,2,0.709,0.709,True,0.207,-5.0,0
Note_000075,79,7448.27,103.45,Right,MELODY,5,0.827,0.827,False,0.667,-10.0,0
Note_000076,33,7551.72,310.34,Left,BASS,5,0.787,0.787,False,0.138,-10.0,0
Note_000077,46,7655.17,25.86,Left,BASS,2,0.709,0.709,True,0.287,5.0,0
Note_000078,78,7655.17,103.45,Right,MELODY,4,0.827,0.827,True,0.655,-5.0,0
Note_000079,40,7862.07,25.86,Left,BASS,3,0.709,0.709,False,0.245,15.0,0
Note_000080,42,7862.07,25.86,Left,INNER,2,0.709,0.709,True,0.245,15.0,0
Note_000081,45,7862.07,206.9,Left,INNER,1,0.787,0.787,False,0.245,15.0,0
Note_000082,74,7862.07,103.45,Right,MELODY,2,0.827,0.827,False,0.609,5.0,0
Note_000083,76,7965.52,206.9,Right,MELODY,5,0.827,0.827,False,0.632,-10.0,0
Note_000084,38,8068.96,206.9,Left,BASS,5,0.787,0.787,False,0.218,-10.0,0
Note_000085,42,8068.96,25.86,Left,INNER,3,0.709,0.709,True,0.218,-10.0,0
Note_000086,40,8172.41,25.86,Left,BASS,1,0.551,0.551,False,0.218,10.0,0
Note_000087,74,8172.41,103.45,Right,MELODY,4,0.827,0.827,False,0.609,-5.0,0
Note_000088,40,8224.14,25.86,Left,BASS,1,0.551,0.551,False,0.218,10.0,0
Note_000089,31,8275.86,310.34,Left,BASS,5,0.787,0.787,False,0.187,-10.0,0
Note_000090,36,8275.86,25.86,Left,INNER,4,0.709,0.709,False,0.187,-10.0,0
Note_000091,40,8275.86,25.86,Left,INNER,3,0.551,0.551,False,0.187,-10.0,0
Note_000092,42,8275.86,25.86,Left,INNER,2,0.709,0.709,True,0.187,-10.0,0
Note_000093,74,8275.86,1655.17,Right,MELODY,4,0.709,0.709,False,0.609,-5.0,0
Note_000094,46,8482.76,25.86,Left,BASS,2,0.709,0.709,True,0.287,5.0,0
Note_000095,38,8586.2,310.34,Left,BASS,5,0.787,0.787,False,0.195,-10.0,0
Note_000096,40,8689.65,25.86,Left,BASS,3,0.709,0.709,False,0.23,5.0,0
Note_000097,42,8689.65,25.86,Left,INNER,2,0.709,0.709,True,0.23,5.0,0
Note_000098,31,8896.55,206.9,Left,BASS,5,0.787,0.787,False,0.178,-0.0,-12
Note_000099,42,8896.55,25.86,Left,INNER,1,0.709,0.709,True,0.178,-0.0,-12
Note_000100,40,9000.0,25.86,Left,BASS,1,0.709,0.709,False,0.218,10.0,0
Note_000101,36,9103.45,25.86,Left,BASS,5,0.709,0.709,False,0.207,-5.0,0
Note_000102,42,9103.45,25.86,Left,INNER,2,0.709,0.709,True,0.207,-5.0,0
Note_000103,40,9206.89,25.86,Left,BASS,5,0.709,0.709,False,0.218,-10.0,0
Note_000104,31,9310.34,206.9,Left,BASS,5,0.787,0.787,False,0.201,-0.0,-12
Note_000105,46,9310.34,25.86,Left,INNER,1,0.709,0.709,True,0.201,-0.0,-12
Note_000106,74,9310.34,206.9,Right,MELODY,2,0.827,0.827,False,0.609,5.0,0
Note_000107,36,9517.24,206.9,Left,BASS,5,0.787,0.787,False,0.211,5.0,-12
Note_000108,40,9517.24,25.86,Left,INNER,2,0.709,0.709,False,0.211,5.0,-12
Note_000109,42,9517.24,25.86,Left,INNER,1,0.709,0.709,True,0.211,5.0,-12
Note_000110,76,9517.24,206.9,Right,MELODY,4,0.827,0.827,False,0.632,-5.0,0
Note_000111,31,9724.14,206.9,Left,BASS,2,0.787,0.787,False,0.178,15.0,-12
Note_000112,42,9724.14,25.86,Left,INNER,1,0.709,0.709,True,0.178,15.0,-12
Note_000113,74,9724.14,206.9,Right,MELODY,2,0.827,0.827,False,0.609,5.0,0
Note_000114,34,9931.03,310.34,Left,BASS,5,0.787,0.787,True,0.188,-5.0,12
Note_000115,36,9931.03,25.86,Left,INNER,3,0.709,0.709,False,0.188,-5.0,12
Note_000116,42,9931.03,25.86,Left,INNER,2,0.709,0.709,True,0.188,-5.0,12
Note_000117,80,9931.03,51.72,Right,INNER,2,0.827,0.827,True,0.684,0.0,0
Note_000118,81,9931.03,310.34,Right,MELODY,4,0.709,0.709,False,0.684,0.0,0
Note_000119,81,9982.76,258.62,Right,MELODY,5,0.827,0.827,False,0.69,-10.0,0
Note_000120,46,10137.93,25.86,Left,BASS,2,0.709,0.709,True,0.287,5.0,0
Note_000121,46,10241.38,310.34,Left,BASS,2,0.787,0.787,True,0.287,5.0,0
Note_000122,77,10241.38,310.34,Right,INNER,1,0.709,0.709,False,0.644,5.0,0
Note_000123,77,10241.38,310.34,Right,MELODY,4,0.827,0.827,False,0.644,5.0,0
Note_000124,40,10344.83,25.86,Left,BASS,4,0.709,0.709,False,0.23,-5.0,0
Note_000125,42,10344.83,25.86,Left,INNER,3,0.709,0.709,True,0.23,-5.0,0
Note_000126,36,10551.72,206.9,Left,BASS,5,0.787,0.787,False,0.207,-15.0,0
Note_000127,42,10551.72,25.86,Left,INNER,4,0.709,0.709,True,0.207,-15.0,0
Note_000128,74,10551.72,413.79,Right,INNER,3,0.709,0.709,False,0.609,-10.0,0
Note_000129,74,10551.72,413.79,Right,MELODY,5,0.827,0.827,False,0.609,-10.0,0
Note_000130,42,10655.17,25.86,Left,BASS,2,0.709,0.709,True,0.241,5.0,0
Note_000131,36,10758.62,25.86,Left,BASS,5,0.709,0.709,False,0.207,-5.0,0
Note_000132,42,10758.62,25.86,Left,INNER,2,0.709,0.709,True,0.207,-5.0,0
Note_000133,60,10758.62,827.59,Right,MELODY,2,0.472,0.472,False,0.448,5.0,0
Note_000134,36,10862.07,310.34,Left,BASS,5,0.787,0.787,False,0.172,-10.0,0
Note_000135,46,10965.51,25.86,Left,BASS,2,0.709,0.709,True,0.287,5.0,0
Note_000136,69,10965.51,620.69,Right,INNER,3,0.709,0.709,False,0.552,-5.0,0
Note_000137,69,10965.51,620.69,Right,MELODY,4,0.827,0.827,False,0.552,-5.0,0
Note_000138,40,11172.41,25.86,Left,BASS,3,0.709,0.709,False,0.257,15.0,0
Note_000139,42,11172.41,25.86,Left,INNER,2,0.709,0.709,True,0.257,15.0,0
Note_000140,48,11172.41,206.9,Left,INNER,1,0.787,0.787,False,0.257,15.0,0
Note_000141,36,11379.31,206.9,Left,BASS,5,0.787,0.787,False,0.207,-10.0,0
Note_000142,42,11379.31,25.86,Left,INNER,3,0.709,0.709,True,0.207,-10.0,0
Note_000143,69,11379.31,51.72,Right,INNER,1,0.472,0.472,False,0.621,0.0,0
Note_000144,81,11379.31,51.72,Right,MELODY,5,0.472,0.472,False,0.621,0.0,0
Note_000145,62,11431.03,51.72,Left,INNER,2,0.472,0.472,False,0.471,5.0,0
Note_000146,74,11431.03,51.72,Right,INNER,1,0.472,0.472,False,0.678,5.0,0
Note_000147,86,11431.03,51.72,Right,MELODY,4,0.472,0.472,False,0.678,5.0,0
Note_000148,40,11482.76,25.86,Left,BASS,5,0.551,0.551,False,0.218,-10.0,0
Note_000149,78,11482.76,51.72,Right,INNER,2,0.472,0.472,True,0.724,-5.0,-12
Note_000150,90,11482.76,51.72,Right,MELODY,5,0.472,0.472,True,0.724,-5.0,-12
Note_000151,40,11534.48,25.86,Left,BASS,1,0.551,0.551,False,0.218,10.0,0
Note_000152,79,11534.48,51.72,Right,INNER,1,0.472,0.472,False,0.736,15.0,0
Note_000153,91,11534.48,51.72,Right,MELODY,2,0.472,0.472,False,0.736,15.0,0
Note_000154,36,11586.2,25.86,Left,BASS,5,0.709,0.709,False,0.207,-10.0,0
Note_000155,38,11586.2,310.34,Left,INNER,4,0.787,0.787,False,0.207,-10.0,0
Note_000156,40,11586.2,25.86,Left,INNER,3,0.551,0.551,False,0.207,-10.0,0
Note_000157,42,11586.2,25.86,Left,INNER,2,0.709,0.709,True,0.207,-10.0,0
Note_000158,81,11586.2,1655.17,Right,INNER,1,0.709,0.709,False,0.759,5.0,0
Note_000159,93,11586.2,3310.34,Right,MELODY,4,0.709,0.709,False,0.759,5.0,0
Note_000160,46,11793.1,25.86,Left,BASS,2,0.709,0.709,True,0.287,5.0,0
Note_000161,45,11896.55,310.34,Left,BASS,5,0.787,0.787,False,0.276,-10.0,0
Note_000162,40,12000.0,25.86,Left,BASS,2,0.709,0.709,False,0.23,15.0,-12
Note_000163,42,12000.0,25.86,Left,INNER,1,0.709,0.709,True,0.23,15.0,-12
Note_000164,33,12206.89,206.9,Left,BASS,5,0.787,0.787,False,0.19,-5.0,0
Note_000165,42,12206.89,25.86,Left,INNER,2,0.709,0.709,True,0.19,-5.0,0
Note_000166,40,12310.34,25.86,Left,BASS,1,0.709,0.709,False,0.218,10.0,0
Note_000167,36,12413.79,25.86,Left,BASS,5,0.709,0.709,False,0.207,-5.0,0
Note_000168,42,12413.79,25.86,Left,INNER,2,0.709,0.709,True,0.207,-5.0,0
Note_000169,57,12413.79,2482.76,Right,INNER,2,0.591,0.591,False,0.467,-5.0,-12
Note_000170,62,12413.79,2482.76,Right,INNER,3,0.591,0.591,False,0.467,-5.0,-12
Note_000171,66,12413.79,2482.76,Right,MELODY,5,0.591,0.591,True,0.467,-5.0,-12
Note_000172,40,12517.24,25.86,Left,BASS,5,0.709,0.709,False,0.218,-10.0,0
Note_000173,33,12620.69,206.9,Left,BASS,5,0.787,0.787,False,0.213,-0.0,-12
Note_000174,46,12620.69,25.86,Left,INNER,1,0.709,0.709,True,0.213,-0.0,-12
Note_000175,40,12827.58,25.86,Left,BASS,3,0.709,0.709,False,0.245,15.0,0
Note_000176,42,12827.58,25.86,Left,INNER,2,0.709,0.709,True,0.245,15.0,0
Note_000177,45,12827.58,206.9,Left,INNER,1,0.787,0.787,False,0.245,15.0,0
Note_000178,33,13034.48,206.9,Left,BASS,5,0.787,0.787,False,0.19,-10.0,0
Note_000179,42,13034.48,25.86,Left,INNER,3,0.709,0.709,True,0.19,-10.0,0
Note_000180,36,13241.38,25.86,Left,BASS,5,0.709,0.709,False,0.203,-0.0,-12
Note_000181,38,13241.38,310.34,Left,INNER,3,0.787,0.787,False,0.203,-0.0,-12
Note_000182,42,13241.38,25.86,Left,INNER,1,0.709,0.709,True,0.203,-0.0,-12
Note_000183,46,13448.27,25.86,Left,BASS,2,0.709,0.709,True,0.287,5.0,0
Note_000184,69,13448.27,103.45,Right,INNER,1,0.709,0.709,False,0.621,5.0,0
Note_000185,81,13448.27,103.45,Right,MELODY,4,0.709,0.709,False,0.621,5.0,0
Note_000186,45,13551.72,310.34,Left,BASS,5,0.787,0.787,False,0.276,-10.0,0
Note_000187,40,13655.17,25.86,Left,BASS,2,0.709,0.709,False,0.23,15.0,-12
Note_000188,42,13655.17,25.86,Left,INNER,1,0.709,0.709,True,0.23,15.0,-12
Note_000189,67,13655.17,103.45,Right,INNER,1,0.709,0.709,False,0.598,5.0,0
Note_000190,79,13655.17,103.45,Right,MELODY,4,0.709,0.709,False,0.598,5.0,0
Note_000191,33,13862.07,206.9,Left,BASS,5,0.787,0.787,False,0.19,-5.0,0
Note_000192,42,13862.07,25.86,Left,INNER,2,0.709,0.709,True,0.19,-5.0,0
Note_000193,66,13862.07,103.45,Right,INNER,1,0.709,0.709,True,0.586,5.0,12
Note_000194,78,13862.07,103.45,Right,MELODY,4,0.709,0.709,True,0.586,5.0,12
Note_000195,42,13965.51,25.86,Left,BASS,2,0.709,0.709,True,0.241,5.0,0
Note_000196,36,14068.96,25.86,Left,BASS,5,0.709,0.709,False,0.207,-5.0,0
Note_000197,42,14068.96,25.86,Left,INNER,2,0.709,0.709,True,0.207,-5.0,0
Note_000198,67,14068.96,103.45,Right,INNER,1,0.709,0.709,False,0.598,5.0,0
Note_000199,79,14068.96,103.45,Right,MELODY,4,0.709,0.709,False,0.598,5.0,0
Note_000200,33,14172.41,310.34,Left,BASS,5,0.787,0.787,False,0.138,-10.0,0
Note_000201,46,14275.86,25.86,Left,BASS,2,0.709,0.709,True,0.287,5.0,0
Note_000202,66,14275.86,103.45,Right,INNER,1,0.709,0.709,True,0.586,5.0,12
Note_000203,78,14275.86,103.45,Right,MELODY,4,0.709,0.709,True,0.586,5.0,12
Note_000204,40,14482.76,25.86,Left,BASS,3,0.709,0.709,False,0.245,15.0,0
Note_000205,42,14482.76,25.86,Left,INNER,2,0.709,0.709,True,0.245,15.0,0
Note_000206,45,14482.76,206.9,Left,INNER,1,0.787,0.787,False,0.245,15.0,0
Note_000207,62,14482.76,103.45,Right,INNER,1,0.709,0.709,False,0.54,0.0,0
Note_000208,74,14482.76,103.45,Right,MELODY,5,0.709,0.709,False,0.54,0.0,0
Note_000209,64,14586.2,103.45,Right,INNER,1,0.709,0.709,False,0.563,0.0,0
Note_000210,76,14586.2,103.45,Right,MELODY,5,0.709,0.709,False,0.563,0.0,0
Note_000211,38,14689.65,206.9,Left,BASS,5,0.787,0.787,False,0.218,-10.0,0
Note_000212,42,14689.65,25.86,Left,INNER,3,0.709,0.709,True,0.218,-10.0,0
Note_000213,40,14793.1,25.86,Left,BASS,1,0.551,0.551,False,0.218,10.0,0
Note_000214,62,14793.1,1034.48,Right,INNER,2,0.709,0.709,False,0.54,-5.0,0
Note_000215,74,14793.1,1034.48,Right,MELODY,5,0.709,0.709,False,0.54,-5.0,0
Note_000216,40,14844.82,25.86,Left,BASS,1,0.551,0.551,False,0.218,10.0,0
Note_000217,31,14896.55,310.34,Left,BASS,5,0.787,0.787,False,0.187,-10.0,0
Note_000218,36,14896.55,25.86,Left,INNER,4,0.709,0.709,False,0.187,-10.0,0
Note_000219,40,14896.55,25.86,Left,INNER,3,0.551,0.551,False,0.187,-10.0,0
Note_000220,42,14896.55,25.86,Left,INNER,2,0.709,0.709,True,0.187,-10.0,0
Note_000221,86,14896.55,1655.17,Right,MELODY,1,0.709,0.709,False,0.747,10.0,0
Note_000222,46,15103.44,25.86,Left,BASS,2,0.709,0.709,True,0.287,5.0,0
Note_000223,38,15206.89,310.34,Left,BASS,5,0.787,0.787,False,0.195,-10.0,0
Note_000224,40,15310.34,25.86,Left,BASS,3,0.709,0.709,False,0.23,5.0,0
Note_000225,42,15310.34,25.86,Left,INNER,2,0.709,0.709,True,0.23,5.0,0
Note_000226,29,15517.24,206.9,Left,BASS,5,0.787,0.787,False,0.167,-0.0,-12
Note_000227,42,15517.24,25.86,Left,INNER,1,0.709,0.709,True,0.167,-0.0,-12
Note_000228,40,15620.69,25.86,Left,BASS,1,0.709,0.709,False,0.218,10.0,0
Note_000229,36,15724.13,25.86,Left,BASS,5,0.709,0.709,False,0.207,-5.0,0
Note_000230,42,15724.13,25.86,Left,INNER,2,0.709,0.709,True,0.207,-5.0,0
Note_000231,40,15827.58,25.86,Left,BASS,5,0.709,0.709,False,0.218,-10.0,0
Note_000232,29,15931.03,206.9,Left,BASS,5,0.787,0.787,False,0.19,-0.0,-12
Note_000233,46,15931.03,25.86,Left,INNER,1,0.709,0.709,True,0.19,-0.0,-12
Note_000234,62,15931.03,206.9,Right,INNER,1,0.591,0.591,False,0.524,0.0,0
Note_000235,62,15931.03,206.9,Right,INNER,2,0.709,0.709,False,0.524,0.0,0
Note_000236,66,15931.03,206.9,Right,INNER,3,0.591,0.591,True,0.524,0.0,0
Note_000237,69,15931.03,206.9,Right,INNER,4,0.591,0.591,False,0.524,0.0,0
Note_000238,74,15931.03,206.9,Right,MELODY,5,0.709,0.709,False,0.524,0.0,0
Note_000239,36,16137.93,206.9,Left,BASS,5,0.787,0.787,False,0.211,5.0,-12
Note_000240,40,16137.93,25.86,Left,INNER,2,0.709,0.709,False,0.211,5.0,-12
Note_000241,42,16137.93,25.86,Left,INNER,1,0.709,0.709,True,0.211,5.0,-12
Note_000242,64,16137.93,206.9,Right,INNER,1,0.709,0.709,False,0.563,5.0,0
Note_000243,76,16137.93,206.9,Right,MELODY,4,0.709,0.709,False,0.563,5.0,0
Note_000244,29,16344.82,206.9,Left,BASS,5,0.787,0.787,False,0.167,-0.0,-12
Note_000245,42,16344.82,25.86,Left,INNER,1,0.709,0.709,True,0.167,-0.0,-12
Note_000246,62,16344.82,206.9,Right,INNER,1,0.709,0.709,False,0.54,5.0,0
Note_000247,74,16344.82,206.9,Right,MELODY,4,0.709,0.709,False,0.54,5.0,0
Note_000248,31,16551.72,310.34,Left,BASS,5,0.787,0.787,False,0.176,5.0,-12
Note_000249,36,16551.72,25.86,Left,INNER,2,0.709,0.709,False,0.176,5.0,-12
Note_000250,42,16551.72,25.86,Left,INNER,1,0.709,0.709,True,0.176,5.0,-12
Note_000251,93,16551.72,310.34,Right,MELODY,5,0.709,0.709,False,0.828,-10.0,0
Note_000252,46,16758.62,25.86,Left,BASS,2,0.709,0.709,True,0.287,5.0,0
Note_000253,38,16862.06,310.34,Left,BASS,5,0.787,0.787,False,0.195,-10.0,0
Note_000254,89,16862.06,310.34,Right,MELODY,4,0.709,0.709,False,0.782,-5.0,0
Note_000255,40,16965.51,25.86,Left,BASS,3,0.709,0.709,False,0.23,5.0,0
Note_000256,42,16965.51,25.86,Left,INNER,2,0.709,0.709,True,0.23,5.0,0
Note_000257,31,17172.41,206.9,Left,BASS,5,0.787,0.787,False,0.178,-0.0,-12
Note_000258,42,17172.41,25.86,Left,INNER,1,0.709,0.709,True,0.178,-0.0,-12
Note_000259,86,17172.41,413.79,Right,MELODY,3,0.709,0.709,False,0.747,0.0,0
Note_000260,42,17275.86,25.86,Left,BASS,2,0.709,0.709,True,0.241,5.0,0
Note_000261,36,17379.31,25.86,Left,BASS,5,0.709,0.709,False,0.207,-5.0,0
Note_000262,42,17379.31,25.86,Left,INNER,2,0.709,0.709,True,0.207,-5.0,0
Note_000263,31,17482.75,310.34,Left,BASS,5,0.787,0.787,False,0.115,-10.0,0
Note_000264,46,17586.2,25.86,Left,BASS,2,0.709,0.709,True,0.351,15.0,0
Note_000265,57,17586.2,620.69,Left,INNER,1,0.709,0.709,False,0.351,15.0,0
Note_000266,69,17586.2,620.69,Right,INNER,1,0.709,0.709,False,0.621,15.0,0
Note_000267,81,17586.2,620.69,Right,MELODY,2,0.709,0.709,False,0.621,15.0,0
Note_000268,38,17793.1,206.9,Left,BASS,5,0.787,0.787,False,0.218,-5.0,0
Note_000269,40,17793.1,25.86,Left,INNER,3,0.709,0.709,False,0.218,-5.0,0
Note_000270,42,17793.1,25.86,Left,INNER,2,0.709,0.709,True,0.218,-5.0,0
Note_000271,31,18000.0,206.9,Left,BASS,2,0.787,0.787,False,0.178,15.0,-12
Note_000272,42,18000.0,25.86,Left,INNER,1,0.709,0.709,True,0.178,15.0,-12
Note_000273,36,18206.89,25.86,Left,BASS,5,0.709,0.709,False,0.207,-5.0,0
Note_000274,42,18206.89,25.86,Left,INNER,2,0.709,0.709,True,0.207,-5.0,0
Note_000275,42,18310.34,25.86,Left,BASS,3,0.709,0.709,True,0.241,-0.0,0
Note_000276,46,18413.79,25.86,Left,BASS,2,0.709,0.709,True,0.287,5.0,0
Note_000277,40,18620.69,25.86,Left,BASS,5,0.709,0.709,False,0.218,-10.0,0
Note_000278,46,18827.58,25.86,Left,BASS,2,0.709,0.709,True,0.287,5.0,0
Note_000279,29,19034.48,25.86,Left,BASS,5,0.709,0.709,False,0.169,-5.0,0
Note_000280,36,19034.48,25.86,Left,INNER,3,0.709,0.709,False,0.169,-5.0,0
Note_000281,42,19034.48,25.86,Left,INNER,2,0.709,0.709,True,0.169,-5.0,0
Note_000282,46,19241.37,25.86,Left,BASS,2,0.709,0.709,True,0.287,5.0,0
Note_000283,40,19448.27,25.86,Left,BASS,5,0.709,0.709,False,0.23,-5.0,0
Note_000284,42,19448.27,25.86,Left,INNER,2,0.709,0.709,True,0.23,-5.0,0
Note_000285,42,19551.72,25.86,Left,BASS,3,0.709,0.709,True,0.241,-0.0,0
Note_000286,46,19655.17,25.86,Left,BASS,2,0.709,0.709,True,0.287,5.0,0
Note_000287,40,19758.62,25.86,Left,BASS,5,0.551,0.551,False,0.218,-10.0,0
Note_000288,40,19810.34,25.86,Left,BASS,5,0.551,0.551,False,0.218,-10.0,0
Note_000289,36,19862.06,25.86,Left,BASS,5,0.709,0.709,False,0.23,-0.0,-12
Note_000290,38,19862.06,206.9,Left,INNER,4,0.787,0.787,False,0.23,-0.0,-12
Note_000291,40,19862.06,25.86,Left,INNER,3,0.551,0.551,False,0.23,-0.0,-12
Note_000292,42,19862.06,25.86,Left,INNER,2,0.709,0.709,True,0.23,-0.0,-12
Note_000293,49,19862.06,25.86,Left,INNER,1,0.709,0.709,True,0.23,-0.0,-12
Note_000294,66,19862.06,103.45,Right,INNER,2,0.709,0.709,True,0.586,-5.0,-12
Note_000295,78,19862.06,103.45,Right,MELODY,5,0.709,0.709,True,0.586,-5.0,-12
Note_000296,66,19965.51,103.45,Right,INNER,1,0.472,0.472,True,0.586,15.0,12
Note_000297,78,19965.51,103.45,Right,MELODY,2,0.472,0.472,True,0.586,15.0,12
Note_000298,42,20068.96,25.86,Left,BASS,5,0.709,0.709,True,0.337,5.0,12
Note_000299,50,20068.96,206.9,Left,INNER,2,0.787,0.787,False,0.337,5.0,12
Note_000300,59,20068.96,103.45,Left,INNER,1,0.709,0.709,False,0.337,5.0,12
Note_000301,62,20068.96,103.45,Right,INNER,1,0.709,0.709,False,0.54,5.0,0
Note_000302,74,20068.96,103.45,Right,MELODY,4,0.709,0.709,False,0.54,5.0,0
Note_000303,42,20172.41,25.86,Left,BASS,1,0.709,0.709,True,0.241,10.0,-12
Note_000304,62,20172.41,103.45,Right,INNER,1,0.709,0.709,False,0.517,5.0,0
Note_000305,62,20172.41,103.45,Right,INNER,2,0.472,0.472,False,0.517,5.0,0
Note_000306,74,20172.41,103.45,Right,MELODY,5,0.472,0.472,False,0.517,5.0,0
Note_000307,36,20275.86,206.9,Left,BASS,5,0.787,0.787,False,0.211,-5.0,0
Note_000308,40,20275.86,25.86,Left,INNER,3,0.709,0.709,False,0.211,-5.0,0
Note_000309,42,20275.86,25.86,Left,INNER,2,0.709,0.709,True,0.211,-5.0,0
Note_000310,59,20275.86,103.45,Right,INNER,1,0.709,0.709,False,0.506,5.0,0
Note_000311,71,20275.86,103.45,Right,MELODY,4,0.709,0.709,False,0.506,5.0,0
Note_000312,59,20379.31,103.45,Right,INNER,1,0.472,0.472,False,0.506,5.0,0
Note_000313,71,20379.31,103.45,Right,MELODY,4,0.472,0.472,False,0.506,5.0,0
Note_000314,42,20482.75,25.86,Left,BASS,5,0.709,0.709,True,0.328,-0.0,12
Note_000315,57,20482.75,103.45,Left,INNER,1,0.709,0.709,False,0.328,-0.0,12
Note_000316,57,20482.75,103.45,Right,INNER,1,0.709,0.709,False,0.483,5.0,0
Note_000317,69,20482.75,103.45,Right,MELODY,4,0.709,0.709,False,0.483,5.0,0
Note_000318,40,20586.2,25.86,Left,BASS,2,0.709,0.709,False,0.23,15.0,-12
Note_000319,42,20586.2,25.86,Left,INNER,1,0.709,0.709,True,0.23,15.0,-12
Note_000320,57,20586.2,103.45,Right,INNER,1,0.472,0.472,False,0.483,5.0,0
Note_000321,69,20586.2,103.45,Right,MELODY,4,0.472,0.472,False,0.483,5.0,0
Note_000322,35,20689.65,206.9,Left,BASS,4,0.787,0.787,False,0.192,-0.0,0
Note_000323,36,20689.65,25.86,Left,INNER,3,0.709,0.709,False,0.192,-0.0,0
Note_000324,42,20689.65,25.86,Left,INNER,2,0.709,0.709,True,0.192,-0.0,0
Note_000325,59,20689.65,103.45,Right,INNER,1,0.709,0.709,False,0.483,5.0,0
Note_000326,59,20689.65,103.45,Right,INNER,2,0.709,0.709,False,0.483,5.0,0
Note_000327,71,20689.65,103.45,Right,MELODY,5,0.709,0.709,False,0.483,5.0,0
Note_000328,40,20793.1,25.86,Left,BASS,5,0.709,0.709,False,0.218,-10.0,0
Note_000329,59,20793.1,103.45,Right,INNER,1,0.472,0.472,False,0.513,0.0,0
Note_000330,62,20793.1,103.45,Right,INNER,2,0.709,0.709,False,0.513,0.0,0
Note_000331,62,20793.1,103.45,Right,INNER,3,0.709,0.709,False,0.513,0.0,0
Note_000332,71,20793.1,103.45,Right,INNER,4,0.472,0.472,False,0.513,0.0,0
Note_000333,74,20793.1,103.45,Right,MELODY,5,0.709,0.709,False,0.513,0.0,0
Note_000334,42,20896.55,25.86,Left,BASS,2,0.709,0.709,True,0.241,5.0,0
Note_000335,62,20896.55,103.45,Right,INNER,1,0.472,0.472,False,0.54,5.0,0
Note_000336,74,20896.55,103.45,Right,MELODY,4,0.472,0.472,False,0.54,5.0,0
Note_000337,33,20999.99,206.9,Left,BASS,5,0.787,0.787,False,0.19,-5.0,0
Note_000338,42,20999.99,25.86,Left,INNER,2,0.709,0.709,True,0.19,-5.0,0
Note_000339,57,20999.99,310.34,Right,INNER,1,0.709,0.709,False,0.46,5.0,0
Note_000340,57,20999.99,310.34,Right,INNER,2,0.709,0.709,False,0.46,5.0,0
Note_000341,69,20999.99,310.34,Right,MELODY,5,0.709,0.709,False,0.46,5.0,0
Note_000342,40,21103.44,25.86,Left,BASS,2,0.709,0.709,False,0.23,15.0,-12
Note_000343,42,21103.44,25.86,Left,INNER,1,0.709,0.709,True,0.23,15.0,-12
Note_000344,31,21310.34,310.34,Left,BASS,5,0.787,0.787,False,0.178,-5.0,0
Note_000345,42,21310.34,25.86,Left,INNER,2,0.709,0.709,True,0.178,-5.0,0
Note_000346,42,21413.79,25.86,Left,BASS,2,0.709,0.709,True,0.241,5.0,0
Note_000347,36,21517.24,25.86,Left,BASS,5,0.709,0.709,False,0.207,-5.0,0
Note_000348,42,21517.24,25.86,Left,INNER,2,0.709,0.709,True,0.207,-5.0,0
Note_000349,67,21517.24,310.34,Right,INNER,2,0.669,0.669,False,0.552,-5.0,0
Note_000350,71,21517.24,310.34,Right,MELODY,5,0.669,0.669,False,0.552,-5.0,0
Note_000351,31,21724.13,103.45,Left,BASS,5,0.787,0.787,False,0.178,-0.0,-12
Note_000352,42,21724.13,25.86,Left,INNER,1,0.709,0.709,True,0.178,-0.0,-12
Note_000353,71,21724.13,103.45,Right,MELODY,4,0.63,0.63,False,0.575,-5.0,0
Note_000354,42,21827.58,25.86,Left,BASS,2,0.709,0.709,True,0.241,5.0,0
Note_000355,26,21931.03,413.79,Left,BASS,5,0.787,0.787,False,0.172,-5.0,0
Note_000356,40,21931.03,25.86,Left,INNER,3,0.709,0.709,False,0.172,-5.0,0
Note_000357,42,21931.03,25.86,Left,INNER,2,0.709,0.709,True,0.172,-5.0,0
Note_000358,67,21931.03,310.34,Right,INNER,1,0.669,0.669,False,0.559,10.0,0
Note_000359,71,21931.03,103.45,Right,INNER,2,0.63,0.63,False,0.559,10.0,0
Note_000360,71,21931.03,310.34,Right,MELODY,4,0.669,0.669,False,0.559,10.0,0
Note_000361,67,22034.48,103.45,Right,MELODY,5,0.63,0.63,False,0.529,-10.0,0
Note_000362,42,22137.93,25.86,Left,BASS,2,0.709,0.709,True,0.241,5.0,0
Note_000363,42,22241.37,25.86,Left,BASS,2,0.709,0.709,True,0.241,5.0,0
Note_000364,29,22344.82,310.34,Left,BASS,5,0.787,0.787,False,0.169,-5.0,0
Note_000365,36,22344.82,25.86,Left,INNER,3,0.709,0.709,False,0.169,-5.0,0
Note_000366,42,22344.82,25.86,Left,INNER,2,0.709,0.709,True,0.169,-5.0,0
Note_000367,67,22344.82,206.9,Right,INNER,1,0.669,0.669,False,0.567,10.0,0
Note_000368,72,22344.82,310.34,Right,INNER,2,0.63,0.63,False,0.567,10.0,0
Note_000369,72,22344.82,206.9,Right,MELODY,4,0.669,0.669,False,0.567,10.0,0
Note_000370,46,22551.72,25.86,Left,BASS,2,0.709,0.709,True,0.287,5.0,0
Note_000371,31,22655.17,310.34,Left,BASS,5,0.787,0.787,False,0.115,-10.0,0
Note_000372,67,22655.17,206.9,Right,INNER,2,0.669,0.669,False,0.559,-0.0,0
Note_000373,71,22655.17,103.45,Right,INNER,3,0.63,0.63,False,0.559,-0.0,0
Note_000374,71,22655.17,206.9,Right,MELODY,4,0.669,0.669,False,0.559,-0.0,0
Note_000375,40,22758.62,25.86,Left,BASS,3,0.709,0.709,False,0.23,5.0,0
Note_000376,42,22758.62,25.86,Left,INNER,2,0.709,0.709,True,0.23,5.0,0
Note_000377,36,22965.51,206.9,Left,BASS,5,0.787,0.787,False,0.207,-10.0,0
Note_000378,42,22965.51,25.86,Left,INNER,3,0.709,0.709,True,0.207,-10.0,0
Note_000379,40,23068.96,25.86,Left,BASS,2,0.551,0.551,False,0.23,15.0,-12
Note_000380,42,23068.96,25.86,Left,INNER,1,0.709,0.709,True,0.23,15.0,-12
Note_000381,40,23120.68,25.86,Left,BASS,1,0.551,0.551,False,0.218,10.0,0
Note_000382,36,23172.41,25.86,Left,BASS,5,0.709,0.709,False,0.207,-10.0,0
Note_000383,38,23172.41,206.9,Left,INNER,4,0.787,0.787,False,0.207,-10.0,0
Note_000384,40,23172.41,25.86,Left,INNER,3,0.551,0.551,False,0.207,-10.0,0
Note_000385,42,23172.41,25.86,Left,INNER,2,0.709,0.709,True,0.207,-10.0,0
Note_000386,57,23172.41,206.9,Right,INNER,2,0.709,0.709,False,0.414,5.0,0
Note_000387,42,23379.3,25.86,Left,BASS,5,0.709,0.709,True,0.352,5.0,12
Note_000388,54,23379.3,206.9,Left,INNER,2,0.787,0.787,True,0.352,5.0,12
Note_000389,59,23379.3,103.45,Left,INNER,1,0.709,0.709,False,0.352,5.0,12
Note_000390,57,23379.3,103.45,Right,INNER,1,0.709,0.709,False,0.483,5.0,0
Note_000391,69,23379.3,103.45,Right,MELODY,4,0.709,0.709,False,0.483,5.0,0
Note_000392,42,23482.75,25.86,Left,BASS,1,0.709,0.709,True,0.241,10.0,-12
Note_000393,57,23482.75,103.45,Right,INNER,1,0.472,0.472,False,0.479,10.0,0
Note_000394,62,23482.75,103.45,Right,INNER,2,0.709,0.709,False,0.479,10.0,0
Note_000395,69,23482.75,103.45,Right,MELODY,4,0.472,0.472,False,0.479,10.0,0
Note_000396,36,23586.2,206.9,Left,BASS,5,0.787,0.787,False,0.211,-5.0,0
Note_000397,40,23586.2,25.86,Left,INNER,3,0.709,0.709,False,0.211,-5.0,0
Note_000398,42,23586.2,25.86,Left,INNER,2,0.709,0.709,True,0.211,-5.0,0
Note_000399,59,23586.2,103.45,Right,INNER,1,0.709,0.709,False,0.506,5.0,0
Note_000400,71,23586.2,103.45,Right,MELODY,4,0.709,0.709,False,0.506,5.0,0
Note_000401,59,23689.65,103.45,Right,INNER,1,0.472,0.472,False,0.523,0.0,0
Note_000402,62,23689.65,103.45,Right,INNER,2,0.709,0.709,False,0.523,0.0,0
Note_000403,71,23689.65,103.45,Right,INNER,4,0.472,0.472,False,0.523,0.0,0
Note_000404,74,23689.65,103.45,Right,MELODY,5,0.709,0.709,False,0.523,0.0,0
Note_000405,42,23793.1,25.86,Left,BASS,3,0.709,0.709,True,0.322,15.0,0
Note_000406,48,23793.1,206.9,Left,INNER,2,0.787,0.787,False,0.322,15.0,0
Note_000407,57,23793.1,103.45,Left,INNER,1,0.709,0.709,False,0.322,15.0,0
Note_000408,62,23793.1,103.45,Right,INNER,1,0.472,0.472,False,0.54,5.0,0
Note_000409,74,23793.1,103.45,Right,MELODY,4,0.472,0.472,False,0.54,5.0,0
Note_000410,40,23896.55,25.86,Left,BASS,5,0.709,0.709,False,0.23,-10.0,0
Note_000411,42,23896.55,25.86,Left,INNER,3,0.709,0.709,True,0.23,-10.0,0
Note_000412,66,23896.55,310.34,Right,INNER,2,0.709,0.709,True,0.586,-5.0,-12
Note_000413,78,23896.55,310.34,Right,MELODY,5,0.709,0.709,True,0.586,-5.0,-12
Note_000414,35,23999.99,103.45,Left,BASS,5,0.787,0.787,False,0.192,5.0,-12
Note_000415,36,23999.99,25.86,Left,INNER,2,0.709,0.709,False,0.192,5.0,-12
Note_000416,42,23999.99,25.86,Left,INNER,1,0.709,0.709,True,0.192,5.0,-12
Note_000417,57,23999.99,103.45,Right,INNER,1,0.709,0.709,False,0.414,10.0,0
Note_000418,40,24103.44,25.86,Left,BASS,2,0.709,0.709,False,0.259,15.0,0
Note_000419,47,24103.44,103.45,Left,INNER,1,0.787,0.787,False,0.259,15.0,0
Note_000420,59,24103.44,103.45,Right,INNER,2,0.709,0.709,False,0.437,5.0,0
Note_000421,42,24206.89,25.86,Left,BASS,2,0.709,0.709,True,0.241,5.0,0
Note_000422,62,24206.89,103.45,Right,INNER,1,0.709,0.709,False,0.54,5.0,0
Note_000423,74,24206.89,103.45,Right,MELODY,4,0.709,0.709,False,0.54,5.0,0
Note_000424,33,24310.34,310.34,Left,BASS,5,0.787,0.787,False,0.19,-5.0,0
Note_000425,42,24310.34,25.86,Left,INNER,2,0.709,0.709,True,0.19,-5.0,0
Note_000426,62,24310.34,103.45,Right,INNER,1,0.709,0.709,False,0.517,5.0,0
Note_000427,62,24310.34,103.45,Right,INNER,2,0.472,0.472,False,0.517,5.0,0
Note_000428,74,24310.34,103.45,Right,MELODY,5,0.472,0.472,False,0.517,5.0,0
Note_000429,40,24413.79,25.86,Left,BASS,2,0.709,0.709,False,0.23,15.0,-12
Note_000430,42,24413.79,25.86,Left,INNER,1,0.709,0.709,True,0.23,15.0,-12
Note_000431,60,24413.79,103.45,Right,INNER,1,0.709,0.709,False,0.517,0.0,0
Note_000432,72,24413.79,103.45,Right,MELODY,5,0.709,0.709,False,0.517,0.0,0
Note_000433,60,24517.24,103.45,Right,INNER,1,0.472,0.472,False,0.517,5.0,0
Note_000434,72,24517.24,103.45,Right,MELODY,4,0.472,0.472,False,0.517,5.0,0
Note_000435,31,24620.68,413.79,Left,BASS,5,0.787,0.787,False,0.178,-5.0,0
Note_000436,42,24620.68,25.86,Left,INNER,2,0.709,0.709,True,0.178,-5.0,0
Note_000437,62,24620.68,206.9,Right,INNER,1,0.709,0.709,False,0.54,5.0,0
Note_000438,74,24620.68,206.9,Right,MELODY,4,0.709,0.709,False,0.54,5.0,0
Note_000439,42,24724.13,25.86,Left,BASS,2,0.709,0.709,True,0.241,5.0,0
Note_000440,36,24827.58,25.86,Left,BASS,5,0.709,0.709,False,0.207,-10.0,0
Note_000441,42,24827.58,25.86,Left,INNER,3,0.709,0.709,True,0.207,-10.0,0
Note_000442,43,25034.48,206.9,Left,BASS,3,0.787,0.787,False,0.27,5.0,0
Note_000443,46,25034.48,25.86,Left,INNER,2,0.709,0.709,True,0.27,5.0,0
Note_000444,67,25034.48,206.9,Right,INNER,1,0.669,0.669,False,0.559,15.0,0
Note_000445,71,25034.48,103.45,Right,INNER,2,0.63,0.63,False,0.559,15.0,0
Note_000446,71,25034.48,206.9,Right,MELODY,3,0.669,0.669,False,0.559,15.0,0
Note_000447,31,25241.37,103.45,Left,BASS,5,0.787,0.787,False,0.192,5.0,-12
Note_000448,40,25241.37,25.86,Left,INNER,2,0.709,0.709,False,0.192,5.0,-12
Note_000449,42,25241.37,25.86,Left,INNER,1,0.709,0.709,True,0.192,5.0,-12
Note_000450,67,25241.37,103.45,Right,MELODY,5,0.63,0.63,False,0.529,-10.0,0
Note_000451,35,25344.82,310.34,Left,BASS,5,0.787,0.787,False,0.161,-10.0,0
Note_000452,62,25344.82,103.45,Right,INNER,1,0.63,0.63,False,0.525,10.0,0
Note_000453,67,25344.82,206.9,Right,INNER,2,0.669,0.669,False,0.525,10.0,0
Note_000454,71,25344.82,206.9,Right,MELODY,4,0.669,0.669,False,0.525,10.0,0
Note_000455,42,25448.27,25.86,Left,BASS,2,0.709,0.709,True,0.241,5.0,0
Note_000456,42,25551.72,25.86,Left,BASS,2,0.709,0.709,True,0.241,5.0,0
Note_000457,36,25655.17,310.34,Left,BASS,5,0.787,0.787,False,0.195,-5.0,0
Note_000458,36,25655.17,25.86,Left,INNER,3,0.709,0.709,False,0.195,-5.0,0
Note_000459,42,25655.17,25.86,Left,INNER,2,0.709,0.709,True,0.195,-5.0,0
Note_000460,65,25655.17,310.34,Right,INNER,1,0.63,0.63,False,0.521,10.0,0
Note_000461,65,25655.17,206.9,Right,INNER,2,0.669,0.669,False,0.521,10.0,0
Note_000462,69,25655.17,206.9,Right,MELODY,4,0.669,0.669,False,0.521,10.0,0
Note_000463,46,25862.06,25.86,Left,BASS,2,0.709,0.709,True,0.287,5.0,0
Note_000464,37,25965.51,310.34,Left,BASS,5,0.787,0.787,True,0.184,-10.0,12
Note_000465,67,25965.51,103.45,Right,INNER,1,0.63,0.63,False,0.544,10.0,0
Note_000466,67,25965.51,206.9,Right,INNER,2,0.669,0.669,False,0.544,10.0,0
Note_000467,71,25965.51,206.9,Right,MELODY,4,0.669,0.669,False,0.544,10.0,0
Note_000468,40,26068.96,25.86,Left,BASS,3,0.709,0.709,False,0.264,15.0,0
Note_000469,42,26068.96,25.86,Left,INNER,2,0.709,0.709,True,0.264,15.0,0
Note_000470,50,26068.96,25.86,Left,INNER,1,0.709,0.709,False,0.264,15.0,0
Note_000471,48,26172.41,25.86,Left,BASS,5,0.709,0.709,False,0.31,-10.0,0
Note_000472,38,26275.86,206.9,Left,BASS,5,0.787,0.787,False,0.245,5.0,0
Note_000473,42,26275.86,25.86,Left,INNER,2,0.709,0.709,True,0.245,5.0,0
Note_000474,47,26275.86,25.86,Left,INNER,1,0.709,0.709,False,0.245,5.0,0
Note_000475,42,26379.3,25.86,Left,BASS,2,0.709,0.709,True,0.259,15.0,0
Note_000476,45,26379.3,25.86,Left,INNER,1,0.709,0.709,False,0.259,15.0,0
Note_000477,36,26482.75,25.86,Left,BASS,5,0.709,0.709,False,0.233,5.0,-12
Note_000478,38,26482.75,206.9,Left,INNER,3,0.787,0.787,False,0.233,5.0,-12
Note_000479,42,26482.75,25.86,Left,INNER,2,0.709,0.709,True,0.233,5.0,-12
Note_000480,49,26482.75,25.86,Left,INNER,1,0.709,0.709,True,0.233,5.0,-12
Note_000481,69,26482.75,206.9,Right,INNER,2,0.669,0.669,False,0.569,0.0,0
Note_000482,72,26482.75,206.9,Right,MELODY,4,0.669,0.669,False,0.569,0.0,0
Note_000483,42,26689.65,25.86,Left,BASS,2,0.709,0.709,True,0.287,15.0,0
Note_000484,50,26689.65,206.9,Left,INNER,1,0.787,0.787,False,0.287,15.0,0
Note_000485,66,26689.65,103.45,Right,INNER,1,0.709,0.709,True,0.586,15.0,12
Note_000486,78,26689.65,103.45,Right,MELODY,2,0.709,0.709,True,0.586,15.0,12
Note_000487,42,26793.1,25.86,Left,BASS,2,0.709,0.709,True,0.241,5.0,0
Note_000488,66,26793.1,103.45,Right,INNER,2,0.472,0.472,True,0.578,-10.0,-12
Note_000489,69,26793.1,206.9,Right,INNER,3,0.669,0.669,False,0.578,-10.0,-12
Note_000490,72,26793.1,206.9,Right,INNER,4,0.669,0.669,False,0.578,-10.0,-12
Note_000491,78,26793.1,103.45,Right,MELODY,5,0.472,0.472,True,0.578,-10.0,-12
Note_000492,36,26896.55,206.9,Left,BASS,5,0.787,0.787,False,0.211,-5.0,0
Note_000493,40,26896.55,25.86,Left,INNER,3,0.709,0.709,False,0.211,-5.0,0
Note_000494,42,26896.55,25.86,Left,INNER,2,0.709,0.709,True,0.211,-5.0,0
Note_000495,62,26896.55,103.45,Right,INNER,1,0.709,0.709,False,0.54,15.0,0
Note_000496,74,26896.55,103.45,Right,MELODY,2,0.709,0.709,False,0.54,15.0,0
Note_000497,62,26999.99,103.45,Right,INNER,1,0.472,0.472,False,0.54,0.0,0
Note_000498,74,26999.99,103.45,Right,MELODY,5,0.472,0.472,False,0.54,0.0,0
Note_000499,42,27103.44,25.86,Left,BASS,2,0.709,0.709,True,0.241,5.0,0
Note_000500,57,27103.44,103.45,Right,INNER,1,0.709,0.709,False,0.483,5.0,0
Note_000501,69,27103.44,103.45,Right,MELODY,4,0.709,0.709,False,0.483,5.0,0
Note_000502,40,27206.89,25.86,Left,BASS,5,0.709,0.709,False,0.23,-5.0,0
Note_000503,42,27206.89,25.86,Left,INNER,2,0.709,0.709,True,0.23,-5.0,0
Note_000504,57,27206.89,103.45,Right,INNER,1,0.472,0.472,False,0.483,5.0,0
Note_000505,69,27206.89,103.45,Right,MELODY,4,0.472,0.472,False,0.483,5.0,0
Note_000506,35,27310.34,206.9,Left,BASS,3,0.787,0.787,False,0.192,15.0,-12
Note_000507,36,27310.34,25.86,Left,INNER,2,0.709,0.709,False,0.192,15.0,-12
Note_000508,42,27310.34,25.86,Left,INNER,1,0.709,0.709,True,0.192,15.0,-12
Note_000509,59,27310.34,310.34,Right,INNER,1,0.709,0.709,False,0.529,10.0,0
Note_000510,67,27310.34,206.9,Right,INNER,2,0.669,0.669,False,0.529,10.0,0
Note_000511,71,27310.34,206.9,Right,INNER,3,0.669,0.669,False,0.529,10.0,0
Note_000512,71,27310.34,310.34,Right,MELODY,4,0.709,0.709,False,0.529,10.0,0
Note_000513,40,27413.79,25.86,Left,BASS,5,0.709,0.709,False,0.218,-10.0,0
Note_000514,42,27517.23,25.86,Left,BASS,2,0.709,0.709,True,0.241,5.0,0
Note_000515,33,27620.68,206.9,Left,BASS,5,0.787,0.787,False,0.19,-5.0,0
Note_000516,42,27620.68,25.86,Left,INNER,2,0.709,0.709,True,0.19,-5.0,0
Note_000517,62,27620.68,103.45,Right,INNER,1,0.709,0.709,False,0.537,5.0,0
Note_000518,66,27620.68,206.9,Right,INNER,2,0.669,0.669,True,0.537,5.0,0
Note_000519,69,27620.68,206.9,Right,INNER,3,0.669,0.669,False,0.537,5.0,0
Note_000520,74,27620.68,103.45,Right,MELODY,5,0.709,0.709,False,0.537,5.0,0
Note_000521,40,27724.13,25.86,Left,BASS,2,0.709,0.709,False,0.23,15.0,-12
Note_000522,42,27724.13,25.86,Left,INNER,1,0.709,0.709,True,0.23,15.0,-12
Note_000523,62,27724.13,103.45,Right,INNER,1,0.472,0.472,False,0.54,0.0,0
Note_000524,74,27724.13,103.45,Right,MELODY,5,0.472,0.472,False,0.54,0.0,0
Note_000525,31,27931.03,310.34,Left,BASS,5,0.787,0.787,False,0.178,-5.0,0
Note_000526,42,27931.03,25.86,Left,INNER,2,0.709,0.709,True,0.178,-5.0,0
Note_000527,57,27931.03,103.45,Right,INNER,1,0.709,0.709,False,0.483,5.0,0
Note_000528,69,27931.03,103.45,Right,MELODY,4,0.709,0.709,False,0.483,5.0,0
Note_000529,42,28034.48,25.86,Left,BASS,2,0.709,0.709,True,0.241,5.0,0
Note_000530,57,28034.48,103.45,Right,INNER,1,0.472,0.472,False,0.483,5.0,0
Note_000531,69,28034.48,103.45,Right,MELODY,4,0.472,0.472,False,0.483,5.0,0
Note_000532,36,28137.92,25.86,Left,BASS,5,0.709,0.709,False,0.207,-5.0,0
Note_000533,42,28137.92,25.86,Left,INNER,2,0.709,0.709,True,0.207,-5.0,0
Note_000534,59,28137.92,103.45,Right,INNER,1,0.709,0.709,False,0.506,5.0,0
Note_000535,71,28137.92,103.45,Right,MELODY,4,0.709,0.709,False,0.506,5.0,0
Note_000536,59,28241.37,103.45,Right,INNER,1,0.472,0.472,False,0.506,0.0,0
Note_000537,71,28241.37,103.45,Right,MELODY,5,0.472,0.472,False,0.506,0.0,0
Note_000538,31,28344.82,103.45,Left,BASS,5,0.787,0.787,False,0.178,-0.0,-12
Note_000539,42,28344.82,25.86,Left,INNER,1,0.709,0.709,True,0.178,-0.0,-12
Note_000540,62,28344.82,103.45,Right,INNER,1,0.709,0.709,False,0.54,5.0,0
Note_000541,74,28344.82,103.45,Right,MELODY,4,0.709,0.709,False,0.54,5.0,0
Note_000542,42,28448.27,25.86,Left,BASS,2,0.709,0.709,True,0.241,5.0,0
Note_000543,62,28448.27,103.45,Right,INNER,1,0.472,0.472,False,0.54,5.0,0
Note_000544,74,28448.27,103.45,Right,MELODY,4,0.472,0.472,False,0.54,5.0,0
Note_000545,35,28551.72,206.9,Left,BASS,5,0.787,0.787,False,0.207,-5.0,0
Note_000546,40,28551.72,25.86,Left,INNER,3,0.709,0.709,False,0.207,-5.0,0
Note_000547,42,28551.72,25.86,Left,INNER,2,0.709,0.709,True,0.207,-5.0,0
Note_000548,64,28551.72,103.45,Right,INNER,1,0.709,0.709,False,0.567,10.0,0
Note_000549,71,28551.72,413.79,Right,INNER,2,0.669,0.669,False,0.567,10.0,0
Note_000550,76,28551.72,103.45,Right,MELODY,4,0.709,0.709,False,0.567,10.0,0
Note_000551,64,28655.17,103.45,Right,INNER,1,0.472,0.472,False,0.563,5.0,0
Note_000552,76,28655.17,103.45,Right,MELODY,4,0.472,0.472,False,0.563,5.0,0
Note_000553,26,28758.61,206.9,Left,BASS,5,0.787,0.787,False,0.149,-0.0,-12
Note_000554,42,28758.61,25.86,Left,INNER,1,0.709,0.709,True,0.149,-0.0,-12
Note_000555,66,28758.61,103.45,Right,INNER,1,0.709,0.709,True,0.586,5.0,12
Note_000556,78,28758.61,103.45,Right,MELODY,4,0.709,0.709,True,0.586,5.0,12
Note_000557,42,28862.06,25.86,Left,BASS,2,0.709,0.709,True,0.241,5.0,0
Note_000558,66,28862.06,103.45,Right,INNER,1,0.472,0.472,True,0.586,5.0,12
Note_000559,78,28862.06,103.45,Right,MELODY,4,0.472,0.472,True,0.586,5.0,12
Note_000560,29,28965.51,310.34,Left,BASS,5,0.787,0.787,False,0.169,-5.0,0
Note_000561,36,28965.51,25.86,Left,INNER,3,0.709,0.709,False,0.169,-5.0,0
Note_000562,42,28965.51,25.86,Left,INNER,2,0.709,0.709,True,0.169,-5.0,0
Note_000563,67,28965.51,103.45,Right,INNER,1,0.709,0.709,False,0.594,10.0,0
Note_000564,72,28965.51,103.45,Right,INNER,2,0.669,0.669,False,0.594,10.0,0
Note_000565,79,28965.51,103.45,Right,MELODY,4,0.709,0.709,False,0.594,10.0,0
Note_000566,66,29068.96,103.45,Right,INNER,1,0.709,0.709,True,0.589,-0.0,12
Note_000567,67,29068.96,103.45,Right,INNER,2,0.472,0.472,False,0.589,-0.0,12
Note_000568,71,29068.96,103.45,Right,INNER,3,0.669,0.669,False,0.589,-0.0,12
Note_000569,78,29068.96,103.45,Right,INNER,4,0.709,0.709,True,0.589,-0.0,12
Note_000570,79,29068.96,103.45,Right,MELODY,5,0.472,0.472,False,0.589,-0.0,12
Note_000571,46,29172.41,25.86,Left,BASS,2,0.709,0.709,True,0.287,5.0,0
Note_000572,66,29172.41,103.45,Right,INNER,1,0.472,0.472,True,0.586,0.0,0
Note_000573,78,29172.41,103.45,Right,MELODY,5,0.472,0.472,True,0.586,0.0,0
Note_000574,31,29275.85,310.34,Left,BASS,5,0.787,0.787,False,0.115,-10.0,0
Note_000575,62,29275.85,310.34,Right,INNER,1,0.709,0.709,False,0.536,10.0,0
Note_000576,67,29275.85,517.24,Right,INNER,2,0.669,0.669,False,0.536,10.0,0
Note_000577,74,29275.85,310.34,Right,MELODY,4,0.709,0.709,False,0.536,10.0,0
Note_000578,40,29379.3,25.86,Left,BASS,3,0.709,0.709,False,0.23,5.0,0
Note_000579,42,29379.3,25.86,Left,INNER,2,0.709,0.709,True,0.23,5.0,0
Note_000580,31,29586.2,206.9,Left,BASS,2,0.787,0.787,False,0.178,15.0,-12
Note_000581,42,29586.2,25.86,Left,INNER,1,0.709,0.709,True,0.178,15.0,-12
Note_000582,40,29689.65,25.86,Left,BASS,5,0.551,0.551,False,0.23,-10.0,0
Note_000583,42,29689.65,25.86,Left,INNER,3,0.709,0.709,True,0.23,-10.0,0
Note_000584,40,29741.37,25.86,Left,BASS,5,0.551,0.551,False,0.218,-10.0,0
Note_000585,29,29793.1,413.79,Left,BASS,5,0.787,0.787,False,0.181,5.0,-12
Note_000586,36,29793.1,25.86,Left,INNER,3,0.709,0.709,False,0.181,5.0,-12
Note_000587,40,29793.1,25.86,Left,INNER,2,0.551,0.551,False,0.181,5.0,-12
Note_000588,42,29793.1,25.86,Left,INNER,1,0.709,0.709,True,0.181,5.0,-12
Note_000589,69,29793.1,310.34,Right,INNER,1,0.669,0.669,False,0.598,5.0,0
Note_000590,69,29793.1,103.45,Right,INNER,2,0.709,0.709,False,0.598,5.0,0
Note_000591,81,29793.1,103.45,Right,MELODY,5,0.709,0.709,False,0.598,5.0,0
Note_000592,69,29896.54,103.45,Right,INNER,2,0.472,0.472,False,0.621,-5.0,0
Note_000593,81,29896.54,103.45,Right,MELODY,5,0.472,0.472,False,0.621,-5.0,0
Note_000594,42,29999.99,25.86,Left,BASS,2,0.709,0.709,True,0.241,5.0,0
Note_000595,65,29999.99,103.45,Right,INNER,1,0.709,0.709,False,0.575,5.0,0
Note_000596,77,29999.99,103.45,Right,MELODY,4,0.709,0.709,False,0.575,5.0,0
Note_000597,42,30103.44,25.86,Left,BASS,2,0.709,0.709,True,0.241,5.0,0
Note_000598,65,30103.44,103.45,Right,INNER,1,0.669,0.669,False,0.552,5.0,0
Note_000599,65,30103.44,103.45,Right,INNER,2,0.472,0.472,False,0.552,5.0,0
Note_000600,77,30103.44,103.45,Right,MELODY,5,0.472,0.472,False,0.552,5.0,0
Note_000601,40,30206.89,25.86,Left,BASS,5,0.709,0.709,False,0.23,-5.0,0
Note_000602,41,30206.89,103.45,Left,INNER,3,0.787,0.787,False,0.23,-5.0,0
Note_000603,42,30206.89,25.86,Left,INNER,2,0.709,0.709,True,0.23,-5.0,0
Note_000604,63,30206.89,103.45,Right,INNER,1,0.709,0.709,True,0.552,0.0,0
Note_000605,75,30206.89,103.45,Right,MELODY,5,0.709,0.709,True,0.552,0.0,0
Note_000606,63,30310.34,103.45,Right,INNER,1,0.472,0.472,True,0.563,0.0,12
Note_000607,65,30310.34,103.45,Right,INNER,2,0.709,0.709,False,0.563,0.0,12
Note_000608,75,30310.34,103.45,Right,INNER,4,0.472,0.472,True,0.563,0.0,12
Note_000609,77,30310.34,103.45,Right,MELODY,5,0.709,0.709,False,0.563,0.0,12
Note_000610,33,30413.79,206.9,Left,BASS,5,0.787,0.787,False,0.19,-0.0,-12
Note_000611,42,30413.79,25.86,Left,INNER,1,0.709,0.709,True,0.19,-0.0,-12
Note_000612,65,30413.79,103.45,Right,INNER,2,0.472,0.472,False,0.575,-5.0,0
Note_000613,77,30413.79,103.45,Right,MELODY,5,0.472,0.472,False,0.575,-5.0,0
Note_000614,42,30517.23,25.86,Left,BASS,2,0.709,0.709,True,0.241,5.0,0
Note_000615,60,30517.23,517.24,Right,INNER,1,0.709,0.709,False,0.517,15.0,0
Note_000616,72,30517.23,517.24,Right,MELODY,2,0.709,0.709,False,0.517,15.0,0
Note_000617,34,30620.68,103.45,Left,BASS,5,0.787,0.787,True,0.188,-5.0,12
Note_000618,36,30620.68,25.86,Left,INNER,3,0.709,0.709,False,0.188,-5.0,12
Note_000619,42,30620.68,25.86,Left,INNER,2,0.709,0.709,True,0.188,-5.0,12
Note_000620,74,30620.68,310.34,Right,MELODY,4,0.669,0.669,False,0.609,-5.0,0
Note_000621,34,30827.58,206.9,Left,BASS,3,0.787,0.787,True,0.195,10.0,-12
Note_000622,42,30827.58,25.86,Left,INNER,1,0.709,0.709,True,0.195,10.0,-12
Note_000623,42,30931.03,25.86,Left,BASS,2,0.709,0.709,True,0.241,5.0,0
Note_000624,77,30931.03,103.45,Right,MELODY,5,0.669,0.669,False,0.644,-10.0,0
Note_000625,35,31034.48,206.9,Left,BASS,4,0.787,0.787,False,0.207,-0.0,0
Note_000626,40,31034.48,25.86,Left,INNER,3,0.709,0.709,False,0.207,-0.0,0
Note_000627,42,31034.48,25.86,Left,INNER,2,0.709,0.709,True,0.207,-0.0,0
Note_000628,36,31241.37,206.9,Left,BASS,5,0.787,0.787,False,0.207,-15.0,0
Note_000629,42,31241.37,25.86,Left,INNER,4,0.709,0.709,True,0.207,-15.0,0
Note_000630,65,31241.37,103.45,Right,INNER,1,0.709,0.709,False,0.575,5.0,0
Note_000631,77,31241.37,103.45,Right,MELODY,4,0.709,0.709,False,0.575,5.0,0
Note_000632,42,31344.82,25.86,Left,BASS,2,0.709,0.709,True,0.241,5.0,0
Note_000633,65,31344.82,103.45,Right,INNER,1,0.472,0.472,False,0.575,5.0,0
Note_000634,77,31344.82,103.45,Right,MELODY,4,0.472,0.472,False,0.575,5.0,0
Note_000635,29,31448.27,25.86,Left,BASS,5,0.709,0.709,False,0.155,-10.0,0
Note_000636,31,31448.27,206.9,Left,INNER,4,0.787,0.787,False,0.155,-10.0,0
Note_000637,36,31448.27,25.86,Left,INNER,3,0.709,0.709,False,0.155,-10.0,0
Note_000638,42,31448.27,25.86,Left,INNER,2,0.709,0.709,True,0.155,-10.0,0
Note_000639,67,31448.27,206.9,Right,INNER,1,0.669,0.669,False,0.578,5.0,0
Note_000640,67,31448.27,103.45,Right,INNER,2,0.709,0.709,False,0.578,5.0,0
Note_000641,72,31448.27,206.9,Right,INNER,3,0.669,0.669,False,0.578,5.0,0
Note_000642,79,31448.27,103.45,Right,MELODY,5,0.709,0.709,False,0.578,5.0,0
Note_000643,67,31551.72,103.45,Right,INNER,2,0.472,0.472,False,0.598,-5.0,0
Note_000644,79,31551.72,103.45,Right,MELODY,5,0.472,0.472,False,0.598,-5.0,0
Note_000645,29,31655.16,25.86,Left,BASS,5,0.709,0.709,False,0.167,-0.0,-12
Note_000646,42,31655.16,25.86,Left,INNER,1,0.709,0.709,True,0.167,-0.0,-12
Note_000647,26,31758.61,206.9,Left,BASS,5,0.787,0.787,False,0.149,-0.0,-12
Note_000648,42,31758.61,25.86,Left,INNER,1,0.709,0.709,True,0.149,-0.0,-12
Note_000649,67,31758.61,206.9,Right,INNER,1,0.669,0.669,False,0.575,5.0,0
Note_000650,67,31758.61,206.9,Right,INNER,2,0.709,0.709,False,0.575,5.0,0
Note_000651,71,31758.61,206.9,Right,INNER,3,0.669,0.669,False,0.575,5.0,0
Note_000652,79,31758.61,206.9,Right,MELODY,5,0.709,0.709,False,0.575,5.0,0
Note_000653,40,31862.06,25.86,Left,BASS,3,0.709,0.709,False,0.261,15.0,-12
Note_000654,42,31862.06,25.86,Left,INNER,2,0.709,0.709,True,0.261,15.0,-12
Note_000655,49,31862.06,25.86,Left,INNER,1,0.709,0.709,True,0.261,15.0,-12
Note_000656,29,32068.96,25.86,Left,BASS,5,0.709,0.709,False,0.167,-0.0,-12
Note_000657,42,32068.96,25.86,Left,INNER,1,0.709,0.709,True,0.167,-0.0,-12
Note_000658,30,32172.41,25.86,Left,BASS,2,0.709,0.709,True,0.172,15.0,-12
Note_000659,42,32172.41,25.86,Left,INNER,1,0.709,0.709,True,0.172,15.0,-12
Note_000660,29,32275.85,25.86,Left,BASS,5,0.709,0.709,False,0.169,-5.0,0
Note_000661,36,32275.85,25.86,Left,INNER,3,0.709,0.709,False,0.169,-5.0,0
Note_000662,42,32275.85,25.86,Left,INNER,2,0.709,0.709,True,0.169,-5.0,0
Note_000663,30,32379.3,25.86,Left,BASS,5,0.709,0.709,True,0.103,-10.0,12
Note_000664,29,32482.75,25.86,Left,BASS,5,0.709,0.709,False,0.167,-0.0,-12
Note_000665,42,32482.75,25.86,Left,INNER,1,0.709,0.709,True,0.167,-0.0,-12
Note_000666,42,32586.2,25.86,Left,BASS,2,0.709,0.709,True,0.241,5.0,0
Note_000667,42,32689.65,25.86,Left,BASS,3,0.709,0.709,True,0.276,5.0,0
Note_000668,48,32689.65,25.86,Left,INNER,2,0.866,0.866,False,0.276,5.0,0
Note_000669,47,32793.1,25.86,Left,BASS,1,0.866,0.866,False,0.299,10.0,0
Note_000670,42,32896.54,25.86,Left,BASS,2,0.709,0.709,True,0.241,5.0,0
Note_000671,40,32999.99,25.86,Left,BASS,5,0.551,0.551,False,0.23,-5.0,0
Note_000672,42,32999.99,25.86,Left,INNER,2,0.709,0.709,True,0.23,-5.0,0
Note_000673,40,33051.72,25.86,Left,BASS,5,0.551,0.551,False,0.218,-10.0,0
Note_000674,36,33103.44,25.86,Left,BASS,5,0.709,0.709,False,0.23,-0.0,-12
Note_000675,38,33103.44,206.9,Left,INNER,4,0.787,0.787,False,0.23,-0.0,-12
Note_000676,40,33103.44,25.86,Left,INNER,3,0.551,0.551,False,0.23,-0.0,-12
Note_000677,42,33103.44,25.86,Left,INNER,2,0.709,0.709,True,0.23,-0.0,-12
Note_000678,49,33103.44,25.86,Left,INNER,1,0.709,0.709,True,0.23,-0.0,-12
Note_000679,57,33103.44,206.9,Right,INNER,2,0.709,0.709,False,0.414,5.0,0
Note_000680,42,33310.34,25.86,Left,BASS,5,0.709,0.709,True,0.337,5.0,12
Note_000681,50,33310.34,103.45,Left,INNER,2,0.787,0.787,False,0.337,5.0,12
Note_000682,59,33310.34,103.45,Left,INNER,1,0.709,0.709,False,0.337,5.0,12
Note_000683,77,33310.34,51.72,Right,MELODY,4,0.709,0.709,False,0.644,-5.0,0
Note_000684,74,33362.06,155.17,Right,INNER,3,0.709,0.709,False,0.632,-5.0,0
Note_000685,78,33362.06,155.17,Right,MELODY,4,0.709,0.709,True,0.632,-5.0,0
Note_000686,42,33413.78,25.86,Left,BASS,1,0.709,0.709,True,0.241,10.0,-12
Note_000687,62,33413.78,103.45,Right,INNER,2,0.709,0.709,False,0.471,5.0,0
Note_000688,36,33517.23,413.79,Left,BASS,5,0.787,0.787,False,0.211,-5.0,0
Note_000689,40,33517.23,25.86,Left,INNER,3,0.709,0.709,False,0.211,-5.0,0
Note_000690,42,33517.23,25.86,Left,INNER,2,0.709,0.709,True,0.211,-5.0,0
Note_000691,76,33517.23,103.45,Right,MELODY,5,0.709,0.709,False,0.632,-10.0,0
Note_000692,42,33724.13,25.86,Left,BASS,2,0.709,0.709,True,0.299,15.0,0
Note_000693,52,33724.13,103.45,Left,INNER,1,0.709,0.709,False,0.299,15.0,0
Note_000694,74,33724.13,103.45,Right,MELODY,4,0.709,0.709,False,0.609,-5.0,0
Note_000695,42,33827.58,25.86,Left,BASS,5,0.709,0.709,True,0.31,-5.0,12
Note_000696,54,33827.58,103.45,Left,INNER,2,0.709,0.709,True,0.31,-5.0,12
Note_000697,72,33827.58,310.34,Right,INNER,1,0.709,0.709,False,0.609,5.0,0
Note_000698,76,33827.58,310.34,Right,MELODY,4,0.709,0.709,False,0.609,5.0,0
Note_000699,35,33931.03,206.9,Left,BASS,5,0.787,0.787,False,0.192,-0.0,-12
Note_000700,36,33931.03,25.86,Left,INNER,3,0.709,0.709,False,0.192,-0.0,-12
Note_000701,42,33931.03,25.86,Left,INNER,1,0.709,0.709,True,0.192,-0.0,-12
Note_000702,57,34034.47,103.45,Left,BASS,1,0.709,0.709,False,0.414,10.0,0
Note_000703,42,34137.92,25.86,Left,BASS,2,0.709,0.709,True,0.241,5.0,0
Note_000704,69,34137.92,206.9,Right,INNER,1,0.709,0.709,False,0.58,5.0,0
Note_000705,74,34137.92,206.9,Right,MELODY,4,0.709,0.709,False,0.58,5.0,0
Note_000706,33,34241.37,206.9,Left,BASS,5,0.787,0.787,False,0.19,-5.0,0
Note_000707,42,34241.37,25.86,Left,INNER,2,0.709,0.709,True,0.19,-5.0,0
Note_000708,40,34344.82,25.86,Left,BASS,3,0.709,0.709,False,0.28,15.0,-12
Note_000709,42,34344.82,25.86,Left,INNER,2,0.709,0.709,True,0.28,15.0,-12
Note_000710,54,34344.82,103.45,Left,INNER,1,0.709,0.709,True,0.28,15.0,-12
Note_000711,71,34344.82,206.9,Right,MELODY,5,0.709,0.709,False,0.575,-10.0,0
Note_000712,31,34551.72,413.79,Left,BASS,5,0.787,0.787,False,0.178,-0.0,-12
Note_000713,42,34551.72,25.86,Left,INNER,1,0.709,0.709,True,0.178,-0.0,-12
Note_000714,57,34551.72,103.45,Right,INNER,2,0.709,0.709,False,0.483,-5.0,0
Note_000715,69,34551.72,206.9,Right,MELODY,5,0.709,0.709,False,0.483,-5.0,0
Note_000716,42,34655.16,25.86,Left,BASS,2,0.709,0.709,True,0.241,5.0,0
Note_000717,36,34758.61,25.86,Left,BASS,5,0.709,0.709,False,0.207,-5.0,0
Note_000718,42,34758.61,25.86,Left,INNER,2,0.709,0.709,True,0.207,-5.0,0
Note_000719,71,34758.61,206.9,Right,INNER,1,0.709,0.709,False,0.575,15.0,0
Note_000720,71,34758.61,206.9,Right,MELODY,2,0.709,0.709,False,0.575,15.0,0
Note_000721,31,34965.51,206.9,Left,BASS,5,0.787,0.787,False,0.178,-0.0,-12
Note_000722,42,34965.51,25.86,Left,INNER,1,0.709,0.709,True,0.178,-0.0,-12
Note_000723,74,34965.51,206.9,Right,INNER,3,0.709,0.709,False,0.609,-5.0,0
Note_000724,74,34965.51,206.9,Right,MELODY,4,0.709,0.709,False,0.609,-5.0,0
Note_000725,42,35068.96,25.86,Left,BASS,2,0.709,0.709,True,0.241,5.0,0
Note_000726,40,35172.4,25.86,Left,INNER,3,0.709,0.709,False,0.207,-5.0,0
Note_000727,42,35172.4,25.86,Left,INNER,2,0.709,0.709,True,0.207,-5.0,0
Note_000728,35,35172.41,206.9,Left,BASS,5,0.787,0.787,False,0.207,-5.0,0
Note_000729,76,35172.41,206.9,Right,INNER,1,0.709,0.709,False,0.632,0.0,0
Note_000730,76,35172.41,206.9,Right,MELODY,5,0.709,0.709,False,0.632,0.0,0
Note_000731,26,35379.3,206.9,Left,BASS,5,0.787,0.787,False,0.149,-0.0,-12
Note_000732,42,35379.3,25.86,Left,INNER,1,0.709,0.709,True,0.149,-0.0,-12
Note_000733,74,35379.3,206.9,Right,INNER,1,0.709,0.709,False,0.609,5.0,0
Note_000734,74,35379.3,206.9,Right,MELODY,4,0.709,0.709,False,0.609,5.0,0
Note_000735,42,35482.75,25.86,Left,BASS,2,0.709,0.709,True,0.241,5.0,0
Note_000736,29,35586.2,206.9,Left,BASS,5,0.787,0.787,False,0.169,-5.0,0
Note_000737,36,35586.2,25.86,Left,INNER,3,0.709,0.709,False,0.169,-5.0,0
Note_000738,42,35586.2,25.86,Left,INNER,2,0.709,0.709,True,0.169,-5.0,0
Note_000739,65,35586.2,310.34,Right,INNER,1,0.709,0.709,False,0.572,5.0,0
Note_000740,69,35586.2,310.34,Right,INNER,2,0.709,0.709,False,0.572,5.0,0
Note_000741,72,35586.2,310.34,Right,INNER,3,0.709,0.709,False,0.572,5.0,0
Note_000742,77,35586.2,310.34,Right,MELODY,5,0.709,0.709,False,0.572,5.0,0
Note_000743,46,35793.09,25.86,Left,BASS,2,0.709,0.709,True,0.287,5.0,0
Note_000744,30,35896.54,206.9,Left,BASS,5,0.787,0.787,True,0.103,-10.0,12
Note_000745,67,35896.54,413.79,Right,INNER,1,0.709,0.709,False,0.569,10.0,0
Note_000746,69,35896.54,413.79,Right,INNER,2,0.709,0.709,False,0.569,10.0,0
Note_000747,72,35896.54,413.79,Right,INNER,3,0.709,0.709,False,0.569,10.0,0
Note_000748,74,35896.54,413.79,Right,MELODY,4,0.709,0.709,False,0.569,10.0,0
Note_000749,40,35999.99,25.86,Left,BASS,3,0.709,0.709,False,0.23,5.0,0
Note_000750,42,35999.99,25.86,Left,INNER,2,0.709,0.709,True,0.23,5.0,0
Note_000751,31,36206.89,206.9,Left,BASS,2,0.787,0.787,False,0.178,15.0,-12
Note_000752,42,36206.89,25.86,Left,INNER,1,0.709,0.709,True,0.178,15.0,-12
Note_000753,40,36310.34,25.86,Left,BASS,5,0.551,0.551,False,0.23,-10.0,0
Note_000754,42,36310.34,25.86,Left,INNER,3,0.709,0.709,True,0.23,-10.0,0
Note_000755,40,36362.06,25.86,Left,BASS,1,0.551,0.551,False,0.218,10.0,0
Note_000756,36,36413.78,25.86,Left,BASS,5,0.709,0.709,False,0.207,-10.0,0
Note_000757,38,36413.78,206.9,Left,INNER,4,0.787,0.787,False,0.207,-10.0,0
Note_000758,40,36413.78,25.86,Left,INNER,3,0.551,0.551,False,0.207,-10.0,0
Note_000759,42,36413.78,25.86,Left,INNER,2,0.709,0.709,True,0.207,-10.0,0
Note_000760,78,36413.78,206.9,Right,INNER,4,0.709,0.709,True,0.655,-15.0,-12
Note_000761,78,36413.78,206.9,Right,MELODY,5,0.709,0.709,True,0.655,-15.0,-12
Note_000762,42,36620.68,25.86,Left,BASS,5,0.709,0.709,True,0.352,5.0,12
Note_000763,54,36620.68,103.45,Left,INNER,2,0.787,0.787,True,0.352,5.0,12
Note_000764,59,36620.68,103.45,Left,INNER,1,0.709,0.709,False,0.352,5.0,12
Note_000765,79,36620.68,206.9,Right,INNER,1,0.709,0.709,False,0.667,5.0,0
Note_000766,79,36620.68,206.9,Right,MELODY,4,0.709,0.709,False,0.667,5.0,0
Note_000767,38,36724.13,103.45,Left,BASS,2,0.787,0.787,False,0.218,15.0,-12
Note_000768,42,36724.13,25.86,Left,INNER,1,0.709,0.709,True,0.218,15.0,-12
Note_000769,62,36724.13,103.45,Right,INNER,2,0.709,0.709,False,0.471,5.0,0
Note_000770,36,36827.58,413.79,Left,BASS,5,0.787,0.787,False,0.211,-5.0,0
Note_000771,40,36827.58,25.86,Left,INNER,3,0.709,0.709,False,0.211,-5.0,0
Note_000772,42,36827.58,25.86,Left,INNER,2,0.709,0.709,True,0.211,-5.0,0
Note_000773,78,36827.58,206.9,Right,INNER,3,0.709,0.709,True,0.655,-5.0,0
Note_000774,78,36827.58,206.9,Right,MELODY,4,0.709,0.709,True,0.655,-5.0,0
Note_000775,42,37034.47,25.86,Left,BASS,2,0.709,0.709,True,0.299,15.0,0
Note_000776,52,37034.47,103.45,Left,INNER,1,0.63,0.63,False,0.299,15.0,0
Note_000777,74,37034.47,206.9,Right,INNER,2,0.709,0.709,False,0.609,5.0,0
Note_000778,74,37034.47,206.9,Right,MELODY,3,0.709,0.709,False,0.609,5.0,0
Note_000779,42,37137.92,25.86,Left,BASS,2,0.709,0.709,True,0.241,5.0,0
Note_000780,35,37241.37,206.9,Left,BASS,5,0.787,0.787,False,0.233,5.0,0
Note_000781,36,37241.37,25.86,Left,INNER,3,0.709,0.709,False,0.233,5.0,0
Note_000782,42,37241.37,25.86,Left,INNER,2,0.709,0.709,True,0.233,5.0,0
Note_000783,52,37241.37,51.72,Left,INNER,1,0.63,0.63,False,0.233,5.0,0
Note_000784,71,37241.37,103.45,Right,INNER,1,0.709,0.709,False,0.575,15.0,0
Note_000785,71,37241.37,103.45,Right,MELODY,2,0.709,0.709,False,0.575,15.0,0
Note_000786,52,37344.82,51.72,Left,BASS,1,0.63,0.63,False,0.356,10.0,0
Note_000787,74,37344.82,206.9,Right,INNER,3,0.709,0.709,False,0.609,-5.0,0
Note_000788,74,37344.82,206.9,Right,MELODY,4,0.709,0.709,False,0.609,-5.0,0
Note_000789,42,37448.27,25.86,Left,BASS,2,0.709,0.709,True,0.293,15.0,-12
Note_000790,51,37448.27,206.9,Left,INNER,1,0.63,0.63,True,0.293,15.0,-12
Note_000791,33,37551.71,206.9,Left,BASS,5,0.787,0.787,False,0.19,-5.0,0
Note_000792,42,37551.71,25.86,Left,INNER,2,0.709,0.709,True,0.19,-5.0,0
Note_000793,76,37551.71,310.34,Right,INNER,1,0.709,0.709,False,0.632,0.0,0
Note_000794,76,37551.71,310.34,Right,MELODY,5,0.709,0.709,False,0.632,0.0,0
Note_000795,40,37655.16,25.86,Left,BASS,2,0.709,0.709,False,0.23,15.0,-12
Note_000796,42,37655.16,25.86,Left,INNER,1,0.709,0.709,True,0.23,15.0,-12
Note_000797,31,37862.06,413.79,Left,BASS,5,0.787,0.787,False,0.178,-5.0,0
Note_000798,42,37862.06,25.86,Left,INNER,2,0.709,0.709,True,0.178,-5.0,0
Note_000799,57,37862.06,103.45,Right,INNER,1,0.63,0.63,False,0.52,-0.0,0
Note_000800,62,37862.06,310.34,Right,INNER,2,0.709,0.709,False,0.52,-0.0,0
Note_000801,67,37862.06,310.34,Right,INNER,3,0.709,0.709,False,0.52,-0.0,0
Note_000802,71,37862.06,310.34,Right,INNER,4,0.709,0.709,False,0.52,-0.0,0
Note_000803,74,37862.06,1655.17,Right,MELODY,5,0.709,0.709,False,0.52,-0.0,0
Note_000804,42,37965.51,25.86,Left,BASS,2,0.709,0.709,True,0.241,5.0,0
Note_000805,29,38068.96,25.86,Left,BASS,5,0.709,0.709,False,0.169,-5.0,0
Note_000806,36,38068.96,25.86,Left,INNER,3,0.709,0.709,False,0.169,-5.0,0
Note_000807,42,38068.96,25.86,Left,INNER,2,0.709,0.709,True,0.169,-5.0,0
Note_000808,29,38275.85,25.86,Left,BASS,5,0.709,0.709,False,0.149,-0.0,-12
Note_000809,31,38275.85,103.45,Left,INNER,3,0.787,0.787,False,0.149,-0.0,-12
Note_000810,42,38275.85,25.86,Left,INNER,1,0.709,0.709,True,0.149,-0.0,-12
Note_000811,62,38275.85,51.72,Right,INNER,1,0.709,0.709,False,0.525,10.0,0
Note_000812,67,38275.85,51.72,Right,INNER,2,0.709,0.709,False,0.525,10.0,0
Note_000813,71,38275.85,51.72,Right,MELODY,4,0.709,0.709,False,0.525,10.0,0
Note_000814,42,38379.3,25.86,Left,BASS,2,0.709,0.709,True,0.241,5.0,0
Note_000815,26,38482.75,413.79,Left,BASS,5,0.787,0.787,False,0.152,-10.0,0
Note_000816,29,38482.75,25.86,Left,INNER,4,0.709,0.709,False,0.152,-10.0,0
Note_000817,40,38482.75,25.86,Left,INNER,3,0.709,0.709,False,0.152,-10.0,0
Note_000818,42,38482.75,25.86,Left,INNER,2,0.709,0.709,True,0.152,-10.0,0
Note_000819,62,38482.75,103.45,Right,INNER,1,0.709,0.709,False,0.525,5.0,0
Note_000820,67,38482.75,103.45,Right,INNER,2,0.709,0.709,False,0.525,5.0,0
Note_000821,71,38482.75,103.45,Right,MELODY,5,0.709,0.709,False,0.525,5.0,0
Note_000822,29,38689.65,25.86,Left,BASS,3,0.709,0.709,False,0.167,10.0,-12
Note_000823,42,38689.65,25.86,Left,INNER,1,0.709,0.709,True,0.167,10.0,-12
Note_000824,29,38741.37,25.86,Left,BASS,5,0.709,0.709,False,0.092,-10.0,0
Note_000825,29,38793.09,25.86,Left,BASS,5,0.709,0.709,False,0.167,-0.0,-12
Note_000826,42,38793.09,25.86,Left,INNER,1,0.709,0.709,True,0.167,-0.0,-12
Note_000827,29,38844.82,25.86,Left,BASS,5,0.709,0.709,False,0.092,-10.0,0
Note_000828,29,38896.54,310.34,Left,BASS,5,0.787,0.787,False,0.169,-5.0,0
Note_000829,36,38896.54,25.86,Left,INNER,3,0.709,0.709,False,0.169,-5.0,0
Note_000830,42,38896.54,25.86,Left,INNER,2,0.709,0.709,True,0.169,-5.0,0
Note_000831,64,38896.54,51.72,Right,INNER,1,0.709,0.709,False,0.536,5.0,0
Note_000832,67,38896.54,51.72,Right,INNER,2,0.709,0.709,False,0.536,5.0,0
Note_000833,72,38896.54,51.72,Right,MELODY,5,0.709,0.709,False,0.536,5.0,0
Note_000834,46,39103.44,25.86,Left,BASS,2,0.709,0.709,True,0.287,5.0,0
Note_000835,30,39206.89,310.34,Left,BASS,5,0.787,0.787,True,0.103,-10.0,12
Note_000836,62,39206.89,517.24,Right,INNER,1,0.709,0.709,False,0.525,5.0,0
Note_000837,67,39206.89,517.24,Right,INNER,2,0.709,0.709,False,0.525,5.0,0
Note_000838,71,39206.89,517.24,Right,MELODY,5,0.709,0.709,False,0.525,5.0,0
Note_000839,40,39310.33,25.86,Left,BASS,3,0.709,0.709,False,0.23,5.0,0
Note_000840,42,39310.33,25.86,Left,INNER,2,0.709,0.709,True,0.23,5.0,0
Note_000841,31,39517.23,206.9,Left,BASS,2,0.787,0.787,False,0.178,15.0,-12
Note_000842,42,39517.23,25.86,Left,INNER,1,0.709,0.709,True,0.178,15.0,-12
Note_000843,40,39620.68,25.86,Left,BASS,5,0.551,0.551,False,0.23,-10.0,0
Note_000844,42,39620.68,25.86,Left,INNER,3,0.709,0.709,True,0.23,-10.0,0
Note_000845,40,39672.4,25.86,Left,BASS,1,0.551,0.551,False,0.218,10.0,0
Note_000846,31,39724.13,206.9,Left,BASS,5,0.787,0.787,False,0.187,-10.0,0
Note_000847,36,39724.13,25.86,Left,INNER,4,0.709,0.709,False,0.187,-10.0,0
Note_000848,40,39724.13,25.86,Left,INNER,3,0.551,0.551,False,0.187,-10.0,0
Note_000849,42,39724.13,25.86,Left,INNER,2,0.709,0.709,True,0.187,-10.0,0
Note_000850,67,39724.13,103.45,Right,INNER,1,0.709,0.709,False,0.59,10.0,0
Note_000851,71,39724.13,1655.17,Right,INNER,2,0.709,0.709,False,0.59,10.0,0
Note_000852,79,39724.13,103.45,Right,MELODY,4,0.709,0.709,False,0.59,10.0,0
Note_000853,42,39931.02,25.86,Left,BASS,2,0.709,0.709,True,0.247,15.0,0
Note_000854,43,39931.02,103.45,Left,INNER,1,0.787,0.787,False,0.247,15.0,0
Note_000855,66,39931.02,103.45,Right,INNER,1,0.709,0.709,True,0.586,5.0,12
Note_000856,78,39931.02,103.45,Right,MELODY,4,0.709,0.709,True,0.586,5.0,12
Note_000857,31,40034.47,103.45,Left,BASS,5,0.787,0.787,False,0.178,-5.0,0
Note_000858,42,40034.47,25.86,Left,INNER,2,0.709,0.709,True,0.178,-5.0,0
Note_000859,31,40137.92,413.79,Left,BASS,5,0.787,0.787,False,0.192,5.0,-12
Note_000860,40,40137.92,25.86,Left,INNER,2,0.709,0.709,False,0.192,5.0,-12
Note_000861,42,40137.92,25.86,Left,INNER,1,0.709,0.709,True,0.192,5.0,-12
Note_000862,67,40137.92,103.45,Right,INNER,1,0.709,0.709,False,0.598,5.0,0
Note_000863,79,40137.92,103.45,Right,MELODY,4,0.709,0.709,False,0.598,5.0,0
Note_000864,69,40241.37,103.45,Right,INNER,1,0.709,0.709,False,0.621,5.0,0
Note_000865,81,40241.37,103.45,Right,MELODY,4,0.709,0.709,False,0.621,5.0,0
Note_000866,42,40344.82,25.86,Left,BASS,2,0.709,0.709,True,0.241,5.0,0
Note_000867,40,40448.27,25.86,Left,BASS,5,0.709,0.709,False,0.23,-5.0,0
Note_000868,42,40448.27,25.86,Left,INNER,2,0.709,0.709,True,0.23,-5.0,0
Note_000869,66,40448.27,310.34,Right,INNER,1,0.709,0.709,True,0.586,15.0,12
Note_000870,78,40448.27,310.34,Right,MELODY,2,0.709,0.709,True,0.586,15.0,12
Note_000871,35,40551.71,310.34,Left,BASS,3,0.787,0.787,False,0.192,15.0,-12
Note_000872,36,40551.71,25.86,Left,INNER,2,0.709,0.709,False,0.192,15.0,-12
Note_000873,42,40551.71,25.86,Left,INNER,1,0.709,0.709,True,0.192,15.0,-12
Note_000874,71,40551.71,103.45,Right,MELODY,4,0.709,0.709,False,0.575,-5.0,0
Note_000875,40,40655.16,25.86,Left,BASS,5,0.709,0.709,False,0.218,-10.0,0
Note_000876,42,40758.61,25.86,Left,BASS,2,0.709,0.709,True,0.241,5.0,0
Note_000877,62,40758.61,413.79,Right,INNER,1,0.709,0.709,False,0.54,15.0,0
Note_000878,74,40758.61,413.79,Right,MELODY,2,0.709,0.709,False,0.54,15.0,0
Note_000879,36,40862.06,310.34,Left,BASS,5,0.787,0.787,False,0.207,-5.0,0
Note_000880,42,40862.06,25.86,Left,INNER,2,0.709,0.709,True,0.207,-5.0,0
Note_000881,71,40862.06,517.24,Right,INNER,3,0.709,0.709,False,0.592,-5.0,0
Note_000882,74,40862.06,517.24,Right,MELODY,4,0.709,0.709,False,0.592,-5.0,0
Note_000883,40,40965.51,25.86,Left,BASS,2,0.709,0.709,False,0.23,15.0,-12
Note_000884,42,40965.51,25.86,Left,INNER,1,0.709,0.709,True,0.23,15.0,-12
Note_000885,38,41172.4,206.9,Left,BASS,5,0.787,0.787,False,0.218,-5.0,0
Note_000886,42,41172.4,25.86,Left,INNER,2,0.709,0.709,True,0.218,-5.0,0
Note_000887,62,41172.4,103.45,Right,INNER,1,0.709,0.709,False,0.54,15.0,0
Note_000888,74,41172.4,103.45,Right,MELODY,2,0.709,0.709,False,0.54,15.0,0
Note_000889,42,41275.85,25.86,Left,BASS,2,0.709,0.709,True,0.241,5.0,0
Note_000890,33,41379.3,206.9,Left,BASS,5,0.787,0.787,False,0.218,5.0,-12
Note_000891,36,41379.3,25.86,Left,INNER,3,0.709,0.709,False,0.218,5.0,-12
Note_000892,42,41379.3,25.86,Left,INNER,2,0.709,0.709,True,0.218,5.0,-12
Note_000893,49,41379.3,25.86,Left,INNER,1,0.709,0.709,True,0.218,5.0,-12
Note_000894,67,41379.3,103.45,Right,INNER,1,0.709,0.709,False,0.609,0.0,0
Note_000895,71,41379.3,103.45,Right,INNER,2,0.709,0.709,False,0.609,0.0,0
Note_000896,79,41379.3,206.9,Right,INNER,4,0.709,0.709,False,0.609,0.0,0
Note_000897,79,41379.3,103.45,Right,MELODY,5,0.709,0.709,False,0.609,0.0,0
Note_000898,42,41586.2,25.86,Left,BASS,2,0.709,0.709,True,0.259,15.0,0
Note_000899,45,41586.2,103.45,Left,INNER,1,0.787,0.787,False,0.259,15.0,0
Note_000900,66,41586.2,103.45,Right,INNER,1,0.709,0.709,True,0.609,5.0,0
Note_000901,78,41586.2,206.9,Right,INNER,2,0.709,0.709,True,0.609,5.0,0
Note_000902,78,41586.2,103.45,Right,MELODY,5,0.709,0.709,True,0.609,5.0,0
Note_000903,33,41689.64,103.45,Left,BASS,5,0.787,0.787,False,0.19,-5.0,0
Note_000904,42,41689.64,25.86,Left,INNER,2,0.709,0.709,True,0.19,-5.0,0
Note_000905,33,41793.09,413.79,Left,BASS,5,0.787,0.787,False,0.199,5.0,-12
Note_000906,40,41793.09,25.86,Left,INNER,2,0.709,0.709,False,0.199,5.0,-12
Note_000907,42,41793.09,25.86,Left,INNER,1,0.709,0.709,True,0.199,5.0,-12
Note_000908,67,41793.09,103.45,Right,INNER,1,0.709,0.709,False,0.618,5.0,0
Note_000909,74,41793.09,413.79,Right,INNER,2,0.709,0.709,False,0.618,5.0,0
Note_000910,79,41793.09,103.45,Right,INNER,3,0.709,0.709,False,0.618,5.0,0
Note_000911,79,41793.09,103.45,Right,MELODY,5,0.709,0.709,False,0.618,5.0,0
Note_000912,69,41896.54,103.45,Right,INNER,1,0.709,0.709,False,0.644,0.0,0
Note_000913,81,41896.54,206.9,Right,INNER,3,0.709,0.709,False,0.644,0.0,0
Note_000914,81,41896.54,103.45,Right,MELODY,5,0.709,0.709,False,0.644,0.0,0
Note_000915,42,41999.99,25.86,Left,BASS,2,0.709,0.709,True,0.241,5.0,0
Note_000916,42,42103.44,25.86,Left,BASS,2,0.709,0.709,True,0.241,5.0,0
Note_000917,66,42103.44,310.34,Right,INNER,1,0.709,0.709,True,0.609,10.0,12
Note_000918,78,42103.44,310.34,Right,INNER,2,0.709,0.709,True,0.609,10.0,12
Note_000919,78,42103.44,310.34,Right,MELODY,4,0.709,0.709,True,0.609,10.0,12
Note_000920,36,42206.89,25.86,Left,BASS,5,0.709,0.709,False,0.199,-5.0,0
Note_000921,37,42206.89,310.34,Left,INNER,3,0.787,0.787,True,0.199,-5.0,0
Note_000922,42,42206.89,25.86,Left,INNER,2,0.709,0.709,True,0.199,-5.0,0
Note_000923,71,42206.89,103.45,Right,INNER,3,0.709,0.709,False,0.592,-10.0,0
Note_000924,74,42206.89,103.45,Right,MELODY,5,0.709,0.709,False,0.592,-10.0,0
Note_000925,46,42413.78,25.86,Left,BASS,2,0.709,0.709,True,0.287,5.0,0
Note_000926,62,42413.78,103.45,Right,INNER,1,0.709,0.709,False,0.563,15.0,0
Note_000927,74,42413.78,206.9,Right,INNER,2,0.709,0.709,False,0.563,15.0,0
Note_000928,74,42413.78,103.45,Right,MELODY,3,0.709,0.709,False,0.563,15.0,0
Note_000929,38,42517.23,310.34,Left,BASS,5,0.787,0.787,False,0.195,-10.0,0
Note_000930,71,42517.23,310.34,Right,INNER,4,0.709,0.709,False,0.592,-15.0,0
Note_000931,74,42517.23,310.34,Right,MELODY,5,0.709,0.709,False,0.592,-15.0,0
Note_000932,40,42620.68,25.86,Left,BASS,3,0.709,0.709,False,0.23,5.0,0
Note_000933,42,42620.68,25.86,Left,INNER,2,0.709,0.709,True,0.23,5.0,0
Note_000934,59,42620.68,103.45,Right,INNER,1,0.709,0.709,False,0.529,15.0,0
Note_000935,71,42620.68,206.9,Right,INNER,2,0.709,0.709,False,0.529,15.0,0
Note_000936,71,42620.68,103.45,Right,MELODY,3,0.709,0.709,False,0.529,15.0,0
Note_000937,40,42827.58,413.79,Left,BASS,5,0.787,0.787,False,0.23,-10.0,0
Note_000938,42,42827.58,25.86,Left,INNER,3,0.709,0.709,True,0.23,-10.0,0
Note_000939,62,42827.58,1241.38,Right,INNER,1,0.709,0.709,False,0.546,0.0,0
Note_000940,64,42827.58,51.72,Right,INNER,2,0.709,0.709,False,0.546,0.0,0
Note_000941,74,42827.58,1241.38,Right,INNER,4,0.709,0.709,False,0.546,0.0,0
Note_000942,74,42827.58,1241.38,Right,MELODY,5,0.709,0.709,False,0.546,0.0,0
Note_000943,65,42879.3,362.07,Right,MELODY,3,0.709,0.709,False,0.506,0.0,0
Note_000944,40,42931.02,25.86,Left,BASS,2,0.551,0.551,False,0.23,15.0,-12
Note_000945,42,42931.02,25.86,Left,INNER,1,0.709,0.709,True,0.23,15.0,-12
Note_000946,40,42982.75,25.86,Left,BASS,1,0.551,0.551,False,0.218,10.0,0
Note_000947,36,43034.47,25.86,Left,BASS,4,0.709,0.709,False,0.211,0.0,0
Note_000948,40,43034.47,25.86,Left,INNER,3,0.551,0.551,False,0.211,0.0,0
Note_000949,42,43034.47,25.86,Left,INNER,2,0.709,0.709,True,0.211,0.0,0
Note_000950,38,43241.37,103.45,Left,BASS,5,0.787,0.787,False,0.218,-15.0,0
Note_000951,42,43241.37,25.86,Left,INNER,4,0.709,0.709,True,0.218,-15.0,0
Note_000952,62,43241.37,103.45,Right,INNER,1,0.709,0.709,False,0.511,15.0,0
Note_000953,69,43241.37,103.45,Right,MELODY,2,0.709,0.709,False,0.511,15.0,0
Note_000954,42,43344.82,25.86,Left,BASS,2,0.709,0.709,True,0.241,5.0,0
Note_000955,40,43448.26,25.86,Left,INNER,3,0.709,0.709,False,0.211,-5.0,0
Note_000956,42,43448.26,25.86,Left,INNER,2,0.709,0.709,True,0.211,-5.0,0
Note_000957,36,43448.27,413.79,Left,BASS,5,0.787,0.787,False,0.211,-5.0,0
Note_000958,64,43448.27,413.79,Right,INNER,1,0.709,0.709,False,0.54,5.0,0
Note_000959,72,43448.27,413.79,Right,MELODY,4,0.709,0.709,False,0.54,5.0,0
Note_000960,42,43655.16,25.86,Left,BASS,2,0.709,0.709,True,0.241,5.0,0
Note_000961,42,43758.61,25.86,Left,BASS,2,0.709,0.709,True,0.241,5.0,0
Note_000962,35,43862.06,206.9,Left,BASS,5,0.787,0.787,False,0.192,-5.0,0
Note_000963,36,43862.06,25.86,Left,INNER,3,0.709,0.709,False,0.192,-5.0,0
Note_000964,42,43862.06,25.86,Left,INNER,2,0.709,0.709,True,0.192,-5.0,0
Note_000965,62,43862.06,310.34,Right,INNER,1,0.709,0.709,False,0.523,5.0,0
Note_000966,71,43862.06,310.34,Right,MELODY,4,0.709,0.709,False,0.523,5.0,0
Note_000967,42,44068.95,25.86,Left,BASS,2,0.709,0.709,True,0.241,5.0,0
Note_000968,33,44172.4,206.9,Left,BASS,5,0.787,0.787,False,0.19,-5.0,0
Note_000969,42,44172.4,25.86,Left,INNER,2,0.709,0.709,True,0.19,-5.0,0
Note_000970,60,44172.4,310.34,Right,INNER,1,0.709,0.709,False,0.5,5.0,0
Note_000971,69,44172.4,310.34,Right,MELODY,4,0.709,0.709,False,0.5,5.0,0
Note_000972,40,44275.85,25.86,Left,BASS,2,0.709,0.709,False,0.23,15.0,-12
Note_000973,42,44275.85,25.86,Left,INNER,1,0.709,0.709,True,0.23,15.0,-12
Note_000974,31,44482.75,413.79,Left,BASS,5,0.787,0.787,False,0.178,-5.0,0
Note_000975,42,44482.75,25.86,Left,INNER,2,0.709,0.709,True,0.178,-5.0,0
Note_000976,62,44482.75,413.79,Right,INNER,1,0.709,0.709,False,0.5,5.0,0
Note_000977,67,44482.75,413.79,Right,MELODY,4,0.709,0.709,False,0.5,5.0,0
Note_000978,42,44586.2,25.86,Left,BASS,2,0.709,0.709,True,0.241,5.0,0
Note_000979,36,44689.64,25.86,Left,BASS,5,0.709,0.709,False,0.207,-5.0,0
Note_000980,42,44689.64,25.86,Left,INNER,2,0.709,0.709,True,0.207,-5.0,0
Note_000981,42,44896.54,25.86,Left,BASS,2,0.709,0.709,True,0.241,5.0,0
Note_000982,62,44896.54,103.45,Right,INNER,2,0.709,0.709,False,0.5,0.0,0
Note_000983,67,44896.54,103.45,Right,MELODY,4,0.709,0.709,False,0.5,0.0,0
Note_000984,31,44999.99,103.45,Left,BASS,5,0.787,0.787,False,0.178,-5.0,0
Note_000985,42,44999.99,25.86,Left,INNER,2,0.709,0.709,True,0.178,-5.0,0
Note_000986,35,45103.44,206.9,Left,BASS,5,0.787,0.787,False,0.207,5.0,-12
Note_000987,40,45103.44,25.86,Left,INNER,2,0.709,0.709,False,0.207,5.0,-12
Note_000988,42,45103.44,25.86,Left,INNER,1,0.709,0.709,True,0.207,5.0,-12
Note_000989,62,45103.44,206.9,Right,INNER,1,0.709,0.709,False,0.523,15.0,0
Note_000990,71,45103.44,206.9,Right,MELODY,2,0.709,0.709,False,0.523,15.0,0
Note_000991,31,45310.33,103.45,Left,BASS,2,0.787,0.787,False,0.178,15.0,-12
Note_000992,42,45310.33,25.86,Left,INNER,1,0.709,0.709,True,0.178,15.0,-12
Note_000993,62,45310.33,103.45,Right,INNER,1,0.709,0.709,False,0.5,5.0,0
Note_000994,67,45310.33,103.45,Right,MELODY,4,0.709,0.709,False,0.5,5.0,0
Note_000995,33,45413.78,103.45,Left,BASS,5,0.787,0.787,False,0.199,-5.0,0
Note_000996,40,45413.78,25.86,Left,INNER,3,0.709,0.709,False,0.199,-5.0,0
Note_000997,42,45413.78,25.86,Left,INNER,2,0.709,0.709,True,0.199,-5.0,0
Note_000998,64,45413.78,103.45,Right,INNER,1,0.709,0.709,False,0.523,5.0,0
Note_000999,69,45413.78,103.45,Right,MELODY,4,0.709,0.709,False,0.523,5.0,0
Note_001000,36,45517.23,25.86,Left,BASS,2,0.709,0.709,False,0.207,15.0,-12
Note_001001,42,45517.23,25.86,Left,INNER,1,0.709,0.709,True,0.207,15.0,-12
Note_001002,33,45620.68,206.9,Left,BASS,5,0.787,0.787,False,0.178,-5.0,0
Note_001003,40,45620.68,25.86,Left,INNER,2,0.709,0.709,False,0.178,-5.0,0
Note_001004,63,45620.68,51.72,Right,INNER,2,0.709,0.709,True,0.517,0.0,0
Note_001005,69,45620.68,517.24,Right,MELODY,4,0.709,0.709,False,0.517,0.0,0
Note_001006,64,45672.4,465.52,Right,MELODY,2,0.709,0.709,False,0.494,5.0,0
Note_001007,46,45724.13,25.86,Left,BASS,2,0.709,0.709,True,0.287,5.0,0
Note_001008,33,45827.57,103.45,Left,BASS,5,0.787,0.787,False,0.138,-10.0,0
Note_001009,37,45931.02,103.45,Left,BASS,5,0.787,0.787,True,0.215,-5.0,12
Note_001010,40,45931.02,25.86,Left,INNER,3,0.709,0.709,False,0.215,-5.0,12
Note_001011,42,45931.02,25.86,Left,INNER,2,0.709,0.709,True,0.215,-5.0,12
Note_001012,40,46034.47,310.34,Left,BASS,5,0.787,0.787,False,0.218,-10.0,0
Note_001013,42,46137.92,25.86,Left,BASS,2,0.709,0.709,True,0.241,5.0,0
Note_001014,42,46241.37,25.86,Left,BASS,2,0.709,0.709,True,0.241,5.0,0
Note_001015,36,46344.82,25.86,Left,BASS,5,0.709,0.709,False,0.203,-5.0,0
Note_001016,38,46344.82,206.9,Left,INNER,3,0.787,0.787,False,0.203,-5.0,0
Note_001017,42,46344.82,25.86,Left,INNER,2,0.709,0.709,True,0.203,-5.0,0
Note_001018,69,46344.82,620.69,Right,INNER,1,0.472,0.472,False,0.615,0.0,0
Note_001019,69,46344.82,103.45,Right,INNER,2,0.63,0.63,False,0.615,0.0,0
Note_001020,69,46344.82,620.69,Right,INNER,0,0.472,0.472,False,0.615,0.0,0
Note_001021,78,46344.82,103.45,Right,INNER,3,0.63,0.63,True,0.615,0.0,0
Note_001022,81,46344.82,620.69,Right,MELODY,4,0.315,0.315,False,0.615,0.0,0
Note_001023,81,46344.82,620.69,Right,INNER,5,0.315,0.315,False,0.615,0.0,0
Note_001024,42,46551.71,25.86,Left,BASS,2,0.709,0.709,True,0.241,5.0,0
Note_001025,38,46655.16,103.45,Left,BASS,5,0.787,0.787,False,0.218,-5.0,0
Note_001026,42,46655.16,25.86,Left,INNER,2,0.709,0.709,True,0.218,-5.0,0
Note_001027,69,46655.16,103.45,Right,INNER,2,0.63,0.63,False,0.563,5.0,0
Note_001028,71,46655.16,103.45,Right,MELODY,3,0.63,0.63,False,0.563,5.0,0
Note_001029,40,46758.61,25.86,Left,BASS,3,0.709,0.709,False,0.234,15.0,-12
Note_001030,42,46758.61,25.86,Left,INNER,2,0.709,0.709,True,0.234,15.0,-12
Note_001031,42,46758.61,310.34,Left,INNER,1,0.787,0.787,True,0.234,15.0,-12
Note_001032,42,46965.51,25.86,Left,BASS,2,0.709,0.709,True,0.241,5.0,0
Note_001033,38,47068.95,103.45,Left,BASS,5,0.787,0.787,False,0.218,-5.0,0
Note_001034,42,47068.95,25.86,Left,INNER,2,0.709,0.709,True,0.218,-5.0,0
Note_001035,36,47172.4,25.86,Left,BASS,3,0.709,0.709,False,0.222,15.0,0
Note_001036,42,47172.4,25.86,Left,INNER,2,0.709,0.709,True,0.222,15.0,0
Note_001037,43,47172.4,310.34,Left,INNER,1,0.787,0.787,False,0.222,15.0,0
Note_001038,69,47172.4,310.34,Right,INNER,1,0.472,0.472,False,0.618,0.0,0
Note_001039,69,47172.4,310.34,Right,INNER,2,0.472,0.472,False,0.618,0.0,0
Note_001040,74,47172.4,155.17,Right,INNER,3,0.63,0.63,False,0.618,0.0,0
Note_001041,81,47172.4,310.34,Right,MELODY,4,0.315,0.315,False,0.618,0.0,0
Note_001042,81,47172.4,310.34,Right,INNER,5,0.315,0.315,False,0.618,0.0,0
Note_001043,42,47379.3,25.86,Left,BASS,3,0.709,0.709,True,0.241,-0.0,0
Note_001044,42,47482.75,25.86,Left,BASS,3,0.709,0.709,True,0.253,5.0,0
Note_001045,44,47482.75,310.34,Left,INNER,2,0.787,0.787,True,0.253,5.0,0
Note_001046,71,47482.75,310.34,Right,INNER,1,0.472,0.472,False,0.644,0.0,0
Note_001047,71,47482.75,310.34,Right,INNER,2,0.472,0.472,False,0.644,0.0,0
Note_001048,83,47482.75,310.34,Right,MELODY,4,0.315,0.315,False,0.644,0.0,0
Note_001049,83,47482.75,310.34,Right,INNER,5,0.315,0.315,False,0.644,0.0,0
Note_001050,40,47586.19,25.86,Left,BASS,5,0.709,0.709,False,0.23,-10.0,0
Note_001051,42,47586.19,25.86,Left,INNER,3,0.709,0.709,True,0.23,-10.0,0
Note_001052,42,47793.09,25.86,Left,BASS,2,0.709,0.709,True,0.259,15.0,0
Note_001053,45,47793.09,206.9,Left,INNER,1,0.787,0.787,False,0.259,15.0,0
Note_001054,69,47793.09,206.9,Right,INNER,1,0.472,0.472,False,0.621,0.0,0
Note_001055,69,47793.09,206.9,Right,INNER,2,0.472,0.472,False,0.621,0.0,0
Note_001056,81,47793.09,206.9,Right,MELODY,4,0.315,0.315,False,0.621,0.0,0
Note_001057,81,47793.09,206.9,Right,INNER,5,0.315,0.315,False,0.621,0.0,0
Note_001058,42,47896.54,25.86,Left,BASS,2,0.709,0.709,True,0.241,5.0,0
Note_001059,36,47999.99,25.86,Left,BASS,5,0.709,0.709,False,0.211,-5.0,0
Note_001060,40,47999.99,206.9,Left,INNER,3,0.787,0.787,False,0.211,-5.0,0
Note_001061,42,47999.99,25.86,Left,INNER,2,0.709,0.709,True,0.211,-5.0,0
Note_001062,68,47999.99,517.24,Right,INNER,1,0.472,0.472,True,0.609,0.0,0
Note_001063,68,47999.99,517.24,Right,INNER,2,0.472,0.472,True,0.609,0.0,0
Note_001064,80,47999.99,517.24,Right,MELODY,4,0.315,0.315,True,0.609,0.0,0
Note_001065,80,47999.99,517.24,Right,INNER,5,0.315,0.315,True,0.609,0.0,0
Note_001066,42,48206.88,25.86,Left,BASS,5,0.709,0.709,True,0.253,-5.0,12
Note_001067,44,48206.88,103.45,Left,INNER,2,0.787,0.787,True,0.253,-5.0,12
Note_001068,42,48310.33,25.86,Left,BASS,1,0.709,0.709,True,0.241,10.0,-12
Note_001069,32,48413.78,413.79,Left,BASS,5,0.787,0.787,True,0.195,-5.0,12
Note_001070,40,48413.78,25.86,Left,INNER,3,0.709,0.709,False,0.195,-5.0,12
Note_001071,42,48413.78,25.86,Left,INNER,2,0.709,0.709,True,0.195,-5.0,12
Note_001072,42,48620.68,25.86,Left,BASS,2,0.709,0.709,True,0.241,5.0,0
Note_001073,76,48620.68,310.34,Right,INNER,1,0.472,0.472,False,0.701,5.0,0
Note_001074,76,48620.68,310.34,Right,INNER,2,0.472,0.472,False,0.701,5.0,0
Note_001075,88,48620.68,310.34,Right,MELODY,3,0.315,0.315,False,0.701,5.0,0
Note_001076,88,48620.68,310.34,Right,INNER,5,0.315,0.315,False,0.701,5.0,0
Note_001077,42,48724.13,25.86,Left,BASS,2,0.709,0.709,True,0.241,5.0,0
Note_001078,33,48827.57,310.34,Left,BASS,5,0.787,0.787,False,0.184,-5.0,0
Note_001079,36,48827.57,25.86,Left,INNER,3,0.709,0.709,False,0.184,-5.0,0
Note_001080,42,48827.57,25.86,Left,INNER,2,0.709,0.709,True,0.184,-5.0,0
Note_001081,61,48827.57,310.34,Right,INNER,2,0.63,0.63,True,0.506,0.0,0
Note_001082,69,48827.57,310.34,Right,MELODY,4,0.63,0.63,False,0.506,0.0,0
Note_001083,46,49034.47,25.86,Left,BASS,2,0.709,0.709,True,0.287,5.0,0
Note_001084,71,49034.47,620.69,Right,INNER,1,0.472,0.472,False,0.644,5.0,0
Note_001085,71,49034.47,620.69,Right,INNER,2,0.472,0.472,False,0.644,5.0,0
Note_001086,83,49034.47,620.69,Right,MELODY,3,0.315,0.315,False,0.644,5.0,0
Note_001087,83,49034.47,620.69,Right,INNER,5,0.315,0.315,False,0.644,5.0,0
Note_001088,34,49137.92,310.34,Left,BASS,5,0.787,0.787,True,0.149,-10.0,12
Note_001089,59,49137.92,517.24,Right,INNER,2,0.63,0.63,False,0.489,0.0,0
Note_001090,68,49137.92,517.24,Right,MELODY,4,0.63,0.63,True,0.489,0.0,0
Note_001091,40,49241.37,25.86,Left,BASS,3,0.709,0.709,False,0.23,5.0,0
Note_001092,42,49241.37,25.86,Left,INNER,2,0.709,0.709,True,0.23,5.0,0
Note_001093,35,49448.26,206.9,Left,BASS,5,0.787,0.787,False,0.201,-10.0,0
Note_001094,42,49448.26,25.86,Left,INNER,3,0.709,0.709,True,0.201,-10.0,0
Note_001095,42,49551.71,25.86,Left,BASS,2,0.709,0.709,True,0.241,5.0,0
Note_001096,31,49655.16,206.9,Left,BASS,5,0.787,0.787,False,0.176,-5.0,0
Note_001097,36,49655.16,25.86,Left,INNER,3,0.709,0.709,False,0.176,-5.0,0
Note_001098,42,49655.16,25.86,Left,INNER,2,0.709,0.709,True,0.176,-5.0,0
Note_001099,86,49655.16,413.79,Right,MELODY,5,0.315,0.315,False,0.747,-10.0,0
Note_001100,42,49862.06,25.86,Left,BASS,3,0.709,0.709,True,0.247,5.0,0
Note_001101,43,49862.06,103.45,Left,INNER,2,0.787,0.787,False,0.247,5.0,0
Note_001102,33,49965.5,103.45,Left,BASS,5,0.787,0.787,False,0.19,-10.0,0
Note_001103,42,49965.5,25.86,Left,INNER,3,0.709,0.709,True,0.19,-10.0,0
Note_001104,31,50068.95,310.34,Left,BASS,5,0.787,0.787,False,0.192,5.0,-12
Note_001105,40,50068.95,25.86,Left,INNER,2,0.709,0.709,False,0.192,5.0,-12
Note_001106,42,50068.95,25.86,Left,INNER,1,0.709,0.709,True,0.192,5.0,-12
Note_001107,85,50068.95,413.79,Right,MELODY,4,0.315,0.315,True,0.736,-5.0,0
Note_001108,42,50275.85,25.86,Left,BASS,2,0.709,0.709,True,0.241,5.0,0
Note_001109,42,50379.3,25.86,Left,BASS,2,0.709,0.709,True,0.241,5.0,0
Note_001110,30,50482.75,310.34,Left,BASS,5,0.787,0.787,True,0.172,-5.0,12
Note_001111,36,50482.75,25.86,Left,INNER,3,0.709,0.709,False,0.172,-5.0,12
Note_001112,42,50482.75,25.86,Left,INNER,2,0.709,0.709,True,0.172,-5.0,12
Note_001113,83,50482.75,310.34,Right,MELODY,2,0.315,0.315,False,0.713,5.0,0
Note_001114,42,50689.64,25.86,Left,BASS,2,0.709,0.709,True,0.241,5.0,0
Note_001115,28,50793.09,310.34,Left,BASS,5,0.787,0.787,False,0.161,-0.0,-12
Note_001116,42,50793.09,25.86,Left,INNER,1,0.709,0.709,True,0.161,-0.0,-12
Note_001117,85,50793.09,310.34,Right,MELODY,5,0.315,0.315,True,0.736,-10.0,-12
Note_001118,40,50896.54,25.86,Left,BASS,2,0.709,0.709,False,0.23,15.0,-12
Note_001119,42,50896.54,25.86,Left,INNER,1,0.709,0.709,True,0.23,15.0,-12
Note_001120,30,51103.44,310.34,Left,BASS,5,0.787,0.787,True,0.172,-5.0,12
Note_001121,42,51103.44,25.86,Left,INNER,2,0.709,0.709,True,0.172,-5.0,12
Note_001122,74,51103.44,620.69,Right,INNER,2,0.472,0.472,False,0.678,-10.0,0
Note_001123,74,51103.44,620.69,Right,INNER,3,0.472,0.472,False,0.678,-10.0,0
Note_001124,86,51103.44,620.69,Right,MELODY,4,0.315,0.315,False,0.678,-10.0,0
Note_001125,86,51103.44,620.69,Right,INNER,5,0.315,0.315,False,0.678,-10.0,0
Note_001126,42,51206.88,25.86,Left,BASS,2,0.709,0.709,True,0.241,5.0,0
Note_001127,36,51310.33,25.86,Left,BASS,3,0.709,0.709,False,0.207,5.0,0
Note_001128,42,51310.33,25.86,Left,INNER,2,0.709,0.709,True,0.207,5.0,0
Note_001129,57,51310.33,206.9,Right,INNER,1,0.709,0.709,False,0.414,10.0,0
Note_001130,38,51517.23,103.45,Left,BASS,5,0.787,0.787,False,0.218,-10.0,0
Note_001131,42,51517.23,25.86,Left,INNER,3,0.709,0.709,True,0.218,-10.0,0
Note_001132,59,51517.23,103.45,Right,INNER,1,0.709,0.709,False,0.506,5.0,0
Note_001133,62,51517.23,103.45,Right,INNER,2,0.709,0.709,False,0.506,5.0,0
Note_001134,74,51517.23,103.45,Right,MELODY,5,0.709,0.709,False,0.506,5.0,0
Note_001135,42,51620.68,25.86,Left,BASS,2,0.709,0.709,True,0.241,5.0,0
Note_001136,62,51620.68,103.45,Right,INNER,2,0.709,0.709,False,0.471,5.0,0
Note_001137,40,51724.12,25.86,Left,INNER,3,0.709,0.709,False,0.188,-5.0,12
Note_001138,42,51724.12,25.86,Left,INNER,2,0.709,0.709,True,0.188,-5.0,12
Note_001139,30,51724.13,413.79,Left,BASS,5,0.787,0.787,True,0.188,-5.0,12
Note_001140,69,51724.13,1034.48,Right,INNER,1,0.472,0.472,False,0.609,10.0,0
Note_001141,72,51724.13,413.79,Right,INNER,2,0.709,0.709,False,0.609,10.0,0
Note_001142,81,51724.13,1034.48,Right,MELODY,4,0.315,0.315,False,0.609,10.0,0
Note_001143,42,51931.02,25.86,Left,BASS,2,0.709,0.709,True,0.299,15.0,0
Note_001144,52,51931.02,103.45,Left,INNER,1,0.709,0.709,False,0.299,15.0,0
Note_001145,42,52034.47,25.86,Left,BASS,2,0.709,0.709,True,0.241,5.0,0
Note_001146,31,52137.92,310.34,Left,BASS,5,0.787,0.787,False,0.176,-5.0,0
Note_001147,36,52137.92,25.86,Left,INNER,3,0.709,0.709,False,0.176,-5.0,0
Note_001148,42,52137.92,25.86,Left,INNER,2,0.709,0.709,True,0.176,-5.0,0
Note_001149,62,52137.92,310.34,Right,INNER,2,0.709,0.709,False,0.54,-5.0,0
Note_001150,74,52137.92,310.34,Right,MELODY,5,0.709,0.709,False,0.54,-5.0,0
Note_001151,46,52344.81,25.86,Left,BASS,2,0.709,0.709,True,0.287,5.0,0
Note_001152,32,52448.26,310.34,Left,BASS,5,0.787,0.787,True,0.126,-10.0,12
Note_001153,60,52448.26,310.34,Right,INNER,1,0.709,0.709,False,0.517,15.0,0
Note_001154,72,52448.26,310.34,Right,MELODY,2,0.709,0.709,False,0.517,15.0,0
Note_001155,40,52551.71,25.86,Left,BASS,3,0.709,0.709,False,0.23,5.0,0
Note_001156,42,52551.71,25.86,Left,INNER,2,0.709,0.709,True,0.23,5.0,0
Note_001157,33,52758.61,206.9,Left,BASS,5,0.787,0.787,False,0.19,-10.0,0
Note_001158,42,52758.61,25.86,Left,INNER,3,0.709,0.709,True,0.19,-10.0,0
Note_001159,57,52758.61,206.9,Right,INNER,1,0.709,0.709,False,0.46,5.0,0
Note_001160,57,52758.61,103.45,Right,INNER,2,0.709,0.709,False,0.46,5.0,0
Note_001161,69,52758.61,206.9,Right,MELODY,5,0.709,0.709,False,0.46,5.0,0
Note_001162,42,52862.06,25.86,Left,BASS,2,0.709,0.709,True,0.241,5.0,0
Note_001163,36,52965.5,25.86,Left,BASS,5,0.709,0.709,False,0.203,-5.0,0
Note_001164,38,52965.5,206.9,Left,INNER,3,0.787,0.787,False,0.203,-5.0,0
Note_001165,42,52965.5,25.86,Left,INNER,2,0.709,0.709,True,0.203,-5.0,0
Note_001166,69,52965.5,103.45,Right,INNER,1,0.63,0.63,False,0.615,0.0,0
Note_001167,69,52965.5,620.69,Right,INNER,2,0.472,0.472,False,0.615,0.0,0
Note_001168,69,52965.5,620.69,Right,INNER,0,0.472,0.472,False,0.615,0.0,0
Note_001169,78,52965.5,103.45,Right,INNER,3,0.63,0.63,True,0.615,0.0,0
Note_001170,81,52965.5,620.69,Right,MELODY,4,0.315,0.315,False,0.615,0.0,0
Note_001171,81,52965.5,620.69,Right,INNER,5,0.315,0.315,False,0.615,0.0,0
Note_001172,42,53172.4,25.86,Left,BASS,2,0.709,0.709,True,0.241,5.0,0
Note_001173,38,53275.85,103.45,Left,BASS,5,0.787,0.787,False,0.218,-5.0,0
Note_001174,42,53275.85,25.86,Left,INNER,2,0.709,0.709,True,0.218,-5.0,0
Note_001175,69,53275.85,103.45,Right,INNER,1,0.63,0.63,False,0.563,10.0,0
Note_001176,71,53275.85,103.45,Right,MELODY,3,0.63,0.63,False,0.563,10.0,0
Note_001177,40,53379.3,25.86,Left,BASS,3,0.709,0.709,False,0.234,15.0,-12
Note_001178,42,53379.3,25.86,Left,INNER,2,0.709,0.709,True,0.234,15.0,-12
Note_001179,42,53379.3,310.34,Left,INNER,1,0.787,0.787,True,0.234,15.0,-12
Note_001180,42,53586.19,25.86,Left,BASS,2,0.709,0.709,True,0.241,5.0,0
Note_001181,40,53689.64,25.86,Left,BASS,5,0.709,0.709,False,0.23,-5.0,0
Note_001182,42,53689.64,25.86,Left,INNER,2,0.709,0.709,True,0.23,-5.0,0
Note_001183,36,53793.09,25.86,Left,BASS,5,0.709,0.709,False,0.222,5.0,0
Note_001184,42,53793.09,25.86,Left,INNER,2,0.709,0.709,True,0.222,5.0,0
Note_001185,43,53793.09,310.34,Left,INNER,1,0.787,0.787,False,0.222,5.0,0
Note_001186,69,53793.09,310.34,Right,INNER,1,0.472,0.472,False,0.618,0.0,0
Note_001187,69,53793.09,310.34,Right,INNER,2,0.472,0.472,False,0.618,0.0,0
Note_001188,74,53793.09,155.17,Right,INNER,3,0.63,0.63,False,0.618,0.0,0
Note_001189,81,53793.09,310.34,Right,MELODY,4,0.315,0.315,False,0.618,0.0,0
Note_001190,81,53793.09,310.34,Right,INNER,5,0.315,0.315,False,0.618,0.0,0
Note_001191,40,53896.54,25.86,Left,BASS,5,0.709,0.709,False,0.218,-10.0,0
Note_001192,42,53999.99,25.86,Left,BASS,2,0.709,0.709,True,0.241,5.0,0
Note_001193,42,54103.43,25.86,Left,BASS,3,0.709,0.709,True,0.253,5.0,0
Note_001194,44,54103.43,310.34,Left,INNER,2,0.787,0.787,True,0.253,5.0,0
Note_001195,71,54103.43,310.34,Right,INNER,1,0.472,0.472,False,0.644,0.0,0
Note_001196,71,54103.43,310.34,Right,INNER,2,0.472,0.472,False,0.644,0.0,0
Note_001197,83,54103.43,310.34,Right,MELODY,4,0.315,0.315,False,0.644,0.0,0
Note_001198,83,54103.43,310.34,Right,INNER,5,0.315,0.315,False,0.644,0.0,0
Note_001199,40,54206.88,25.86,Left,BASS,5,0.709,0.709,False,0.23,-10.0,0
Note_001200,42,54206.88,25.86,Left,INNER,3,0.709,0.709,True,0.23,-10.0,0
Note_001201,42,54413.78,25.86,Left,BASS,2,0.709,0.709,True,0.259,15.0,0
Note_001202,45,54413.78,206.9,Left,INNER,1,0.787,0.787,False,0.259,15.0,0
Note_001203,69,54413.78,206.9,Right,INNER,1,0.472,0.472,False,0.621,0.0,0
Note_001204,69,54413.78,206.9,Right,INNER,2,0.472,0.472,False,0.621,0.0,0
Note_001205,81,54413.78,206.9,Right,MELODY,4,0.315,0.315,False,0.621,0.0,0
Note_001206,81,54413.78,206.9,Right,INNER,5,0.315,0.315,False,0.621,0.0,0
Note_001207,42,54517.23,25.86,Left,BASS,2,0.709,0.709,True,0.241,5.0,0
Note_001208,36,54620.68,25.86,Left,BASS,5,0.709,0.709,False,0.211,-5.0,0
Note_001209,40,54620.68,206.9,Left,INNER,3,0.787,0.787,False,0.211,-5.0,0
Note_001210,42,54620.68,25.86,Left,INNER,2,0.709,0.709,True,0.211,-5.0,0
Note_001211,68,54620.68,517.24,Right,INNER,1,0.472,0.472,True,0.609,0.0,0
Note_001212,68,54620.68,517.24,Right,INNER,2,0.472,0.472,True,0.609,0.0,0
Note_001213,80,54620.68,517.24,Right,MELODY,4,0.315,0.315,True,0.609,0.0,0
Note_001214,80,54620.68,517.24,Right,INNER,5,0.315,0.315,True,0.609,0.0,0
Note_001215,42,54827.57,25.86,Left,BASS,5,0.709,0.709,True,0.253,-5.0,12
Note_001216,44,54827.57,103.45,Left,INNER,2,0.787,0.787,True,0.253,-5.0,12
Note_001217,32,54931.02,103.45,Left,BASS,2,0.787,0.787,True,0.184,15.0,-12
Note_001218,42,54931.02,25.86,Left,INNER,1,0.709,0.709,True,0.184,15.0,-12
Note_001219,32,55034.47,413.79,Left,BASS,5,0.787,0.787,True,0.195,-5.0,12
Note_001220,40,55034.47,25.86,Left,INNER,3,0.709,0.709,False,0.195,-5.0,12
Note_001221,42,55034.47,25.86,Left,INNER,2,0.709,0.709,True,0.195,-5.0,12
Note_001222,42,55241.37,25.86,Left,BASS,2,0.709,0.709,True,0.241,5.0,0
Note_001223,76,55241.37,310.34,Right,INNER,1,0.472,0.472,False,0.701,5.0,0
Note_001224,76,55241.37,310.34,Right,INNER,2,0.472,0.472,False,0.701,5.0,0
Note_001225,88,55241.37,310.34,Right,MELODY,3,0.315,0.315,False,0.701,5.0,0
Note_001226,88,55241.37,310.34,Right,INNER,5,0.315,0.315,False,0.701,5.0,0
Note_001227,42,55344.81,25.86,Left,BASS,2,0.709,0.709,True,0.241,5.0,0
Note_001228,33,55448.26,310.34,Left,BASS,5,0.787,0.787,False,0.184,-5.0,0
Note_001229,36,55448.26,25.86,Left,INNER,3,0.709,0.709,False,0.184,-5.0,0
Note_001230,42,55448.26,25.86,Left,INNER,2,0.709,0.709,True,0.184,-5.0,0
Note_001231,61,55448.26,310.34,Right,INNER,2,0.63,0.63,True,0.506,0.0,0
Note_001232,69,55448.26,310.34,Right,MELODY,4,0.63,0.63,False,0.506,0.0,0
Note_001233,46,55655.16,25.86,Left,BASS,2,0.709,0.709,True,0.287,5.0,0
Note_001234,74,55655.16,620.69,Right,INNER,1,0.472,0.472,False,0.678,5.0,0
Note_001235,74,55655.16,620.69,Right,INNER,2,0.472,0.472,False,0.678,5.0,0
Note_001236,86,55655.16,620.69,Right,MELODY,3,0.315,0.315,False,0.678,5.0,0
Note_001237,86,55655.16,620.69,Right,INNER,5,0.315,0.315,False,0.678,5.0,0
Note_001238,34,55758.61,310.34,Left,BASS,5,0.787,0.787,True,0.149,-10.0,12
Note_001239,59,55758.61,517.24,Right,INNER,2,0.63,0.63,False,0.489,0.0,0
Note_001240,68,55758.61,517.24,Right,MELODY,4,0.63,0.63,True,0.489,0.0,0
Note_001241,40,55862.05,25.86,Left,BASS,3,0.709,0.709,False,0.23,5.0,0
Note_001242,42,55862.05,25.86,Left,INNER,2,0.709,0.709,True,0.23,5.0,0
Note_001243,35,56068.95,206.9,Left,BASS,5,0.787,0.787,False,0.201,-10.0,0
Note_001244,42,56068.95,25.86,Left,INNER,3,0.709,0.709,True,0.201,-10.0,0
Note_001245,42,56172.4,25.86,Left,BASS,2,0.709,0.709,True,0.241,5.0,0
Note_001246,33,56275.85,206.9,Left,BASS,5,0.787,0.787,False,0.184,-5.0,0
Note_001247,36,56275.85,25.86,Left,INNER,3,0.709,0.709,False,0.184,-5.0,0
Note_001248,42,56275.85,25.86,Left,INNER,2,0.709,0.709,True,0.184,-5.0,0
Note_001249,78,56275.85,413.79,Right,INNER,1,0.472,0.472,True,0.724,10.0,12
Note_001250,78,56275.85,413.79,Right,INNER,2,0.472,0.472,True,0.724,10.0,12
Note_001251,90,56275.85,413.79,Right,MELODY,3,0.315,0.315,True,0.724,10.0,12
Note_001252,90,56275.85,413.79,Right,INNER,4,0.315,0.315,True,0.724,10.0,12
Note_001253,42,56482.74,25.86,Left,BASS,4,0.709,0.709,True,0.241,-5.0,0
Note_001254,42,56482.74,103.45,Left,INNER,3,0.787,0.787,True,0.241,-5.0,0
Note_001255,42,56586.19,25.86,Left,BASS,2,0.709,0.709,True,0.241,5.0,0
Note_001256,37,56689.64,310.34,Left,BASS,5,0.787,0.787,True,0.215,-5.0,12
Note_001257,40,56689.64,25.86,Left,INNER,3,0.709,0.709,False,0.215,-5.0,12
Note_001258,42,56689.64,25.86,Left,INNER,2,0.709,0.709,True,0.215,-5.0,12
Note_001259,74,56689.64,413.79,Right,INNER,1,0.472,0.472,False,0.678,0.0,0
Note_001260,74,56689.64,413.79,Right,INNER,2,0.472,0.472,False,0.678,0.0,0
Note_001261,86,56689.64,413.79,Right,MELODY,4,0.315,0.315,False,0.678,0.0,0
Note_001262,86,56689.64,413.79,Right,INNER,5,0.315,0.315,False,0.678,0.0,0
Note_001263,42,56896.54,25.86,Left,BASS,2,0.709,0.709,True,0.241,5.0,0
Note_001264,42,56999.99,25.86,Left,BASS,2,0.709,0.709,True,0.241,5.0,0
Note_001265,36,57103.43,25.86,Left,BASS,5,0.709,0.709,False,0.203,-5.0,0
Note_001266,38,57103.43,310.34,Left,INNER,3,0.787,0.787,False,0.203,-5.0,0
Note_001267,42,57103.43,25.86,Left,INNER,2,0.709,0.709,True,0.203,-5.0,0
Note_001268,85,57103.43,310.34,Right,MELODY,4,0.315,0.315,True,0.736,-5.0,0
Note_001269,42,57310.33,25.86,Left,BASS,2,0.709,0.709,True,0.241,5.0,0
Note_001270,39,57413.78,310.34,Left,BASS,3,0.787,0.787,True,0.224,5.0,0
Note_001271,42,57413.78,25.86,Left,INNER,2,0.709,0.709,True,0.224,5.0,0
Note_001272,88,57413.78,206.9,Right,MELODY,5,0.315,0.315,False,0.77,-10.0,0
Note_001273,40,57517.23,25.86,Left,BASS,2,0.709,0.709,False,0.23,15.0,-12
Note_001274,42,57517.23,25.86,Left,INNER,1,0.709,0.709,True,0.23,15.0,-12
Note_001275,40,57724.12,310.34,Left,BASS,5,0.787,0.787,False,0.23,-5.0,0
Note_001276,42,57724.12,25.86,Left,INNER,2,0.709,0.709,True,0.23,-5.0,0
Note_001277,74,57724.12,1655.17,Right,INNER,1,0.472,0.472,False,0.678,5.0,0
Note_001278,74,57724.12,1655.17,Right,INNER,2,0.472,0.472,False,0.678,5.0,0
Note_001279,86,57724.12,1655.17,Right,MELODY,3,0.315,0.315,False,0.678,5.0,0
Note_001280,86,57724.12,1655.17,Right,INNER,5,0.315,0.315,False,0.678,5.0,0
Note_001281,42,57827.57,25.86,Left,BASS,2,0.709,0.709,True,0.241,5.0,0
Note_001282,29,57931.02,25.86,Left,BASS,5,0.709,0.709,False,0.169,-5.0,0
Note_001283,36,57931.02,25.86,Left,INNER,3,0.709,0.709,False,0.169,-5.0,0
Note_001284,42,57931.02,25.86,Left,INNER,2,0.709,0.709,True,0.169,-5.0,0
Note_001285,29,58137.92,25.86,Left,BASS,5,0.709,0.709,False,0.176,0.0,-12
Note_001286,38,58137.92,103.45,Left,INNER,3,0.787,0.787,False,0.176,0.0,-12
Note_001287,42,58137.92,25.86,Left,INNER,1,0.709,0.709,True,0.176,0.0,-12
Note_001288,57,58137.92,206.9,Right,INNER,1,0.709,0.709,False,0.483,5.0,0
Note_001289,69,58137.92,206.9,Right,MELODY,4,0.709,0.709,False,0.483,5.0,0
Note_001290,42,58241.36,25.86,Left,BASS,2,0.709,0.709,True,0.241,5.0,0
Note_001291,29,58344.81,25.86,Left,BASS,5,0.709,0.709,False,0.181,5.0,-12
Note_001292,36,58344.81,310.34,Left,INNER,3,0.787,0.787,False,0.181,5.0,-12
Note_001293,40,58344.81,25.86,Left,INNER,2,0.709,0.709,False,0.181,5.0,-12
Note_001294,42,58344.81,25.86,Left,INNER,1,0.709,0.709,True,0.181,5.0,-12
Note_001295,59,58344.81,206.9,Right,INNER,1,0.709,0.709,False,0.506,5.0,0
Note_001296,71,58344.81,206.9,Right,MELODY,4,0.709,0.709,False,0.506,5.0,0
Note_001297,29,58551.71,25.86,Left,BASS,5,0.709,0.709,False,0.167,-0.0,-12
Note_001298,42,58551.71,25.86,Left,INNER,1,0.709,0.709,True,0.167,-0.0,-12
Note_001299,62,58551.71,206.9,Right,INNER,1,0.709,0.709,False,0.54,0.0,0
Note_001300,74,58551.71,206.9,Right,MELODY,5,0.709,0.709,False,0.54,0.0,0
Note_001301,29,58603.43,25.86,Left,BASS,5,0.709,0.709,False,0.092,-10.0,0
Note_001302,29,58655.16,25.86,Left,BASS,5,0.709,0.709,False,0.167,-0.0,-12
Note_001303,42,58655.16,25.86,Left,INNER,1,0.709,0.709,True,0.167,-0.0,-12
Note_001304,29,58706.88,25.86,Left,BASS,5,0.709,0.709,False,0.092,-10.0,0
Note_001305,36,58758.61,25.86,Left,BASS,5,0.709,0.709,False,0.203,-5.0,0
Note_001306,38,58758.61,206.9,Left,INNER,3,0.787,0.787,False,0.203,-5.0,0
Note_001307,42,58758.61,25.86,Left,INNER,2,0.709,0.709,True,0.203,-5.0,0
Note_001308,66,58758.61,310.34,Right,INNER,1,0.709,0.709,True,0.586,5.0,12
Note_001309,78,58758.61,310.34,Right,MELODY,4,0.709,0.709,True,0.586,5.0,12
Note_001310,29,58965.5,25.86,Left,BASS,5,0.709,0.709,False,0.19,-0.0,-12
Note_001311,46,58965.5,25.86,Left,INNER,1,0.709,0.709,True,0.19,-0.0,-12
Note_001312,33,59068.95,206.9,Left,BASS,3,0.787,0.787,False,0.138,-0.0,0
Note_001313,67,59068.95,310.34,Right,INNER,1,0.709,0.709,False,0.595,10.0,0
Note_001314,71,59068.95,310.34,Right,INNER,2,0.709,0.709,False,0.595,10.0,0
Note_001315,74,59068.95,310.34,Right,INNER,3,0.709,0.709,False,0.595,10.0,0
Note_001316,79,59068.95,310.34,Right,MELODY,4,0.709,0.709,False,0.595,10.0,0
Note_001317,29,59172.4,25.86,Left,BASS,5,0.709,0.709,False,0.184,5.0,-12
Note_001318,40,59172.4,25.86,Left,INNER,2,0.709,0.709,False,0.184,5.0,-12
Note_001319,42,59172.4,25.86,Left,INNER,1,0.709,0.709,True,0.184,5.0,-12
Note_001320,38,59379.3,206.9,Left,BASS,5,0.787,0.787,False,0.218,-0.0,-12
Note_001321,42,59379.3,25.86,Left,INNER,1,0.709,0.709,True,0.218,-0.0,-12
Note_001322,69,59379.3,206.9,Right,INNER,1,0.709,0.709,False,0.621,5.0,0
Note_001323,81,59379.3,206.9,Right,MELODY,4,0.709,0.709,False,0.621,5.0,0
Note_001324,42,59482.74,25.86,Left,BASS,2,0.709,0.709,True,0.241,5.0,0
Note_001325,36,59586.19,25.86,Left,BASS,5,0.709,0.709,False,0.203,-5.0,0
Note_001326,38,59586.19,206.9,Left,INNER,3,0.787,0.787,False,0.203,-5.0,0
Note_001327,42,59586.19,25.86,Left,INNER,2,0.709,0.709,True,0.203,-5.0,0
Note_001328,69,59586.19,620.69,Right,INNER,1,0.472,0.472,False,0.634,-0.0,0
Note_001329,69,59586.19,620.69,Right,INNER,2,0.472,0.472,False,0.634,-0.0,0
Note_001330,81,59586.19,620.69,Right,INNER,3,0.63,0.63,False,0.634,-0.0,0
Note_001331,81,59586.19,620.69,Right,MELODY,4,0.315,0.315,False,0.634,-0.0,0
Note_001332,81,59586.19,620.69,Right,INNER,5,0.315,0.315,False,0.634,-0.0,0
Note_001333,42,59793.09,25.86,Left,BASS,5,0.709,0.709,True,0.287,-5.0,12
Note_001334,50,59793.09,103.45,Left,INNER,2,0.787,0.787,False,0.287,-5.0,12
Note_001335,30,59896.54,103.45,Left,BASS,2,0.787,0.787,True,0.172,15.0,-12
Note_001336,42,59896.54,25.86,Left,INNER,1,0.709,0.709,True,0.172,15.0,-12
Note_001337,40,59999.98,25.86,Left,INNER,3,0.709,0.709,False,0.188,-5.0,12
Note_001338,42,59999.98,25.86,Left,INNER,2,0.709,0.709,True,0.188,-5.0,12
Note_001339,30,59999.99,413.79,Left,BASS,5,0.787,0.787,True,0.188,-5.0,12
Note_001340,69,59999.99,103.45,Right,INNER,1,0.63,0.63,False,0.605,15.0,0
Note_001341,74,59999.99,103.45,Right,INNER,2,0.63,0.63,False,0.605,15.0,0
Note_001342,78,59999.99,103.45,Right,MELODY,3,0.63,0.63,True,0.605,15.0,0
Note_001343,42,60206.88,25.86,Left,BASS,2,0.709,0.709,True,0.241,5.0,0
Note_001344,42,60310.33,25.86,Left,BASS,2,0.709,0.709,True,0.241,5.0,0
Note_001345,31,60413.78,310.34,Left,BASS,5,0.787,0.787,False,0.176,-5.0,0
Note_001346,36,60413.78,25.86,Left,INNER,3,0.709,0.709,False,0.176,-5.0,0
Note_001347,42,60413.78,25.86,Left,INNER,2,0.709,0.709,True,0.176,-5.0,0
Note_001348,81,60413.78,310.34,Right,INNER,3,0.63,0.63,False,0.69,-10.0,0
Note_001349,81,60413.78,310.34,Right,MELODY,5,0.315,0.315,False,0.69,-10.0,0
Note_001350,42,60620.67,25.86,Left,BASS,2,0.709,0.709,True,0.241,5.0,0
Note_001351,32,60724.12,310.34,Left,BASS,5,0.787,0.787,True,0.184,-5.0,12
Note_001352,42,60724.12,25.86,Left,INNER,2,0.709,0.709,True,0.184,-5.0,12
Note_001353,83,60724.12,310.34,Right,INNER,1,0.63,0.63,False,0.713,5.0,0
Note_001354,83,60724.12,310.34,Right,MELODY,4,0.315,0.315,False,0.713,5.0,0
Note_001355,40,60827.57,25.86,Left,BASS,2,0.709,0.709,False,0.23,15.0,-12
Note_001356,42,60827.57,25.86,Left,INNER,1,0.709,0.709,True,0.23,15.0,-12
Note_001357,33,61034.47,206.9,Left,BASS,5,0.787,0.787,False,0.19,-5.0,0
Note_001358,42,61034.47,25.86,Left,INNER,2,0.709,0.709,True,0.19,-5.0,0
Note_001359,69,61034.47,206.9,Right,INNER,1,0.472,0.472,False,0.634,-0.0,0
Note_001360,69,61034.47,206.9,Right,INNER,2,0.472,0.472,False,0.634,-0.0,0
Note_001361,81,61034.47,206.9,Right,INNER,3,0.63,0.63,False,0.634,-0.0,0
Note_001362,81,61034.47,206.9,Right,MELODY,4,0.315,0.315,False,0.634,-0.0,0
Note_001363,81,61034.47,206.9,Right,INNER,5,0.315,0.315,False,0.634,-0.0,0
Note_001364,42,61137.92,25.86,Left,BASS,2,0.709,0.709,True,0.241,5.0,0
Note_001365,28,61241.36,206.9,Left,BASS,5,0.787,0.787,False,0.165,-5.0,0
Note_001366,36,61241.36,25.86,Left,INNER,3,0.63,0.63,False,0.165,-5.0,0
Note_001367,42,61241.36,25.86,Left,INNER,2,0.709,0.709,True,0.165,-5.0,0
Note_001368,68,61241.36,517.24,Right,INNER,1,0.472,0.472,True,0.623,-0.0,0
Note_001369,68,61241.36,517.24,Right,INNER,2,0.472,0.472,True,0.623,-0.0,0
Note_001370,80,61241.36,517.24,Right,INNER,3,0.63,0.63,True,0.623,-0.0,0
Note_001371,80,61241.36,517.24,Right,MELODY,4,0.315,0.315,True,0.623,-0.0,0
Note_001372,80,61241.36,517.24,Right,INNER,5,0.315,0.315,True,0.623,-0.0,0
Note_001373,40,61448.26,103.45,Left,BASS,5,0.787,0.787,False,0.23,-0.0,-12
Note_001374,42,61448.26,25.86,Left,INNER,1,0.709,0.709,True,0.23,-0.0,-12
Note_001375,42,61551.71,25.86,Left,BASS,2,0.709,0.709,True,0.241,5.0,0
Note_001376,32,61655.16,413.79,Left,BASS,5,0.787,0.787,True,0.195,-5.0,12
Note_001377,40,61655.16,25.86,Left,INNER,3,0.709,0.709,False,0.195,-5.0,12
Note_001378,42,61655.16,25.86,Left,INNER,2,0.709,0.709,True,0.195,-5.0,12
Note_001379,42,61862.05,25.86,Left,BASS,2,0.709,0.709,True,0.241,5.0,0
Note_001380,76,61862.05,310.34,Right,INNER,1,0.472,0.472,False,0.715,-0.0,0
Note_001381,76,61862.05,310.34,Right,INNER,2,0.472,0.472,False,0.715,-0.0,0
Note_001382,88,61862.05,310.34,Right,INNER,3,0.63,0.63,False,0.715,-0.0,0
Note_001383,88,61862.05,310.34,Right,MELODY,4,0.315,0.315,False,0.715,-0.0,0
Note_001384,88,61862.05,310.34,Right,INNER,5,0.315,0.315,False,0.715,-0.0,0
Note_001385,40,61965.5,25.86,Left,BASS,5,0.63,0.63,False,0.23,-5.0,0
Note_001386,42,61965.5,25.86,Left,INNER,2,0.709,0.709,True,0.23,-5.0,0
Note_001387,33,62068.95,310.34,Left,BASS,3,0.787,0.787,False,0.184,15.0,-12
Note_001388,36,62068.95,25.86,Left,INNER,2,0.709,0.709,False,0.184,15.0,-12
Note_001389,42,62068.95,25.86,Left,INNER,1,0.709,0.709,True,0.184,15.0,-12
Note_001390,61,62068.95,310.34,Right,INNER,2,0.63,0.63,True,0.506,-5.0,0
Note_001391,69,62068.95,310.34,Right,MELODY,5,0.63,0.63,False,0.506,-5.0,0
Note_001392,40,62172.4,25.86,Left,BASS,5,0.63,0.63,False,0.218,-10.0,0
Note_001393,46,62275.85,25.86,Left,BASS,2,0.709,0.709,True,0.287,5.0,0
Note_001394,71,62275.85,620.69,Right,INNER,1,0.472,0.472,False,0.657,-0.0,0
Note_001395,71,62275.85,620.69,Right,INNER,2,0.472,0.472,False,0.657,-0.0,0
Note_001396,83,62275.85,620.69,Right,INNER,3,0.63,0.63,False,0.657,-0.0,0
Note_001397,83,62275.85,620.69,Right,MELODY,4,0.315,0.315,False,0.657,-0.0,0
Note_001398,83,62275.85,620.69,Right,INNER,5,0.315,0.315,False,0.657,-0.0,0
Note_001399,34,62379.29,310.34,Left,BASS,5,0.787,0.787,True,0.149,-10.0,12
Note_001400,59,62379.29,517.24,Right,INNER,1,0.63,0.63,False,0.489,15.0,0
Note_001401,68,62379.29,517.24,Right,MELODY,2,0.63,0.63,True,0.489,15.0,0
Note_001402,40,62482.74,25.86,Left,BASS,3,0.709,0.709,False,0.23,5.0,0
Note_001403,42,62482.74,25.86,Left,INNER,2,0.709,0.709,True,0.23,5.0,0
Note_001404,35,62689.64,206.9,Left,BASS,5,0.787,0.787,False,0.201,-10.0,0
Note_001405,42,62689.64,25.86,Left,INNER,3,0.709,0.709,True,0.201,-10.0,0
Note_001406,42,62793.09,25.86,Left,BASS,2,0.709,0.709,True,0.241,5.0,0
Note_001407,33,62896.54,206.9,Left,BASS,5,0.787,0.787,False,0.184,-5.0,0
Note_001408,36,62896.54,25.86,Left,INNER,3,0.709,0.709,False,0.184,-5.0,0
Note_001409,42,62896.54,25.86,Left,INNER,2,0.709,0.709,True,0.184,-5.0,0
Note_001410,86,62896.54,413.79,Right,INNER,3,0.63,0.63,False,0.747,-5.0,0
Note_001411,86,62896.54,413.79,Right,MELODY,4,0.315,0.315,False,0.747,-5.0,0
Note_001412,42,63103.43,25.86,Left,BASS,3,0.709,0.709,True,0.247,5.0,0
Note_001413,43,63103.43,103.45,Left,INNER,2,0.787,0.787,False,0.247,5.0,0
Note_001414,33,63206.88,103.45,Left,BASS,5,0.787,0.787,False,0.19,-10.0,0
Note_001415,42,63206.88,25.86,Left,INNER,3,0.709,0.709,True,0.19,-10.0,0
Note_001416,31,63310.33,310.34,Left,BASS,5,0.787,0.787,False,0.192,5.0,-12
Note_001417,40,63310.33,25.86,Left,INNER,2,0.709,0.709,False,0.192,5.0,-12
Note_001418,42,63310.33,25.86,Left,INNER,1,0.709,0.709,True,0.192,5.0,-12
Note_001419,85,63310.33,413.79,Right,INNER,2,0.63,0.63,True,0.736,5.0,0
Note_001420,85,63310.33,413.79,Right,MELODY,3,0.315,0.315,True,0.736,5.0,0
Note_001421,42,63517.23,25.86,Left,BASS,2,0.709,0.709,True,0.241,5.0,0
Note_001422,42,63620.67,25.86,Left,BASS,2,0.709,0.709,True,0.241,5.0,0
Note_001423,30,63724.12,310.34,Left,BASS,5,0.787,0.787,True,0.172,-5.0,12
Note_001424,36,63724.12,25.86,Left,INNER,3,0.709,0.709,False,0.172,-5.0,12
Note_001425,42,63724.12,25.86,Left,INNER,2,0.709,0.709,True,0.172,-5.0,12
Note_001426,83,63724.12,310.34,Right,INNER,1,0.63,0.63,False,0.713,15.0,0
Note_001427,83,63724.12,310.34,Right,MELODY,2,0.315,0.315,False,0.713,15.0,0
Note_001428,42,63931.02,25.86,Left,BASS,2,0.709,0.709,True,0.241,5.0,0
Note_001429,28,64034.47,310.34,Left,BASS,5,0.787,0.787,False,0.161,-0.0,-12
Note_001430,42,64034.47,25.86,Left,INNER,1,0.709,0.709,True,0.161,-0.0,-12
Note_001431,85,64034.47,310.34,Right,INNER,1,0.63,0.63,True,0.736,5.0,12
Note_001432,85,64034.47,310.34,Right,MELODY,4,0.315,0.315,True,0.736,5.0,12
Note_001433,40,64137.91,25.86,Left,BASS,2,0.709,0.709,False,0.23,15.0,-12
Note_001434,42,64137.91,25.86,Left,INNER,1,0.709,0.709,True,0.23,15.0,-12
Note_001435,38,64344.81,310.34,Left,BASS,5,0.787,0.787,False,0.218,-5.0,0
Note_001436,42,64344.81,25.86,Left,INNER,2,0.709,0.709,True,0.218,-5.0,0
Note_001437,74,64344.81,620.69,Right,INNER,1,0.472,0.472,False,0.692,-0.0,0
Note_001438,74,64344.81,620.69,Right,INNER,2,0.472,0.472,False,0.692,-0.0,0
Note_001439,86,64344.81,620.69,Right,INNER,3,0.63,0.63,False,0.692,-0.0,0
Note_001440,86,64344.81,620.69,Right,MELODY,4,0.315,0.315,False,0.692,-0.0,0
Note_001441,86,64344.81,620.69,Right,INNER,5,0.315,0.315,False,0.692,-0.0,0
Note_001442,42,64448.26,25.86,Left,BASS,2,0.709,0.709,True,0.241,5.0,0
Note_001443,36,64551.71,25.86,Left,BASS,3,0.63,0.63,False,0.207,5.0,0
Note_001444,42,64551.71,25.86,Left,INNER,2,0.709,0.709,True,0.207,5.0,0
Note_001445,57,64551.71,206.9,Right,INNER,2,0.709,0.709,False,0.414,5.0,0
Note_001446,33,64758.6,103.45,Left,BASS,5,0.787,0.787,False,0.19,-10.0,0
Note_001447,42,64758.6,25.86,Left,INNER,3,0.709,0.709,True,0.19,-10.0,0
Note_001448,59,64758.6,103.45,Right,INNER,1,0.709,0.709,False,0.506,5.0,0
Note_001449,62,64758.6,103.45,Right,INNER,2,0.709,0.709,False,0.506,5.0,0
Note_001450,74,64758.6,103.45,Right,MELODY,5,0.709,0.709,False,0.506,5.0,0
Note_001451,42,64862.05,25.86,Left,BASS,2,0.709,0.709,True,0.241,5.0,0
Note_001452,62,64862.05,103.45,Right,INNER,2,0.709,0.709,False,0.471,5.0,0
Note_001453,30,64965.5,413.79,Left,BASS,5,0.787,0.787,True,0.188,-5.0,12
Note_001454,40,64965.5,25.86,Left,INNER,3,0.709,0.709,False,0.188,-5.0,12
Note_001455,42,64965.5,25.86,Left,INNER,2,0.709,0.709,True,0.188,-5.0,12
Note_001456,69,64965.5,1034.48,Right,INNER,1,0.472,0.472,False,0.629,0.0,0
Note_001457,72,64965.5,413.79,Right,INNER,2,0.709,0.709,False,0.629,0.0,0
Note_001458,81,64965.5,1034.48,Right,INNER,4,0.63,0.63,False,0.629,0.0,0
Note_001459,81,64965.5,1034.48,Right,MELODY,5,0.315,0.315,False,0.629,0.0,0
Note_001460,42,65172.4,25.86,Left,BASS,4,0.709,0.709,True,0.328,5.0,0
Note_001461,57,65172.4,103.45,Left,INNER,1,0.709,0.709,False,0.328,5.0,0
Note_001462,40,65275.85,25.86,Left,BASS,5,0.63,0.63,False,0.23,-15.0,0
Note_001463,42,65275.85,25.86,Left,INNER,4,0.709,0.709,True,0.23,-15.0,0
Note_001464,31,65379.29,310.34,Left,BASS,3,0.787,0.787,False,0.176,15.0,-12
Note_001465,36,65379.29,25.86,Left,INNER,2,0.709,0.709,False,0.176,15.0,-12
Note_001466,42,65379.29,25.86,Left,INNER,1,0.709,0.709,True,0.176,15.0,-12
Note_001467,62,65379.29,310.34,Right,INNER,2,0.709,0.709,False,0.533,-5.0,0
Note_001468,66,65379.29,413.79,Right,INNER,3,0.787,0.787,True,0.533,-5.0,0
Note_001469,74,65379.29,310.34,Right,MELODY,5,0.709,0.709,False,0.533,-5.0,0
Note_001470,40,65482.74,25.86,Left,BASS,5,0.63,0.63,False,0.218,-10.0,0
Note_001471,46,65586.19,25.86,Left,BASS,2,0.709,0.709,True,0.287,5.0,0
Note_001472,32,65689.64,310.34,Left,BASS,5,0.787,0.787,True,0.126,-10.0,12
Note_001473,60,65689.64,310.34,Right,INNER,1,0.709,0.709,False,0.517,15.0,0
Note_001474,72,65689.64,310.34,Right,MELODY,2,0.709,0.709,False,0.517,15.0,0
Note_001475,40,65793.09,25.86,Left,BASS,3,0.709,0.709,False,0.23,5.0,0
Note_001476,42,65793.09,25.86,Left,INNER,2,0.709,0.709,True,0.23,5.0,0
Note_001477,33,65999.98,206.9,Left,BASS,5,0.787,0.787,False,0.19,-10.0,0
Note_001478,42,65999.98,25.86,Left,INNER,3,0.709,0.709,True,0.19,-10.0,0
Note_001479,57,65999.98,206.9,Right,INNER,2,0.709,0.709,False,0.479,-5.0,0
Note_001480,62,65999.98,103.45,Right,INNER,3,0.63,0.63,False,0.479,-5.0,0
Note_001481,69,65999.98,206.9,Right,MELODY,5,0.709,0.709,False,0.479,-5.0,0
Note_001482,42,66103.43,25.86,Left,BASS,2,0.709,0.709,True,0.241,5.0,0
Note_001483,36,66206.88,25.86,Left,BASS,5,0.63,0.63,False,0.203,-5.0,0
Note_001484,38,66206.88,206.9,Left,INNER,3,0.787,0.787,False,0.203,-5.0,0
Note_001485,42,66206.88,25.86,Left,INNER,2,0.709,0.709,True,0.203,-5.0,0
Note_001486,69,66206.88,103.45,Right,INNER,1,0.63,0.63,False,0.626,-0.0,0
Note_001487,69,66206.88,620.69,Right,INNER,0,0.472,0.472,False,0.626,-0.0,0
Note_001488,69,66206.88,620.69,Right,INNER,0,0.472,0.472,False,0.626,-0.0,0
Note_001489,78,66206.88,103.45,Right,INNER,2,0.63,0.63,True,0.626,-0.0,0
Note_001490,81,66206.88,620.69,Right,INNER,4,0.63,0.63,False,0.626,-0.0,0
Note_001491,81,66206.88,620.69,Right,MELODY,3,0.315,0.315,False,0.626,-0.0,0
Note_001492,81,66206.88,620.69,Right,INNER,5,0.315,0.315,False,0.626,-0.0,0
Note_001493,42,66413.78,25.86,Left,BASS,2,0.709,0.709,True,0.241,5.0,0
Note_001494,38,66517.22,103.45,Left,BASS,5,0.787,0.787,False,0.218,-5.0,0
Note_001495,42,66517.22,25.86,Left,INNER,2,0.709,0.709,True,0.218,-5.0,0
Note_001496,69,66517.22,103.45,Right,INNER,1,0.63,0.63,False,0.563,15.0,0
Note_001497,71,66517.22,103.45,Right,MELODY,2,0.63,0.63,False,0.563,15.0,0
Note_001498,40,66620.67,25.86,Left,BASS,3,0.709,0.709,False,0.234,15.0,-12
Note_001499,42,66620.67,25.86,Left,INNER,2,0.709,0.709,True,0.234,15.0,-12
Note_001500,42,66620.67,413.79,Left,INNER,1,0.787,0.787,True,0.234,15.0,-12
Note_001501,42,66827.57,25.86,Left,BASS,2,0.709,0.709,True,0.241,5.0,0
Note_001502,40,66931.02,25.86,Left,BASS,5,0.63,0.63,False,0.23,-5.0,0
Note_001503,42,66931.02,25.86,Left,INNER,2,0.709,0.709,True,0.23,-5.0,0
Note_001504,36,67034.47,25.86,Left,BASS,5,0.709,0.709,False,0.222,5.0,0
Note_001505,42,67034.47,25.86,Left,INNER,2,0.709,0.709,True,0.222,5.0,0
Note_001506,43,67034.47,310.34,Left,INNER,1,0.787,0.787,False,0.222,5.0,0
Note_001507,69,67034.47,310.34,Right,INNER,1,0.472,0.472,False,0.63,0.0,0
Note_001508,69,67034.47,310.34,Right,INNER,0,0.472,0.472,False,0.63,0.0,0
Note_001509,74,67034.47,155.17,Right,INNER,2,0.63,0.63,False,0.63,0.0,0
Note_001510,81,67034.47,310.34,Right,INNER,4,0.63,0.63,False,0.63,0.0,0
Note_001511,81,67034.47,310.34,Right,MELODY,3,0.315,0.315,False,0.63,0.0,0
Note_001512,81,67034.47,310.34,Right,INNER,5,0.315,0.315,False,0.63,0.0,0
Note_001513,40,67137.91,25.86,Left,BASS,5,0.63,0.63,False,0.218,-10.0,0
Note_001514,42,67241.36,25.86,Left,BASS,2,0.709,0.709,True,0.241,5.0,0
Note_001515,42,67344.81,25.86,Left,BASS,3,0.709,0.709,True,0.253,5.0,0
Note_001516,44,67344.81,310.34,Left,INNER,2,0.787,0.787,True,0.253,5.0,0
Note_001517,71,67344.81,310.34,Right,INNER,1,0.472,0.472,False,0.657,-0.0,0
Note_001518,71,67344.81,310.34,Right,INNER,2,0.472,0.472,False,0.657,-0.0,0
Note_001519,83,67344.81,310.34,Right,INNER,3,0.63,0.63,False,0.657,-0.0,0
Note_001520,83,67344.81,310.34,Right,MELODY,4,0.315,0.315,False,0.657,-0.0,0
Note_001521,83,67344.81,310.34,Right,INNER,5,0.315,0.315,False,0.657,-0.0,0
Note_001522,40,67448.26,25.86,Left,BASS,5,0.709,0.709,False,0.23,-10.0,0
Note_001523,42,67448.26,25.86,Left,INNER,3,0.709,0.709,True,0.23,-10.0,0
Note_001524,42,67655.16,25.86,Left,BASS,2,0.709,0.709,True,0.259,15.0,0
Note_001525,45,67655.16,206.9,Left,INNER,1,0.787,0.787,False,0.259,15.0,0
Note_001526,69,67655.16,206.9,Right,INNER,1,0.472,0.472,False,0.634,-0.0,0
Note_001527,69,67655.16,206.9,Right,INNER,2,0.472,0.472,False,0.634,-0.0,0
Note_001528,81,67655.16,206.9,Right,INNER,3,0.63,0.63,False,0.634,-0.0,0
Note_001529,81,67655.16,206.9,Right,MELODY,4,0.315,0.315,False,0.634,-0.0,0
Note_001530,81,67655.16,206.9,Right,INNER,5,0.315,0.315,False,0.634,-0.0,0
Note_001531,42,67758.6,25.86,Left,BASS,2,0.709,0.709,True,0.241,5.0,0
Note_001532,28,67862.05,206.9,Left,BASS,5,0.787,0.787,False,0.165,-5.0,0
Note_001533,36,67862.05,25.86,Left,INNER,3,0.709,0.709,False,0.165,-5.0,0
Note_001534,42,67862.05,25.86,Left,INNER,2,0.709,0.709,True,0.165,-5.0,0
Note_001535,68,67862.05,517.24,Right,INNER,1,0.472,0.472,True,0.623,-0.0,0
Note_001536,68,67862.05,517.24,Right,INNER,2,0.472,0.472,True,0.623,-0.0,0
Note_001537,80,67862.05,517.24,Right,INNER,3,0.63,0.63,True,0.623,-0.0,0
Note_001538,80,67862.05,517.24,Right,MELODY,4,0.315,0.315,True,0.623,-0.0,0
Note_001539,80,67862.05,517.24,Right,INNER,5,0.315,0.315,True,0.623,-0.0,0
Note_001540,40,68068.95,103.45,Left,BASS,5,0.787,0.787,False,0.23,-0.0,-12
Note_001541,42,68068.95,25.86,Left,INNER,1,0.709,0.709,True,0.23,-0.0,-12
Note_001542,42,68172.4,25.86,Left,BASS,2,0.709,0.709,True,0.241,5.0,0
Note_001543,40,68275.84,25.86,Left,INNER,3,0.709,0.709,False,0.195,-5.0,12
Note_001544,42,68275.84,25.86,Left,INNER,2,0.709,0.709,True,0.195,-5.0,12
Note_001545,32,68275.85,413.79,Left,BASS,5,0.787,0.787,True,0.195,-5.0,12
Note_001546,42,68482.74,25.86,Left,BASS,2,0.709,0.709,True,0.241,5.0,0
Note_001547,76,68482.74,310.34,Right,INNER,1,0.472,0.472,False,0.715,-0.0,0
Note_001548,76,68482.74,310.34,Right,INNER,2,0.472,0.472,False,0.715,-0.0,0
Note_001549,88,68482.74,310.34,Right,INNER,3,0.63,0.63,False,0.715,-0.0,0
Note_001550,88,68482.74,310.34,Right,MELODY,4,0.315,0.315,False,0.715,-0.0,0
Note_001551,88,68482.74,310.34,Right,INNER,5,0.315,0.315,False,0.715,-0.0,0
Note_001552,42,68586.19,25.86,Left,BASS,2,0.709,0.709,True,0.241,5.0,0
Note_001553,33,68689.64,310.34,Left,BASS,5,0.787,0.787,False,0.184,-5.0,0
Note_001554,36,68689.64,25.86,Left,INNER,3,0.709,0.709,False,0.184,-5.0,0
Note_001555,42,68689.64,25.86,Left,INNER,2,0.709,0.709,True,0.184,-5.0,0
Note_001556,61,68689.64,310.34,Right,INNER,2,0.63,0.63,True,0.506,-5.0,0
Note_001557,69,68689.64,310.34,Right,MELODY,5,0.63,0.63,False,0.506,-5.0,0
Note_001558,46,68896.53,25.86,Left,BASS,2,0.709,0.709,True,0.287,5.0,0
Note_001559,74,68896.53,620.69,Right,INNER,1,0.472,0.472,False,0.692,-0.0,0
Note_001560,74,68896.53,620.69,Right,INNER,2,0.472,0.472,False,0.692,-0.0,0
Note_001561,86,68896.53,620.69,Right,INNER,3,0.63,0.63,False,0.692,-0.0,0
Note_001562,86,68896.53,620.69,Right,MELODY,4,0.315,0.315,False,0.692,-0.0,0
Note_001563,86,68896.53,620.69,Right,INNER,5,0.315,0.315,False,0.692,-0.0,0
Note_001564,34,68999.98,310.34,Left,BASS,5,0.787,0.787,True,0.149,-10.0,12
Note_001565,59,68999.98,517.24,Right,INNER,1,0.63,0.63,False,0.489,15.0,0
Note_001566,68,68999.98,517.24,Right,MELODY,2,0.63,0.63,True,0.489,15.0,0
Note_001567,40,69103.43,25.86,Left,BASS,3,0.709,0.709,False,0.23,5.0,0
Note_001568,42,69103.43,25.86,Left,INNER,2,0.709,0.709,True,0.23,5.0,0
Note_001569,35,69310.33,206.9,Left,BASS,5,0.787,0.787,False,0.201,-10.0,0
Note_001570,42,69310.33,25.86,Left,INNER,3,0.709,0.709,True,0.201,-10.0,0
Note_001571,42,69413.78,25.86,Left,BASS,2,0.709,0.709,True,0.241,5.0,0
Note_001572,33,69517.22,206.9,Left,BASS,5,0.787,0.787,False,0.184,-5.0,0
Note_001573,36,69517.22,25.86,Left,INNER,3,0.63,0.63,False,0.184,-5.0,0
Note_001574,42,69517.22,25.86,Left,INNER,2,0.709,0.709,True,0.184,-5.0,0
Note_001575,90,69517.22,413.79,Right,INNER,3,0.63,0.63,True,0.793,-5.0,0
Note_001576,90,69517.22,413.79,Right,MELODY,4,0.315,0.315,True,0.793,-5.0,0
Note_001577,42,69724.12,25.86,Left,BASS,3,0.709,0.709,True,0.247,5.0,0
Note_001578,43,69724.12,103.45,Left,INNER,2,0.787,0.787,False,0.247,5.0,0
Note_001579,33,69827.57,103.45,Left,BASS,5,0.787,0.787,False,0.19,-10.0,0
Note_001580,42,69827.57,25.86,Left,INNER,3,0.709,0.709,True,0.19,-10.0,0
Note_001581,37,69931.02,310.34,Left,BASS,3,0.787,0.787,True,0.215,15.0,-12
Note_001582,40,69931.02,25.86,Left,INNER,2,0.709,0.709,False,0.215,15.0,-12
Note_001583,42,69931.02,25.86,Left,INNER,1,0.709,0.709,True,0.215,15.0,-12
Note_001584,86,69931.02,413.79,Right,INNER,1,0.63,0.63,False,0.747,10.0,0
Note_001585,86,69931.02,413.79,Right,MELODY,3,0.315,0.315,False,0.747,10.0,0
Note_001586,42,70137.91,25.86,Left,BASS,2,0.709,0.709,True,0.241,5.0,0
Note_001587,40,70241.36,25.86,Left,BASS,3,0.63,0.63,False,0.23,5.0,0
Note_001588,42,70241.36,25.86,Left,INNER,2,0.709,0.709,True,0.23,5.0,0
Note_001589,36,70344.81,25.86,Left,BASS,5,0.709,0.709,False,0.203,-15.0,0
Note_001590,38,70344.81,310.34,Left,INNER,4,0.787,0.787,False,0.203,-15.0,0
Note_001591,42,70344.81,25.86,Left,INNER,3,0.709,0.709,True,0.203,-15.0,0
Note_001592,85,70344.81,310.34,Right,INNER,2,0.63,0.63,True,0.736,-5.0,-12
Note_001593,85,70344.81,310.34,Right,MELODY,5,0.315,0.315,True,0.736,-5.0,-12
Note_001594,40,70448.26,25.86,Left,BASS,5,0.63,0.63,False,0.218,-10.0,0
Note_001595,42,70551.71,25.86,Left,BASS,2,0.709,0.709,True,0.241,5.0,0
Note_001596,39,70655.15,310.34,Left,BASS,3,0.787,0.787,True,0.224,5.0,0
Note_001597,42,70655.15,25.86,Left,INNER,2,0.709,0.709,True,0.224,5.0,0
Note_001598,88,70655.15,206.9,Right,INNER,1,0.63,0.63,False,0.77,5.0,0
Note_001599,88,70655.15,206.9,Right,MELODY,4,0.315,0.315,False,0.77,5.0,0
Note_001600,40,70758.6,25.86,Left,BASS,2,0.709,0.709,False,0.23,15.0,-12
Note_001601,42,70758.6,25.86,Left,INNER,1,0.709,0.709,True,0.23,15.0,-12
Note_001602,40,70965.5,206.9,Left,BASS,5,0.787,0.787,False,0.23,-5.0,0
Note_001603,42,70965.5,25.86,Left,INNER,2,0.709,0.709,True,0.23,-5.0,0
Note_001604,74,70965.5,1655.17,Right,INNER,1,0.472,0.472,False,0.692,-0.0,0
Note_001605,74,70965.5,1655.17,Right,INNER,2,0.472,0.472,False,0.692,-0.0,0
Note_001606,86,70965.5,1655.17,Right,INNER,3,0.63,0.63,False,0.692,-0.0,0
Note_001607,86,70965.5,1655.17,Right,MELODY,4,0.315,0.315,False,0.692,-0.0,0
Note_001608,86,70965.5,1655.17,Right,INNER,5,0.315,0.315,False,0.692,-0.0,0
Note_001609,42,71068.95,25.86,Left,BASS,2,0.709,0.709,True,0.241,5.0,0
Note_001610,29,71172.4,25.86,Left,BASS,5,0.709,0.709,False,0.175,5.0,-12
Note_001611,36,71172.4,25.86,Left,INNER,3,0.709,0.709,False,0.175,5.0,-12
Note_001612,38,71172.4,206.9,Left,INNER,2,0.787,0.787,False,0.175,5.0,-12
Note_001613,42,71172.4,25.86,Left,INNER,1,0.709,0.709,True,0.175,5.0,-12
Note_001614,67,71172.4,310.34,Right,INNER,1,0.709,0.709,False,0.552,0.0,0
Note_001615,71,71172.4,310.34,Right,MELODY,5,0.709,0.709,False,0.552,0.0,0
Note_001616,26,71379.29,206.9,Left,BASS,5,0.787,0.787,False,0.13,0.0,-12
Note_001617,29,71379.29,25.86,Left,INNER,3,0.709,0.709,False,0.13,0.0,-12
Note_001618,42,71379.29,25.86,Left,INNER,1,0.709,0.709,True,0.13,0.0,-12
Note_001619,42,71482.74,25.86,Left,BASS,2,0.709,0.709,True,0.241,5.0,0
Note_001620,28,71586.19,103.45,Left,BASS,5,0.787,0.787,False,0.158,-10.0,0
Note_001621,29,71586.19,25.86,Left,INNER,4,0.709,0.709,False,0.158,-10.0,0
Note_001622,40,71586.19,25.86,Left,INNER,3,0.709,0.709,False,0.158,-10.0,0
Note_001623,42,71586.19,25.86,Left,INNER,2,0.709,0.709,True,0.158,-10.0,0
Note_001624,67,71586.19,310.34,Right,INNER,1,0.709,0.709,False,0.552,5.0,0
Note_001625,71,71586.19,310.34,Right,MELODY,4,0.709,0.709,False,0.552,5.0,0
Note_001626,29,71793.09,25.86,Left,BASS,5,0.709,0.709,False,0.146,-0.0,-12
Note_001627,30,71793.09,103.45,Left,INNER,3,0.787,0.787,True,0.146,-0.0,-12
Note_001628,42,71793.09,25.86,Left,INNER,1,0.709,0.709,True,0.146,-0.0,-12
Note_001629,30,71896.53,25.86,Left,BASS,5,0.709,0.709,True,0.188,5.0,0
Note_001630,40,71896.53,25.86,Left,INNER,2,0.709,0.709,False,0.188,5.0,0
Note_001631,42,71896.53,25.86,Left,INNER,1,0.709,0.709,True,0.188,5.0,0
Note_001632,29,71999.98,25.86,Left,BASS,5,0.709,0.709,False,0.168,0.0,-12
Note_001633,31,71999.98,206.9,Left,INNER,4,0.787,0.787,False,0.168,0.0,-12
Note_001634,36,71999.98,25.86,Left,INNER,3,0.63,0.63,False,0.168,0.0,-12
Note_001635,40,71999.98,25.86,Left,INNER,2,0.472,0.472,False,0.168,0.0,-12
Note_001636,42,71999.98,25.86,Left,INNER,1,0.709,0.709,True,0.168,0.0,-12
Note_001637,62,71999.98,103.45,Right,INNER,1,0.709,0.709,False,0.525,10.0,0
Note_001638,67,71999.98,103.45,Right,INNER,2,0.709,0.709,False,0.525,10.0,0
Note_001639,71,71999.98,103.45,Right,MELODY,4,0.709,0.709,False,0.525,10.0,0
Note_001640,40,72051.71,25.86,Left,BASS,5,0.472,0.472,False,0.218,-10.0,0
Note_001641,30,72103.43,25.86,Left,BASS,2,0.709,0.709,True,0.161,15.0,0
Note_001642,40,72103.43,25.86,Left,INNER,1,0.709,0.709,False,0.161,15.0,0
Note_001643,42,72206.88,25.86,Left,BASS,2,0.709,0.709,True,0.241,5.0,0
Note_001644,33,72310.33,517.24,Left,BASS,5,0.787,0.787,False,0.19,-5.0,0
Note_001645,42,72310.33,25.86,Left,INNER,2,0.709,0.709,True,0.19,-5.0,0
Note_001646,64,72310.33,517.24,Right,INNER,1,0.709,0.709,False,0.548,10.0,0
Note_001647,69,72310.33,517.24,Right,INNER,2,0.709,0.709,False,0.548,10.0,0
Note_001648,73,72310.33,517.24,Right,MELODY,4,0.709,0.709,True,0.548,10.0,0
Note_001649,40,72413.77,25.86,Left,BASS,2,0.709,0.709,False,0.23,15.0,-12
Note_001650,42,72413.77,25.86,Left,INNER,1,0.709,0.709,True,0.23,15.0,-12
Note_001651,42,72620.67,25.86,Left,BASS,2,0.709,0.709,True,0.241,5.0,0
Note_001652,40,72724.12,25.86,Left,BASS,5,0.472,0.472,False,0.23,-5.0,0
Note_001653,42,72724.12,25.86,Left,INNER,2,0.709,0.709,True,0.23,-5.0,0
Note_001654,40,72775.84,25.86,Left,BASS,5,0.472,0.472,False,0.218,-10.0,0
Note_001655,36,72827.57,25.86,Left,BASS,5,0.709,0.709,False,0.23,-0.0,-12
Note_001656,38,72827.57,310.34,Left,INNER,4,0.787,0.787,False,0.23,-0.0,-12
Note_001657,40,72827.57,25.86,Left,INNER,3,0.472,0.472,False,0.23,-0.0,-12
Note_001658,42,72827.57,25.86,Left,INNER,2,0.709,0.709,True,0.23,-0.0,-12
Note_001659,49,72827.57,25.86,Left,INNER,1,0.709,0.709,True,0.23,-0.0,-12
Note_001660,69,72827.57,3310.34,Right,MELODY,5,0.709,0.709,False,0.552,-10.0,0
Note_001661,46,73034.46,25.86,Left,BASS,5,0.709,0.709,True,0.287,-10.0,12
Note_001662,45,73137.91,310.34,Left,BASS,1,0.787,0.787,False,0.276,10.0,0
Note_001663,40,73241.36,25.86,Left,BASS,3,0.709,0.709,False,0.23,5.0,0
Note_001664,42,73241.36,25.86,Left,INNER,2,0.709,0.709,True,0.23,5.0,0
Note_001665,36,73448.26,206.9,Left,BASS,5,0.787,0.787,False,0.207,-10.0,0
Note_001666,42,73448.26,25.86,Left,INNER,3,0.709,0.709,True,0.207,-10.0,0
Note_001667,40,73551.71,25.86,Left,BASS,1,0.709,0.709,False,0.218,10.0,0
Note_001668,36,73655.15,25.86,Left,BASS,5,0.709,0.709,False,0.207,-5.0,0
Note_001669,42,73655.15,25.86,Left,INNER,2,0.709,0.709,True,0.207,-5.0,0
Note_001670,40,73758.6,25.86,Left,BASS,1,0.709,0.709,False,0.218,10.0,0
Note_001671,36,73862.05,206.9,Left,BASS,5,0.787,0.787,False,0.23,-5.0,0
Note_001672,46,73862.05,25.86,Left,INNER,2,0.709,0.709,True,0.23,-5.0,0
Note_001673,40,74068.95,25.86,Left,BASS,3,0.709,0.709,False,0.245,15.0,0
Note_001674,42,74068.95,25.86,Left,INNER,2,0.709,0.709,True,0.245,15.0,0
Note_001675,45,74068.95,206.9,Left,INNER,1,0.787,0.787,False,0.245,15.0,0
Note_001676,36,74275.84,206.9,Left,BASS,5,0.787,0.787,False,0.207,-10.0,0
Note_001677,42,74275.84,25.86,Left,INNER,3,0.709,0.709,True,0.207,-10.0,0
Note_001678,36,74482.74,25.86,Left,BASS,3,0.709,0.709,False,0.203,15.0,-12
Note_001679,38,74482.74,310.34,Left,INNER,2,0.787,0.787,False,0.203,15.0,-12
Note_001680,42,74482.74,25.86,Left,INNER,1,0.709,0.709,True,0.203,15.0,-12
Note_001681,46,74689.64,25.86,Left,BASS,3,0.709,0.709,True,0.287,-0.0,0
Note_001682,69,74689.64,103.45,Right,MELODY,2,0.827,0.827,False,0.552,5.0,0
Note_001683,45,74793.08,310.34,Left,BASS,5,0.787,0.787,False,0.276,-10.0,0
Note_001684,40,74896.53,25.86,Left,BASS,2,0.709,0.709,False,0.23,15.0,-12
Note_001685,42,74896.53,25.86,Left,INNER,1,0.709,0.709,True,0.23,15.0,-12
Note_001686,74,74896.53,103.45,Right,MELODY,3,0.827,0.827,False,0.609,0.0,0
Note_001687,33,75103.43,206.9,Left,BASS,5,0.787,0.787,False,0.19,-5.0,0
Note_001688,42,75103.43,25.86,Left,INNER,2,0.709,0.709,True,0.19,-5.0,0
Note_001689,78,75103.43,103.45,Right,MELODY,4,0.827,0.827,True,0.655,-5.0,0
Note_001690,42,75206.88,25.86,Left,BASS,2,0.709,0.709,True,0.241,5.0,0
Note_001691,36,75310.33,25.86,Left,BASS,5,0.709,0.709,False,0.207,-5.0,0
Note_001692,42,75310.33,25.86,Left,INNER,2,0.709,0.709,True,0.207,-5.0,0
Note_001693,79,75310.33,103.45,Right,MELODY,5,0.827,0.827,False,0.667,-10.0,0
Note_001694,33,75413.77,310.34,Left,BASS,5,0.787,0.787,False,0.138,-10.0,0
Note_001695,46,75517.22,25.86,Left,BASS,2,0.709,0.709,True,0.287,5.0,0
Note_001696,78,75517.22,103.45,Right,MELODY,4,0.827,0.827,True,0.655,-5.0,0
Note_001697,40,75724.12,25.86,Left,BASS,3,0.709,0.709,False,0.245,15.0,0
Note_001698,42,75724.12,25.86,Left,INNER,2,0.709,0.709,True,0.245,15.0,0
Note_001699,45,75724.12,206.9,Left,INNER,1,0.787,0.787,False,0.245,15.0,0
Note_001700,74,75724.12,103.45,Right,MELODY,2,0.827,0.827,False,0.609,5.0,0
Note_001701,76,75827.57,206.9,Right,MELODY,5,0.827,0.827,False,0.632,-10.0,0
Note_001702,38,75931.02,206.9,Left,BASS,5,0.787,0.787,False,0.218,-10.0,0
Note_001703,42,75931.02,25.86,Left,INNER,3,0.709,0.709,True,0.218,-10.0,0
Note_001704,40,76034.46,25.86,Left,BASS,1,0.551,0.551,False,0.218,10.0,0
Note_001705,74,76034.46,103.45,Right,MELODY,4,0.827,0.827,False,0.609,-5.0,0
Note_001706,40,76086.19,25.86,Left,BASS,1,0.551,0.551,False,0.218,10.0,0
Note_001707,31,76137.91,310.34,Left,BASS,5,0.787,0.787,False,0.187,-10.0,0
Note_001708,36,76137.91,25.86,Left,INNER,4,0.709,0.709,False,0.187,-10.0,0
Note_001709,40,76137.91,25.86,Left,INNER,3,0.551,0.551,False,0.187,-10.0,0
Note_001710,42,76137.91,25.86,Left,INNER,2,0.709,0.709,True,0.187,-10.0,0
Note_001711,74,76137.91,1655.17,Right,MELODY,5,0.709,0.709,False,0.609,-10.0,0
Note_001712,46,76344.81,25.86,Left,BASS,2,0.709,0.709,True,0.287,5.0,0
Note_001713,38,76448.26,310.34,Left,BASS,5,0.787,0.787,False,0.195,-10.0,0
Note_001714,40,76551.7,25.86,Left,BASS,3,0.709,0.709,False,0.23,5.0,0
Note_001715,42,76551.7,25.86,Left,INNER,2,0.709,0.709,True,0.23,5.0,0
Note_001716,31,76758.6,206.9,Left,BASS,5,0.787,0.787,False,0.178,-0.0,-12
Note_001717,42,76758.6,25.86,Left,INNER,1,0.709,0.709,True,0.178,-0.0,-12
Note_001718,40,76862.05,25.86,Left,BASS,1,0.709,0.709,False,0.218,10.0,0
Note_001719,36,76965.5,25.86,Left,BASS,5,0.709,0.709,False,0.207,-5.0,0
Note_001720,42,76965.5,25.86,Left,INNER,2,0.709,0.709,True,0.207,-5.0,0
Note_001721,40,77068.95,25.86,Left,BASS,5,0.709,0.709,False,0.218,-10.0,0
Note_001722,31,77172.39,206.9,Left,BASS,5,0.787,0.787,False,0.201,-0.0,-12
Note_001723,46,77172.39,25.86,Left,INNER,1,0.709,0.709,True,0.201,-0.0,-12
Note_001724,74,77172.39,206.9,Right,MELODY,4,0.827,0.827,False,0.609,-5.0,0
Note_001725,36,77379.29,206.9,Left,BASS,5,0.787,0.787,False,0.211,5.0,-12
Note_001726,40,77379.29,25.86,Left,INNER,2,0.709,0.709,False,0.211,5.0,-12
Note_001727,42,77379.29,25.86,Left,INNER,1,0.709,0.709,True,0.211,5.0,-12
Note_001728,76,77379.29,206.9,Right,MELODY,5,0.827,0.827,False,0.632,-10.0,0
Note_001729,31,77586.19,206.9,Left,BASS,2,0.787,0.787,False,0.178,15.0,-12
Note_001730,42,77586.19,25.86,Left,INNER,1,0.709,0.709,True,0.178,15.0,-12
Note_001731,74,77586.19,206.9,Right,MELODY,2,0.827,0.827,False,0.609,5.0,0
Note_001732,34,77793.08,310.34,Left,BASS,5,0.787,0.787,True,0.188,-5.0,12
Note_001733,36,77793.08,25.86,Left,INNER,3,0.709,0.709,False,0.188,-5.0,12
Note_001734,42,77793.08,25.86,Left,INNER,2,0.709,0.709,True,0.188,-5.0,12
Note_001735,80,77793.08,51.72,Right,INNER,2,0.827,0.827,True,0.684,0.0,0
Note_001736,81,77793.08,310.34,Right,MELODY,4,0.709,0.709,False,0.684,0.0,0
Note_001737,81,77844.81,258.62,Right,MELODY,5,0.827,0.827,False,0.69,-10.0,0
Note_001738,46,77999.98,25.86,Left,BASS,2,0.709,0.709,True,0.287,5.0,0
Note_001739,46,78103.43,310.34,Left,BASS,2,0.787,0.787,True,0.287,5.0,0
Note_001740,77,78103.43,310.34,Right,INNER,1,0.709,0.709,False,0.644,5.0,0
Note_001741,77,78103.43,310.34,Right,MELODY,4,0.827,0.827,False,0.644,5.0,0
Note_001742,40,78206.88,25.86,Left,BASS,4,0.709,0.709,False,0.23,-5.0,0
Note_001743,42,78206.88,25.86,Left,INNER,3,0.709,0.709,True,0.23,-5.0,0
Note_001744,36,78413.77,206.9,Left,BASS,5,0.787,0.787,False,0.207,-15.0,0
Note_001745,42,78413.77,25.86,Left,INNER,4,0.709,0.709,True,0.207,-15.0,0
Note_001746,74,78413.77,413.79,Right,INNER,3,0.709,0.709,False,0.609,-10.0,0
Note_001747,74,78413.77,413.79,Right,MELODY,5,0.827,0.827,False,0.609,-10.0,0
Note_001748,42,78517.22,25.86,Left,BASS,2,0.709,0.709,True,0.241,5.0,0
Note_001749,36,78620.67,25.86,Left,BASS,5,0.709,0.709,False,0.207,-5.0,0
Note_001750,42,78620.67,25.86,Left,INNER,2,0.709,0.709,True,0.207,-5.0,0
Note_001751,60,78620.67,827.59,Right,MELODY,2,0.472,0.472,False,0.448,5.0,0
Note_001752,36,78724.12,310.34,Left,BASS,5,0.787,0.787,False,0.172,-10.0,0
Note_001753,46,78827.57,25.86,Left,BASS,2,0.709,0.709,True,0.287,5.0,0
Note_001754,69,78827.57,620.69,Right,INNER,3,0.709,0.709,False,0.552,-5.0,0
Note_001755,69,78827.57,620.69,Right,MELODY,4,0.827,0.827,False,0.552,-5.0,0
Note_001756,40,79034.46,25.86,Left,BASS,3,0.709,0.709,False,0.257,15.0,0
Note_001757,42,79034.46,25.86,Left,INNER,2,0.709,0.709,True,0.257,15.0,0
Note_001758,48,79034.46,206.9,Left,INNER,1,0.787,0.787,False,0.257,15.0,0
Note_001759,36,79241.36,206.9,Left,BASS,5,0.787,0.787,False,0.207,-10.0,0
Note_001760,42,79241.36,25.86,Left,INNER,3,0.709,0.709,True,0.207,-10.0,0
Note_001761,69,79241.36,51.72,Right,INNER,1,0.472,0.472,False,0.621,0.0,0
Note_001762,81,79241.36,51.72,Right,MELODY,5,0.472,0.472,False,0.621,0.0,0
Note_001763,62,79293.08,51.72,Left,INNER,2,0.472,0.472,False,0.471,5.0,0
Note_001764,74,79293.08,51.72,Right,INNER,1,0.472,0.472,False,0.678,5.0,0
Note_001765,86,79293.08,51.72,Right,MELODY,4,0.472,0.472,False,0.678,5.0,0
Note_001766,40,79344.81,25.86,Left,BASS,5,0.551,0.551,False,0.218,-10.0,0
Note_001767,78,79344.81,51.72,Right,INNER,2,0.472,0.472,True,0.724,-5.0,-12
Note_001768,90,79344.81,51.72,Right,MELODY,5,0.472,0.472,True,0.724,-5.0,-12
Note_001769,40,79396.53,25.86,Left,BASS,1,0.551,0.551,False,0.218,10.0,0
Note_001770,79,79396.53,51.72,Right,INNER,1,0.472,0.472,False,0.736,15.0,0
Note_001771,91,79396.53,51.72,Right,MELODY,2,0.472,0.472,False,0.736,15.0,0
Note_001772,36,79448.26,25.86,Left,BASS,5,0.709,0.709,False,0.207,-10.0,0
Note_001773,38,79448.26,310.34,Left,INNER,4,0.787,0.787,False,0.207,-10.0,0
Note_001774,40,79448.26,25.86,Left,INNER,3,0.551,0.551,False,0.207,-10.0,0
Note_001775,42,79448.26,25.86,Left,INNER,2,0.709,0.709,True,0.207,-10.0,0
Note_001776,81,79448.26,1655.17,Right,INNER,1,0.709,0.709,False,0.759,5.0,0
Note_001777,93,79448.26,3310.34,Right,MELODY,4,0.709,0.709,False,0.759,5.0,0
Note_001778,46,79655.15,25.86,Left,BASS,2,0.709,0.709,True,0.287,5.0,0
Note_001779,45,79758.6,310.34,Left,BASS,5,0.787,0.787,False,0.276,-10.0,0
Note_001780,40,79862.05,25.86,Left,BASS,2,0.709,0.709,False,0.23,15.0,-12
Note_001781,42,79862.05,25.86,Left,INNER,1,0.709,0.709,True,0.23,15.0,-12
Note_001782,33,80068.95,206.9,Left,BASS,5,0.787,0.787,False,0.19,-5.0,0
Note_001783,42,80068.95,25.86,Left,INNER,2,0.709,0.709,True,0.19,-5.0,0
Note_001784,40,80172.39,25.86,Left,BASS,1,0.709,0.709,False,0.218,10.0,0
Note_001785,36,80275.84,25.86,Left,BASS,5,0.709,0.709,False,0.207,-5.0,0
Note_001786,42,80275.84,25.86,Left,INNER,2,0.709,0.709,True,0.207,-5.0,0
Note_001787,57,80275.84,2482.76,Right,INNER,2,0.591,0.591,False,0.467,-5.0,-12
Note_001788,62,80275.84,2482.76,Right,INNER,3,0.591,0.591,False,0.467,-5.0,-12
Note_001789,66,80275.84,2482.76,Right,MELODY,5,0.591,0.591,True,0.467,-5.0,-12
Note_001790,40,80379.29,25.86,Left,BASS,5,0.709,0.709,False,0.218,-10.0,0
Note_001791,33,80482.74,206.9,Left,BASS,5,0.787,0.787,False,0.213,-0.0,-12
Note_001792,46,80482.74,25.86,Left,INNER,1,0.709,0.709,True,0.213,-0.0,-12
Note_001793,40,80689.63,25.86,Left,BASS,3,0.709,0.709,False,0.245,15.0,0
Note_001794,42,80689.63,25.86,Left,INNER,2,0.709,0.709,True,0.245,15.0,0
Note_001795,45,80689.64,206.9,Left,INNER,1,0.787,0.787,False,0.245,15.0,0
Note_001796,33,80896.53,206.9,Left,BASS,5,0.787,0.787,False,0.19,-10.0,0
Note_001797,42,80896.53,25.86,Left,INNER,3,0.709,0.709,True,0.19,-10.0,0
Note_001798,36,81103.43,25.86,Left,BASS,3,0.709,0.709,False,0.203,15.0,-12
Note_001799,38,81103.43,310.34,Left,INNER,2,0.787,0.787,False,0.203,15.0,-12
Note_001800,42,81103.43,25.86,Left,INNER,1,0.709,0.709,True,0.203,15.0,-12
Note_001801,46,81310.32,25.86,Left,BASS,3,0.709,0.709,True,0.287,-0.0,0
Note_001802,69,81310.32,103.45,Right,INNER,1,0.709,0.709,False,0.621,5.0,0
Note_001803,81,81310.32,103.45,Right,MELODY,4,0.709,0.709,False,0.621,5.0,0
Note_001804,45,81413.77,310.34,Left,BASS,5,0.787,0.787,False,0.276,-10.0,0
Note_001805,40,81517.22,25.86,Left,BASS,2,0.709,0.709,False,0.23,15.0,-12
Note_001806,42,81517.22,25.86,Left,INNER,1,0.709,0.709,True,0.23,15.0,-12
Note_001807,67,81517.22,103.45,Right,INNER,1,0.709,0.709,False,0.598,5.0,0
Note_001808,79,81517.22,103.45,Right,MELODY,4,0.709,0.709,False,0.598,5.0,0
Note_001809,33,81724.12,206.9,Left,BASS,5,0.787,0.787,False,0.19,-5.0,0
Note_001810,42,81724.12,25.86,Left,INNER,2,0.709,0.709,True,0.19,-5.0,0
Note_001811,66,81724.12,103.45,Right,INNER,1,0.709,0.709,True,0.586,5.0,12
Note_001812,78,81724.12,103.45,Right,MELODY,4,0.709,0.709,True,0.586,5.0,12
Note_001813,42,81827.57,25.86,Left,BASS,2,0.709,0.709,True,0.241,5.0,0
Note_001814,36,81931.01,25.86,Left,BASS,5,0.709,0.709,False,0.207,-5.0,0
Note_001815,42,81931.01,25.86,Left,INNER,2,0.709,0.709,True,0.207,-5.0,0
Note_001816,67,81931.01,103.45,Right,INNER,1,0.709,0.709,False,0.598,5.0,0
Note_001817,79,81931.01,103.45,Right,MELODY,4,0.709,0.709,False,0.598,5.0,0
Note_001818,33,82034.46,310.34,Left,BASS,5,0.787,0.787,False,0.138,-10.0,0
Note_001819,46,82137.91,25.86,Left,BASS,2,0.709,0.709,True,0.287,5.0,0
Note_001820,66,82137.91,103.45,Right,INNER,1,0.709,0.709,True,0.586,5.0,12
Note_001821,78,82137.91,103.45,Right,MELODY,4,0.709,0.709,True,0.586,5.0,12
Note_001822,40,82344.81,25.86,Left,BASS,3,0.709,0.709,False,0.245,15.0,0
Note_001823,42,82344.81,25.86,Left,INNER,2,0.709,0.709,True,0.245,15.0,0
Note_001824,45,82344.81,206.9,Left,INNER,1,0.787,0.787,False,0.245,15.0,0
Note_001825,62,82344.81,103.45,Right,INNER,1,0.709,0.709,False,0.54,0.0,0
Note_001826,74,82344.81,103.45,Right,MELODY,5,0.709,0.709,False,0.54,0.0,0
Note_001827,64,82448.26,103.45,Right,INNER,1,0.709,0.709,False,0.563,0.0,0
Note_001828,76,82448.26,103.45,Right,MELODY,5,0.709,0.709,False,0.563,0.0,0
Note_001829,38,82551.7,206.9,Left,BASS,5,0.787,0.787,False,0.218,-10.0,0
Note_001830,42,82551.7,25.86,Left,INNER,3,0.709,0.709,True,0.218,-10.0,0
Note_001831,40,82655.15,25.86,Left,BASS,1,0.551,0.551,False,0.218,10.0,0
Note_001832,62,82655.15,1034.48,Right,INNER,2,0.709,0.709,False,0.54,-5.0,0
Note_001833,74,82655.15,1034.48,Right,MELODY,5,0.709,0.709,False,0.54,-5.0,0
Note_001834,40,82706.88,25.86,Left,BASS,1,0.551,0.551,False,0.218,10.0,0
Note_001835,31,82758.6,310.34,Left,BASS,5,0.787,0.787,False,0.187,-10.0,0
Note_001836,36,82758.6,25.86,Left,INNER,4,0.709,0.709,False,0.187,-10.0,0
Note_001837,40,82758.6,25.86,Left,INNER,3,0.551,0.551,False,0.187,-10.0,0
Note_001838,42,82758.6,25.86,Left,INNER,2,0.709,0.709,True,0.187,-10.0,0
Note_001839,86,82758.6,1655.17,Right,MELODY,1,0.709,0.709,False,0.747,10.0,0
Note_001840,46,82965.5,25.86,Left,BASS,2,0.709,0.709,True,0.287,5.0,0
Note_001841,38,83068.94,310.34,Left,BASS,5,0.787,0.787,False,0.195,-10.0,0
Note_001842,40,83172.39,25.86,Left,BASS,3,0.709,0.709,False,0.23,5.0,0
Note_001843,42,83172.39,25.86,Left,INNER,2,0.709,0.709,True,0.23,5.0,0
Note_001844,29,83379.29,206.9,Left,BASS,5,0.787,0.787,False,0.167,-0.0,-12
Note_001845,42,83379.29,25.86,Left,INNER,1,0.709,0.709,True,0.167,-0.0,-12
Note_001846,40,83482.74,25.86,Left,BASS,1,0.709,0.709,False,0.218,10.0,0
Note_001847,36,83586.19,25.86,Left,BASS,5,0.709,0.709,False,0.207,-5.0,0
Note_001848,42,83586.19,25.86,Left,INNER,2,0.709,0.709,True,0.207,-5.0,0
Note_001849,40,83689.63,25.86,Left,BASS,5,0.709,0.709,False,0.218,-10.0,0
Note_001850,29,83793.08,206.9,Left,BASS,5,0.787,0.787,False,0.19,-0.0,-12
Note_001851,46,83793.08,25.86,Left,INNER,1,0.709,0.709,True,0.19,-0.0,-12
Note_001852,62,83793.08,206.9,Right,INNER,1,0.591,0.591,False,0.524,0.0,0
Note_001853,62,83793.08,206.9,Right,INNER,2,0.709,0.709,False,0.524,0.0,0
Note_001854,66,83793.08,206.9,Right,INNER,3,0.591,0.591,True,0.524,0.0,0
Note_001855,69,83793.08,206.9,Right,INNER,4,0.591,0.591,False,0.524,0.0,0
Note_001856,74,83793.08,206.9,Right,MELODY,5,0.709,0.709,False,0.524,0.0,0
Note_001857,36,83999.98,206.9,Left,BASS,5,0.787,0.787,False,0.211,5.0,-12
Note_001858,40,83999.98,25.86,Left,INNER,2,0.709,0.709,False,0.211,5.0,-12
Note_001859,42,83999.98,25.86,Left,INNER,1,0.709,0.709,True,0.211,5.0,-12
Note_001860,64,83999.98,206.9,Right,INNER,1,0.709,0.709,False,0.563,5.0,0
Note_001861,76,83999.98,206.9,Right,MELODY,4,0.709,0.709,False,0.563,5.0,0
Note_001862,29,84206.88,206.9,Left,BASS,5,0.787,0.787,False,0.167,-0.0,-12
Note_001863,42,84206.88,25.86,Left,INNER,1,0.709,0.709,True,0.167,-0.0,-12
Note_001864,62,84206.88,206.9,Right,INNER,1,0.709,0.709,False,0.54,5.0,0
Note_001865,74,84206.88,206.9,Right,MELODY,4,0.709,0.709,False,0.54,5.0,0
Note_001866,31,84413.77,310.34,Left,BASS,5,0.787,0.787,False,0.176,5.0,-12
Note_001867,36,84413.77,25.86,Left,INNER,2,0.709,0.709,False,0.176,5.0,-12
Note_001868,42,84413.77,25.86,Left,INNER,1,0.709,0.709,True,0.176,5.0,-12
Note_001869,93,84413.77,310.34,Right,MELODY,5,0.709,0.709,False,0.828,-10.0,0
Note_001870,46,84620.67,25.86,Left,BASS,2,0.709,0.709,True,0.287,5.0,0
Note_001871,38,84724.12,310.34,Left,BASS,5,0.787,0.787,False,0.195,-10.0,0
Note_001872,89,84724.12,310.34,Right,MELODY,4,0.709,0.709,False,0.782,-5.0,0
Note_001873,40,84827.56,25.86,Left,BASS,3,0.709,0.709,False,0.23,5.0,0
Note_001874,42,84827.56,25.86,Left,INNER,2,0.709,0.709,True,0.23,5.0,0
Note_001875,31,85034.46,206.9,Left,BASS,5,0.787,0.787,False,0.178,-0.0,-12
Note_001876,42,85034.46,25.86,Left,INNER,1,0.709,0.709,True,0.178,-0.0,-12
Note_001877,86,85034.46,413.79,Right,MELODY,3,0.709,0.709,False,0.747,0.0,0
Note_001878,42,85137.91,25.86,Left,BASS,2,0.709,0.709,True,0.241,5.0,0
Note_001879,36,85241.36,25.86,Left,BASS,5,0.709,0.709,False,0.207,-5.0,0
Note_001880,42,85241.36,25.86,Left,INNER,2,0.709,0.709,True,0.207,-5.0,0
Note_001881,31,85344.81,310.34,Left,BASS,5,0.787,0.787,False,0.115,-10.0,0
Note_001882,46,85448.25,25.86,Left,BASS,2,0.709,0.709,True,0.351,15.0,0
Note_001883,57,85448.25,620.69,Left,INNER,1,0.709,0.709,False,0.351,15.0,0
Note_001884,69,85448.25,620.69,Right,INNER,1,0.709,0.709,False,0.621,15.0,0
Note_001885,81,85448.25,620.69,Right,MELODY,2,0.709,0.709,False,0.621,15.0,0
Note_001886,38,85655.15,206.9,Left,BASS,5,0.787,0.787,False,0.218,-5.0,0
Note_001887,40,85655.15,25.86,Left,INNER,3,0.709,0.709,False,0.218,-5.0,0
Note_001888,42,85655.15,25.86,Left,INNER,2,0.709,0.709,True,0.218,-5.0,0
Note_001889,31,85862.05,206.9,Left,BASS,2,0.787,0.787,False,0.178,15.0,-12
Note_001890,42,85862.05,25.86,Left,INNER,1,0.709,0.709,True,0.178,15.0,-12
Note_001891,36,86068.94,25.86,Left,BASS,5,0.709,0.709,False,0.207,-10.0,0
Note_001892,42,86068.94,25.86,Left,INNER,3,0.709,0.709,True,0.207,-10.0,0
Note_001893,42,86172.39,25.86,Left,BASS,3,0.709,0.709,True,0.241,-0.0,0
Note_001894,46,86275.84,25.86,Left,BASS,2,0.709,0.709,True,0.287,5.0,0
Note_001895,40,86482.74,25.86,Left,BASS,5,0.709,0.709,False,0.218,-10.0,0
Note_001896,46,86689.63,25.86,Left,BASS,2,0.709,0.709,True,0.287,5.0,0
Note_001897,29,86896.53,25.86,Left,BASS,5,0.709,0.709,False,0.169,-5.0,0
Note_001898,36,86896.53,25.86,Left,INNER,3,0.709,0.709,False,0.169,-5.0,0
Note_001899,42,86896.53,25.86,Left,INNER,2,0.709,0.709,True,0.169,-5.0,0
Note_001900,46,87103.43,25.86,Left,BASS,2,0.709,0.709,True,0.287,5.0,0
Note_001901,40,87310.32,25.86,Left,BASS,5,0.709,0.709,False,0.23,-5.0,0
Note_001902,42,87310.32,25.86,Left,INNER,2,0.709,0.709,True,0.23,-5.0,0
Note_001903,42,87413.77,25.86,Left,BASS,3,0.709,0.709,True,0.241,-0.0,0
Note_001904,46,87517.22,25.86,Left,BASS,2,0.709,0.709,True,0.287,5.0,0
Note_001905,40,87620.67,25.86,Left,BASS,5,0.551,0.551,False,0.218,-10.0,0
Note_001906,40,87672.39,25.86,Left,BASS,5,0.551,0.551,False,0.218,-10.0,0
Note_001907,36,87724.12,25.86,Left,BASS,5,0.709,0.709,False,0.23,-0.0,-12
Note_001908,38,87724.12,206.9,Left,INNER,4,0.787,0.787,False,0.23,-0.0,-12
Note_001909,40,87724.12,25.86,Left,INNER,3,0.551,0.551,False,0.23,-0.0,-12
Note_001910,42,87724.12,25.86,Left,INNER,2,0.709,0.709,True,0.23,-0.0,-12
Note_001911,49,87724.12,25.86,Left,INNER,1,0.709,0.709,True,0.23,-0.0,-12
Note_001912,66,87724.12,103.45,Right,INNER,2,0.709,0.709,True,0.586,-5.0,-12
Note_001913,78,87724.12,103.45,Right,MELODY,5,0.709,0.709,True,0.586,-5.0,-12
Note_001914,66,87827.56,103.45,Right,INNER,1,0.472,0.472,True,0.586,15.0,12
Note_001915,78,87827.56,103.45,Right,MELODY,2,0.472,0.472,True,0.586,15.0,12
Note_001916,42,87931.01,25.86,Left,BASS,5,0.709,0.709,True,0.337,5.0,12
Note_001917,50,87931.01,206.9,Left,INNER,2,0.787,0.787,False,0.337,5.0,12
Note_001918,59,87931.01,103.45,Left,INNER,1,0.709,0.709,False,0.337,5.0,12
Note_001919,62,87931.01,103.45,Right,INNER,1,0.709,0.709,False,0.54,5.0,0
Note_001920,74,87931.01,103.45,Right,MELODY,4,0.709,0.709,False,0.54,5.0,0
Note_001921,42,88034.46,25.86,Left,BASS,5,0.709,0.709,True,0.241,-10.0,12
Note_001922,62,88034.46,103.45,Right,INNER,1,0.709,0.709,False,0.517,5.0,0
Note_001923,62,88034.46,103.45,Right,INNER,2,0.472,0.472,False,0.517,5.0,0
Note_001924,74,88034.46,103.45,Right,MELODY,5,0.472,0.472,False,0.517,5.0,0
Note_001925,36,88137.91,206.9,Left,BASS,5,0.787,0.787,False,0.211,5.0,-12
Note_001926,40,88137.91,25.86,Left,INNER,2,0.709,0.709,False,0.211,5.0,-12
Note_001927,42,88137.91,25.86,Left,INNER,1,0.709,0.709,True,0.211,5.0,-12
Note_001928,59,88137.91,103.45,Right,INNER,1,0.709,0.709,False,0.506,5.0,0
Note_001929,71,88137.91,103.45,Right,MELODY,4,0.709,0.709,False,0.506,5.0,0
Note_001930,59,88241.36,103.45,Right,INNER,1,0.472,0.472,False,0.506,5.0,0
Note_001931,71,88241.36,103.45,Right,MELODY,4,0.472,0.472,False,0.506,5.0,0
Note_001932,42,88344.81,25.86,Left,BASS,4,0.709,0.709,True,0.328,5.0,0
Note_001933,57,88344.81,103.45,Left,INNER,1,0.709,0.709,False,0.328,5.0,0
Note_001934,57,88344.81,103.45,Right,INNER,1,0.709,0.709,False,0.483,5.0,0
Note_001935,69,88344.81,103.45,Right,MELODY,4,0.709,0.709,False,0.483,5.0,0
Note_001936,40,88448.25,25.86,Left,BASS,5,0.709,0.709,False,0.23,-15.0,0
Note_001937,42,88448.25,25.86,Left,INNER,4,0.709,0.709,True,0.23,-15.0,0
Note_001938,57,88448.25,103.45,Right,INNER,1,0.472,0.472,False,0.483,5.0,0
Note_001939,69,88448.25,103.45,Right,MELODY,4,0.472,0.472,False,0.483,5.0,0
Note_001940,35,88551.7,206.9,Left,BASS,3,0.787,0.787,False,0.192,15.0,-12
Note_001941,36,88551.7,25.86,Left,INNER,2,0.709,0.709,False,0.192,15.0,-12
Note_001942,42,88551.7,25.86,Left,INNER,1,0.709,0.709,True,0.192,15.0,-12
Note_001943,59,88551.7,103.45,Right,INNER,1,0.709,0.709,False,0.483,5.0,0
Note_001944,59,88551.7,103.45,Right,INNER,2,0.709,0.709,False,0.483,5.0,0
Note_001945,71,88551.7,103.45,Right,MELODY,5,0.709,0.709,False,0.483,5.0,0
Note_001946,40,88655.15,25.86,Left,BASS,5,0.709,0.709,False,0.218,-10.0,0
Note_001947,59,88655.15,103.45,Right,INNER,1,0.472,0.472,False,0.513,0.0,0
Note_001948,62,88655.15,103.45,Right,INNER,2,0.709,0.709,False,0.513,0.0,0
Note_001949,62,88655.15,103.45,Right,INNER,3,0.709,0.709,False,0.513,0.0,0
Note_001950,71,88655.15,103.45,Right,INNER,4,0.472,0.472,False,0.513,0.0,0
Note_001951,74,88655.15,103.45,Right,MELODY,5,0.709,0.709,False,0.513,0.0,0
Note_001952,42,88758.6,25.86,Left,BASS,2,0.709,0.709,True,0.241,5.0,0
Note_001953,62,88758.6,103.45,Right,INNER,1,0.472,0.472,False,0.54,5.0,0
Note_001954,74,88758.6,103.45,Right,MELODY,4,0.472,0.472,False,0.54,5.0,0
Note_001955,33,88862.05,206.9,Left,BASS,5,0.787,0.787,False,0.19,-5.0,0
Note_001956,42,88862.05,25.86,Left,INNER,2,0.709,0.709,True,0.19,-5.0,0
Note_001957,57,88862.05,310.34,Right,INNER,1,0.709,0.709,False,0.46,5.0,0
Note_001958,57,88862.05,310.34,Right,INNER,2,0.709,0.709,False,0.46,5.0,0
Note_001959,69,88862.05,310.34,Right,MELODY,5,0.709,0.709,False,0.46,5.0,0
Note_001960,40,88965.49,25.86,Left,BASS,2,0.709,0.709,False,0.23,15.0,-12
Note_001961,42,88965.49,25.86,Left,INNER,1,0.709,0.709,True,0.23,15.0,-12
Note_001962,31,89172.39,310.34,Left,BASS,5,0.787,0.787,False,0.178,-5.0,0
Note_001963,42,89172.39,25.86,Left,INNER,2,0.709,0.709,True,0.178,-5.0,0
Note_001964,42,89275.84,25.86,Left,BASS,2,0.709,0.709,True,0.241,5.0,0
Note_001965,36,89379.29,25.86,Left,BASS,5,0.709,0.709,False,0.207,-5.0,0
Note_001966,42,89379.29,25.86,Left,INNER,2,0.709,0.709,True,0.207,-5.0,0
Note_001967,67,89379.29,310.34,Right,INNER,2,0.669,0.669,False,0.552,-5.0,0
Note_001968,71,89379.29,310.34,Right,MELODY,5,0.669,0.669,False,0.552,-5.0,0
Note_001969,31,89586.18,103.45,Left,BASS,5,0.787,0.787,False,0.178,-0.0,-12
Note_001970,42,89586.18,25.86,Left,INNER,1,0.709,0.709,True,0.178,-0.0,-12
Note_001971,71,89586.18,103.45,Right,MELODY,4,0.63,0.63,False,0.575,-5.0,0
Note_001972,42,89689.63,25.86,Left,BASS,2,0.709,0.709,True,0.241,5.0,0
Note_001973,26,89793.08,413.79,Left,BASS,5,0.787,0.787,False,0.172,-5.0,0
Note_001974,40,89793.08,25.86,Left,INNER,3,0.709,0.709,False,0.172,-5.0,0
Note_001975,42,89793.08,25.86,Left,INNER,2,0.709,0.709,True,0.172,-5.0,0
Note_001976,67,89793.08,310.34,Right,INNER,1,0.669,0.669,False,0.559,10.0,0
Note_001977,71,89793.08,103.45,Right,INNER,2,0.63,0.63,False,0.559,10.0,0
Note_001978,71,89793.08,310.34,Right,MELODY,4,0.669,0.669,False,0.559,10.0,0
Note_001979,67,89896.53,103.45,Right,MELODY,5,0.63,0.63,False,0.529,-10.0,0
Note_001980,42,89999.98,25.86,Left,BASS,2,0.709,0.709,True,0.241,5.0,0
Note_001981,42,90103.43,25.86,Left,BASS,2,0.709,0.709,True,0.241,5.0,0
Note_001982,29,90206.87,310.34,Left,BASS,5,0.787,0.787,False,0.169,-5.0,0
Note_001983,36,90206.87,25.86,Left,INNER,3,0.709,0.709,False,0.169,-5.0,0
Note_001984,42,90206.87,25.86,Left,INNER,2,0.709,0.709,True,0.169,-5.0,0
Note_001985,67,90206.87,206.9,Right,INNER,1,0.669,0.669,False,0.567,10.0,0
Note_001986,72,90206.87,310.34,Right,INNER,2,0.63,0.63,False,0.567,10.0,0
Note_001987,72,90206.87,206.9,Right,MELODY,4,0.669,0.669,False,0.567,10.0,0
Note_001988,46,90413.77,25.86,Left,BASS,2,0.709,0.709,True,0.287,5.0,0
Note_001989,31,90517.22,310.34,Left,BASS,5,0.787,0.787,False,0.115,-10.0,0
Note_001990,67,90517.22,206.9,Right,INNER,2,0.669,0.669,False,0.559,-0.0,0
Note_001991,71,90517.22,103.45,Right,INNER,3,0.63,0.63,False,0.559,-0.0,0
Note_001992,71,90517.22,206.9,Right,MELODY,4,0.669,0.669,False,0.559,-0.0,0
Note_001993,40,90620.67,25.86,Left,BASS,3,0.709,0.709,False,0.23,5.0,0
Note_001994,42,90620.67,25.86,Left,INNER,2,0.709,0.709,True,0.23,5.0,0
Note_001995,36,90827.56,206.9,Left,BASS,5,0.787,0.787,False,0.207,-10.0,0
Note_001996,42,90827.56,25.86,Left,INNER,3,0.709,0.709,True,0.207,-10.0,0
Note_001997,40,90931.01,25.86,Left,BASS,2,0.551,0.551,False,0.23,15.0,-12
Note_001998,42,90931.01,25.86,Left,INNER,1,0.709,0.709,True,0.23,15.0,-12
Note_001999,40,90982.74,25.86,Left,BASS,1,0.551,0.551,False,0.218,10.0,0
Note_002000,36,91034.46,25.86,Left,BASS,5,0.709,0.709,False,0.207,-10.0,0
Note_002001,38,91034.46,206.9,Left,INNER,4,0.787,0.787,False,0.207,-10.0,0
Note_002002,40,91034.46,25.86,Left,INNER,3,0.551,0.551,False,0.207,-10.0,0
Note_002003,42,91034.46,25.86,Left,INNER,2,0.709,0.709,True,0.207,-10.0,0
Note_002004,57,91034.46,206.9,Right,INNER,2,0.709,0.709,False,0.414,5.0,0
Note_002005,42,91241.36,25.86,Left,BASS,5,0.709,0.709,True,0.352,5.0,12
Note_002006,54,91241.36,206.9,Left,INNER,2,0.787,0.787,True,0.352,5.0,12
Note_002007,59,91241.36,103.45,Left,INNER,1,0.709,0.709,False,0.352,5.0,12
Note_002008,57,91241.36,103.45,Right,INNER,1,0.709,0.709,False,0.483,5.0,0
Note_002009,69,91241.36,103.45,Right,MELODY,4,0.709,0.709,False,0.483,5.0,0
Note_002010,42,91344.8,25.86,Left,BASS,5,0.709,0.709,True,0.241,-10.0,12
Note_002011,57,91344.8,103.45,Right,INNER,1,0.472,0.472,False,0.479,10.0,0
Note_002012,62,91344.8,103.45,Right,INNER,2,0.709,0.709,False,0.479,10.0,0
Note_002013,69,91344.8,103.45,Right,MELODY,4,0.472,0.472,False,0.479,10.0,0
Note_002014,36,91448.25,206.9,Left,BASS,5,0.787,0.787,False,0.211,5.0,-12
Note_002015,40,91448.25,25.86,Left,INNER,2,0.709,0.709,False,0.211,5.0,-12
Note_002016,42,91448.25,25.86,Left,INNER,1,0.709,0.709,True,0.211,5.0,-12
Note_002017,59,91448.25,103.45,Right,INNER,1,0.709,0.709,False,0.506,5.0,0
Note_002018,71,91448.25,103.45,Right,MELODY,4,0.709,0.709,False,0.506,5.0,0
Note_002019,59,91551.7,103.45,Right,INNER,1,0.472,0.472,False,0.523,0.0,0
Note_002020,62,91551.7,103.45,Right,INNER,2,0.709,0.709,False,0.523,0.0,0
Note_002021,71,91551.7,103.45,Right,INNER,4,0.472,0.472,False,0.523,0.0,0
Note_002022,74,91551.7,103.45,Right,MELODY,5,0.709,0.709,False,0.523,0.0,0
Note_002023,42,91655.15,25.86,Left,BASS,3,0.709,0.709,True,0.322,15.0,0
Note_002024,48,91655.15,206.9,Left,INNER,2,0.787,0.787,False,0.322,15.0,0
Note_002025,57,91655.15,103.45,Left,INNER,1,0.709,0.709,False,0.322,15.0,0
Note_002026,62,91655.15,103.45,Right,INNER,1,0.472,0.472,False,0.54,5.0,0
Note_002027,74,91655.15,103.45,Right,MELODY,4,0.472,0.472,False,0.54,5.0,0
Note_002028,40,91758.6,25.86,Left,BASS,5,0.709,0.709,False,0.23,-10.0,0
Note_002029,42,91758.6,25.86,Left,INNER,3,0.709,0.709,True,0.23,-10.0,0
Note_002030,66,91758.6,310.34,Right,INNER,2,0.709,0.709,True,0.586,-5.0,-12
Note_002031,78,91758.6,310.34,Right,MELODY,5,0.709,0.709,True,0.586,-5.0,-12
Note_002032,35,91862.05,103.45,Left,BASS,5,0.787,0.787,False,0.192,5.0,-12
Note_002033,36,91862.05,25.86,Left,INNER,2,0.709,0.709,False,0.192,5.0,-12
Note_002034,42,91862.05,25.86,Left,INNER,1,0.709,0.709,True,0.192,5.0,-12
Note_002035,57,91862.05,103.45,Right,INNER,1,0.709,0.709,False,0.414,10.0,0
Note_002036,40,91965.49,25.86,Left,BASS,2,0.709,0.709,False,0.259,15.0,0
Note_002037,47,91965.49,103.45,Left,INNER,1,0.787,0.787,False,0.259,15.0,0
Note_002038,59,91965.49,103.45,Right,INNER,2,0.709,0.709,False,0.437,5.0,0
Note_002039,42,92068.94,25.86,Left,BASS,2,0.709,0.709,True,0.241,5.0,0
Note_002040,62,92068.94,103.45,Right,INNER,1,0.709,0.709,False,0.54,5.0,0
Note_002041,74,92068.94,103.45,Right,MELODY,4,0.709,0.709,False,0.54,5.0,0
Note_002042,33,92172.39,310.34,Left,BASS,5,0.787,0.787,False,0.19,-5.0,0
Note_002043,42,92172.39,25.86,Left,INNER,2,0.709,0.709,True,0.19,-5.0,0
Note_002044,62,92172.39,103.45,Right,INNER,1,0.709,0.709,False,0.517,5.0,0
Note_002045,62,92172.39,103.45,Right,INNER,2,0.472,0.472,False,0.517,5.0,0
Note_002046,74,92172.39,103.45,Right,MELODY,5,0.472,0.472,False,0.517,5.0,0
Note_002047,40,92275.84,25.86,Left,BASS,2,0.709,0.709,False,0.23,15.0,-12
Note_002048,42,92275.84,25.86,Left,INNER,1,0.709,0.709,True,0.23,15.0,-12
Note_002049,60,92275.84,103.45,Right,INNER,1,0.709,0.709,False,0.517,0.0,0
Note_002050,72,92275.84,103.45,Right,MELODY,5,0.709,0.709,False,0.517,0.0,0
Note_002051,60,92379.29,103.45,Right,INNER,1,0.472,0.472,False,0.517,5.0,0
Note_002052,72,92379.29,103.45,Right,MELODY,4,0.472,0.472,False,0.517,5.0,0
Note_002053,31,92482.74,413.79,Left,BASS,5,0.787,0.787,False,0.178,-5.0,0
Note_002054,42,92482.74,25.86,Left,INNER,2,0.709,0.709,True,0.178,-5.0,0
Note_002055,62,92482.74,206.9,Right,INNER,1,0.709,0.709,False,0.54,5.0,0
Note_002056,74,92482.74,206.9,Right,MELODY,4,0.709,0.709,False,0.54,5.0,0
Note_002057,42,92586.18,25.86,Left,BASS,2,0.709,0.709,True,0.241,5.0,0
Note_002058,36,92689.63,25.86,Left,BASS,5,0.709,0.709,False,0.207,-10.0,0
Note_002059,42,92689.63,25.86,Left,INNER,3,0.709,0.709,True,0.207,-10.0,0
Note_002060,43,92896.53,206.9,Left,BASS,3,0.787,0.787,False,0.27,5.0,0
Note_002061,46,92896.53,25.86,Left,INNER,2,0.709,0.709,True,0.27,5.0,0
Note_002062,67,92896.53,206.9,Right,INNER,1,0.669,0.669,False,0.559,15.0,0
Note_002063,71,92896.53,103.45,Right,INNER,2,0.63,0.63,False,0.559,15.0,0
Note_002064,71,92896.53,206.9,Right,MELODY,3,0.669,0.669,False,0.559,15.0,0
Note_002065,40,93103.42,25.86,Left,INNER,2,0.709,0.709,False,0.192,5.0,-12
Note_002066,42,93103.42,25.86,Left,INNER,1,0.709,0.709,True,0.192,5.0,-12
Note_002067,31,93103.43,103.45,Left,BASS,5,0.787,0.787,False,0.192,5.0,-12
Note_002068,67,93103.43,103.45,Right,MELODY,5,0.63,0.63,False,0.529,-10.0,0
Note_002069,35,93206.87,310.34,Left,BASS,5,0.787,0.787,False,0.161,-10.0,0
Note_002070,62,93206.87,103.45,Right,INNER,1,0.63,0.63,False,0.525,10.0,0
Note_002071,67,93206.87,206.9,Right,INNER,2,0.669,0.669,False,0.525,10.0,0
Note_002072,71,93206.87,206.9,Right,MELODY,4,0.669,0.669,False,0.525,10.0,0
Note_002073,42,93310.32,25.86,Left,BASS,2,0.709,0.709,True,0.241,5.0,0
Note_002074,42,93413.77,25.86,Left,BASS,2,0.709,0.709,True,0.241,5.0,0
Note_002075,36,93517.22,25.86,Left,BASS,5,0.709,0.709,False,0.195,-5.0,0
Note_002076,36,93517.22,310.34,Left,INNER,3,0.787,0.787,False,0.195,-5.0,0
Note_002077,42,93517.22,25.86,Left,INNER,2,0.709,0.709,True,0.195,-5.0,0
Note_002078,65,93517.22,310.34,Right,INNER,1,0.63,0.63,False,0.521,10.0,0
Note_002079,65,93517.22,206.9,Right,INNER,2,0.669,0.669,False,0.521,10.0,0
Note_002080,69,93517.22,206.9,Right,MELODY,4,0.669,0.669,False,0.521,10.0,0
Note_002081,46,93724.11,25.86,Left,BASS,2,0.709,0.709,True,0.287,5.0,0
Note_002082,37,93827.56,310.34,Left,BASS,5,0.787,0.787,True,0.184,-10.0,12
Note_002083,67,93827.56,103.45,Right,INNER,1,0.63,0.63,False,0.544,10.0,0
Note_002084,67,93827.56,206.9,Right,INNER,2,0.669,0.669,False,0.544,10.0,0
Note_002085,71,93827.56,206.9,Right,MELODY,4,0.669,0.669,False,0.544,10.0,0
Note_002086,40,93931.01,25.86,Left,BASS,3,0.709,0.709,False,0.264,15.0,0
Note_002087,42,93931.01,25.86,Left,INNER,2,0.709,0.709,True,0.264,15.0,0
Note_002088,50,93931.01,25.86,Left,INNER,1,0.709,0.709,False,0.264,15.0,0
Note_002089,48,94034.46,25.86,Left,BASS,5,0.709,0.709,False,0.31,-10.0,0
Note_002090,38,94137.91,206.9,Left,BASS,5,0.787,0.787,False,0.245,5.0,0
Note_002091,42,94137.91,25.86,Left,INNER,2,0.709,0.709,True,0.245,5.0,0
Note_002092,47,94137.91,25.86,Left,INNER,1,0.709,0.709,False,0.245,5.0,0
Note_002093,42,94241.36,25.86,Left,BASS,2,0.709,0.709,True,0.259,15.0,0
Note_002094,45,94241.36,25.86,Left,INNER,1,0.709,0.709,False,0.259,15.0,0
Note_002095,36,94344.8,25.86,Left,BASS,5,0.709,0.709,False,0.233,5.0,-12
Note_002096,38,94344.8,206.9,Left,INNER,3,0.787,0.787,False,0.233,5.0,-12
Note_002097,42,94344.8,25.86,Left,INNER,2,0.709,0.709,True,0.233,5.0,-12
Note_002098,49,94344.8,25.86,Left,INNER,1,0.709,0.709,True,0.233,5.0,-12
Note_002099,69,94344.8,206.9,Right,INNER,2,0.669,0.669,False,0.569,0.0,0
Note_002100,72,94344.8,206.9,Right,MELODY,4,0.669,0.669,False,0.569,0.0,0
Note_002101,42,94551.7,25.86,Left,BASS,2,0.709,0.709,True,0.287,15.0,0
Note_002102,50,94551.7,206.9,Left,INNER,1,0.787,0.787,False,0.287,15.0,0
Note_002103,66,94551.7,103.45,Right,INNER,1,0.709,0.709,True,0.586,15.0,12
Note_002104,78,94551.7,103.45,Right,MELODY,2,0.709,0.709,True,0.586,15.0,12
Note_002105,42,94655.15,25.86,Left,BASS,2,0.709,0.709,True,0.241,5.0,0
Note_002106,66,94655.15,103.45,Right,INNER,2,0.472,0.472,True,0.578,-10.0,-12
Note_002107,69,94655.15,206.9,Right,INNER,3,0.669,0.669,False,0.578,-10.0,-12
Note_002108,72,94655.15,206.9,Right,INNER,4,0.669,0.669,False,0.578,-10.0,-12
Note_002109,78,94655.15,103.45,Right,MELODY,5,0.472,0.472,True,0.578,-10.0,-12
Note_002110,36,94758.6,206.9,Left,BASS,5,0.787,0.787,False,0.211,-5.0,0
Note_002111,40,94758.6,25.86,Left,INNER,3,0.709,0.709,False,0.211,-5.0,0
Note_002112,42,94758.6,25.86,Left,INNER,2,0.709,0.709,True,0.211,-5.0,0
Note_002113,62,94758.6,103.45,Right,INNER,1,0.709,0.709,False,0.54,15.0,0
Note_002114,74,94758.6,103.45,Right,MELODY,2,0.709,0.709,False,0.54,15.0,0
Note_002115,62,94862.05,103.45,Right,INNER,1,0.472,0.472,False,0.54,0.0,0
Note_002116,74,94862.05,103.45,Right,MELODY,5,0.472,0.472,False,0.54,0.0,0
Note_002117,42,94965.49,25.86,Left,BASS,2,0.709,0.709,True,0.241,5.0,0
Note_002118,57,94965.49,103.45,Right,INNER,1,0.709,0.709,False,0.483,5.0,0
Note_002119,69,94965.49,103.45,Right,MELODY,4,0.709,0.709,False,0.483,5.0,0
Note_002120,40,95068.94,25.86,Left,BASS,5,0.709,0.709,False,0.23,-5.0,0
Note_002121,42,95068.94,25.86,Left,INNER,2,0.709,0.709,True,0.23,-5.0,0
Note_002122,57,95068.94,103.45,Right,INNER,1,0.472,0.472,False,0.483,5.0,0
Note_002123,69,95068.94,103.45,Right,MELODY,4,0.472,0.472,False,0.483,5.0,0
Note_002124,35,95172.39,206.9,Left,BASS,3,0.787,0.787,False,0.192,15.0,-12
Note_002125,36,95172.39,25.86,Left,INNER,2,0.709,0.709,False,0.192,15.0,-12
Note_002126,42,95172.39,25.86,Left,INNER,1,0.709,0.709,True,0.192,15.0,-12
Note_002127,59,95172.39,310.34,Right,INNER,1,0.709,0.709,False,0.529,10.0,0
Note_002128,67,95172.39,206.9,Right,INNER,2,0.669,0.669,False,0.529,10.0,0
Note_002129,71,95172.39,206.9,Right,INNER,3,0.669,0.669,False,0.529,10.0,0
Note_002130,71,95172.39,310.34,Right,MELODY,4,0.709,0.709,False,0.529,10.0,0
Note_002131,40,95275.84,25.86,Left,BASS,5,0.709,0.709,False,0.218,-10.0,0
Note_002132,42,95379.29,25.86,Left,BASS,2,0.709,0.709,True,0.241,5.0,0
Note_002133,33,95482.73,206.9,Left,BASS,5,0.787,0.787,False,0.19,-5.0,0
Note_002134,42,95482.73,25.86,Left,INNER,2,0.709,0.709,True,0.19,-5.0,0
Note_002135,62,95482.73,103.45,Right,INNER,1,0.709,0.709,False,0.537,5.0,0
Note_002136,66,95482.73,206.9,Right,INNER,2,0.669,0.669,True,0.537,5.0,0
Note_002137,69,95482.73,206.9,Right,INNER,3,0.669,0.669,False,0.537,5.0,0
Note_002138,74,95482.73,103.45,Right,MELODY,5,0.709,0.709,False,0.537,5.0,0
Note_002139,40,95586.18,25.86,Left,BASS,2,0.709,0.709,False,0.23,15.0,-12
Note_002140,42,95586.18,25.86,Left,INNER,1,0.709,0.709,True,0.23,15.0,-12
Note_002141,62,95586.18,103.45,Right,INNER,1,0.472,0.472,False,0.54,0.0,0
Note_002142,74,95586.18,103.45,Right,MELODY,5,0.472,0.472,False,0.54,0.0,0
Note_002143,31,95793.08,310.34,Left,BASS,5,0.787,0.787,False,0.178,-5.0,0
Note_002144,42,95793.08,25.86,Left,INNER,2,0.709,0.709,True,0.178,-5.0,0
Note_002145,57,95793.08,103.45,Right,INNER,1,0.709,0.709,False,0.483,5.0,0
Note_002146,69,95793.08,103.45,Right,MELODY,4,0.709,0.709,False,0.483,5.0,0
Note_002147,42,95896.53,25.86,Left,BASS,2,0.709,0.709,True,0.241,5.0,0
Note_002148,57,95896.53,103.45,Right,INNER,1,0.472,0.472,False,0.483,5.0,0
Note_002149,69,95896.53,103.45,Right,MELODY,4,0.472,0.472,False,0.483,5.0,0
Note_002150,36,95999.98,25.86,Left,BASS,5,0.709,0.709,False,0.207,-5.0,0
Note_002151,42,95999.98,25.86,Left,INNER,2,0.709,0.709,True,0.207,-5.0,0
Note_002152,59,95999.98,103.45,Right,INNER,1,0.709,0.709,False,0.506,5.0,0
Note_002153,71,95999.98,103.45,Right,MELODY,4,0.709,0.709,False,0.506,5.0,0
Note_002154,59,96103.42,103.45,Right,INNER,1,0.472,0.472,False,0.506,0.0,0
Note_002155,71,96103.42,103.45,Right,MELODY,5,0.472,0.472,False,0.506,0.0,0
Note_002156,31,96206.87,103.45,Left,BASS,5,0.787,0.787,False,0.178,-0.0,-12
Note_002157,42,96206.87,25.86,Left,INNER,1,0.709,0.709,True,0.178,-0.0,-12
Note_002158,62,96206.87,103.45,Right,INNER,1,0.709,0.709,False,0.54,5.0,0
Note_002159,74,96206.87,103.45,Right,MELODY,4,0.709,0.709,False,0.54,5.0,0
Note_002160,42,96310.32,25.86,Left,BASS,2,0.709,0.709,True,0.241,5.0,0
Note_002161,62,96310.32,103.45,Right,INNER,1,0.472,0.472,False,0.54,5.0,0
Note_002162,74,96310.32,103.45,Right,MELODY,4,0.472,0.472,False,0.54,5.0,0
Note_002163,35,96413.77,206.9,Left,BASS,5,0.787,0.787,False,0.207,-5.0,0
Note_002164,40,96413.77,25.86,Left,INNER,3,0.709,0.709,False,0.207,-5.0,0
Note_002165,42,96413.77,25.86,Left,INNER,2,0.709,0.709,True,0.207,-5.0,0
Note_002166,64,96413.77,103.45,Right,INNER,1,0.709,0.709,False,0.567,10.0,0
Note_002167,71,96413.77,413.79,Right,INNER,2,0.669,0.669,False,0.567,10.0,0
Note_002168,76,96413.77,103.45,Right,MELODY,4,0.709,0.709,False,0.567,10.0,0
Note_002169,64,96517.22,103.45,Right,INNER,1,0.472,0.472,False,0.563,5.0,0
Note_002170,76,96517.22,103.45,Right,MELODY,4,0.472,0.472,False,0.563,5.0,0
Note_002171,26,96620.67,206.9,Left,BASS,5,0.787,0.787,False,0.149,-0.0,-12
Note_002172,42,96620.67,25.86,Left,INNER,1,0.709,0.709,True,0.149,-0.0,-12
Note_002173,66,96620.67,103.45,Right,INNER,1,0.709,0.709,True,0.586,5.0,12
Note_002174,78,96620.67,103.45,Right,MELODY,4,0.709,0.709,True,0.586,5.0,12
Note_002175,42,96724.11,25.86,Left,BASS,2,0.709,0.709,True,0.241,5.0,0
Note_002176,66,96724.11,103.45,Right,INNER,1,0.472,0.472,True,0.586,5.0,12
Note_002177,78,96724.11,103.45,Right,MELODY,4,0.472,0.472,True,0.586,5.0,12
Note_002178,29,96827.56,310.34,Left,BASS,5,0.787,0.787,False,0.169,-5.0,0
Note_002179,36,96827.56,25.86,Left,INNER,3,0.709,0.709,False,0.169,-5.0,0
Note_002180,42,96827.56,25.86,Left,INNER,2,0.709,0.709,True,0.169,-5.0,0
Note_002181,67,96827.56,103.45,Right,INNER,1,0.709,0.709,False,0.594,10.0,0
Note_002182,72,96827.56,103.45,Right,INNER,2,0.669,0.669,False,0.594,10.0,0
Note_002183,79,96827.56,103.45,Right,MELODY,4,0.709,0.709,False,0.594,10.0,0
Note_002184,66,96931.01,103.45,Right,INNER,1,0.709,0.709,True,0.589,-0.0,12
Note_002185,67,96931.01,103.45,Right,INNER,2,0.472,0.472,False,0.589,-0.0,12
Note_002186,71,96931.01,103.45,Right,INNER,3,0.669,0.669,False,0.589,-0.0,12
Note_002187,78,96931.01,103.45,Right,INNER,4,0.709,0.709,True,0.589,-0.0,12
Note_002188,79,96931.01,103.45,Right,MELODY,5,0.472,0.472,False,0.589,-0.0,12
Note_002189,46,97034.46,25.86,Left,BASS,2,0.709,0.709,True,0.287,5.0,0
Note_002190,66,97034.46,103.45,Right,INNER,1,0.472,0.472,True,0.586,0.0,0
Note_002191,78,97034.46,103.45,Right,MELODY,5,0.472,0.472,True,0.586,0.0,0
Note_002192,31,97137.91,310.34,Left,BASS,5,0.787,0.787,False,0.115,-10.0,0
Note_002193,62,97137.91,310.34,Right,INNER,1,0.709,0.709,False,0.536,10.0,0
Note_002194,67,97137.91,517.24,Right,INNER,2,0.669,0.669,False,0.536,10.0,0
Note_002195,74,97137.91,310.34,Right,MELODY,4,0.709,0.709,False,0.536,10.0,0
Note_002196,40,97241.35,25.86,Left,BASS,3,0.709,0.709,False,0.23,5.0,0
Note_002197,42,97241.35,25.86,Left,INNER,2,0.709,0.709,True,0.23,5.0,0
Note_002198,31,97448.25,206.9,Left,BASS,2,0.787,0.787,False,0.178,15.0,-12
Note_002199,42,97448.25,25.86,Left,INNER,1,0.709,0.709,True,0.178,15.0,-12
Note_002200,40,97551.7,25.86,Left,BASS,5,0.551,0.551,False,0.23,-10.0,0
Note_002201,42,97551.7,25.86,Left,INNER,3,0.709,0.709,True,0.23,-10.0,0
Note_002202,40,97603.42,25.86,Left,BASS,5,0.551,0.551,False,0.218,-10.0,0
Note_002203,29,97655.15,413.79,Left,BASS,5,0.787,0.787,False,0.181,5.0,-12
Note_002204,36,97655.15,25.86,Left,INNER,3,0.709,0.709,False,0.181,5.0,-12
Note_002205,40,97655.15,25.86,Left,INNER,2,0.551,0.551,False,0.181,5.0,-12
Note_002206,42,97655.15,25.86,Left,INNER,1,0.709,0.709,True,0.181,5.0,-12
Note_002207,69,97655.15,310.34,Right,INNER,1,0.669,0.669,False,0.598,5.0,0
Note_002208,69,97655.15,103.45,Right,INNER,2,0.709,0.709,False,0.598,5.0,0
Note_002209,81,97655.15,103.45,Right,MELODY,5,0.709,0.709,False,0.598,5.0,0
Note_002210,69,97758.6,103.45,Right,INNER,2,0.472,0.472,False,0.621,-5.0,0
Note_002211,81,97758.6,103.45,Right,MELODY,5,0.472,0.472,False,0.621,-5.0,0
Note_002212,42,97862.04,25.86,Left,BASS,2,0.709,0.709,True,0.241,5.0,0
Note_002213,65,97862.04,103.45,Right,INNER,1,0.709,0.709,False,0.575,5.0,0
Note_002214,77,97862.04,103.45,Right,MELODY,4,0.709,0.709,False,0.575,5.0,0
Note_002215,42,97965.49,25.86,Left,BASS,2,0.709,0.709,True,0.241,5.0,0
Note_002216,65,97965.49,103.45,Right,INNER,1,0.669,0.669,False,0.552,5.0,0
Note_002217,65,97965.49,103.45,Right,INNER,2,0.472,0.472,False,0.552,5.0,0
Note_002218,77,97965.49,103.45,Right,MELODY,5,0.472,0.472,False,0.552,5.0,0
Note_002219,40,98068.94,25.86,Left,BASS,5,0.709,0.709,False,0.23,-5.0,0
Note_002220,41,98068.94,103.45,Left,INNER,3,0.787,0.787,False,0.23,-5.0,0
Note_002221,42,98068.94,25.86,Left,INNER,2,0.709,0.709,True,0.23,-5.0,0
Note_002222,63,98068.94,103.45,Right,INNER,1,0.709,0.709,True,0.552,0.0,0
Note_002223,75,98068.94,103.45,Right,MELODY,5,0.709,0.709,True,0.552,0.0,0
Note_002224,63,98172.39,103.45,Right,INNER,1,0.472,0.472,True,0.563,0.0,12
Note_002225,65,98172.39,103.45,Right,INNER,2,0.709,0.709,False,0.563,0.0,12
Note_002226,75,98172.39,103.45,Right,INNER,4,0.472,0.472,True,0.563,0.0,12
Note_002227,77,98172.39,103.45,Right,MELODY,5,0.709,0.709,False,0.563,0.0,12
Note_002228,33,98275.84,206.9,Left,BASS,5,0.787,0.787,False,0.19,-0.0,-12
Note_002229,42,98275.84,25.86,Left,INNER,1,0.709,0.709,True,0.19,-0.0,-12
Note_002230,65,98275.84,103.45,Right,INNER,2,0.472,0.472,False,0.575,-5.0,0
Note_002231,77,98275.84,103.45,Right,MELODY,5,0.472,0.472,False,0.575,-5.0,0
Note_002232,42,98379.29,25.86,Left,BASS,2,0.709,0.709,True,0.241,5.0,0
Note_002233,60,98379.29,517.24,Right,INNER,1,0.709,0.709,False,0.517,15.0,0
Note_002234,72,98379.29,517.24,Right,MELODY,2,0.709,0.709,False,0.517,15.0,0
Note_002235,34,98482.73,103.45,Left,BASS,5,0.787,0.787,True,0.188,-5.0,12
Note_002236,36,98482.73,25.86,Left,INNER,3,0.709,0.709,False,0.188,-5.0,12
Note_002237,42,98482.73,25.86,Left,INNER,2,0.709,0.709,True,0.188,-5.0,12
Note_002238,74,98482.73,310.34,Right,MELODY,4,0.669,0.669,False,0.609,-5.0,0
Note_002239,34,98689.63,206.9,Left,BASS,3,0.787,0.787,True,0.195,10.0,-12
Note_002240,42,98689.63,25.86,Left,INNER,1,0.709,0.709,True,0.195,10.0,-12
Note_002241,42,98793.08,25.86,Left,BASS,2,0.709,0.709,True,0.241,5.0,0
Note_002242,77,98793.08,103.45,Right,MELODY,5,0.669,0.669,False,0.644,-10.0,0
Note_002243,35,98896.53,206.9,Left,BASS,4,0.787,0.787,False,0.207,-0.0,0
Note_002244,40,98896.53,25.86,Left,INNER,3,0.709,0.709,False,0.207,-0.0,0
Note_002245,42,98896.53,25.86,Left,INNER,2,0.709,0.709,True,0.207,-0.0,0
Note_002246,36,99103.42,206.9,Left,BASS,5,0.787,0.787,False,0.207,-15.0,0
Note_002247,42,99103.42,25.86,Left,INNER,4,0.709,0.709,True,0.207,-15.0,0
Note_002248,65,99103.42,103.45,Right,INNER,1,0.709,0.709,False,0.575,5.0,0
Note_002249,77,99103.42,103.45,Right,MELODY,4,0.709,0.709,False,0.575,5.0,0
Note_002250,42,99206.87,25.86,Left,BASS,2,0.709,0.709,True,0.241,5.0,0
Note_002251,65,99206.87,103.45,Right,INNER,1,0.472,0.472,False,0.575,5.0,0
Note_002252,77,99206.87,103.45,Right,MELODY,4,0.472,0.472,False,0.575,5.0,0
Note_002253,29,99310.32,25.86,Left,BASS,5,0.709,0.709,False,0.155,-10.0,0
Note_002254,31,99310.32,206.9,Left,INNER,4,0.787,0.787,False,0.155,-10.0,0
Note_002255,36,99310.32,25.86,Left,INNER,3,0.709,0.709,False,0.155,-10.0,0
Note_002256,42,99310.32,25.86,Left,INNER,2,0.709,0.709,True,0.155,-10.0,0
Note_002257,67,99310.32,206.9,Right,INNER,1,0.669,0.669,False,0.578,5.0,0
Note_002258,67,99310.32,103.45,Right,INNER,2,0.709,0.709,False,0.578,5.0,0
Note_002259,72,99310.32,206.9,Right,INNER,3,0.669,0.669,False,0.578,5.0,0
Note_002260,79,99310.32,103.45,Right,MELODY,5,0.709,0.709,False,0.578,5.0,0
Note_002261,67,99413.77,103.45,Right,INNER,2,0.472,0.472,False,0.598,-5.0,0
Note_002262,79,99413.77,103.45,Right,MELODY,5,0.472,0.472,False,0.598,-5.0,0
Note_002263,29,99517.22,25.86,Left,BASS,5,0.709,0.709,False,0.167,-0.0,-12
Note_002264,42,99517.22,25.86,Left,INNER,1,0.709,0.709,True,0.167,-0.0,-12
Note_002265,26,99620.66,206.9,Left,BASS,5,0.787,0.787,False,0.149,-0.0,-12
Note_002266,42,99620.66,25.86,Left,INNER,1,0.709,0.709,True,0.149,-0.0,-12
Note_002267,67,99620.66,206.9,Right,INNER,1,0.669,0.669,False,0.575,5.0,0
Note_002268,67,99620.66,206.9,Right,INNER,2,0.709,0.709,False,0.575,5.0,0
Note_002269,71,99620.66,206.9,Right,INNER,3,0.669,0.669,False,0.575,5.0,0
Note_002270,79,99620.66,206.9,Right,MELODY,5,0.709,0.709,False,0.575,5.0,0
Note_002271,40,99724.11,25.86,Left,BASS,3,0.709,0.709,False,0.261,15.0,-12
Note_002272,42,99724.11,25.86,Left,INNER,2,0.709,0.709,True,0.261,15.0,-12
Note_002273,49,99724.11,25.86,Left,INNER,1,0.709,0.709,True,0.261,15.0,-12
Note_002274,29,99931.01,25.86,Left,BASS,5,0.709,0.709,False,0.167,-0.0,-12
Note_002275,42,99931.01,25.86,Left,INNER,1,0.709,0.709,True,0.167,-0.0,-12
Note_002276,30,100034.46,25.86,Left,BASS,2,0.709,0.709,True,0.172,15.0,-12
Note_002277,42,100034.46,25.86,Left,INNER,1,0.709,0.709,True,0.172,15.0,-12
Note_002278,29,100137.91,25.86,Left,BASS,5,0.709,0.709,False,0.169,-5.0,0
Note_002279,36,100137.91,25.86,Left,INNER,3,0.709,0.709,False,0.169,-5.0,0
Note_002280,42,100137.91,25.86,Left,INNER,2,0.709,0.709,True,0.169,-5.0,0
Note_002281,30,100241.35,25.86,Left,BASS,5,0.709,0.709,True,0.103,-10.0,12
Note_002282,29,100344.8,25.86,Left,BASS,5,0.709,0.709,False,0.167,-0.0,-12
Note_002283,42,100344.8,25.86,Left,INNER,1,0.709,0.709,True,0.167,-0.0,-12
Note_002284,42,100448.25,25.86,Left,BASS,2,0.709,0.709,True,0.241,5.0,0
Note_002285,42,100551.7,25.86,Left,BASS,3,0.709,0.709,True,0.276,5.0,0
Note_002286,48,100551.7,25.86,Left,INNER,2,0.866,0.866,False,0.276,5.0,0
Note_002287,47,100655.15,25.86,Left,BASS,1,0.866,0.866,False,0.299,10.0,0
Note_002288,42,100758.6,25.86,Left,BASS,2,0.709,0.709,True,0.241,5.0,0
Note_002289,40,100862.04,25.86,Left,BASS,5,0.551,0.551,False,0.23,-5.0,0
Note_002290,42,100862.04,25.86,Left,INNER,2,0.709,0.709,True,0.23,-5.0,0
Note_002291,40,100913.77,25.86,Left,BASS,5,0.551,0.551,False,0.218,-10.0,0
Note_002292,36,100965.49,25.86,Left,BASS,5,0.709,0.709,False,0.23,-0.0,-12
Note_002293,38,100965.49,206.9,Left,INNER,4,0.787,0.787,False,0.23,-0.0,-12
Note_002294,40,100965.49,25.86,Left,INNER,3,0.551,0.551,False,0.23,-0.0,-12
Note_002295,42,100965.49,25.86,Left,INNER,2,0.709,0.709,True,0.23,-0.0,-12
Note_002296,49,100965.49,25.86,Left,INNER,1,0.709,0.709,True,0.23,-0.0,-12
Note_002297,57,100965.49,206.9,Right,INNER,2,0.709,0.709,False,0.414,5.0,0
Note_002298,42,101172.39,25.86,Left,BASS,5,0.709,0.709,True,0.337,5.0,12
Note_002299,50,101172.39,103.45,Left,INNER,2,0.787,0.787,False,0.337,5.0,12
Note_002300,59,101172.39,103.45,Left,INNER,1,0.709,0.709,False,0.337,5.0,12
Note_002301,77,101172.39,51.72,Right,MELODY,4,0.709,0.709,False,0.644,-5.0,0
Note_002302,74,101224.11,155.17,Right,INNER,3,0.709,0.709,False,0.632,-5.0,0
Note_002303,78,101224.11,155.17,Right,MELODY,4,0.709,0.709,True,0.632,-5.0,0
Note_002304,42,101275.84,25.86,Left,BASS,5,0.709,0.709,True,0.241,-10.0,12
Note_002305,62,101275.84,103.45,Right,INNER,2,0.709,0.709,False,0.471,5.0,0
Note_002306,40,101379.28,25.86,Left,INNER,2,0.709,0.709,False,0.211,5.0,-12
Note_002307,42,101379.28,25.86,Left,INNER,1,0.709,0.709,True,0.211,5.0,-12
Note_002308,36,101379.29,413.79,Left,BASS,5,0.787,0.787,False,0.211,5.0,-12
Note_002309,76,101379.29,103.45,Right,MELODY,5,0.709,0.709,False,0.632,-10.0,0
Note_002310,42,101586.18,25.86,Left,BASS,2,0.709,0.709,True,0.299,15.0,0
Note_002311,52,101586.18,103.45,Left,INNER,1,0.709,0.709,False,0.299,15.0,0
Note_002312,74,101586.18,103.45,Right,MELODY,4,0.709,0.709,False,0.609,-5.0,0
Note_002313,42,101689.63,25.86,Left,BASS,5,0.709,0.709,True,0.31,-5.0,12
Note_002314,54,101689.63,103.45,Left,INNER,2,0.709,0.709,True,0.31,-5.0,12
Note_002315,72,101689.63,310.34,Right,INNER,1,0.709,0.709,False,0.609,5.0,0
Note_002316,76,101689.63,310.34,Right,MELODY,4,0.709,0.709,False,0.609,5.0,0
Note_002317,35,101793.08,206.9,Left,BASS,5,0.787,0.787,False,0.192,5.0,-12
Note_002318,36,101793.08,25.86,Left,INNER,2,0.709,0.709,False,0.192,5.0,-12
Note_002319,42,101793.08,25.86,Left,INNER,1,0.709,0.709,True,0.192,5.0,-12
Note_002320,57,101896.53,103.45,Left,BASS,1,0.709,0.709,False,0.414,10.0,0
Note_002321,42,101999.97,25.86,Left,BASS,2,0.709,0.709,True,0.241,5.0,0
Note_002322,69,101999.97,206.9,Right,INNER,1,0.709,0.709,False,0.58,5.0,0
Note_002323,74,101999.97,206.9,Right,MELODY,4,0.709,0.709,False,0.58,5.0,0
Note_002324,33,102103.42,206.9,Left,BASS,5,0.787,0.787,False,0.19,-5.0,0
Note_002325,42,102103.42,25.86,Left,INNER,2,0.709,0.709,True,0.19,-5.0,0
Note_002326,40,102206.87,25.86,Left,BASS,3,0.709,0.709,False,0.28,15.0,-12
Note_002327,42,102206.87,25.86,Left,INNER,2,0.709,0.709,True,0.28,15.0,-12
Note_002328,54,102206.87,103.45,Left,INNER,1,0.709,0.709,True,0.28,15.0,-12
Note_002329,71,102206.87,206.9,Right,MELODY,5,0.709,0.709,False,0.575,-10.0,0
Note_002330,31,102413.77,413.79,Left,BASS,5,0.787,0.787,False,0.178,-0.0,-12
Note_002331,42,102413.77,25.86,Left,INNER,1,0.709,0.709,True,0.178,-0.0,-12
Note_002332,57,102413.77,103.45,Right,INNER,2,0.709,0.709,False,0.483,-5.0,0
Note_002333,69,102413.77,206.9,Right,MELODY,5,0.709,0.709,False,0.483,-5.0,0
Note_002334,42,102517.22,25.86,Left,BASS,2,0.709,0.709,True,0.241,5.0,0
Note_002335,36,102620.66,25.86,Left,BASS,5,0.709,0.709,False,0.207,-5.0,0
Note_002336,42,102620.66,25.86,Left,INNER,2,0.709,0.709,True,0.207,-5.0,0
Note_002337,71,102620.66,206.9,Right,INNER,1,0.709,0.709,False,0.575,15.0,0
Note_002338,71,102620.66,206.9,Right,MELODY,2,0.709,0.709,False,0.575,15.0,0
Note_002339,31,102827.56,206.9,Left,BASS,5,0.787,0.787,False,0.178,-0.0,-12
Note_002340,42,102827.56,25.86,Left,INNER,1,0.709,0.709,True,0.178,-0.0,-12
Note_002341,74,102827.56,206.9,Right,INNER,3,0.709,0.709,False,0.609,-5.0,0
Note_002342,74,102827.56,206.9,Right,MELODY,4,0.709,0.709,False,0.609,-5.0,0
Note_002343,42,102931.01,25.86,Left,BASS,2,0.709,0.709,True,0.241,5.0,0
Note_002344,35,103034.46,206.9,Left,BASS,5,0.787,0.787,False,0.207,-5.0,0
Note_002345,40,103034.46,25.86,Left,INNER,3,0.709,0.709,False,0.207,-5.0,0
Note_002346,42,103034.46,25.86,Left,INNER,2,0.709,0.709,True,0.207,-5.0,0
Note_002347,76,103034.46,206.9,Right,INNER,1,0.709,0.709,False,0.632,0.0,0
Note_002348,76,103034.46,206.9,Right,MELODY,5,0.709,0.709,False,0.632,0.0,0
Note_002349,26,103241.35,206.9,Left,BASS,5,0.787,0.787,False,0.149,-0.0,-12
Note_002350,42,103241.35,25.86,Left,INNER,1,0.709,0.709,True,0.149,-0.0,-12
Note_002351,74,103241.35,206.9,Right,INNER,1,0.709,0.709,False,0.609,5.0,0
Note_002352,74,103241.35,206.9,Right,MELODY,4,0.709,0.709,False,0.609,5.0,0
Note_002353,42,103344.8,25.86,Left,BASS,2,0.709,0.709,True,0.241,5.0,0
Note_002354,29,103448.25,206.9,Left,BASS,5,0.787,0.787,False,0.169,-5.0,0
Note_002355,36,103448.25,25.86,Left,INNER,3,0.709,0.709,False,0.169,-5.0,0
Note_002356,42,103448.25,25.86,Left,INNER,2,0.709,0.709,True,0.169,-5.0,0
Note_002357,65,103448.25,310.34,Right,INNER,1,0.709,0.709,False,0.572,5.0,0
Note_002358,69,103448.25,310.34,Right,INNER,2,0.709,0.709,False,0.572,5.0,0
Note_002359,72,103448.25,310.34,Right,INNER,3,0.709,0.709,False,0.572,5.0,0
Note_002360,77,103448.25,310.34,Right,MELODY,5,0.709,0.709,False,0.572,5.0,0
Note_002361,46,103655.15,25.86,Left,BASS,2,0.709,0.709,True,0.287,5.0,0
Note_002362,30,103758.59,206.9,Left,BASS,5,0.787,0.787,True,0.103,-10.0,12
Note_002363,67,103758.59,413.79,Right,INNER,1,0.709,0.709,False,0.569,10.0,0
Note_002364,69,103758.59,413.79,Right,INNER,2,0.709,0.709,False,0.569,10.0,0
Note_002365,72,103758.59,413.79,Right,INNER,3,0.709,0.709,False,0.569,10.0,0
Note_002366,74,103758.59,413.79,Right,MELODY,4,0.709,0.709,False,0.569,10.0,0
Note_002367,40,103862.04,25.86,Left,BASS,3,0.709,0.709,False,0.23,5.0,0
Note_002368,42,103862.04,25.86,Left,INNER,2,0.709,0.709,True,0.23,5.0,0
Note_002369,31,104068.94,206.9,Left,BASS,2,0.787,0.787,False,0.178,15.0,-12
Note_002370,42,104068.94,25.86,Left,INNER,1,0.709,0.709,True,0.178,15.0,-12
Note_002371,40,104172.39,25.86,Left,BASS,5,0.551,0.551,False,0.23,-10.0,0
Note_002372,42,104172.39,25.86,Left,INNER,3,0.709,0.709,True,0.23,-10.0,0
Note_002373,40,104224.11,25.86,Left,BASS,1,0.551,0.551,False,0.218,10.0,0
Note_002374,36,104275.84,25.86,Left,BASS,5,0.709,0.709,False,0.207,-10.0,0
Note_002375,38,104275.84,206.9,Left,INNER,4,0.787,0.787,False,0.207,-10.0,0
Note_002376,40,104275.84,25.86,Left,INNER,3,0.551,0.551,False,0.207,-10.0,0
Note_002377,42,104275.84,25.86,Left,INNER,2,0.709,0.709,True,0.207,-10.0,0
Note_002378,78,104275.84,206.9,Right,INNER,4,0.709,0.709,True,0.655,-15.0,-12
Note_002379,78,104275.84,206.9,Right,MELODY,5,0.709,0.709,True,0.655,-15.0,-12
Note_002380,42,104482.73,25.86,Left,BASS,5,0.709,0.709,True,0.352,5.0,12
Note_002381,54,104482.73,103.45,Left,INNER,2,0.787,0.787,True,0.352,5.0,12
Note_002382,59,104482.73,103.45,Left,INNER,1,0.709,0.709,False,0.352,5.0,12
Note_002383,79,104482.73,206.9,Right,INNER,1,0.709,0.709,False,0.667,5.0,0
Note_002384,79,104482.73,206.9,Right,MELODY,4,0.709,0.709,False,0.667,5.0,0
Note_002385,38,104586.18,103.45,Left,BASS,2,0.787,0.787,False,0.218,15.0,-12
Note_002386,42,104586.18,25.86,Left,INNER,1,0.709,0.709,True,0.218,15.0,-12
Note_002387,62,104586.18,103.45,Right,INNER,2,0.709,0.709,False,0.471,5.0,0
Note_002388,36,104689.63,413.79,Left,BASS,5,0.787,0.787,False,0.211,-5.0,0
Note_002389,40,104689.63,25.86,Left,INNER,3,0.709,0.709,False,0.211,-5.0,0
Note_002390,42,104689.63,25.86,Left,INNER,2,0.709,0.709,True,0.211,-5.0,0
Note_002391,78,104689.63,206.9,Right,INNER,3,0.709,0.709,True,0.655,-5.0,0
Note_002392,78,104689.63,206.9,Right,MELODY,4,0.709,0.709,True,0.655,-5.0,0
Note_002393,42,104896.53,25.86,Left,BASS,2,0.709,0.709,True,0.299,15.0,0
Note_002394,52,104896.53,103.45,Left,INNER,1,0.63,0.63,False,0.299,15.0,0
Note_002395,74,104896.53,206.9,Right,INNER,2,0.709,0.709,False,0.609,5.0,0
Note_002396,74,104896.53,206.9,Right,MELODY,3,0.709,0.709,False,0.609,5.0,0
Note_002397,42,104999.97,25.86,Left,BASS,2,0.709,0.709,True,0.241,5.0,0
Note_002398,35,105103.42,206.9,Left,BASS,5,0.787,0.787,False,0.233,5.0,0
Note_002399,36,105103.42,25.86,Left,INNER,3,0.709,0.709,False,0.233,5.0,0
Note_002400,42,105103.42,25.86,Left,INNER,2,0.709,0.709,True,0.233,5.0,0
Note_002401,52,105103.42,51.72,Left,INNER,1,0.63,0.63,False,0.233,5.0,0
Note_002402,71,105103.42,103.45,Right,INNER,1,0.709,0.709,False,0.575,15.0,0
Note_002403,71,105103.42,103.45,Right,MELODY,2,0.709,0.709,False,0.575,15.0,0
Note_002404,52,105206.87,51.72,Left,BASS,1,0.63,0.63,False,0.356,10.0,0
Note_002405,74,105206.87,206.9,Right,INNER,3,0.709,0.709,False,0.609,-5.0,0
Note_002406,74,105206.87,206.9,Right,MELODY,4,0.709,0.709,False,0.609,-5.0,0
Note_002407,42,105310.32,25.86,Left,BASS,2,0.709,0.709,True,0.293,15.0,-12
Note_002408,51,105310.32,206.9,Left,INNER,1,0.63,0.63,True,0.293,15.0,-12
Note_002409,33,105413.77,206.9,Left,BASS,5,0.787,0.787,False,0.19,-5.0,0
Note_002410,42,105413.77,25.86,Left,INNER,2,0.709,0.709,True,0.19,-5.0,0
Note_002411,76,105413.77,310.34,Right,INNER,1,0.709,0.709,False,0.632,0.0,0
Note_002412,76,105413.77,310.34,Right,MELODY,5,0.709,0.709,False,0.632,0.0,0
Note_002413,40,105517.21,25.86,Left,BASS,2,0.709,0.709,False,0.23,15.0,-12
Note_002414,42,105517.21,25.86,Left,INNER,1,0.709,0.709,True,0.23,15.0,-12
Note_002415,31,105724.11,413.79,Left,BASS,5,0.787,0.787,False,0.178,-5.0,0
Note_002416,42,105724.11,25.86,Left,INNER,2,0.709,0.709,True,0.178,-5.0,0
Note_002417,57,105724.11,103.45,Right,INNER,1,0.63,0.63,False,0.52,-0.0,0
Note_002418,62,105724.11,310.34,Right,INNER,2,0.709,0.709,False,0.52,-0.0,0
Note_002419,67,105724.11,310.34,Right,INNER,3,0.709,0.709,False,0.52,-0.0,0
Note_002420,71,105724.11,310.34,Right,INNER,4,0.709,0.709,False,0.52,-0.0,0
Note_002421,74,105724.11,1655.17,Right,MELODY,5,0.709,0.709,False,0.52,-0.0,0
Note_002422,42,105827.56,25.86,Left,BASS,2,0.709,0.709,True,0.241,5.0,0
Note_002423,29,105931.01,25.86,Left,BASS,5,0.709,0.709,False,0.169,-5.0,0
Note_002424,36,105931.01,25.86,Left,INNER,3,0.709,0.709,False,0.169,-5.0,0
Note_002425,42,105931.01,25.86,Left,INNER,2,0.709,0.709,True,0.169,-5.0,0
Note_002426,29,106137.9,25.86,Left,BASS,5,0.709,0.709,False,0.149,-0.0,-12
Note_002427,31,106137.9,103.45,Left,INNER,3,0.787,0.787,False,0.149,-0.0,-12
Note_002428,42,106137.9,25.86,Left,INNER,1,0.709,0.709,True,0.149,-0.0,-12
Note_002429,62,106137.9,51.72,Right,INNER,1,0.709,0.709,False,0.525,10.0,0
Note_002430,67,106137.9,51.72,Right,INNER,2,0.709,0.709,False,0.525,10.0,0
Note_002431,71,106137.9,51.72,Right,MELODY,4,0.709,0.709,False,0.525,10.0,0
Note_002432,42,106241.35,25.86,Left,BASS,2,0.709,0.709,True,0.241,5.0,0
Note_002433,26,106344.8,413.79,Left,BASS,5,0.787,0.787,False,0.152,-10.0,0
Note_002434,29,106344.8,25.86,Left,INNER,4,0.709,0.709,False,0.152,-10.0,0
Note_002435,40,106344.8,25.86,Left,INNER,3,0.709,0.709,False,0.152,-10.0,0
Note_002436,42,106344.8,25.86,Left,INNER,2,0.709,0.709,True,0.152,-10.0,0
Note_002437,62,106344.8,103.45,Right,INNER,1,0.709,0.709,False,0.525,5.0,0
Note_002438,67,106344.8,103.45,Right,INNER,2,0.709,0.709,False,0.525,5.0,0
Note_002439,71,106344.8,103.45,Right,MELODY,5,0.709,0.709,False,0.525,5.0,0
Note_002440,29,106551.7,25.86,Left,BASS,3,0.709,0.709,False,0.167,10.0,-12
Note_002441,42,106551.7,25.86,Left,INNER,1,0.709,0.709,True,0.167,10.0,-12
Note_002442,29,106603.42,25.86,Left,BASS,5,0.709,0.709,False,0.092,-10.0,0
Note_002443,29,106655.15,25.86,Left,BASS,5,0.709,0.709,False,0.167,-0.0,-12
Note_002444,42,106655.15,25.86,Left,INNER,1,0.709,0.709,True,0.167,-0.0,-12
Note_002445,29,106706.87,25.86,Left,BASS,5,0.709,0.709,False,0.092,-10.0,0
Note_002446,29,106758.59,310.34,Left,BASS,5,0.787,0.787,False,0.169,-5.0,0
Note_002447,36,106758.59,25.86,Left,INNER,3,0.709,0.709,False,0.169,-5.0,0
Note_002448,42,106758.59,25.86,Left,INNER,2,0.709,0.709,True,0.169,-5.0,0
Note_002449,64,106758.59,51.72,Right,INNER,1,0.709,0.709,False,0.536,5.0,0
Note_002450,67,106758.59,51.72,Right,INNER,2,0.709,0.709,False,0.536,5.0,0
Note_002451,72,106758.59,51.72,Right,MELODY,5,0.709,0.709,False,0.536,5.0,0
Note_002452,46,106965.49,25.86,Left,BASS,2,0.709,0.709,True,0.287,5.0,0
Note_002453,30,107068.94,310.34,Left,BASS,5,0.787,0.787,True,0.103,-10.0,12
Note_002454,62,107068.94,517.24,Right,INNER,1,0.709,0.709,False,0.525,5.0,0
Note_002455,67,107068.94,517.24,Right,INNER,2,0.709,0.709,False,0.525,5.0,0
Note_002456,71,107068.94,517.24,Right,MELODY,5,0.709,0.709,False,0.525,5.0,0
Note_002457,40,107172.39,25.86,Left,BASS,3,0.709,0.709,False,0.23,5.0,0
Note_002458,42,107172.39,25.86,Left,INNER,2,0.709,0.709,True,0.23,5.0,0
Note_002459,31,107379.28,206.9,Left,BASS,2,0.787,0.787,False,0.178,15.0,-12
Note_002460,42,107379.28,25.86,Left,INNER,1,0.709,0.709,True,0.178,15.0,-12
Note_002461,40,107482.73,25.86,Left,BASS,5,0.551,0.551,False,0.23,-10.0,0
Note_002462,42,107482.73,25.86,Left,INNER,3,0.709,0.709,True,0.23,-10.0,0
Note_002463,40,107534.46,25.86,Left,BASS,1,0.551,0.551,False,0.218,10.0,0
Note_002464,31,107586.18,206.9,Left,BASS,5,0.787,0.787,False,0.187,-10.0,0
Note_002465,36,107586.18,25.86,Left,INNER,4,0.709,0.709,False,0.187,-10.0,0
Note_002466,40,107586.18,25.86,Left,INNER,3,0.551,0.551,False,0.187,-10.0,0
Note_002467,42,107586.18,25.86,Left,INNER,2,0.709,0.709,True,0.187,-10.0,0
Note_002468,67,107586.18,103.45,Right,INNER,1,0.709,0.709,False,0.59,10.0,0
Note_002469,71,107586.18,1655.17,Right,INNER,2,0.709,0.709,False,0.59,10.0,0
Note_002470,79,107586.18,103.45,Right,MELODY,4,0.709,0.709,False,0.59,10.0,0
Note_002471,42,107793.08,25.86,Left,BASS,2,0.709,0.709,True,0.247,15.0,0
Note_002472,43,107793.08,103.45,Left,INNER,1,0.787,0.787,False,0.247,15.0,0
Note_002473,66,107793.08,103.45,Right,INNER,1,0.709,0.709,True,0.586,5.0,12
Note_002474,78,107793.08,103.45,Right,MELODY,4,0.709,0.709,True,0.586,5.0,12
Note_002475,31,107896.52,103.45,Left,BASS,5,0.787,0.787,False,0.178,-5.0,0
Note_002476,42,107896.52,25.86,Left,INNER,2,0.709,0.709,True,0.178,-5.0,0
Note_002477,31,107999.97,413.79,Left,BASS,5,0.787,0.787,False,0.192,5.0,-12
Note_002478,40,107999.97,25.86,Left,INNER,2,0.709,0.709,False,0.192,5.0,-12
Note_002479,42,107999.97,25.86,Left,INNER,1,0.709,0.709,True,0.192,5.0,-12
Note_002480,67,107999.97,103.45,Right,INNER,1,0.709,0.709,False,0.598,5.0,0
Note_002481,79,107999.97,103.45,Right,MELODY,4,0.709,0.709,False,0.598,5.0,0
Note_002482,69,108103.42,103.45,Right,INNER,1,0.709,0.709,False,0.621,5.0,0
Note_002483,81,108103.42,103.45,Right,MELODY,4,0.709,0.709,False,0.621,5.0,0
Note_002484,42,108206.87,25.86,Left,BASS,2,0.709,0.709,True,0.241,5.0,0
Note_002485,40,108310.32,25.86,Left,BASS,5,0.709,0.709,False,0.23,-5.0,0
Note_002486,42,108310.32,25.86,Left,INNER,2,0.709,0.709,True,0.23,-5.0,0
Note_002487,66,108310.32,310.34,Right,INNER,1,0.709,0.709,True,0.586,15.0,12
Note_002488,78,108310.32,310.34,Right,MELODY,2,0.709,0.709,True,0.586,15.0,12
Note_002489,35,108413.77,310.34,Left,BASS,3,0.787,0.787,False,0.192,15.0,-12
Note_002490,36,108413.77,25.86,Left,INNER,2,0.709,0.709,False,0.192,15.0,-12
Note_002491,42,108413.77,25.86,Left,INNER,1,0.709,0.709,True,0.192,15.0,-12
Note_002492,71,108413.77,103.45,Right,MELODY,4,0.709,0.709,False,0.575,-5.0,0
Note_002493,40,108517.21,25.86,Left,BASS,5,0.709,0.709,False,0.218,-10.0,0
Note_002494,42,108620.66,25.86,Left,BASS,2,0.709,0.709,True,0.241,5.0,0
Note_002495,62,108620.66,413.79,Right,INNER,1,0.709,0.709,False,0.54,15.0,0
Note_002496,74,108620.66,413.79,Right,MELODY,2,0.709,0.709,False,0.54,15.0,0
Note_002497,36,108724.11,310.34,Left,BASS,5,0.787,0.787,False,0.207,-5.0,0
Note_002498,42,108724.11,25.86,Left,INNER,2,0.709,0.709,True,0.207,-5.0,0
Note_002499,71,108724.11,517.24,Right,INNER,3,0.709,0.709,False,0.592,-5.0,0
Note_002500,74,108724.11,517.24,Right,MELODY,4,0.709,0.709,False,0.592,-5.0,0
Note_002501,40,108827.56,25.86,Left,BASS,2,0.709,0.709,False,0.23,15.0,-12
Note_002502,42,108827.56,25.86,Left,INNER,1,0.709,0.709,True,0.23,15.0,-12
Note_002503,38,109034.46,206.9,Left,BASS,5,0.787,0.787,False,0.218,-5.0,0
Note_002504,42,109034.46,25.86,Left,INNER,2,0.709,0.709,True,0.218,-5.0,0
Note_002505,62,109034.46,103.45,Right,INNER,1,0.709,0.709,False,0.54,15.0,0
Note_002506,74,109034.46,103.45,Right,MELODY,2,0.709,0.709,False,0.54,15.0,0
Note_002507,42,109137.9,25.86,Left,BASS,2,0.709,0.709,True,0.241,5.0,0
Note_002508,33,109241.35,206.9,Left,BASS,5,0.787,0.787,False,0.218,5.0,-12
Note_002509,36,109241.35,25.86,Left,INNER,3,0.709,0.709,False,0.218,5.0,-12
Note_002510,42,109241.35,25.86,Left,INNER,2,0.709,0.709,True,0.218,5.0,-12
Note_002511,49,109241.35,25.86,Left,INNER,1,0.709,0.709,True,0.218,5.0,-12
Note_002512,67,109241.35,103.45,Right,INNER,1,0.709,0.709,False,0.609,0.0,0
Note_002513,71,109241.35,103.45,Right,INNER,2,0.709,0.709,False,0.609,0.0,0
Note_002514,79,109241.35,206.9,Right,INNER,4,0.709,0.709,False,0.609,0.0,0
Note_002515,79,109241.35,103.45,Right,MELODY,5,0.709,0.709,False,0.609,0.0,0
Note_002516,42,109448.25,25.86,Left,BASS,2,0.709,0.709,True,0.259,15.0,0
Note_002517,45,109448.25,103.45,Left,INNER,1,0.787,0.787,False,0.259,15.0,0
Note_002518,66,109448.25,103.45,Right,INNER,1,0.709,0.709,True,0.609,5.0,0
Note_002519,78,109448.25,206.9,Right,INNER,2,0.709,0.709,True,0.609,5.0,0
Note_002520,78,109448.25,103.45,Right,MELODY,5,0.709,0.709,True,0.609,5.0,0
Note_002521,33,109551.7,103.45,Left,BASS,5,0.787,0.787,False,0.19,-5.0,0
Note_002522,42,109551.7,25.86,Left,INNER,2,0.709,0.709,True,0.19,-5.0,0
Note_002523,40,109655.14,25.86,Left,INNER,2,0.709,0.709,False,0.199,5.0,-12
Note_002524,42,109655.14,25.86,Left,INNER,1,0.709,0.709,True,0.199,5.0,-12
Note_002525,33,109655.15,413.79,Left,BASS,5,0.787,0.787,False,0.199,5.0,-12
Note_002526,67,109655.15,103.45,Right,INNER,1,0.709,0.709,False,0.618,5.0,0
Note_002527,74,109655.15,413.79,Right,INNER,2,0.709,0.709,False,0.618,5.0,0
Note_002528,79,109655.15,103.45,Right,INNER,3,0.709,0.709,False,0.618,5.0,0
Note_002529,79,109655.15,103.45,Right,MELODY,5,0.709,0.709,False,0.618,5.0,0
Note_002530,69,109758.59,103.45,Right,INNER,1,0.709,0.709,False,0.644,0.0,0
Note_002531,81,109758.59,206.9,Right,INNER,3,0.709,0.709,False,0.644,0.0,0
Note_002532,81,109758.59,103.45,Right,MELODY,5,0.709,0.709,False,0.644,0.0,0
Note_002533,42,109862.04,25.86,Left,BASS,2,0.709,0.709,True,0.241,5.0,0
Note_002534,42,109965.49,25.86,Left,BASS,2,0.709,0.709,True,0.241,5.0,0
Note_002535,66,109965.49,310.34,Right,INNER,1,0.709,0.709,True,0.609,10.0,12
Note_002536,78,109965.49,310.34,Right,INNER,2,0.709,0.709,True,0.609,10.0,12
Note_002537,78,109965.49,310.34,Right,MELODY,4,0.709,0.709,True,0.609,10.0,12
Note_002538,36,110068.94,25.86,Left,BASS,5,0.709,0.709,False,0.199,-5.0,0
Note_002539,37,110068.94,310.34,Left,INNER,3,0.787,0.787,True,0.199,-5.0,0
Note_002540,42,110068.94,25.86,Left,INNER,2,0.709,0.709,True,0.199,-5.0,0
Note_002541,71,110068.94,103.45,Right,INNER,3,0.709,0.709,False,0.592,-10.0,0
Note_002542,74,110068.94,103.45,Right,MELODY,5,0.709,0.709,False,0.592,-10.0,0
Note_002543,46,110275.83,25.86,Left,BASS,2,0.709,0.709,True,0.287,5.0,0
Note_002544,62,110275.83,103.45,Right,INNER,1,0.709,0.709,False,0.563,15.0,0
Note_002545,74,110275.83,206.9,Right,INNER,2,0.709,0.709,False,0.563,15.0,0
Note_002546,74,110275.83,103.45,Right,MELODY,3,0.709,0.709,False,0.563,15.0,0
Note_002547,38,110379.28,310.34,Left,BASS,5,0.787,0.787,False,0.195,-10.0,0
Note_002548,71,110379.28,310.34,Right,INNER,4,0.709,0.709,False,0.592,-15.0,0
Note_002549,74,110379.28,310.34,Right,MELODY,5,0.709,0.709,False,0.592,-15.0,0
Note_002550,40,110482.73,25.86,Left,BASS,3,0.709,0.709,False,0.23,5.0,0
Note_002551,42,110482.73,25.86,Left,INNER,2,0.709,0.709,True,0.23,5.0,0
Note_002552,59,110482.73,103.45,Right,INNER,1,0.709,0.709,False,0.529,15.0,0
Note_002553,71,110482.73,206.9,Right,INNER,2,0.709,0.709,False,0.529,15.0,0
Note_002554,71,110482.73,103.45,Right,MELODY,3,0.709,0.709,False,0.529,15.0,0
Note_002555,40,110689.63,413.79,Left,BASS,5,0.787,0.787,False,0.23,-10.0,0
Note_002556,42,110689.63,25.86,Left,INNER,3,0.709,0.709,True,0.23,-10.0,0
Note_002557,62,110689.63,1241.38,Right,INNER,1,0.709,0.709,False,0.546,0.0,0
Note_002558,64,110689.63,51.72,Right,INNER,2,0.709,0.709,False,0.546,0.0,0
Note_002559,74,110689.63,1241.38,Right,INNER,4,0.709,0.709,False,0.546,0.0,0
Note_002560,74,110689.63,1241.38,Right,MELODY,5,0.709,0.709,False,0.546,0.0,0
Note_002561,65,110741.35,362.07,Right,MELODY,3,0.709,0.709,False,0.506,0.0,0
Note_002562,40,110793.08,25.86,Left,BASS,2,0.551,0.551,False,0.23,15.0,-12
Note_002563,42,110793.08,25.86,Left,INNER,1,0.709,0.709,True,0.23,15.0,-12
Note_002564,40,110844.8,25.86,Left,BASS,1,0.551,0.551,False,0.218,10.0,0
Note_002565,36,110896.52,25.86,Left,BASS,4,0.709,0.709,False,0.211,0.0,0
Note_002566,40,110896.52,25.86,Left,INNER,3,0.551,0.551,False,0.211,0.0,0
Note_002567,42,110896.52,25.86,Left,INNER,2,0.709,0.709,True,0.211,0.0,0
Note_002568,38,111103.42,103.45,Left,BASS,5,0.787,0.787,False,0.218,-15.0,0
Note_002569,42,111103.42,25.86,Left,INNER,4,0.709,0.709,True,0.218,-15.0,0
Note_002570,62,111103.42,103.45,Right,INNER,1,0.709,0.709,False,0.511,15.0,0
Note_002571,69,111103.42,103.45,Right,MELODY,2,0.709,0.709,False,0.511,15.0,0
Note_002572,42,111206.87,25.86,Left,BASS,2,0.709,0.709,True,0.241,5.0,0
Note_002573,36,111310.32,413.79,Left,BASS,5,0.787,0.787,False,0.211,-5.0,0
Note_002574,40,111310.32,25.86,Left,INNER,3,0.709,0.709,False,0.211,-5.0,0
Note_002575,42,111310.32,25.86,Left,INNER,2,0.709,0.709,True,0.211,-5.0,0
Note_002576,64,111310.32,413.79,Right,INNER,1,0.709,0.709,False,0.54,5.0,0
Note_002577,72,111310.32,413.79,Right,MELODY,4,0.709,0.709,False,0.54,5.0,0
Note_002578,42,111517.21,25.86,Left,BASS,2,0.709,0.709,True,0.241,5.0,0
Note_002579,42,111620.66,25.86,Left,BASS,2,0.709,0.709,True,0.241,5.0,0
Note_002580,35,111724.11,206.9,Left,BASS,5,0.787,0.787,False,0.192,-5.0,0
Note_002581,36,111724.11,25.86,Left,INNER,3,0.709,0.709,False,0.192,-5.0,0
Note_002582,42,111724.11,25.86,Left,INNER,2,0.709,0.709,True,0.192,-5.0,0
Note_002583,62,111724.11,310.34,Right,INNER,1,0.709,0.709,False,0.523,5.0,0
Note_002584,71,111724.11,310.34,Right,MELODY,4,0.709,0.709,False,0.523,5.0,0
Note_002585,42,111931.01,25.86,Left,BASS,2,0.709,0.709,True,0.241,5.0,0
Note_002586,33,112034.45,206.9,Left,BASS,5,0.787,0.787,False,0.19,-5.0,0
Note_002587,42,112034.45,25.86,Left,INNER,2,0.709,0.709,True,0.19,-5.0,0
Note_002588,60,112034.45,310.34,Right,INNER,1,0.709,0.709,False,0.5,5.0,0
Note_002589,69,112034.45,310.34,Right,MELODY,4,0.709,0.709,False,0.5,5.0,0
Note_002590,40,112137.9,25.86,Left,BASS,2,0.709,0.709,False,0.23,15.0,-12
Note_002591,42,112137.9,25.86,Left,INNER,1,0.709,0.709,True,0.23,15.0,-12
Note_002592,31,112344.8,413.79,Left,BASS,5,0.787,0.787,False,0.178,-5.0,0
Note_002593,42,112344.8,25.86,Left,INNER,2,0.709,0.709,True,0.178,-5.0,0
Note_002594,62,112344.8,413.79,Right,INNER,1,0.709,0.709,False,0.5,5.0,0
Note_002595,67,112344.8,413.79,Right,MELODY,4,0.709,0.709,False,0.5,5.0,0
Note_002596,42,112448.25,25.86,Left,BASS,2,0.709,0.709,True,0.241,5.0,0
Note_002597,36,112551.7,25.86,Left,BASS,5,0.709,0.709,False,0.207,-5.0,0
Note_002598,42,112551.7,25.86,Left,INNER,2,0.709,0.709,True,0.207,-5.0,0
Note_002599,42,112758.59,25.86,Left,BASS,2,0.709,0.709,True,0.241,5.0,0
Note_002600,62,112758.59,103.45,Right,INNER,2,0.709,0.709,False,0.5,0.0,0
Note_002601,67,112758.59,103.45,Right,MELODY,4,0.709,0.709,False,0.5,0.0,0
Note_002602,31,112862.04,103.45,Left,BASS,5,0.787,0.787,False,0.178,-5.0,0
Note_002603,42,112862.04,25.86,Left,INNER,2,0.709,0.709,True,0.178,-5.0,0
Note_002604,35,112965.49,206.9,Left,BASS,5,0.787,0.787,False,0.207,5.0,-12
Note_002605,40,112965.49,25.86,Left,INNER,2,0.709,0.709,False,0.207,5.0,-12
Note_002606,42,112965.49,25.86,Left,INNER,1,0.709,0.709,True,0.207,5.0,-12
Note_002607,62,112965.49,206.9,Right,INNER,1,0.709,0.709,False,0.523,15.0,0
Note_002608,71,112965.49,206.9,Right,MELODY,2,0.709,0.709,False,0.523,15.0,0
Note_002609,31,113172.39,103.45,Left,BASS,2,0.787,0.787,False,0.178,15.0,-12
Note_002610,42,113172.39,25.86,Left,INNER,1,0.709,0.709,True,0.178,15.0,-12
Note_002611,62,113172.39,103.45,Right,INNER,1,0.709,0.709,False,0.5,5.0,0
Note_002612,67,113172.39,103.45,Right,MELODY,4,0.709,0.709,False,0.5,5.0,0
Note_002613,33,113275.83,103.45,Left,BASS,5,0.787,0.787,False,0.199,-5.0,0
Note_002614,40,113275.83,25.86,Left,INNER,3,0.709,0.709,False,0.199,-5.0,0
Note_002615,42,113275.83,25.86,Left,INNER,2,0.709,0.709,True,0.199,-5.0,0
Note_002616,64,113275.83,103.45,Right,INNER,1,0.709,0.709,False,0.523,5.0,0
Note_002617,69,113275.83,103.45,Right,MELODY,4,0.709,0.709,False,0.523,5.0,0
Note_002618,36,113379.28,25.86,Left,BASS,2,0.709,0.709,False,0.207,15.0,-12
Note_002619,42,113379.28,25.86,Left,INNER,1,0.709,0.709,True,0.207,15.0,-12
Note_002620,33,113482.73,206.9,Left,BASS,5,0.787,0.787,False,0.178,-5.0,0
Note_002621,40,113482.73,25.86,Left,INNER,2,0.709,0.709,False,0.178,-5.0,0
Note_002622,63,113482.73,51.72,Right,INNER,2,0.709,0.709,True,0.517,0.0,0
Note_002623,69,113482.73,517.24,Right,MELODY,4,0.709,0.709,False,0.517,0.0,0
Note_002624,64,113534.45,465.52,Right,MELODY,2,0.709,0.709,False,0.494,5.0,0
Note_002625,46,113586.18,25.86,Left,BASS,2,0.709,0.709,True,0.287,5.0,0
Note_002626,33,113689.63,103.45,Left,BASS,5,0.787,0.787,False,0.138,-10.0,0
Note_002627,40,113793.07,25.86,Left,INNER,3,0.709,0.709,False,0.215,-5.0,12
Note_002628,42,113793.07,25.86,Left,INNER,2,0.709,0.709,True,0.215,-5.0,12
Note_002629,37,113793.08,103.45,Left,BASS,5,0.787,0.787,True,0.215,-5.0,12
Note_002630,40,113896.52,310.34,Left,BASS,5,0.787,0.787,False,0.218,-10.0,0
Note_002631,42,113999.97,25.86,Left,BASS,2,0.709,0.709,True,0.241,5.0,0
Note_002632,42,114103.42,25.86,Left,BASS,2,0.709,0.709,True,0.241,5.0,0
Note_002633,36,114206.87,25.86,Left,BASS,5,0.709,0.709,False,0.203,-5.0,0
Note_002634,38,114206.87,206.9,Left,INNER,3,0.787,0.787,False,0.203,-5.0,0
Note_002635,42,114206.87,25.86,Left,INNER,2,0.709,0.709,True,0.203,-5.0,0
Note_002636,69,114206.87,103.45,Right,INNER,1,0.63,0.63,False,0.615,0.0,0
Note_002637,69,114206.87,620.69,Right,INNER,2,0.472,0.472,False,0.615,0.0,0
Note_002638,69,114206.87,620.69,Right,INNER,0,0.472,0.472,False,0.615,0.0,0
Note_002639,78,114206.87,103.45,Right,INNER,3,0.63,0.63,True,0.615,0.0,0
Note_002640,81,114206.87,620.69,Right,MELODY,4,0.315,0.315,False,0.615,0.0,0
Note_002641,81,114206.87,620.69,Right,INNER,5,0.315,0.315,False,0.615,0.0,0
Note_002642,42,114413.76,25.86,Left,BASS,2,0.709,0.709,True,0.241,5.0,0
Note_002643,38,114517.21,103.45,Left,BASS,5,0.787,0.787,False,0.218,-5.0,0
Note_002644,42,114517.21,25.86,Left,INNER,2,0.709,0.709,True,0.218,-5.0,0
Note_002645,69,114517.21,103.45,Right,INNER,1,0.63,0.63,False,0.563,10.0,0
Note_002646,71,114517.21,103.45,Right,MELODY,3,0.63,0.63,False,0.563,10.0,0
Note_002647,40,114620.66,25.86,Left,BASS,3,0.709,0.709,False,0.234,15.0,-12
Note_002648,42,114620.66,25.86,Left,INNER,2,0.709,0.709,True,0.234,15.0,-12
Note_002649,42,114620.66,310.34,Left,INNER,1,0.787,0.787,True,0.234,15.0,-12
Note_002650,42,114827.56,25.86,Left,BASS,2,0.709,0.709,True,0.241,5.0,0
Note_002651,38,114931.01,103.45,Left,BASS,5,0.787,0.787,False,0.218,-5.0,0
Note_002652,42,114931.01,25.86,Left,INNER,2,0.709,0.709,True,0.218,-5.0,0
Note_002653,36,115034.45,25.86,Left,BASS,3,0.709,0.709,False,0.222,15.0,0
Note_002654,42,115034.45,25.86,Left,INNER,2,0.709,0.709,True,0.222,15.0,0
Note_002655,43,115034.45,310.34,Left,INNER,1,0.787,0.787,False,0.222,15.0,0
Note_002656,69,115034.45,310.34,Right,INNER,1,0.472,0.472,False,0.618,0.0,0
Note_002657,69,115034.45,310.34,Right,INNER,2,0.472,0.472,False,0.618,0.0,0
Note_002658,74,115034.45,155.17,Right,INNER,3,0.63,0.63,False,0.618,0.0,0
Note_002659,81,115034.45,310.34,Right,MELODY,4,0.315,0.315,False,0.618,0.0,0
Note_002660,81,115034.45,310.34,Right,INNER,5,0.315,0.315,False,0.618,0.0,0
Note_002661,42,115241.35,25.86,Left,BASS,3,0.709,0.709,True,0.241,-0.0,0
Note_002662,42,115344.8,25.86,Left,BASS,3,0.709,0.709,True,0.253,5.0,0
Note_002663,44,115344.8,310.34,Left,INNER,2,0.787,0.787,True,0.253,5.0,0
Note_002664,71,115344.8,310.34,Right,INNER,1,0.472,0.472,False,0.644,0.0,0
Note_002665,71,115344.8,310.34,Right,INNER,2,0.472,0.472,False,0.644,0.0,0
Note_002666,83,115344.8,310.34,Right,MELODY,4,0.315,0.315,False,0.644,0.0,0
Note_002667,83,115344.8,310.34,Right,INNER,5,0.315,0.315,False,0.644,0.0,0
Note_002668,40,115448.25,25.86,Left,BASS,5,0.709,0.709,False,0.23,-10.0,0
Note_002669,42,115448.25,25.86,Left,INNER,3,0.709,0.709,True,0.23,-10.0,0
Note_002670,42,115655.14,25.86,Left,BASS,2,0.709,0.709,True,0.259,15.0,0
Note_002671,45,115655.14,206.9,Left,INNER,1,0.787,0.787,False,0.259,15.0,0
Note_002672,69,115655.14,206.9,Right,INNER,1,0.472,0.472,False,0.621,0.0,0
Note_002673,69,115655.14,206.9,Right,INNER,2,0.472,0.472,False,0.621,0.0,0
Note_002674,81,115655.14,206.9,Right,MELODY,4,0.315,0.315,False,0.621,0.0,0
Note_002675,81,115655.14,206.9,Right,INNER,5,0.315,0.315,False,0.621,0.0,0
Note_002676,42,115758.59,25.86,Left,BASS,2,0.709,0.709,True,0.241,5.0,0
Note_002677,36,115862.04,25.86,Left,BASS,5,0.709,0.709,False,0.211,-5.0,0
Note_002678,40,115862.04,206.9,Left,INNER,3,0.787,0.787,False,0.211,-5.0,0
Note_002679,42,115862.04,25.86,Left,INNER,2,0.709,0.709,True,0.211,-5.0,0
Note_002680,68,115862.04,517.24,Right,INNER,1,0.472,0.472,True,0.609,0.0,0
Note_002681,68,115862.04,517.24,Right,INNER,2,0.472,0.472,True,0.609,0.0,0
Note_002682,80,115862.04,517.24,Right,MELODY,4,0.315,0.315,True,0.609,0.0,0
Note_002683,80,115862.04,517.24,Right,INNER,5,0.315,0.315,True,0.609,0.0,0
Note_002684,42,116068.94,25.86,Left,BASS,5,0.709,0.709,True,0.253,-5.0,12
Note_002685,44,116068.94,103.45,Left,INNER,2,0.787,0.787,True,0.253,-5.0,12
Note_002686,42,116172.38,25.86,Left,BASS,1,0.709,0.709,True,0.241,10.0,-12
Note_002687,32,116275.83,413.79,Left,BASS,5,0.787,0.787,True,0.195,-5.0,12
Note_002688,40,116275.83,25.86,Left,INNER,3,0.709,0.709,False,0.195,-5.0,12
Note_002689,42,116275.83,25.86,Left,INNER,2,0.709,0.709,True,0.195,-5.0,12
Note_002690,42,116482.73,25.86,Left,BASS,2,0.709,0.709,True,0.241,5.0,0
Note_002691,76,116482.73,310.34,Right,INNER,1,0.472,0.472,False,0.701,5.0,0
Note_002692,76,116482.73,310.34,Right,INNER,2,0.472,0.472,False,0.701,5.0,0
Note_002693,88,116482.73,310.34,Right,MELODY,3,0.315,0.315,False,0.701,5.0,0
Note_002694,88,116482.73,310.34,Right,INNER,5,0.315,0.315,False,0.701,5.0,0
Note_002695,42,116586.18,25.86,Left,BASS,2,0.709,0.709,True,0.241,5.0,0
Note_002696,33,116689.63,310.34,Left,BASS,5,0.787,0.787,False,0.184,-5.0,0
Note_002697,36,116689.63,25.86,Left,INNER,3,0.709,0.709,False,0.184,-5.0,0
Note_002698,42,116689.63,25.86,Left,INNER,2,0.709,0.709,True,0.184,-5.0,0
Note_002699,61,116689.63,310.34,Right,INNER,2,0.63,0.63,True,0.506,0.0,0
Note_002700,69,116689.63,310.34,Right,MELODY,4,0.63,0.63,False,0.506,0.0,0
Note_002701,46,116896.52,25.86,Left,BASS,2,0.709,0.709,True,0.287,5.0,0
Note_002702,71,116896.52,620.69,Right,INNER,1,0.472,0.472,False,0.644,5.0,0
Note_002703,71,116896.52,620.69,Right,INNER,2,0.472,0.472,False,0.644,5.0,0
Note_002704,83,116896.52,620.69,Right,MELODY,3,0.315,0.315,False,0.644,5.0,0
Note_002705,83,116896.52,620.69,Right,INNER,5,0.315,0.315,False,0.644,5.0,0
Note_002706,34,116999.97,310.34,Left,BASS,5,0.787,0.787,True,0.149,-10.0,12
Note_002707,59,116999.97,517.24,Right,INNER,2,0.63,0.63,False,0.489,0.0,0
Note_002708,68,116999.97,517.24,Right,MELODY,4,0.63,0.63,True,0.489,0.0,0
Note_002709,40,117103.42,25.86,Left,BASS,3,0.709,0.709,False,0.23,5.0,0
Note_002710,42,117103.42,25.86,Left,INNER,2,0.709,0.709,True,0.23,5.0,0
Note_002711,35,117310.32,206.9,Left,BASS,5,0.787,0.787,False,0.201,-10.0,0
Note_002712,42,117310.32,25.86,Left,INNER,3,0.709,0.709,True,0.201,-10.0,0
Note_002713,42,117413.76,25.86,Left,BASS,2,0.709,0.709,True,0.241,5.0,0
Note_002714,31,117517.21,206.9,Left,BASS,5,0.787,0.787,False,0.176,-5.0,0
Note_002715,36,117517.21,25.86,Left,INNER,3,0.709,0.709,False,0.176,-5.0,0
Note_002716,42,117517.21,25.86,Left,INNER,2,0.709,0.709,True,0.176,-5.0,0
Note_002717,86,117517.21,413.79,Right,MELODY,5,0.315,0.315,False,0.747,-10.0,0
Note_002718,42,117724.11,25.86,Left,BASS,3,0.709,0.709,True,0.247,5.0,0
Note_002719,43,117724.11,103.45,Left,INNER,2,0.787,0.787,False,0.247,5.0,0
Note_002720,33,117827.56,103.45,Left,BASS,5,0.787,0.787,False,0.19,-10.0,0
Note_002721,42,117827.56,25.86,Left,INNER,3,0.709,0.709,True,0.19,-10.0,0
Note_002722,40,117931.0,25.86,Left,INNER,2,0.709,0.709,False,0.192,5.0,-12
Note_002723,42,117931.0,25.86,Left,INNER,1,0.709,0.709,True,0.192,5.0,-12
Note_002724,31,117931.01,310.34,Left,BASS,5,0.787,0.787,False,0.192,5.0,-12
Note_002725,85,117931.01,413.79,Right,MELODY,4,0.315,0.315,True,0.736,-5.0,0
Note_002726,42,118137.9,25.86,Left,BASS,2,0.709,0.709,True,0.241,5.0,0
Note_002727,42,118241.35,25.86,Left,BASS,2,0.709,0.709,True,0.241,5.0,0
Note_002728,30,118344.8,310.34,Left,BASS,5,0.787,0.787,True,0.172,-5.0,12
Note_002729,36,118344.8,25.86,Left,INNER,3,0.709,0.709,False,0.172,-5.0,12
Note_002730,42,118344.8,25.86,Left,INNER,2,0.709,0.709,True,0.172,-5.0,12
Note_002731,83,118344.8,310.34,Right,MELODY,2,0.315,0.315,False,0.713,5.0,0
Note_002732,42,118551.69,25.86,Left,BASS,2,0.709,0.709,True,0.241,5.0,0
Note_002733,28,118655.14,310.34,Left,BASS,5,0.787,0.787,False,0.161,-0.0,-12
Note_002734,42,118655.14,25.86,Left,INNER,1,0.709,0.709,True,0.161,-0.0,-12
Note_002735,85,118655.14,310.34,Right,MELODY,5,0.315,0.315,True,0.736,-10.0,-12
Note_002736,40,118758.59,25.86,Left,BASS,2,0.709,0.709,False,0.23,15.0,-12
Note_002737,42,118758.59,25.86,Left,INNER,1,0.709,0.709,True,0.23,15.0,-12
Note_002738,30,118965.49,310.34,Left,BASS,5,0.787,0.787,True,0.172,-5.0,12
Note_002739,42,118965.49,25.86,Left,INNER,2,0.709,0.709,True,0.172,-5.0,12
Note_002740,74,118965.49,620.69,Right,INNER,2,0.472,0.472,False,0.678,-10.0,0
Note_002741,74,118965.49,620.69,Right,INNER,3,0.472,0.472,False,0.678,-10.0,0
Note_002742,86,118965.49,620.69,Right,MELODY,4,0.315,0.315,False,0.678,-10.0,0
Note_002743,86,118965.49,620.69,Right,INNER,5,0.315,0.315,False,0.678,-10.0,0
Note_002744,42,119068.94,25.86,Left,BASS,2,0.709,0.709,True,0.241,5.0,0
Note_002745,36,119172.38,25.86,Left,BASS,3,0.709,0.709,False,0.207,5.0,0
Note_002746,42,119172.38,25.86,Left,INNER,2,0.709,0.709,True,0.207,5.0,0
Note_002747,57,119172.38,206.9,Right,INNER,1,0.709,0.709,False,0.414,10.0,0
Note_002748,38,119379.28,103.45,Left,BASS,5,0.787,0.787,False,0.218,-10.0,0
Note_002749,42,119379.28,25.86,Left,INNER,3,0.709,0.709,True,0.218,-10.0,0
Note_002750,59,119379.28,103.45,Right,INNER,1,0.709,0.709,False,0.506,5.0,0
Note_002751,62,119379.28,103.45,Right,INNER,2,0.709,0.709,False,0.506,5.0,0
Note_002752,74,119379.28,103.45,Right,MELODY,5,0.709,0.709,False,0.506,5.0,0
Note_002753,42,119482.73,25.86,Left,BASS,2,0.709,0.709,True,0.241,5.0,0
Note_002754,62,119482.73,103.45,Right,INNER,3,0.709,0.709,False,0.471,0.0,0
Note_002755,30,119586.18,413.79,Left,BASS,5,0.787,0.787,True,0.188,-5.0,12
Note_002756,40,119586.18,25.86,Left,INNER,3,0.709,0.709,False,0.188,-5.0,12
Note_002757,42,119586.18,25.86,Left,INNER,2,0.709,0.709,True,0.188,-5.0,12
Note_002758,69,119586.18,1034.48,Right,INNER,1,0.472,0.472,False,0.609,10.0,0
Note_002759,72,119586.18,413.79,Right,INNER,2,0.709,0.709,False,0.609,10.0,0
Note_002760,81,119586.18,1034.48,Right,MELODY,4,0.315,0.315,False,0.609,10.0,0
Note_002761,42,119793.07,25.86,Left,BASS,2,0.709,0.709,True,0.299,15.0,0
Note_002762,52,119793.07,103.45,Left,INNER,1,0.709,0.709,False,0.299,15.0,0
Note_002763,42,119896.52,25.86,Left,BASS,2,0.709,0.709,True,0.241,5.0,0
Note_002764,31,119999.97,310.34,Left,BASS,5,0.787,0.787,False,0.176,-5.0,0
Note_002765,36,119999.97,25.86,Left,INNER,3,0.709,0.709,False,0.176,-5.0,0
Note_002766,42,119999.97,25.86,Left,INNER,2,0.709,0.709,True,0.176,-5.0,0
Note_002767,62,119999.97,310.34,Right,INNER,2,0.709,0.709,False,0.54,-5.0,0
Note_002768,74,119999.97,310.34,Right,MELODY,5,0.709,0.709,False,0.54,-5.0,0
Note_002769,46,120206.87,25.86,Left,BASS,2,0.709,0.709,True,0.287,5.0,0
Note_002770,32,120310.31,310.34,Left,BASS,5,0.787,0.787,True,0.126,-10.0,12
Note_002771,60,120310.31,310.34,Right,INNER,1,0.709,0.709,False,0.517,15.0,0
Note_002772,72,120310.31,310.34,Right,MELODY,2,0.709,0.709,False,0.517,15.0,0
Note_002773,40,120413.76,25.86,Left,BASS,3,0.709,0.709,False,0.23,5.0,0
Note_002774,42,120413.76,25.86,Left,INNER,2,0.709,0.709,True,0.23,5.0,0
Note_002775,33,120620.66,206.9,Left,BASS,5,0.787,0.787,False,0.19,-10.0,0
Note_002776,42,120620.66,25.86,Left,INNER,3,0.709,0.709,True,0.19,-10.0,0
Note_002777,57,120620.66,206.9,Right,INNER,1,0.709,0.709,False,0.46,5.0,0
Note_002778,57,120620.66,103.45,Right,INNER,2,0.709,0.709,False,0.46,5.0,0
Note_002779,69,120620.66,206.9,Right,MELODY,5,0.709,0.709,False,0.46,5.0,0
Note_002780,42,120724.11,25.86,Left,BASS,2,0.709,0.709,True,0.241,5.0,0
Note_002781,36,120827.56,25.86,Left,BASS,5,0.709,0.709,False,0.203,-5.0,0
Note_002782,38,120827.56,206.9,Left,INNER,3,0.787,0.787,False,0.203,-5.0,0
Note_002783,42,120827.56,25.86,Left,INNER,2,0.709,0.709,True,0.203,-5.0,0
Note_002784,69,120827.56,103.45,Right,INNER,1,0.63,0.63,False,0.615,0.0,0
Note_002785,69,120827.56,620.69,Right,INNER,2,0.472,0.472,False,0.615,0.0,0
Note_002786,69,120827.56,620.69,Right,INNER,0,0.472,0.472,False,0.615,0.0,0
Note_002787,78,120827.56,103.45,Right,INNER,3,0.63,0.63,True,0.615,0.0,0
Note_002788,81,120827.56,620.69,Right,MELODY,4,0.315,0.315,False,0.615,0.0,0
Note_002789,81,120827.56,620.69,Right,INNER,5,0.315,0.315,False,0.615,0.0,0
Note_002790,42,121034.45,25.86,Left,BASS,2,0.709,0.709,True,0.241,5.0,0
Note_002791,38,121137.9,103.45,Left,BASS,5,0.787,0.787,False,0.218,-5.0,0
Note_002792,42,121137.9,25.86,Left,INNER,2,0.709,0.709,True,0.218,-5.0,0
Note_002793,69,121137.9,103.45,Right,INNER,1,0.63,0.63,False,0.563,10.0,0
Note_002794,71,121137.9,103.45,Right,MELODY,3,0.63,0.63,False,0.563,10.0,0
Note_002795,40,121241.35,25.86,Left,BASS,3,0.709,0.709,False,0.234,15.0,-12
Note_002796,42,121241.35,25.86,Left,INNER,2,0.709,0.709,True,0.234,15.0,-12
Note_002797,42,121241.35,310.34,Left,INNER,1,0.787,0.787,True,0.234,15.0,-12
Note_002798,42,121448.25,25.86,Left,BASS,2,0.709,0.709,True,0.241,5.0,0
Note_002799,40,121551.69,25.86,Left,BASS,5,0.709,0.709,False,0.23,-5.0,0
Note_002800,42,121551.69,25.86,Left,INNER,2,0.709,0.709,True,0.23,-5.0,0
Note_002801,36,121655.14,25.86,Left,BASS,5,0.709,0.709,False,0.222,5.0,0
Note_002802,42,121655.14,25.86,Left,INNER,2,0.709,0.709,True,0.222,5.0,0
Note_002803,43,121655.14,310.34,Left,INNER,1,0.787,0.787,False,0.222,5.0,0
Note_002804,69,121655.14,310.34,Right,INNER,1,0.472,0.472,False,0.618,0.0,0
Note_002805,69,121655.14,310.34,Right,INNER,2,0.472,0.472,False,0.618,0.0,0
Note_002806,74,121655.14,155.17,Right,INNER,3,0.63,0.63,False,0.618,0.0,0
Note_002807,81,121655.14,310.34,Right,MELODY,4,0.315,0.315,False,0.618,0.0,0
Note_002808,81,121655.14,310.34,Right,INNER,5,0.315,0.315,False,0.618,0.0,0
Note_002809,40,121758.59,25.86,Left,BASS,5,0.709,0.709,False,0.218,-10.0,0
Note_002810,42,121862.04,25.86,Left,BASS,2,0.709,0.709,True,0.241,5.0,0
Note_002811,42,121965.49,25.86,Left,BASS,3,0.709,0.709,True,0.253,5.0,0
Note_002812,44,121965.49,310.34,Left,INNER,2,0.787,0.787,True,0.253,5.0,0
Note_002813,71,121965.49,310.34,Right,INNER,1,0.472,0.472,False,0.644,0.0,0
Note_002814,71,121965.49,310.34,Right,INNER,2,0.472,0.472,False,0.644,0.0,0
Note_002815,83,121965.49,310.34,Right,MELODY,4,0.315,0.315,False,0.644,0.0,0
Note_002816,83,121965.49,310.34,Right,INNER,5,0.315,0.315,False,0.644,0.0,0
Note_002817,40,122068.93,25.86,Left,BASS,5,0.709,0.709,False,0.23,-10.0,0
Note_002818,42,122068.93,25.86,Left,INNER,3,0.709,0.709,True,0.23,-10.0,0
Note_002819,42,122275.83,25.86,Left,BASS,2,0.709,0.709,True,0.259,15.0,0
Note_002820,45,122275.83,206.9,Left,INNER,1,0.787,0.787,False,0.259,15.0,0
Note_002821,69,122275.83,206.9,Right,INNER,1,0.472,0.472,False,0.621,0.0,0
Note_002822,69,122275.83,206.9,Right,INNER,2,0.472,0.472,False,0.621,0.0,0
Note_002823,81,122275.83,206.9,Right,MELODY,4,0.315,0.315,False,0.621,0.0,0
Note_002824,81,122275.83,206.9,Right,INNER,5,0.315,0.315,False,0.621,0.0,0
Note_002825,42,122379.28,25.86,Left,BASS,2,0.709,0.709,True,0.241,5.0,0
Note_002826,36,122482.73,25.86,Left,BASS,5,0.709,0.709,False,0.211,-5.0,0
Note_002827,40,122482.73,206.9,Left,INNER,3,0.787,0.787,False,0.211,-5.0,0
Note_002828,42,122482.73,25.86,Left,INNER,2,0.709,0.709,True,0.211,-5.0,0
Note_002829,68,122482.73,517.24,Right,INNER,1,0.472,0.472,True,0.609,0.0,0
Note_002830,68,122482.73,517.24,Right,INNER,2,0.472,0.472,True,0.609,0.0,0
Note_002831,80,122482.73,517.24,Right,MELODY,4,0.315,0.315,True,0.609,0.0,0
Note_002832,80,122482.73,517.24,Right,INNER,5,0.315,0.315,True,0.609,0.0,0
Note_002833,42,122689.62,25.86,Left,BASS,5,0.709,0.709,True,0.253,-5.0,12
Note_002834,44,122689.62,103.45,Left,INNER,2,0.787,0.787,True,0.253,-5.0,12
Note_002835,32,122793.07,103.45,Left,BASS,2,0.787,0.787,True,0.184,15.0,-12
Note_002836,42,122793.07,25.86,Left,INNER,1,0.709,0.709,True,0.184,15.0,-12
Note_002837,32,122896.52,413.79,Left,BASS,5,0.787,0.787,True,0.195,-5.0,12
Note_002838,40,122896.52,25.86,Left,INNER,3,0.709,0.709,False,0.195,-5.0,12
Note_002839,42,122896.52,25.86,Left,INNER,2,0.709,0.709,True,0.195,-5.0,12
Note_002840,42,123103.42,25.86,Left,BASS,2,0.709,0.709,True,0.241,5.0,0
Note_002841,76,123103.42,310.34,Right,INNER,1,0.472,0.472,False,0.701,5.0,0
Note_002842,76,123103.42,310.34,Right,INNER,2,0.472,0.472,False,0.701,5.0,0
Note_002843,88,123103.42,310.34,Right,MELODY,3,0.315,0.315,False,0.701,5.0,0
Note_002844,88,123103.42,310.34,Right,INNER,5,0.315,0.315,False,0.701,5.0,0
Note_002845,42,123206.87,25.86,Left,BASS,2,0.709,0.709,True,0.241,5.0,0
Note_002846,33,123310.31,310.34,Left,BASS,5,0.787,0.787,False,0.184,-5.0,0
Note_002847,36,123310.31,25.86,Left,INNER,3,0.709,0.709,False,0.184,-5.0,0
Note_002848,42,123310.31,25.86,Left,INNER,2,0.709,0.709,True,0.184,-5.0,0
Note_002849,61,123310.31,310.34,Right,INNER,2,0.63,0.63,True,0.506,0.0,0
Note_002850,69,123310.31,310.34,Right,MELODY,4,0.63,0.63,False,0.506,0.0,0
Note_002851,46,123517.21,25.86,Left,BASS,2,0.709,0.709,True,0.287,5.0,0
Note_002852,74,123517.21,620.69,Right,INNER,1,0.472,0.472,False,0.678,5.0,0
Note_002853,74,123517.21,620.69,Right,INNER,2,0.472,0.472,False,0.678,5.0,0
Note_002854,86,123517.21,620.69,Right,MELODY,3,0.315,0.315,False,0.678,5.0,0
Note_002855,86,123517.21,620.69,Right,INNER,5,0.315,0.315,False,0.678,5.0,0
Note_002856,34,123620.66,310.34,Left,BASS,5,0.787,0.787,True,0.149,-10.0,12
Note_002857,59,123620.66,517.24,Right,INNER,2,0.63,0.63,False,0.489,0.0,0
Note_002858,68,123620.66,517.24,Right,MELODY,4,0.63,0.63,True,0.489,0.0,0
Note_002859,40,123724.11,25.86,Left,BASS,3,0.709,0.709,False,0.23,5.0,0
Note_002860,42,123724.11,25.86,Left,INNER,2,0.709,0.709,True,0.23,5.0,0
Note_002861,35,123931.0,206.9,Left,BASS,5,0.787,0.787,False,0.201,-10.0,0
Note_002862,42,123931.0,25.86,Left,INNER,3,0.709,0.709,True,0.201,-10.0,0
Note_002863,42,124034.45,25.86,Left,BASS,2,0.709,0.709,True,0.241,5.0,0
Note_002864,33,124137.9,206.9,Left,BASS,5,0.787,0.787,False,0.184,-5.0,0
Note_002865,36,124137.9,25.86,Left,INNER,3,0.709,0.709,False,0.184,-5.0,0
Note_002866,42,124137.9,25.86,Left,INNER,2,0.709,0.709,True,0.184,-5.0,0
Note_002867,78,124137.9,413.79,Right,INNER,1,0.472,0.472,True,0.724,10.0,12
Note_002868,78,124137.9,413.79,Right,INNER,2,0.472,0.472,True,0.724,10.0,12
Note_002869,90,124137.9,413.79,Right,MELODY,3,0.315,0.315,True,0.724,10.0,12
Note_002870,90,124137.9,413.79,Right,INNER,4,0.315,0.315,True,0.724,10.0,12
Note_002871,42,124344.8,25.86,Left,BASS,4,0.709,0.709,True,0.241,-5.0,0
Note_002872,42,124344.8,103.45,Left,INNER,3,0.787,0.787,True,0.241,-5.0,0
Note_002873,42,124448.24,25.86,Left,BASS,2,0.709,0.709,True,0.241,5.0,0
Note_002874,37,124551.69,310.34,Left,BASS,5,0.787,0.787,True,0.215,-5.0,12
Note_002875,40,124551.69,25.86,Left,INNER,3,0.709,0.709,False,0.215,-5.0,12
Note_002876,42,124551.69,25.86,Left,INNER,2,0.709,0.709,True,0.215,-5.0,12
Note_002877,74,124551.69,413.79,Right,INNER,1,0.472,0.472,False,0.678,0.0,0
Note_002878,74,124551.69,413.79,Right,INNER,2,0.472,0.472,False,0.678,0.0,0
Note_002879,86,124551.69,413.79,Right,MELODY,4,0.315,0.315,False,0.678,0.0,0
Note_002880,86,124551.69,413.79,Right,INNER,5,0.315,0.315,False,0.678,0.0,0
Note_002881,42,124758.59,25.86,Left,BASS,2,0.709,0.709,True,0.241,5.0,0
Note_002882,42,124862.04,25.86,Left,BASS,2,0.709,0.709,True,0.241,5.0,0
Note_002883,36,124965.49,25.86,Left,BASS,5,0.709,0.709,False,0.203,-5.0,0
Note_002884,38,124965.49,310.34,Left,INNER,3,0.787,0.787,False,0.203,-5.0,0
Note_002885,42,124965.49,25.86,Left,INNER,2,0.709,0.709,True,0.203,-5.0,0
Note_002886,85,124965.49,310.34,Right,MELODY,4,0.315,0.315,True,0.736,-5.0,0
Note_002887,42,125172.38,25.86,Left,BASS,2,0.709,0.709,True,0.241,5.0,0
Note_002888,39,125275.83,310.34,Left,BASS,3,0.787,0.787,True,0.224,5.0,0
Note_002889,42,125275.83,25.86,Left,INNER,2,0.709,0.709,True,0.224,5.0,0
Note_002890,88,125275.83,206.9,Right,MELODY,5,0.315,0.315,False,0.77,-10.0,0
Note_002891,40,125379.28,25.86,Left,BASS,2,0.709,0.709,False,0.23,15.0,-12
Note_002892,42,125379.28,25.86,Left,INNER,1,0.709,0.709,True,0.23,15.0,-12
Note_002893,40,125586.18,310.34,Left,BASS,5,0.787,0.787,False,0.23,-5.0,0
Note_002894,42,125586.18,25.86,Left,INNER,2,0.709,0.709,True,0.23,-5.0,0
Note_002895,74,125586.18,1655.17,Right,INNER,1,0.472,0.472,False,0.678,5.0,0
Note_002896,74,125586.18,1655.17,Right,INNER,2,0.472,0.472,False,0.678,5.0,0
Note_002897,86,125586.18,1655.17,Right,MELODY,3,0.315,0.315,False,0.678,5.0,0
Note_002898,86,125586.18,1655.17,Right,INNER,5,0.315,0.315,False,0.678,5.0,0
Note_002899,42,125689.62,25.86,Left,BASS,2,0.709,0.709,True,0.241,5.0,0
Note_002900,29,125793.07,25.86,Left,BASS,5,0.709,0.709,False,0.169,-5.0,0
Note_002901,36,125793.07,25.86,Left,INNER,3,0.709,0.709,False,0.169,-5.0,0
Note_002902,42,125793.07,25.86,Left,INNER,2,0.709,0.709,True,0.169,-5.0,0
Note_002903,29,125999.97,25.86,Left,BASS,5,0.709,0.709,False,0.176,0.0,-12
Note_002904,38,125999.97,103.45,Left,INNER,3,0.787,0.787,False,0.176,0.0,-12
Note_002905,42,125999.97,25.86,Left,INNER,1,0.709,0.709,True,0.176,0.0,-12
Note_002906,57,125999.97,206.9,Right,INNER,1,0.709,0.709,False,0.483,5.0,0
Note_002907,69,125999.97,206.9,Right,MELODY,4,0.709,0.709,False,0.483,5.0,0
Note_002908,42,126103.42,25.86,Left,BASS,2,0.709,0.709,True,0.241,5.0,0
Note_002909,29,126206.86,25.86,Left,BASS,5,0.709,0.709,False,0.181,5.0,-12
Note_002910,40,126206.86,25.86,Left,INNER,2,0.709,0.709,False,0.181,5.0,-12
Note_002911,42,126206.86,25.86,Left,INNER,1,0.709,0.709,True,0.181,5.0,-12
Note_002912,36,126206.87,310.34,Left,INNER,3,0.787,0.787,False,0.181,5.0,-12
Note_002913,59,126206.87,206.9,Right,INNER,1,0.709,0.709,False,0.506,5.0,0
Note_002914,71,126206.87,206.9,Right,MELODY,4,0.709,0.709,False,0.506,5.0,0
Note_002915,29,126413.76,25.86,Left,BASS,5,0.709,0.709,False,0.167,-0.0,-12
Note_002916,42,126413.76,25.86,Left,INNER,1,0.709,0.709,True,0.167,-0.0,-12
Note_002917,62,126413.76,206.9,Right,INNER,1,0.709,0.709,False,0.54,0.0,0
Note_002918,74,126413.76,206.9,Right,MELODY,5,0.709,0.709,False,0.54,0.0,0
Note_002919,29,126465.49,25.86,Left,BASS,5,0.709,0.709,False,0.092,-10.0,0
Note_002920,29,126517.21,25.86,Left,BASS,5,0.709,0.709,False,0.167,-0.0,-12
Note_002921,42,126517.21,25.86,Left,INNER,1,0.709,0.709,True,0.167,-0.0,-12
Note_002922,29,126568.93,25.86,Left,BASS,5,0.709,0.709,False,0.092,-10.0,0
Note_002923,36,126620.66,25.86,Left,BASS,5,0.709,0.709,False,0.203,-5.0,0
Note_002924,38,126620.66,206.9,Left,INNER,3,0.787,0.787,False,0.203,-5.0,0
Note_002925,42,126620.66,25.86,Left,INNER,2,0.709,0.709,True,0.203,-5.0,0
Note_002926,66,126620.66,310.34,Right,INNER,1,0.709,0.709,True,0.586,5.0,12
Note_002927,78,126620.66,310.34,Right,MELODY,4,0.709,0.709,True,0.586,5.0,12
Note_002928,29,126827.55,25.86,Left,BASS,5,0.709,0.709,False,0.19,-0.0,-12
Note_002929,46,126827.55,25.86,Left,INNER,1,0.709,0.709,True,0.19,-0.0,-12
Note_002930,33,126931.0,206.9,Left,BASS,3,0.787,0.787,False,0.138,-0.0,0
Note_002931,67,126931.0,310.34,Right,INNER,1,0.709,0.709,False,0.595,10.0,0
Note_002932,71,126931.0,310.34,Right,INNER,2,0.709,0.709,False,0.595,10.0,0
Note_002933,74,126931.0,310.34,Right,INNER,3,0.709,0.709,False,0.595,10.0,0
Note_002934,79,126931.0,310.34,Right,MELODY,4,0.709,0.709,False,0.595,10.0,0
Note_002935,29,127034.45,25.86,Left,BASS,5,0.709,0.709,False,0.184,5.0,-12
Note_002936,40,127034.45,25.86,Left,INNER,2,0.709,0.709,False,0.184,5.0,-12
Note_002937,42,127034.45,25.86,Left,INNER,1,0.709,0.709,True,0.184,5.0,-12
Note_002938,38,127241.35,206.9,Left,BASS,5,0.787,0.787,False,0.218,-0.0,-12
Note_002939,42,127241.35,25.86,Left,INNER,1,0.709,0.709,True,0.218,-0.0,-12
Note_002940,69,127241.35,206.9,Right,INNER,1,0.709,0.709,False,0.621,5.0,0
Note_002941,81,127241.35,206.9,Right,MELODY,4,0.709,0.709,False,0.621,5.0,0
Note_002942,42,127344.8,25.86,Left,BASS,2,0.709,0.709,True,0.241,5.0,0
Note_002943,36,127448.24,25.86,Left,BASS,5,0.709,0.709,False,0.203,-5.0,0
Note_002944,38,127448.24,206.9,Left,INNER,3,0.787,0.787,False,0.203,-5.0,0
Note_002945,42,127448.24,25.86,Left,INNER,2,0.709,0.709,True,0.203,-5.0,0
Note_002946,69,127448.24,620.69,Right,INNER,1,0.472,0.472,False,0.634,-0.0,0
Note_002947,69,127448.24,620.69,Right,INNER,2,0.472,0.472,False,0.634,-0.0,0
Note_002948,81,127448.24,620.69,Right,INNER,3,0.63,0.63,False,0.634,-0.0,0
Note_002949,81,127448.24,620.69,Right,MELODY,4,0.315,0.315,False,0.634,-0.0,0
Note_002950,81,127448.24,620.69,Right,INNER,5,0.315,0.315,False,0.634,-0.0,0
Note_002951,42,127655.14,25.86,Left,BASS,5,0.709,0.709,True,0.287,-5.0,12
Note_002952,50,127655.14,103.45,Left,INNER,2,0.787,0.787,False,0.287,-5.0,12
Note_002953,30,127758.59,103.45,Left,BASS,2,0.787,0.787,True,0.172,15.0,-12
Note_002954,42,127758.59,25.86,Left,INNER,1,0.709,0.709,True,0.172,15.0,-12
Note_002955,30,127862.04,413.79,Left,BASS,5,0.787,0.787,True,0.188,-5.0,12
Note_002956,40,127862.04,25.86,Left,INNER,3,0.709,0.709,False,0.188,-5.0,12
Note_002957,42,127862.04,25.86,Left,INNER,2,0.709,0.709,True,0.188,-5.0,12
Note_002958,69,127862.04,103.45,Right,INNER,1,0.63,0.63,False,0.605,15.0,0
Note_002959,74,127862.04,103.45,Right,INNER,2,0.63,0.63,False,0.605,15.0,0
Note_002960,78,127862.04,103.45,Right,MELODY,3,0.63,0.63,True,0.605,15.0,0
Note_002961,42,128068.93,25.86,Left,BASS,2,0.709,0.709,True,0.241,5.0,0
Note_002962,42,128172.38,25.86,Left,BASS,2,0.709,0.709,True,0.241,5.0,0
Note_002963,31,128275.83,310.34,Left,BASS,5,0.787,0.787,False,0.176,-5.0,0
Note_002964,36,128275.83,25.86,Left,INNER,3,0.709,0.709,False,0.176,-5.0,0
Note_002965,42,128275.83,25.86,Left,INNER,2,0.709,0.709,True,0.176,-5.0,0
Note_002966,81,128275.83,310.34,Right,INNER,3,0.63,0.63,False,0.69,-10.0,0
Note_002967,81,128275.83,310.34,Right,MELODY,5,0.315,0.315,False,0.69,-10.0,0
Note_002968,42,128482.73,25.86,Left,BASS,2,0.709,0.709,True,0.241,5.0,0
Note_002969,32,128586.17,310.34,Left,BASS,5,0.787,0.787,True,0.184,-5.0,12
Note_002970,42,128586.17,25.86,Left,INNER,2,0.709,0.709,True,0.184,-5.0,12
Note_002971,83,128586.17,310.34,Right,INNER,1,0.63,0.63,False,0.713,5.0,0
Note_002972,83,128586.17,310.34,Right,MELODY,4,0.315,0.315,False,0.713,5.0,0
Note_002973,40,128689.62,25.86,Left,BASS,2,0.709,0.709,False,0.23,15.0,-12
Note_002974,42,128689.62,25.86,Left,INNER,1,0.709,0.709,True,0.23,15.0,-12
Note_002975,33,128896.52,206.9,Left,BASS,5,0.787,0.787,False,0.19,-5.0,0
Note_002976,42,128896.52,25.86,Left,INNER,2,0.709,0.709,True,0.19,-5.0,0
Note_002977,69,128896.52,206.9,Right,INNER,1,0.472,0.472,False,0.634,-0.0,0
Note_002978,69,128896.52,206.9,Right,INNER,2,0.472,0.472,False,0.634,-0.0,0
Note_002979,81,128896.52,206.9,Right,INNER,3,0.63,0.63,False,0.634,-0.0,0
Note_002980,81,128896.52,206.9,Right,MELODY,4,0.315,0.315,False,0.634,-0.0,0
Note_002981,81,128896.52,206.9,Right,INNER,5,0.315,0.315,False,0.634,-0.0,0
Note_002982,42,128999.97,25.86,Left,BASS,2,0.709,0.709,True,0.241,5.0,0
Note_002983,28,129103.42,206.9,Left,BASS,5,0.787,0.787,False,0.165,-5.0,0
Note_002984,36,129103.42,25.86,Left,INNER,3,0.63,0.63,False,0.165,-5.0,0
Note_002985,42,129103.42,25.86,Left,INNER,2,0.709,0.709,True,0.165,-5.0,0
Note_002986,68,129103.42,517.24,Right,INNER,1,0.472,0.472,True,0.623,-0.0,0
Note_002987,68,129103.42,517.24,Right,INNER,2,0.472,0.472,True,0.623,-0.0,0
Note_002988,80,129103.42,517.24,Right,INNER,3,0.63,0.63,True,0.623,-0.0,0
Note_002989,80,129103.42,517.24,Right,MELODY,4,0.315,0.315,True,0.623,-0.0,0
Note_002990,80,129103.42,517.24,Right,INNER,5,0.315,0.315,True,0.623,-0.0,0
Note_002991,40,129310.31,103.45,Left,BASS,5,0.787,0.787,False,0.23,-0.0,-12
Note_002992,42,129310.31,25.86,Left,INNER,1,0.709,0.709,True,0.23,-0.0,-12
Note_002993,42,129413.76,25.86,Left,BASS,2,0.709,0.709,True,0.241,5.0,0
Note_002994,32,129517.21,413.79,Left,BASS,5,0.787,0.787,True,0.195,-5.0,12
Note_002995,40,129517.21,25.86,Left,INNER,3,0.709,0.709,False,0.195,-5.0,12
Note_002996,42,129517.21,25.86,Left,INNER,2,0.709,0.709,True,0.195,-5.0,12
Note_002997,42,129724.11,25.86,Left,BASS,2,0.709,0.709,True,0.241,5.0,0
Note_002998,76,129724.11,310.34,Right,INNER,1,0.472,0.472,False,0.715,-0.0,0
Note_002999,76,129724.11,310.34,Right,INNER,2,0.472,0.472,False,0.715,-0.0,0
Note_003000,88,129724.11,310.34,Right,INNER,3,0.63,0.63,False,0.715,-0.0,0
Note_003001,88,129724.11,310.34,Right,MELODY,4,0.315,0.315,False,0.715,-0.0,0
Note_003002,88,129724.11,310.34,Right,INNER,5,0.315,0.315,False,0.715,-0.0,0
Note_003003,40,129827.55,25.86,Left,BASS,5,0.63,0.63,False,0.23,-5.0,0
Note_003004,42,129827.55,25.86,Left,INNER,2,0.709,0.709,True,0.23,-5.0,0
Note_003005,33,129931.0,310.34,Left,BASS,3,0.787,0.787,False,0.184,15.0,-12
Note_003006,36,129931.0,25.86,Left,INNER,2,0.709,0.709,False,0.184,15.0,-12
Note_003007,42,129931.0,25.86,Left,INNER,1,0.709,0.709,True,0.184,15.0,-12
Note_003008,61,129931.0,310.34,Right,INNER,2,0.63,0.63,True,0.506,-5.0,0
Note_003009,69,129931.0,310.34,Right,MELODY,5,0.63,0.63,False,0.506,-5.0,0
Note_003010,40,130034.45,25.86,Left,BASS,5,0.63,0.63,False,0.218,-10.0,0
Note_003011,46,130137.9,25.86,Left,BASS,2,0.709,0.709,True,0.287,5.0,0
Note_003012,71,130137.9,620.69,Right,INNER,1,0.472,0.472,False,0.657,-0.0,0
Note_003013,71,130137.9,620.69,Right,INNER,2,0.472,0.472,False,0.657,-0.0,0
Note_003014,83,130137.9,620.69,Right,INNER,3,0.63,0.63,False,0.657,-0.0,0
Note_003015,83,130137.9,620.69,Right,MELODY,4,0.315,0.315,False,0.657,-0.0,0
Note_003016,83,130137.9,620.69,Right,INNER,5,0.315,0.315,False,0.657,-0.0,0
Note_003017,34,130241.35,310.34,Left,BASS,5,0.787,0.787,True,0.149,-10.0,12
Note_003018,59,130241.35,517.24,Right,INNER,1,0.63,0.63,False,0.489,15.0,0
Note_003019,68,130241.35,517.24,Right,MELODY,2,0.63,0.63,True,0.489,15.0,0
Note_003020,40,130344.79,25.86,Left,BASS,3,0.709,0.709,False,0.23,5.0,0
Note_003021,42,130344.79,25.86,Left,INNER,2,0.709,0.709,True,0.23,5.0,0
Note_003022,35,130551.69,206.9,Left,BASS,5,0.787,0.787,False,0.201,-10.0,0
Note_003023,42,130551.69,25.86,Left,INNER,3,0.709,0.709,True,0.201,-10.0,0
Note_003024,42,130655.14,25.86,Left,BASS,2,0.709,0.709,True,0.241,5.0,0
Note_003025,33,130758.59,206.9,Left,BASS,5,0.787,0.787,False,0.184,-5.0,0
Note_003026,36,130758.59,25.86,Left,INNER,3,0.709,0.709,False,0.184,-5.0,0
Note_003027,42,130758.59,25.86,Left,INNER,2,0.709,0.709,True,0.184,-5.0,0
Note_003028,86,130758.59,413.79,Right,INNER,3,0.63,0.63,False,0.747,-5.0,0
Note_003029,86,130758.59,413.79,Right,MELODY,4,0.315,0.315,False,0.747,-5.0,0
Note_003030,42,130965.48,25.86,Left,BASS,3,0.709,0.709,True,0.247,5.0,0
Note_003031,43,130965.48,103.45,Left,INNER,2,0.787,0.787,False,0.247,5.0,0
Note_003032,33,131068.93,103.45,Left,BASS,5,0.787,0.787,False,0.19,-10.0,0
Note_003033,42,131068.93,25.86,Left,INNER,3,0.709,0.709,True,0.19,-10.0,0
Note_003034,31,131172.38,310.34,Left,BASS,5,0.787,0.787,False,0.192,5.0,-12
Note_003035,40,131172.38,25.86,Left,INNER,2,0.709,0.709,False,0.192,5.0,-12
Note_003036,42,131172.38,25.86,Left,INNER,1,0.709,0.709,True,0.192,5.0,-12
Note_003037,85,131172.38,413.79,Right,INNER,2,0.63,0.63,True,0.736,5.0,0
Note_003038,85,131172.38,413.79,Right,MELODY,3,0.315,0.315,True,0.736,5.0,0
Note_003039,42,131379.28,25.86,Left,BASS,2,0.709,0.709,True,0.241,5.0,0
Note_003040,42,131482.73,25.86,Left,BASS,2,0.709,0.709,True,0.241,5.0,0
Note_003041,30,131586.17,310.34,Left,BASS,5,0.787,0.787,True,0.172,-5.0,12
Note_003042,36,131586.17,25.86,Left,INNER,3,0.709,0.709,False,0.172,-5.0,12
Note_003043,42,131586.17,25.86,Left,INNER,2,0.709,0.709,True,0.172,-5.0,12
Note_003044,83,131586.17,310.34,Right,INNER,1,0.63,0.63,False,0.713,15.0,0
Note_003045,83,131586.17,310.34,Right,MELODY,2,0.315,0.315,False,0.713,15.0,0
Note_003046,42,131793.07,25.86,Left,BASS,2,0.709,0.709,True,0.241,5.0,0
Note_003047,28,131896.52,310.34,Left,BASS,5,0.787,0.787,False,0.161,-0.0,-12
Note_003048,42,131896.52,25.86,Left,INNER,1,0.709,0.709,True,0.161,-0.0,-12
Note_003049,85,131896.52,310.34,Right,INNER,1,0.63,0.63,True,0.736,5.0,12
Note_003050,85,131896.52,310.34,Right,MELODY,4,0.315,0.315,True,0.736,5.0,12
Note_003051,40,131999.97,25.86,Left,BASS,2,0.709,0.709,False,0.23,15.0,-12
Note_003052,42,131999.97,25.86,Left,INNER,1,0.709,0.709,True,0.23,15.0,-12
Note_003053,38,132206.86,310.34,Left,BASS,5,0.787,0.787,False,0.218,-5.0,0
Note_003054,42,132206.86,25.86,Left,INNER,2,0.709,0.709,True,0.218,-5.0,0
Note_003055,74,132206.86,620.69,Right,INNER,1,0.472,0.472,False,0.692,-0.0,0
Note_003056,74,132206.86,620.69,Right,INNER,2,0.472,0.472,False,0.692,-0.0,0
Note_003057,86,132206.86,620.69,Right,INNER,3,0.63,0.63,False,0.692,-0.0,0
Note_003058,86,132206.86,620.69,Right,MELODY,4,0.315,0.315,False,0.692,-0.0,0
Note_003059,86,132206.86,620.69,Right,INNER,5,0.315,0.315,False,0.692,-0.0,0
Note_003060,42,132310.31,25.86,Left,BASS,2,0.709,0.709,True,0.241,5.0,0
Note_003061,36,132413.76,25.86,Left,BASS,3,0.63,0.63,False,0.207,5.0,0
Note_003062,42,132413.76,25.86,Left,INNER,2,0.709,0.709,True,0.207,5.0,0
Note_003063,57,132413.76,206.9,Right,INNER,2,0.709,0.709,False,0.414,5.0,0
Note_003064,33,132620.66,103.45,Left,BASS,5,0.787,0.787,False,0.19,-10.0,0
Note_003065,42,132620.66,25.86,Left,INNER,3,0.709,0.709,True,0.19,-10.0,0
Note_003066,59,132620.66,103.45,Right,INNER,1,0.709,0.709,False,0.506,5.0,0
Note_003067,62,132620.66,103.45,Right,INNER,2,0.709,0.709,False,0.506,5.0,0
Note_003068,74,132620.66,103.45,Right,MELODY,5,0.709,0.709,False,0.506,5.0,0
Note_003069,42,132724.1,25.86,Left,BASS,2,0.709,0.709,True,0.241,5.0,0
Note_003070,62,132724.1,103.45,Right,INNER,2,0.709,0.709,False,0.471,5.0,0
Note_003071,30,132827.55,413.79,Left,BASS,5,0.787,0.787,True,0.188,-5.0,12
Note_003072,40,132827.55,25.86,Left,INNER,3,0.709,0.709,False,0.188,-5.0,12
Note_003073,42,132827.55,25.86,Left,INNER,2,0.709,0.709,True,0.188,-5.0,12
Note_003074,69,132827.55,1034.48,Right,INNER,1,0.472,0.472,False,0.629,0.0,0
Note_003075,72,132827.55,413.79,Right,INNER,2,0.709,0.709,False,0.629,0.0,0
Note_003076,81,132827.55,1034.48,Right,INNER,4,0.63,0.63,False,0.629,0.0,0
Note_003077,81,132827.55,1034.48,Right,MELODY,5,0.315,0.315,False,0.629,0.0,0
Note_003078,42,133034.45,25.86,Left,BASS,4,0.709,0.709,True,0.328,5.0,0
Note_003079,57,133034.45,103.45,Left,INNER,1,0.709,0.709,False,0.328,5.0,0
Note_003080,40,133137.9,25.86,Left,BASS,5,0.63,0.63,False,0.23,-15.0,0
Note_003081,42,133137.9,25.86,Left,INNER,4,0.709,0.709,True,0.23,-15.0,0
Note_003082,31,133241.35,310.34,Left,BASS,3,0.787,0.787,False,0.176,15.0,-12
Note_003083,36,133241.35,25.86,Left,INNER,2,0.709,0.709,False,0.176,15.0,-12
Note_003084,42,133241.35,25.86,Left,INNER,1,0.709,0.709,True,0.176,15.0,-12
Note_003085,62,133241.35,310.34,Right,INNER,2,0.709,0.709,False,0.533,-5.0,0
Note_003086,66,133241.35,413.79,Right,INNER,3,0.787,0.787,True,0.533,-5.0,0
Note_003087,74,133241.35,310.34,Right,MELODY,5,0.709,0.709,False,0.533,-5.0,0
Note_003088,40,133344.79,25.86,Left,BASS,5,0.63,0.63,False,0.218,-10.0,0
Note_003089,46,133448.24,25.86,Left,BASS,2,0.709,0.709,True,0.287,5.0,0
Note_003090,32,133551.69,310.34,Left,BASS,5,0.787,0.787,True,0.126,-10.0,12
Note_003091,60,133551.69,310.34,Right,INNER,1,0.709,0.709,False,0.517,15.0,0
Note_003092,72,133551.69,310.34,Right,MELODY,2,0.709,0.709,False,0.517,15.0,0
Note_003093,40,133655.14,25.86,Left,BASS,3,0.709,0.709,False,0.23,5.0,0
Note_003094,42,133655.14,25.86,Left,INNER,2,0.709,0.709,True,0.23,5.0,0
Note_003095,33,133862.04,206.9,Left,BASS,5,0.787,0.787,False,0.19,-10.0,0
Note_003096,42,133862.04,25.86,Left,INNER,3,0.709,0.709,True,0.19,-10.0,0
Note_003097,57,133862.04,206.9,Right,INNER,2,0.709,0.709,False,0.479,-5.0,0
Note_003098,62,133862.04,103.45,Right,INNER,3,0.63,0.63,False,0.479,-5.0,0
Note_003099,69,133862.04,206.9,Right,MELODY,5,0.709,0.709,False,0.479,-5.0,0
Note_003100,42,133965.48,25.86,Left,BASS,2,0.709,0.709,True,0.241,5.0,0
Note_003101,36,134068.93,25.86,Left,BASS,5,0.63,0.63,False,0.203,-5.0,0
Note_003102,38,134068.93,206.9,Left,INNER,3,0.787,0.787,False,0.203,-5.0,0
Note_003103,42,134068.93,25.86,Left,INNER,2,0.709,0.709,True,0.203,-5.0,0
Note_003104,69,134068.93,103.45,Right,INNER,1,0.63,0.63,False,0.626,-0.0,0
Note_003105,69,134068.93,620.69,Right,INNER,0,0.472,0.472,False,0.626,-0.0,0
Note_003106,69,134068.93,620.69,Right,INNER,0,0.472,0.472,False,0.626,-0.0,0
Note_003107,78,134068.93,103.45,Right,INNER,2,0.63,0.63,True,0.626,-0.0,0
Note_003108,81,134068.93,620.69,Right,INNER,4,0.63,0.63,False,0.626,-0.0,0
Note_003109,81,134068.93,620.69,Right,MELODY,3,0.315,0.315,False,0.626,-0.0,0
Note_003110,81,134068.93,620.69,Right,INNER,5,0.315,0.315,False,0.626,-0.0,0
Note_003111,42,134275.83,25.86,Left,BASS,2,0.709,0.709,True,0.241,5.0,0
Note_003112,38,134379.28,103.45,Left,BASS,5,0.787,0.787,False,0.218,-5.0,0
Note_003113,42,134379.28,25.86,Left,INNER,2,0.709,0.709,True,0.218,-5.0,0
Note_003114,69,134379.28,103.45,Right,INNER,1,0.63,0.63,False,0.563,15.0,0
Note_003115,71,134379.28,103.45,Right,MELODY,2,0.63,0.63,False,0.563,15.0,0
Note_003116,40,134482.73,25.86,Left,BASS,3,0.709,0.709,False,0.234,15.0,-12
Note_003117,42,134482.73,25.86,Left,INNER,2,0.709,0.709,True,0.234,15.0,-12
Note_003118,42,134482.73,413.79,Left,INNER,1,0.787,0.787,True,0.234,15.0,-12
Note_003119,42,134689.62,25.86,Left,BASS,2,0.709,0.709,True,0.241,5.0,0
Note_003120,40,134793.07,25.86,Left,BASS,5,0.63,0.63,False,0.23,-5.0,0
Note_003121,42,134793.07,25.86,Left,INNER,2,0.709,0.709,True,0.23,-5.0,0
Note_003122,36,134896.52,25.86,Left,BASS,5,0.709,0.709,False,0.222,5.0,0
Note_003123,42,134896.52,25.86,Left,INNER,2,0.709,0.709,True,0.222,5.0,0
Note_003124,43,134896.52,310.34,Left,INNER,1,0.787,0.787,False,0.222,5.0,0
Note_003125,69,134896.52,310.34,Right,INNER,1,0.472,0.472,False,0.63,0.0,0
Note_003126,69,134896.52,310.34,Right,INNER,0,0.472,0.472,False,0.63,0.0,0
Note_003127,74,134896.52,155.17,Right,INNER,2,0.63,0.63,False,0.63,0.0,0
Note_003128,81,134896.52,310.34,Right,INNER,4,0.63,0.63,False,0.63,0.0,0
Note_003129,81,134896.52,310.34,Right,MELODY,3,0.315,0.315,False,0.63,0.0,0
Note_003130,81,134896.52,310.34,Right,INNER,5,0.315,0.315,False,0.63,0.0,0
Note_003131,40,134999.97,25.86,Left,BASS,5,0.63,0.63,False,0.218,-10.0,0
Note_003132,42,135103.41,25.86,Left,BASS,2,0.709,0.709,True,0.241,5.0,0
Note_003133,42,135206.86,25.86,Left,BASS,3,0.709,0.709,True,0.253,5.0,0
Note_003134,44,135206.86,310.34,Left,INNER,2,0.787,0.787,True,0.253,5.0,0
Note_003135,71,135206.86,310.34,Right,INNER,1,0.472,0.472,False,0.657,-0.0,0
Note_003136,71,135206.86,310.34,Right,INNER,2,0.472,0.472,False,0.657,-0.0,0
Note_003137,83,135206.86,310.34,Right,INNER,3,0.63,0.63,False,0.657,-0.0,0
Note_003138,83,135206.86,310.34,Right,MELODY,4,0.315,0.315,False,0.657,-0.0,0
Note_003139,83,135206.86,310.34,Right,INNER,5,0.315,0.315,False,0.657,-0.0,0
Note_003140,40,135310.31,25.86,Left,BASS,5,0.709,0.709,False,0.23,-10.0,0
Note_003141,42,135310.31,25.86,Left,INNER,3,0.709,0.709,True,0.23,-10.0,0
Note_003142,42,135517.21,25.86,Left,BASS,2,0.709,0.709,True,0.259,15.0,0
Note_003143,45,135517.21,206.9,Left,INNER,1,0.787,0.787,False,0.259,15.0,0
Note_003144,69,135517.21,206.9,Right,INNER,1,0.472,0.472,False,0.634,-0.0,0
Note_003145,69,135517.21,206.9,Right,INNER,2,0.472,0.472,False,0.634,-0.0,0
Note_003146,81,135517.21,206.9,Right,INNER,3,0.63,0.63,False,0.634,-0.0,0
Note_003147,81,135517.21,206.9,Right,MELODY,4,0.315,0.315,False,0.634,-0.0,0
Note_003148,81,135517.21,206.9,Right,INNER,5,0.315,0.315,False,0.634,-0.0,0
Note_003149,42,135620.66,25.86,Left,BASS,2,0.709,0.709,True,0.241,5.0,0
Note_003150,28,135724.1,206.9,Left,BASS,5,0.787,0.787,False,0.165,-5.0,0
Note_003151,36,135724.1,25.86,Left,INNER,3,0.709,0.709,False,0.165,-5.0,0
Note_003152,42,135724.1,25.86,Left,INNER,2,0.709,0.709,True,0.165,-5.0,0
Note_003153,68,135724.1,517.24,Right,INNER,1,0.472,0.472,True,0.623,-0.0,0
Note_003154,68,135724.1,517.24,Right,INNER,2,0.472,0.472,True,0.623,-0.0,0
Note_003155,80,135724.1,517.24,Right,INNER,3,0.63,0.63,True,0.623,-0.0,0
Note_003156,80,135724.1,517.24,Right,MELODY,4,0.315,0.315,True,0.623,-0.0,0
Note_003157,80,135724.1,517.24,Right,INNER,5,0.315,0.315,True,0.623,-0.0,0
Note_003158,40,135931.0,103.45,Left,BASS,5,0.787,0.787,False,0.23,-0.0,-12
Note_003159,42,135931.0,25.86,Left,INNER,1,0.709,0.709,True,0.23,-0.0,-12
Note_003160,42,136034.45,25.86,Left,BASS,2,0.709,0.709,True,0.241,5.0,0
Note_003161,32,136137.9,413.79,Left,BASS,5,0.787,0.787,True,0.195,-5.0,12
Note_003162,40,136137.9,25.86,Left,INNER,3,0.709,0.709,False,0.195,-5.0,12
Note_003163,42,136137.9,25.86,Left,INNER,2,0.709,0.709,True,0.195,-5.0,12
Note_003164,42,136344.79,25.86,Left,BASS,2,0.709,0.709,True,0.241,5.0,0
Note_003165,76,136344.79,310.34,Right,INNER,1,0.472,0.472,False,0.715,-0.0,0
Note_003166,76,136344.79,310.34,Right,INNER,2,0.472,0.472,False,0.715,-0.0,0
Note_003167,88,136344.79,310.34,Right,INNER,3,0.63,0.63,False,0.715,-0.0,0
Note_003168,88,136344.79,310.34,Right,MELODY,4,0.315,0.315,False,0.715,-0.0,0
Note_003169,88,136344.79,310.34,Right,INNER,5,0.315,0.315,False,0.715,-0.0,0
Note_003170,42,136448.24,25.86,Left,BASS,2,0.709,0.709,True,0.241,5.0,0
Note_003171,33,136551.69,310.34,Left,BASS,5,0.787,0.787,False,0.184,-5.0,0
Note_003172,36,136551.69,25.86,Left,INNER,3,0.709,0.709,False,0.184,-5.0,0
Note_003173,42,136551.69,25.86,Left,INNER,2,0.709,0.709,True,0.184,-5.0,0
Note_003174,61,136551.69,310.34,Right,INNER,2,0.63,0.63,True,0.506,-5.0,0
Note_003175,69,136551.69,310.34,Right,MELODY,5,0.63,0.63,False,0.506,-5.0,0
Note_003176,46,136758.59,25.86,Left,BASS,2,0.709,0.709,True,0.287,5.0,0
Note_003177,74,136758.59,620.69,Right,INNER,1,0.472,0.472,False,0.692,-0.0,0
Note_003178,74,136758.59,620.69,Right,INNER,2,0.472,0.472,False,0.692,-0.0,0
Note_003179,86,136758.59,620.69,Right,INNER,3,0.63,0.63,False,0.692,-0.0,0
Note_003180,86,136758.59,620.69,Right,MELODY,4,0.315,0.315,False,0.692,-0.0,0
Note_003181,86,136758.59,620.69,Right,INNER,5,0.315,0.315,False,0.692,-0.0,0
Note_003182,34,136862.03,310.34,Left,BASS,5,0.787,0.787,True,0.149,-10.0,12
Note_003183,59,136862.03,517.24,Right,INNER,1,0.63,0.63,False,0.489,15.0,0
Note_003184,68,136862.03,517.24,Right,MELODY,2,0.63,0.63,True,0.489,15.0,0
Note_003185,40,136965.48,25.86,Left,BASS,3,0.709,0.709,False,0.23,5.0,0
Note_003186,42,136965.48,25.86,Left,INNER,2,0.709,0.709,True,0.23,5.0,0
Note_003187,35,137172.38,206.9,Left,BASS,5,0.787,0.787,False,0.201,-10.0,0
Note_003188,42,137172.38,25.86,Left,INNER,3,0.709,0.709,True,0.201,-10.0,0
Note_003189,42,137275.83,25.86,Left,BASS,2,0.709,0.709,True,0.241,5.0,0
Note_003190,33,137379.28,206.9,Left,BASS,5,0.787,0.787,False,0.184,-5.0,0
Note_003191,36,137379.28,25.86,Left,INNER,3,0.63,0.63,False,0.184,-5.0,0
Note_003192,42,137379.28,25.86,Left,INNER,2,0.709,0.709,True,0.184,-5.0,0
Note_003193,90,137379.28,413.79,Right,INNER,3,0.63,0.63,True,0.793,-5.0,0
Note_003194,90,137379.28,413.79,Right,MELODY,4,0.315,0.315,True,0.793,-5.0,0
Note_003195,42,137586.17,25.86,Left,BASS,3,0.709,0.709,True,0.247,5.0,0
Note_003196,43,137586.17,103.45,Left,INNER,2,0.787,0.787,False,0.247,5.0,0
Note_003197,33,137689.62,103.45,Left,BASS,5,0.787,0.787,False,0.19,-10.0,0
Note_003198,42,137689.62,25.86,Left,INNER,3,0.709,0.709,True,0.19,-10.0,0
Note_003199,37,137793.07,310.34,Left,BASS,3,0.787,0.787,True,0.215,15.0,-12
Note_003200,40,137793.07,25.86,Left,INNER,2,0.709,0.709,False,0.215,15.0,-12
Note_003201,42,137793.07,25.86,Left,INNER,1,0.709,0.709,True,0.215,15.0,-12
Note_003202,86,137793.07,413.79,Right,INNER,1,0.63,0.63,False,0.747,10.0,0
Note_003203,86,137793.07,413.79,Right,MELODY,3,0.315,0.315,False,0.747,10.0,0
Note_003204,42,137999.97,25.86,Left,BASS,2,0.709,0.709,True,0.241,5.0,0
Note_003205,40,138103.41,25.86,Left,BASS,3,0.63,0.63,False,0.23,5.0,0
Note_003206,42,138103.41,25.86,Left,INNER,2,0.709,0.709,True,0.23,5.0,0
Note_003207,36,138206.86,25.86,Left,BASS,5,0.709,0.709,False,0.203,-15.0,0
Note_003208,38,138206.86,310.34,Left,INNER,4,0.787,0.787,False,0.203,-15.0,0
Note_003209,42,138206.86,25.86,Left,INNER,3,0.709,0.709,True,0.203,-15.0,0
Note_003210,85,138206.86,310.34,Right,INNER,2,0.63,0.63,True,0.736,-5.0,-12
Note_003211,85,138206.86,310.34,Right,MELODY,5,0.315,0.315,True,0.736,-5.0,-12
Note_003212,40,138310.31,25.86,Left,BASS,5,0.63,0.63,False,0.218,-10.0,0
Note_003213,42,138413.76,25.86,Left,BASS,2,0.709,0.709,True,0.241,5.0,0
Note_003214,39,138517.21,310.34,Left,BASS,3,0.787,0.787,True,0.224,5.0,0
Note_003215,42,138517.21,25.86,Left,INNER,2,0.709,0.709,True,0.224,5.0,0
Note_003216,88,138517.21,206.9,Right,INNER,1,0.63,0.63,False,0.77,5.0,0
Note_003217,88,138517.21,206.9,Right,MELODY,4,0.315,0.315,False,0.77,5.0,0
Note_003218,40,138620.66,25.86,Left,BASS,2,0.709,0.709,False,0.23,15.0,-12
Note_003219,42,138620.66,25.86,Left,INNER,1,0.709,0.709,True,0.23,15.0,-12
Note_003220,40,138827.55,206.9,Left,BASS,5,0.787,0.787,False,0.23,-5.0,0
Note_003221,42,138827.55,25.86,Left,INNER,2,0.709,0.709,True,0.23,-5.0,0
Note_003222,74,138827.55,1655.17,Right,INNER,1,0.472,0.472,False,0.692,-0.0,0
Note_003223,74,138827.55,1655.17,Right,INNER,2,0.472,0.472,False,0.692,-0.0,0
Note_003224,86,138827.55,1655.17,Right,INNER,3,0.63,0.63,False,0.692,-0.0,0
Note_003225,86,138827.55,1655.17,Right,MELODY,4,0.315,0.315,False,0.692,-0.0,0
Note_003226,86,138827.55,1655.17,Right,INNER,5,0.315,0.315,False,0.692,-0.0,0
Note_003227,42,138931.0,25.86,Left,BASS,2,0.709,0.709,True,0.241,5.0,0
Note_003228,29,139034.45,25.86,Left,BASS,5,0.709,0.709,False,0.175,5.0,-12
Note_003229,36,139034.45,25.86,Left,INNER,3,0.709,0.709,False,0.175,5.0,-12
Note_003230,38,139034.45,206.9,Left,INNER,2,0.787,0.787,False,0.175,5.0,-12
Note_003231,42,139034.45,25.86,Left,INNER,1,0.709,0.709,True,0.175,5.0,-12
Note_003232,67,139034.45,310.34,Right,INNER,1,0.709,0.709,False,0.552,0.0,0
Note_003233,71,139034.45,310.34,Right,MELODY,5,0.709,0.709,False,0.552,0.0,0
Note_003234,26,139241.34,206.9,Left,BASS,5,0.787,0.787,False,0.13,0.0,-12
Note_003235,29,139241.34,25.86,Left,INNER,3,0.709,0.709,False,0.13,0.0,-12
Note_003236,42,139241.34,25.86,Left,INNER,1,0.709,0.709,True,0.13,0.0,-12
Note_003237,42,139344.79,25.86,Left,BASS,2,0.709,0.709,True,0.241,5.0,0
Note_003238,28,139448.24,103.45,Left,BASS,5,0.787,0.787,False,0.158,-10.0,0
Note_003239,29,139448.24,25.86,Left,INNER,4,0.709,0.709,False,0.158,-10.0,0
Note_003240,40,139448.24,25.86,Left,INNER,3,0.709,0.709,False,0.158,-10.0,0
Note_003241,42,139448.24,25.86,Left,INNER,2,0.709,0.709,True,0.158,-10.0,0
Note_003242,67,139448.24,310.34,Right,INNER,1,0.709,0.709,False,0.552,5.0,0
Note_003243,71,139448.24,310.34,Right,MELODY,4,0.709,0.709,False,0.552,5.0,0
Note_003244,29,139655.14,25.86,Left,BASS,5,0.709,0.709,False,0.146,5.0,-12
Note_003245,30,139655.14,103.45,Left,INNER,2,0.787,0.787,True,0.146,5.0,-12
Note_003246,42,139655.14,25.86,Left,INNER,1,0.709,0.709,True,0.146,5.0,-12
Note_003247,30,139758.59,25.86,Left,BASS,5,0.709,0.709,True,0.188,5.0,0
Note_003248,40,139758.59,25.86,Left,INNER,2,0.709,0.709,False,0.188,5.0,0
Note_003249,42,139758.59,25.86,Left,INNER,1,0.709,0.709,True,0.188,5.0,0
Note_003250,29,139862.03,25.86,Left,BASS,5,0.709,0.709,False,0.168,0.0,-12
Note_003251,31,139862.03,206.9,Left,INNER,4,0.787,0.787,False,0.168,0.0,-12
Note_003252,36,139862.03,25.86,Left,INNER,3,0.63,0.63,False,0.168,0.0,-12
Note_003253,40,139862.03,25.86,Left,INNER,2,0.472,0.472,False,0.168,0.0,-12
Note_003254,42,139862.03,25.86,Left,INNER,1,0.709,0.709,True,0.168,0.0,-12
Note_003255,62,139862.03,103.45,Right,INNER,1,0.709,0.709,False,0.525,10.0,0
Note_003256,67,139862.03,103.45,Right,INNER,2,0.709,0.709,False,0.525,10.0,0
Note_003257,71,139862.03,103.45,Right,MELODY,4,0.709,0.709,False,0.525,10.0,0
Note_003258,40,139913.76,25.86,Left,BASS,5,0.472,0.472,False,0.218,-10.0,0
Note_003259,30,139965.48,25.86,Left,BASS,2,0.709,0.709,True,0.161,15.0,0
Note_003260,40,139965.48,25.86,Left,INNER,1,0.709,0.709,False,0.161,15.0,0
Note_003261,42,140068.93,25.86,Left,BASS,2,0.709,0.709,True,0.241,5.0,0
Note_003262,33,140172.38,517.24,Left,BASS,5,0.787,0.787,False,0.19,-5.0,0
Note_003263,42,140172.38,25.86,Left,INNER,2,0.709,0.709,True,0.19,-5.0,0
Note_003264,64,140172.38,517.24,Right,INNER,2,0.709,0.709,False,0.548,-0.0,0
Note_003265,69,140172.38,517.24,Right,INNER,3,0.709,0.709,False,0.548,-0.0,0
Note_003266,73,140172.38,517.24,Right,MELODY,4,0.709,0.709,True,0.548,-0.0,0
Note_003267,40,140275.83,25.86,Left,BASS,2,0.709,0.709,False,0.23,15.0,-12
Note_003268,42,140275.83,25.86,Left,INNER,1,0.709,0.709,True,0.23,15.0,-12
Note_003269,42,140482.72,25.86,Left,BASS,2,0.709,0.709,True,0.241,5.0,0
Note_003270,42,140586.17,25.86,Left,BASS,2,0.709,0.709,True,0.241,5.0,0
