---,Pitch,StartMs,DurationMs,Hand,Role,Finger,Pressure,KeyDepth,bIsBlack,WristPosNorm,WristYawDeg,WristRollDeg
Note_000000,65,2692.3,320.51,Left,BASS,5,0.89,0.89,False,0.552,5.0,-12
Note_000001,68,2692.3,376.6,Left,INNER,3,0.89,0.89,True,0.552,5.0,-12
Note_000002,70,2692.3,376.6,Left,INNER,2,0.89,0.89,True,0.552,5.0,-12
Note_000003,73,2692.3,304.49,Left,INNER,1,0.89,0.89,True,0.552,5.0,-12
Note_000004,65,3076.92,304.49,Left,BASS,5,0.89,0.89,False,0.552,5.0,-12
Note_000005,68,3076.92,216.35,Left,INNER,3,0.89,0.89,True,0.552,5.0,-12
Note_000006,70,3076.92,224.36,Left,INNER,2,0.89,0.89,True,0.552,5.0,-12
Note_000007,73,3076.92,280.45,Left,INNER,1,0.89,0.89,True,0.552,5.0,-12
Note_000008,65,3461.53,344.55,Left,BASS,5,0.89,0.89,False,0.552,5.0,-12
Note_000009,68,3461.53,344.55,Left,INNER,3,0.89,0.89,True,0.552,5.0,-12
Note_000010,70,3461.53,360.58,Left,INNER,2,0.89,0.89,True,0.552,5.0,-12
Note_000011,73,3461.53,328.53,Left,INNER,1,0.89,0.89,True,0.552,5.0,-12
Note_000012,65,3846.15,681.09,Left,BASS,5,0.89,0.89,False,0.552,5.0,-12
Note_000013,68,3846.15,705.13,Left,INNER,3,0.89,0.89,True,0.552,5.0,-12
Note_000014,70,3846.15,721.15,Left,INNER,2,0.89,0.89,True,0.552,5.0,-12
Note_000015,73,3846.15,657.05,Left,INNER,1,0.89,0.89,True,0.552,5.0,-12
Note_000016,65,4615.38,689.1,Left,BASS,5,0.89,0.89,False,0.552,5.0,-12
Note_000017,68,4615.38,633.01,Left,INNER,3,0.89,0.89,True,0.552,5.0,-12
Note_000018,70,4615.38,649.04,Left,INNER,2,0.89,0.89,True,0.552,5.0,-12
Note_000019,73,4615.38,673.08,Left,INNER,1,0.89,0.89,True,0.552,5.0,-12
Note_000020,63,5769.23,320.51,Left,BASS,5,0.89,0.89,True,0.543,5.0,0
Note_000021,67,5769.23,296.47,Left,INNER,3,0.89,0.89,False,0.543,5.0,0
Note_000022,70,5769.23,296.47,Left,INNER,2,0.89,0.89,True,0.543,5.0,0
Note_000023,73,5769.23,304.49,Left,INNER,1,0.89,0.89,True,0.543,5.0,0
Note_000024,63,6153.84,376.6,Left,BASS,5,0.89,0.89,True,0.543,5.0,0
Note_000025,67,6153.84,328.53,Left,INNER,3,0.89,0.89,False,0.543,5.0,0
Note_000026,70,6153.84,344.55,Left,INNER,2,0.89,0.89,True,0.543,5.0,0
Note_000027,73,6153.84,376.6,Left,INNER,1,0.89,0.89,True,0.543,5.0,0
Note_000028,65,6538.46,376.6,Left,BASS,5,0.89,0.89,False,0.536,5.0,-12
Note_000029,68,6538.46,352.56,Left,INNER,2,0.89,0.89,True,0.536,5.0,-12
Note_000030,70,6538.46,320.51,Left,INNER,1,0.89,0.89,True,0.536,5.0,-12
Note_000031,67,6923.07,376.6,Left,BASS,3,0.89,0.89,False,0.563,15.0,-12
Note_000032,70,6923.07,376.6,Left,INNER,2,0.89,0.89,True,0.563,15.0,-12
Note_000033,73,6923.07,376.6,Left,INNER,1,0.89,0.89,True,0.563,15.0,-12
Note_000034,65,7307.69,184.29,Left,BASS,5,0.89,0.89,False,0.523,-10.0,0
Note_000035,68,7307.69,184.29,Left,INNER,3,0.89,0.89,True,0.523,-10.0,0
Note_000036,63,7499.99,801.28,Left,BASS,2,0.89,0.89,True,0.506,15.0,0
Note_000037,67,7499.99,689.1,Left,INNER,1,0.89,0.89,False,0.506,15.0,0
Note_000038,63,8461.53,352.56,Left,BASS,5,0.89,0.89,True,0.532,5.0,12
Note_000039,66,8461.53,288.46,Left,INNER,3,0.89,0.89,True,0.532,5.0,12
Note_000040,68,8461.53,360.58,Left,INNER,2,0.89,0.89,True,0.532,5.0,12
Note_000041,72,8461.53,320.51,Left,INNER,1,0.89,0.89,False,0.532,5.0,12
Note_000042,63,8846.15,320.51,Left,BASS,5,0.89,0.89,True,0.532,5.0,12
Note_000043,66,8846.15,288.46,Left,INNER,3,0.89,0.89,True,0.532,5.0,12
Note_000044,68,8846.15,328.53,Left,INNER,2,0.89,0.89,True,0.532,5.0,12
Note_000045,72,8846.15,336.54,Left,INNER,1,0.89,0.89,False,0.532,5.0,12
Note_000046,63,9230.76,352.56,Left,BASS,5,0.89,0.89,True,0.532,5.0,12
Note_000047,66,9230.76,296.47,Left,INNER,3,0.89,0.89,True,0.532,5.0,12
Note_000048,68,9230.76,376.6,Left,INNER,2,0.89,0.89,True,0.532,5.0,12
Note_000049,72,9230.76,352.56,Left,INNER,1,0.89,0.89,False,0.532,5.0,12
Note_000050,63,9615.38,761.22,Left,BASS,5,0.89,0.89,True,0.54,5.0,0
Note_000051,66,9615.38,761.22,Left,INNER,3,0.89,0.89,True,0.54,5.0,0
Note_000052,70,9615.38,761.22,Left,INNER,2,0.89,0.89,True,0.54,5.0,0
Note_000053,73,9615.38,761.22,Left,INNER,1,0.89,0.89,True,0.54,5.0,0
Note_000054,63,10384.6,216.35,Left,BASS,5,0.89,0.89,True,0.532,5.0,12
Note_000055,66,10384.6,192.31,Left,INNER,3,0.89,0.89,True,0.532,5.0,12
Note_000056,68,10384.6,665.06,Left,INNER,2,0.89,0.89,True,0.532,5.0,12
Note_000057,72,10384.6,761.22,Left,INNER,1,0.89,0.89,False,0.532,5.0,12
Note_000058,68,11153.83,312.5,Left,BASS,5,0.89,0.89,True,0.54,-10.0,12
Note_000059,61,11538.45,176.28,Left,BASS,5,0.89,0.89,True,0.526,5.0,0
Note_000060,65,11538.45,168.27,Left,INNER,3,0.89,0.89,False,0.526,5.0,0
Note_000061,68,11538.45,176.28,Left,INNER,2,0.89,0.89,True,0.526,5.0,0
Note_000062,73,11538.45,208.33,Left,INNER,1,0.89,0.89,True,0.526,5.0,0
Note_000063,61,11923.06,376.6,Left,BASS,5,0.89,0.89,True,0.526,5.0,0
Note_000064,65,11923.06,184.29,Left,INNER,3,0.89,0.89,False,0.526,5.0,0
Note_000065,68,11923.06,344.55,Left,INNER,2,0.89,0.89,True,0.526,5.0,0
Note_000066,73,11923.06,376.6,Left,INNER,1,0.89,0.89,True,0.526,5.0,0
Note_000067,66,12307.68,296.47,Left,BASS,2,0.89,0.89,True,0.54,15.0,-12
Note_000068,70,12307.68,376.6,Left,INNER,1,0.89,0.89,True,0.54,15.0,-12
Note_000069,65,12692.29,376.6,Left,BASS,3,0.89,0.89,False,0.523,5.0,0
Note_000070,68,12692.29,376.6,Left,INNER,2,0.89,0.89,True,0.523,5.0,0
Note_000071,63,13076.91,376.6,Left,BASS,5,0.89,0.89,True,0.5,-10.0,12
Note_000072,66,13076.91,376.6,Left,INNER,3,0.89,0.89,True,0.5,-10.0,12
Note_000073,61,13461.52,1458.33,Left,BASS,2,0.89,0.89,True,0.483,15.0,0
Note_000074,65,13461.52,1410.25,Left,INNER,1,0.89,0.89,False,0.483,15.0,0
Note_000075,46,15384.6,3036.86,Left,BASS,3,0.89,0.89,True,0.287,5.0,0
Note_000076,46,15384.6,3044.87,Left,INNER,2,0.945,0.945,True,0.287,5.0,0
Note_000077,53,15384.6,3036.86,Right,INNER,0,0.89,0.89,False,0.447,0.0,12
Note_000078,53,15384.6,2652.24,Right,INNER,0,0.969,0.969,False,0.447,0.0,12
Note_000079,58,15384.6,2956.73,Right,INNER,0,0.89,0.89,True,0.447,0.0,12
Note_000080,58,15384.6,328.53,Right,INNER,0,0.969,0.969,True,0.447,0.0,12
Note_000081,61,15384.6,3068.91,Right,INNER,1,0.89,0.89,True,0.447,0.0,12
Note_000082,61,15384.6,480.77,Right,INNER,2,0.969,0.969,True,0.447,0.0,12
Note_000083,65,15384.6,3068.91,Right,INNER,3,0.89,0.89,False,0.447,0.0,12
Note_000084,65,15384.6,416.67,Right,INNER,4,0.961,0.961,False,0.447,0.0,12
Note_000085,65,15384.6,641.02,Right,INNER,5,0.819,0.819,False,0.447,0.0,12
Note_000086,58,15769.21,424.68,Left,BASS,1,0.748,0.748,True,0.425,10.0,-12
Note_000087,61,16153.83,448.72,Left,BASS,5,0.953,0.953,True,0.49,-5.0,12
Note_000088,65,16153.83,328.53,Left,INNER,3,0.874,0.874,False,0.49,-5.0,12
Note_000089,65,16153.83,352.56,Left,INNER,2,0.961,0.961,False,0.49,-5.0,12
Note_000090,58,16538.44,432.69,Left,BASS,2,0.819,0.819,True,0.466,15.0,0
Note_000091,65,16538.44,1466.34,Left,INNER,1,0.866,0.866,False,0.466,15.0,0
Note_000092,61,16923.06,456.73,Left,BASS,4,0.953,0.953,True,0.483,-5.0,0
Note_000093,65,16923.06,384.61,Left,INNER,3,0.961,0.961,False,0.483,-5.0,0
Note_000094,58,17307.67,464.74,Left,BASS,5,0.858,0.858,True,0.425,-10.0,12
Note_000095,61,17692.29,448.72,Left,BASS,3,0.945,0.945,True,0.483,5.0,0
Note_000096,65,17692.29,416.67,Left,INNER,2,0.945,0.945,False,0.483,5.0,0
Note_000097,58,18076.9,160.26,Left,BASS,5,0.913,0.913,True,0.466,-0.0,12
Note_000098,65,18076.9,336.54,Left,INNER,1,0.874,0.874,False,0.466,-0.0,12
Note_000099,49,18461.52,6145.83,Left,BASS,5,0.969,0.969,True,0.438,0.0,0
Note_000100,56,18461.52,2828.52,Left,INNER,4,0.961,0.961,True,0.438,0.0,0
Note_000101,59,18461.52,761.22,Left,INNER,3,0.89,0.89,False,0.438,0.0,0
Note_000102,59,18461.52,288.46,Left,INNER,2,0.969,0.969,False,0.438,0.0,0
Note_000103,61,18461.52,400.64,Left,INNER,1,0.969,0.969,True,0.438,0.0,0
Note_000104,65,18461.52,328.53,Left,INNER,0,0.921,0.921,False,0.438,0.0,0
Note_000105,65,18461.52,448.72,Left,INNER,0,0.969,0.969,False,0.438,0.0,0
Note_000106,65,18846.13,384.62,Left,INNER,1,0.913,0.913,False,0.471,15.0,0
Note_000107,59,18846.14,464.74,Left,BASS,2,0.929,0.929,False,0.471,15.0,0
Note_000108,61,19230.75,448.72,Left,BASS,5,0.961,0.961,True,0.5,-5.0,0
Note_000109,65,19230.75,408.65,Left,INNER,4,0.969,0.969,False,0.5,-5.0,0
Note_000110,66,19230.75,424.68,Left,INNER,3,0.906,0.906,True,0.5,-5.0,0
Note_000111,66,19230.75,376.6,Left,INNER,1,0.89,0.89,True,0.5,-5.0,0
Note_000112,59,19615.36,424.68,Left,BASS,5,0.866,0.866,False,0.506,5.0,-12
Note_000113,68,19615.36,801.28,Left,INNER,2,0.89,0.89,True,0.506,5.0,-12
Note_000114,68,19615.36,761.22,Left,INNER,1,0.89,0.89,True,0.506,5.0,-12
Note_000115,61,19999.98,448.72,Left,BASS,4,0.953,0.953,True,0.483,-5.0,0
Note_000116,65,19999.98,416.67,Left,INNER,3,0.929,0.929,False,0.483,-5.0,0
Note_000117,61,20384.59,849.36,Left,INNER,2,0.811,0.811,True,0.452,5.0,-12
Note_000118,61,20384.59,761.22,Left,INNER,1,0.89,0.89,True,0.452,5.0,-12
Note_000119,59,20384.6,432.69,Left,BASS,5,0.921,0.921,False,0.452,5.0,-12
Note_000120,61,20769.21,512.82,Left,BASS,4,0.945,0.945,True,0.483,-5.0,0
Note_000121,65,20769.21,360.58,Left,INNER,3,0.961,0.961,False,0.483,-5.0,0
Note_000122,66,21153.82,3453.52,Left,INNER,3,0.89,0.89,True,0.52,5.0,-12
Note_000123,70,21153.82,2876.6,Left,INNER,2,0.795,0.795,True,0.52,5.0,-12
Note_000124,70,21153.82,3453.52,Left,INNER,1,0.89,0.89,True,0.52,5.0,-12
Note_000125,59,21153.83,176.28,Left,BASS,5,0.921,0.921,False,0.52,5.0,-12
Note_000126,42,21538.44,3084.93,Left,BASS,5,0.953,0.953,True,0.241,-10.0,12
Note_000127,54,21538.44,3052.88,Right,INNER,1,0.929,0.929,True,0.48,10.0,12
Note_000128,61,21538.44,480.77,Right,INNER,2,0.969,0.969,True,0.48,10.0,12
Note_000129,66,21538.44,472.76,Right,INNER,3,0.929,0.929,True,0.48,10.0,12
Note_000130,70,21538.44,432.69,Right,INNER,4,0.953,0.953,True,0.48,10.0,12
Note_000131,58,21923.06,424.68,Left,BASS,1,0.913,0.913,True,0.425,10.0,-12
Note_000132,61,22307.67,416.67,Left,BASS,4,0.961,0.961,True,0.513,0.0,0
Note_000133,66,22307.67,384.61,Left,INNER,3,0.953,0.953,True,0.513,0.0,0
Note_000134,70,22307.67,368.59,Left,INNER,2,0.953,0.953,True,0.513,0.0,0
Note_000135,58,22692.29,432.69,Left,BASS,5,0.921,0.921,True,0.425,-10.0,12
Note_000136,61,23076.9,464.74,Left,BASS,4,0.953,0.953,True,0.513,0.0,0
Note_000137,66,23076.9,456.73,Left,INNER,3,0.961,0.961,True,0.513,0.0,0
Note_000138,70,23076.9,408.65,Left,INNER,2,0.969,0.969,True,0.513,0.0,0
Note_000139,58,23461.52,440.7,Left,BASS,5,0.913,0.913,True,0.425,-10.0,12
Note_000140,61,23846.13,424.68,Left,BASS,4,0.945,0.945,True,0.513,0.0,0
Note_000141,66,23846.13,424.68,Left,INNER,3,0.937,0.937,True,0.513,0.0,0
Note_000142,70,23846.13,400.64,Left,INNER,2,0.953,0.953,True,0.513,0.0,0
Note_000143,58,24230.75,416.67,Left,BASS,1,0.906,0.906,True,0.425,10.0,-12
Note_000144,51,24615.36,3125.0,Left,BASS,2,0.969,0.969,True,0.345,5.0,0
Note_000145,82,24615.36,737.18,Right,MELODY,4,0.37,0.37,True,0.701,-5.0,0
Note_000146,58,24999.97,424.68,Left,BASS,1,0.858,0.858,True,0.425,10.0,-12
Note_000147,63,25384.59,432.69,Left,BASS,5,0.961,0.961,True,0.521,-5.0,12
Note_000148,66,25384.59,408.65,Left,INNER,3,0.937,0.937,True,0.521,-5.0,12
Note_000149,70,25384.59,368.59,Left,INNER,2,0.961,0.961,True,0.521,-5.0,12
Note_000150,82,25384.59,2323.72,Right,MELODY,4,0.819,0.819,True,0.701,-5.0,0
Note_000151,58,25769.2,432.69,Left,BASS,2,0.906,0.906,True,0.494,15.0,-12
Note_000152,70,25769.2,721.15,Left,INNER,1,0.921,0.921,True,0.494,15.0,-12
Note_000153,63,26153.82,432.69,Left,BASS,5,0.961,0.961,True,0.521,-15.0,12
Note_000154,66,26153.82,384.62,Left,INNER,4,0.945,0.945,True,0.521,-15.0,12
Note_000155,70,26153.82,288.46,Left,INNER,3,0.945,0.945,True,0.521,-15.0,12
Note_000156,58,26538.43,424.68,Left,BASS,2,0.85,0.85,True,0.494,15.0,-12
Note_000157,70,26538.43,1153.85,Left,INNER,1,0.906,0.906,True,0.494,15.0,-12
Note_000158,63,26923.05,416.67,Left,BASS,5,0.953,0.953,True,0.521,-15.0,12
Note_000159,66,26923.05,272.44,Left,INNER,4,0.921,0.921,True,0.521,-15.0,12
Note_000160,70,26923.05,737.18,Left,INNER,3,0.961,0.961,True,0.521,-15.0,12
Note_000161,58,27307.66,184.29,Left,BASS,1,0.906,0.906,True,0.425,10.0,-12
Note_000162,44,27692.28,1738.78,Left,BASS,5,0.858,0.858,True,0.264,-10.0,12
Note_000163,80,27692.28,312.5,Right,MELODY,2,0.598,0.598,True,0.678,5.0,0
Note_000164,51,28076.89,376.6,Left,BASS,4,0.945,0.945,True,0.444,10.0,-12
Note_000165,60,28076.89,440.7,Left,INNER,2,0.937,0.937,False,0.444,10.0,-12
Note_000166,68,28076.89,424.68,Left,INNER,1,0.913,0.913,True,0.444,10.0,-12
Note_000167,80,28076.89,432.69,Right,MELODY,2,0.866,0.866,True,0.678,5.0,0
Note_000168,56,28461.51,408.65,Left,BASS,5,0.969,0.969,True,0.5,-0.0,0
Note_000169,58,28461.51,376.6,Left,INNER,4,0.89,0.89,True,0.5,-0.0,0
Note_000170,63,28461.51,352.56,Left,INNER,3,0.961,0.961,True,0.5,-0.0,0
Note_000171,70,28461.51,384.62,Left,INNER,2,0.921,0.921,True,0.5,-0.0,0
Note_000172,70,28461.51,424.68,Left,INNER,1,0.969,0.969,True,0.5,-0.0,0
Note_000173,70,28461.51,376.6,Left,INNER,0,0.89,0.89,True,0.5,-0.0,0
Note_000174,82,28461.51,448.72,Right,MELODY,4,0.882,0.882,True,0.701,-5.0,0
Note_000175,51,28846.12,1041.67,Left,BASS,5,0.937,0.937,True,0.469,0.0,0
Note_000176,56,28846.12,184.29,Left,INNER,4,0.89,0.89,True,0.469,0.0,0
Note_000177,60,28846.12,1049.68,Left,INNER,3,0.898,0.898,False,0.469,0.0,0
Note_000178,68,28846.12,232.37,Left,INNER,2,0.874,0.874,True,0.469,0.0,0
Note_000179,68,28846.12,248.4,Left,INNER,1,0.937,0.937,True,0.469,0.0,0
Note_000180,68,28846.12,184.29,Left,INNER,0,0.89,0.89,True,0.469,0.0,0
Note_000181,80,28846.12,224.36,Right,MELODY,2,0.882,0.882,True,0.678,5.0,0
Note_000182,66,29038.43,184.29,Left,BASS,5,0.89,0.89,True,0.517,-5.0,0
Note_000183,66,29038.43,264.42,Left,INNER,4,0.89,0.89,True,0.517,-5.0,0
Note_000184,66,29038.43,184.29,Left,INNER,1,0.89,0.89,True,0.517,-5.0,0
Note_000185,78,29038.43,184.29,Right,MELODY,1,0.85,0.85,True,0.655,10.0,12
Note_000186,63,29230.74,616.99,Left,BASS,5,0.906,0.906,True,0.517,5.0,0
Note_000187,63,29230.74,328.53,Left,INNER,3,0.913,0.913,True,0.517,5.0,0
Note_000188,63,29230.74,160.26,Left,INNER,2,0.89,0.89,True,0.517,5.0,0
Note_000189,75,29230.74,304.49,Left,INNER,1,0.929,0.929,True,0.517,5.0,0
Note_000190,65,29999.97,368.59,Left,BASS,5,0.953,0.953,False,0.506,-5.0,0
Note_000191,65,29999.97,488.78,Left,INNER,4,0.654,0.654,False,0.506,-5.0,0
Note_000192,65,29999.97,376.6,Left,INNER,1,0.89,0.89,False,0.506,-5.0,0
Note_000193,66,30384.58,376.6,Left,BASS,5,0.921,0.921,True,0.517,-5.0,12
Note_000194,66,30384.58,432.69,Left,INNER,3,0.882,0.882,True,0.517,-5.0,12
Note_000195,66,30384.59,376.6,Left,INNER,2,0.89,0.89,True,0.517,-5.0,12
Note_000196,47,30769.2,272.44,Left,BASS,5,0.921,0.921,False,0.299,-10.0,0
Note_000197,54,30769.2,608.97,Right,INNER,0,0.961,0.961,True,0.496,-0.0,12
Note_000198,59,30769.2,280.45,Right,INNER,0,0.969,0.969,False,0.496,-0.0,12
Note_000199,59,30769.2,256.41,Right,INNER,0,0.89,0.89,False,0.496,-0.0,12
Note_000200,63,30769.2,264.42,Right,INNER,1,0.953,0.953,True,0.496,-0.0,12
Note_000201,63,30769.2,280.45,Right,INNER,0,0.89,0.89,True,0.496,-0.0,12
Note_000202,66,30769.2,8.01,Right,INNER,2,0.961,0.961,True,0.496,-0.0,12
Note_000203,71,30769.2,248.4,Right,INNER,3,0.969,0.969,False,0.496,-0.0,12
Note_000204,71,30769.2,304.49,Right,INNER,4,0.906,0.906,False,0.496,-0.0,12
Note_000205,71,30769.2,280.45,Right,INNER,5,0.89,0.89,False,0.496,-0.0,12
Note_000206,47,31153.81,216.35,Left,BASS,1,0.89,0.89,False,0.299,10.0,0
Note_000207,59,31153.81,208.33,Right,INNER,0,0.961,0.961,False,0.51,0.0,12
Note_000208,63,31153.81,312.5,Right,INNER,1,0.969,0.969,True,0.51,0.0,12
Note_000209,66,31153.81,264.42,Right,INNER,2,0.961,0.961,True,0.51,0.0,12
Note_000210,71,31153.81,408.65,Right,INNER,3,0.898,0.898,False,0.51,0.0,12
Note_000211,71,31153.81,344.55,Right,INNER,4,0.961,0.961,False,0.51,0.0,12
Note_000212,59,31153.82,376.6,Right,INNER,0,0.89,0.89,False,0.51,0.0,12
Note_000213,63,31153.82,280.45,Right,INNER,0,0.89,0.89,True,0.51,0.0,12
Note_000214,71,31153.82,344.55,Right,INNER,5,0.89,0.89,False,0.51,0.0,12
Note_000215,46,31538.43,360.58,Left,BASS,2,0.921,0.921,True,0.287,5.0,0
Note_000216,53,31538.43,280.45,Right,INNER,0,0.969,0.969,False,0.488,0.0,-12
Note_000217,58,31538.43,280.45,Right,INNER,0,0.969,0.969,True,0.488,0.0,-12
Note_000218,58,31538.43,352.56,Right,INNER,0,0.89,0.89,True,0.488,0.0,-12
Note_000219,62,31538.43,232.37,Right,INNER,0,0.969,0.969,False,0.488,0.0,-12
Note_000220,65,31538.43,288.46,Right,INNER,1,0.969,0.969,False,0.488,0.0,-12
Note_000221,65,31538.43,320.51,Right,INNER,2,0.89,0.89,False,0.488,0.0,-12
Note_000222,70,31538.43,288.46,Right,INNER,3,0.913,0.913,True,0.488,0.0,-12
Note_000223,70,31538.43,216.35,Right,INNER,4,0.969,0.969,True,0.488,0.0,-12
Note_000224,70,31538.43,264.42,Right,INNER,5,0.89,0.89,True,0.488,0.0,-12
Note_000225,45,32307.66,288.46,Left,BASS,5,0.945,0.945,False,0.276,-10.0,0
Note_000226,52,32307.66,336.54,Right,INNER,0,0.969,0.969,False,0.476,0.0,0
Note_000227,57,32307.66,272.44,Right,INNER,0,0.969,0.969,False,0.476,0.0,0
Note_000228,57,32307.66,264.42,Right,INNER,0,0.89,0.89,False,0.476,0.0,0
Note_000229,61,32307.66,264.42,Right,INNER,0,0.89,0.89,True,0.476,0.0,0
Note_000230,64,32307.66,304.49,Right,INNER,1,0.969,0.969,False,0.476,0.0,0
Note_000231,64,32307.66,296.47,Right,INNER,2,0.89,0.89,False,0.476,0.0,0
Note_000232,69,32307.66,304.49,Right,INNER,3,0.874,0.874,False,0.476,0.0,0
Note_000233,69,32307.66,264.42,Right,INNER,4,0.921,0.921,False,0.476,0.0,0
Note_000234,69,32307.66,256.41,Right,INNER,5,0.89,0.89,False,0.476,0.0,0
Note_000235,45,32692.27,144.23,Left,BASS,5,0.921,0.921,False,0.276,-10.0,0
Note_000236,52,32692.27,248.4,Right,INNER,0,0.921,0.921,False,0.476,0.0,0
Note_000237,57,32692.27,200.32,Right,INNER,0,0.961,0.961,False,0.476,0.0,0
Note_000238,61,32692.27,296.47,Right,INNER,0,0.969,0.969,True,0.476,0.0,0
Note_000239,64,32692.27,168.27,Right,INNER,1,0.969,0.969,False,0.476,0.0,0
Note_000240,69,32692.27,384.61,Right,INNER,3,0.929,0.929,False,0.476,0.0,0
Note_000241,69,32692.27,264.42,Right,INNER,4,0.945,0.945,False,0.476,0.0,0
Note_000242,57,32692.28,360.58,Right,INNER,0,0.89,0.89,False,0.476,0.0,0
Note_000243,64,32692.28,376.6,Right,INNER,2,0.89,0.89,False,0.476,0.0,0
Note_000244,69,32692.28,360.58,Right,INNER,5,0.89,0.89,False,0.476,0.0,0
Note_000245,46,33076.89,304.49,Left,BASS,2,0.929,0.929,True,0.287,5.0,0
Note_000246,53,33076.89,320.51,Right,INNER,0,0.969,0.969,False,0.488,0.0,-12
Note_000247,58,33076.89,368.59,Right,INNER,0,0.969,0.969,True,0.488,0.0,-12
Note_000248,58,33076.89,344.55,Right,INNER,0,0.89,0.89,True,0.488,0.0,-12
Note_000249,62,33076.89,232.37,Right,INNER,0,0.969,0.969,False,0.488,0.0,-12
Note_000250,65,33076.89,312.5,Right,INNER,1,0.969,0.969,False,0.488,0.0,-12
Note_000251,65,33076.89,320.51,Right,INNER,2,0.89,0.89,False,0.488,0.0,-12
Note_000252,70,33076.89,336.54,Right,INNER,3,0.969,0.969,True,0.488,0.0,-12
Note_000253,70,33076.89,352.56,Right,INNER,4,0.921,0.921,True,0.488,0.0,-12
Note_000254,70,33076.89,392.63,Right,INNER,5,0.89,0.89,True,0.488,0.0,-12
Note_000255,47,33846.12,280.45,Left,BASS,1,0.937,0.937,False,0.299,10.0,0
Note_000256,54,33846.12,608.97,Right,INNER,0,0.953,0.953,True,0.499,0.0,12
Note_000257,59,33846.12,264.42,Right,INNER,0,0.969,0.969,False,0.499,0.0,12
Note_000258,59,33846.12,240.38,Right,INNER,0,0.89,0.89,False,0.499,0.0,12
Note_000259,63,33846.12,232.37,Right,INNER,0,0.961,0.961,True,0.499,0.0,12
Note_000260,66,33846.12,320.51,Right,INNER,1,0.937,0.937,True,0.499,0.0,12
Note_000261,66,33846.12,304.49,Right,INNER,2,0.89,0.89,True,0.499,0.0,12
Note_000262,71,33846.12,264.42,Right,INNER,3,0.969,0.969,False,0.499,0.0,12
Note_000263,71,33846.12,312.5,Right,INNER,4,0.866,0.866,False,0.499,0.0,12
Note_000264,71,33846.12,288.46,Right,INNER,5,0.89,0.89,False,0.499,0.0,12
Note_000265,47,34230.73,200.32,Left,BASS,1,0.921,0.921,False,0.299,10.0,0
Note_000266,59,34230.73,200.32,Right,INNER,0,0.969,0.969,False,0.514,0.0,12
Note_000267,63,34230.73,256.41,Right,INNER,0,0.953,0.953,True,0.514,0.0,12
Note_000268,66,34230.73,224.36,Right,INNER,1,0.937,0.937,True,0.514,0.0,12
Note_000269,71,34230.73,304.49,Right,INNER,3,0.969,0.969,False,0.514,0.0,12
Note_000270,71,34230.73,384.61,Right,INNER,4,0.929,0.929,False,0.514,0.0,12
Note_000271,59,34230.74,376.6,Right,INNER,0,0.89,0.89,False,0.514,0.0,12
Note_000272,66,34230.74,360.58,Right,INNER,2,0.89,0.89,True,0.514,0.0,12
Note_000273,71,34230.74,376.6,Right,INNER,5,0.89,0.89,False,0.514,0.0,12
Note_000274,46,34615.35,440.7,Left,BASS,2,0.142,0.142,True,0.287,5.0,0
Note_000275,53,34615.35,352.56,Right,INNER,0,0.953,0.953,False,0.488,0.0,-12
Note_000276,58,34615.35,376.6,Right,INNER,0,0.969,0.969,True,0.488,0.0,-12
Note_000277,58,34615.35,400.64,Right,INNER,0,0.89,0.89,True,0.488,0.0,-12
Note_000278,62,34615.35,232.37,Right,INNER,0,0.969,0.969,False,0.488,0.0,-12
Note_000279,65,34615.35,392.63,Right,INNER,1,0.969,0.969,False,0.488,0.0,-12
Note_000280,65,34615.35,392.63,Right,INNER,2,0.89,0.89,False,0.488,0.0,-12
Note_000281,70,34615.35,288.46,Right,INNER,3,0.953,0.953,True,0.488,0.0,-12
Note_000282,70,34615.35,440.7,Right,INNER,4,0.921,0.921,True,0.488,0.0,-12
Note_000283,70,34615.35,368.59,Right,INNER,5,0.89,0.89,True,0.488,0.0,-12
Note_000284,45,35384.58,488.78,Left,BASS,5,0.921,0.921,False,0.276,-10.0,0
Note_000285,52,35384.58,592.95,Right,INNER,0,0.953,0.953,False,0.476,0.0,0
Note_000286,57,35384.58,232.37,Right,INNER,0,0.945,0.945,False,0.476,0.0,0
Note_000287,57,35384.58,288.46,Right,INNER,0,0.89,0.89,False,0.476,0.0,0
Note_000288,61,35384.58,200.32,Right,INNER,0,0.961,0.961,True,0.476,0.0,0
Note_000289,64,35384.58,264.42,Right,INNER,1,0.969,0.969,False,0.476,0.0,0
Note_000290,64,35384.58,376.6,Right,INNER,2,0.89,0.89,False,0.476,0.0,0
Note_000291,69,35384.58,256.41,Right,INNER,3,0.921,0.921,False,0.476,0.0,0
Note_000292,69,35384.58,296.47,Right,INNER,4,0.906,0.906,False,0.476,0.0,0
Note_000293,69,35384.58,376.6,Right,INNER,5,0.89,0.89,False,0.476,0.0,0
Note_000294,57,35769.19,216.35,Left,BASS,5,0.913,0.913,False,0.481,0.0,0
Note_000295,61,35769.19,320.51,Left,INNER,3,0.945,0.945,True,0.481,0.0,0
Note_000296,64,35769.19,152.24,Left,INNER,2,0.937,0.937,False,0.481,0.0,0
Note_000297,69,35769.19,320.51,Left,INNER,1,0.913,0.913,False,0.481,0.0,0
Note_000298,69,35769.19,224.36,Left,INNER,0,0.906,0.906,False,0.481,0.0,0
Note_000299,57,35769.2,376.6,Left,INNER,4,0.89,0.89,False,0.481,0.0,0
Note_000300,46,36153.81,689.1,Left,BASS,5,0.882,0.882,True,0.287,-10.0,12
Note_000301,53,36153.81,745.19,Right,INNER,0,0.961,0.961,False,0.488,0.0,-12
Note_000302,58,36153.81,552.88,Right,INNER,0,0.961,0.961,True,0.488,0.0,-12
Note_000303,58,36153.81,432.69,Right,INNER,0,0.89,0.89,True,0.488,0.0,-12
Note_000304,62,36153.81,512.82,Right,INNER,0,0.953,0.953,False,0.488,0.0,-12
Note_000305,65,36153.81,745.19,Right,INNER,1,0.961,0.961,False,0.488,0.0,-12
Note_000306,65,36153.81,392.63,Right,INNER,2,0.89,0.89,False,0.488,0.0,-12
Note_000307,70,36153.81,809.29,Right,INNER,3,0.961,0.961,True,0.488,0.0,-12
Note_000308,70,36153.81,961.54,Right,INNER,4,0.89,0.89,True,0.488,0.0,-12
Note_000309,70,36153.81,312.5,Right,INNER,5,0.89,0.89,True,0.488,0.0,-12
Note_000310,51,36923.04,825.32,Left,BASS,1,0.969,0.969,True,0.345,10.0,-12
Note_000311,58,36923.04,536.86,Right,INNER,0,0.969,0.969,True,0.502,-0.0,0
Note_000312,63,36923.04,256.41,Right,INNER,1,0.961,0.961,True,0.502,-0.0,0
Note_000313,63,36923.04,1506.41,Right,INNER,2,0.89,0.89,True,0.502,-0.0,0
Note_000314,67,36923.04,488.78,Right,INNER,3,0.969,0.969,False,0.502,-0.0,0
Note_000315,67,36923.04,1514.42,Right,INNER,4,0.89,0.89,False,0.502,-0.0,0
Note_000316,70,36923.04,1530.45,Right,INNER,5,0.89,0.89,True,0.502,-0.0,0
Note_000317,63,37307.65,424.68,Left,BASS,4,0.929,0.929,True,0.506,-0.0,0
Note_000318,67,37307.65,280.45,Left,INNER,2,0.598,0.598,False,0.506,-0.0,0
Note_000319,58,37692.27,408.65,Left,BASS,5,0.969,0.969,True,0.511,5.0,0
Note_000320,67,37692.27,761.22,Left,INNER,3,0.961,0.961,False,0.511,5.0,0
Note_000321,67,37692.27,320.51,Left,INNER,2,0.921,0.921,False,0.511,5.0,0
Note_000322,70,37692.27,352.56,Left,INNER,1,0.961,0.961,True,0.511,5.0,0
Note_000323,51,38076.88,400.64,Left,BASS,5,0.961,0.961,True,0.452,5.0,12
Note_000324,63,38076.88,336.54,Left,INNER,2,0.929,0.929,True,0.452,5.0,12
Note_000325,67,38076.88,480.77,Left,INNER,1,0.929,0.929,False,0.452,5.0,12
Note_000326,50,38461.5,777.24,Left,BASS,5,0.953,0.953,False,0.46,-0.0,0
Note_000327,58,38461.5,592.95,Left,INNER,4,0.953,0.953,True,0.46,-0.0,0
Note_000328,62,38461.5,248.4,Left,INNER,3,0.961,0.961,False,0.46,-0.0,0
Note_000329,62,38461.5,953.52,Left,INNER,2,0.89,0.89,False,0.46,-0.0,0
Note_000330,65,38461.5,456.73,Left,INNER,1,0.969,0.969,False,0.46,-0.0,0
Note_000331,65,38461.5,761.22,Left,INNER,0,0.906,0.906,False,0.46,-0.0,0
Note_000332,65,38461.5,953.52,Left,INNER,0,0.89,0.89,False,0.46,-0.0,0
Note_000333,62,38846.11,432.69,Left,BASS,3,0.953,0.953,False,0.471,-0.0,0
Note_000334,58,39230.73,416.67,Left,BASS,5,0.961,0.961,True,0.514,5.0,0
Note_000335,65,39230.73,424.68,Left,INNER,3,0.969,0.969,False,0.514,5.0,0
Note_000336,70,39230.73,721.15,Left,INNER,2,0.945,0.945,True,0.514,5.0,0
Note_000337,70,39230.73,801.28,Left,INNER,1,0.882,0.882,True,0.514,5.0,0
Note_000338,70,39423.04,568.91,Left,BASS,4,0.89,0.89,True,0.563,-5.0,0
Note_000339,50,39615.34,424.68,Left,BASS,2,0.945,0.945,False,0.402,15.0,0
Note_000340,62,39615.34,168.27,Left,INNER,1,0.953,0.953,False,0.402,15.0,0
Note_000341,49,39999.96,1610.58,Left,BASS,5,0.961,0.961,True,0.322,-10.0,12
Note_000342,58,39999.96,721.15,Right,INNER,0,0.969,0.969,True,0.479,-0.0,12
Note_000343,61,39999.96,232.37,Right,INNER,1,0.969,0.969,True,0.479,-0.0,12
Note_000344,61,39999.96,376.6,Right,INNER,0,0.89,0.89,True,0.479,-0.0,12
Note_000345,64,39999.96,472.76,Right,INNER,2,0.969,0.969,False,0.479,-0.0,12
Note_000346,64,39999.96,328.53,Right,INNER,3,0.906,0.906,False,0.479,-0.0,12
Note_000347,64,39999.96,376.6,Right,INNER,4,0.89,0.89,False,0.479,-0.0,12
Note_000348,67,39999.96,480.77,Right,INNER,5,0.969,0.969,False,0.479,-0.0,12
Note_000349,61,40384.57,673.08,Left,BASS,4,0.945,0.945,True,0.494,-0.0,0
Note_000350,64,40384.57,312.5,Left,INNER,3,0.921,0.921,False,0.494,-0.0,0
Note_000351,67,40384.58,376.6,Left,INNER,2,0.89,0.89,False,0.494,-0.0,0
Note_000352,64,40769.19,360.58,Left,BASS,5,0.969,0.969,False,0.52,5.0,-12
Note_000353,64,40769.19,328.53,Left,INNER,3,0.921,0.921,False,0.52,5.0,-12
Note_000354,67,40769.19,665.06,Left,INNER,2,0.961,0.961,False,0.52,5.0,-12
Note_000355,70,40769.19,761.22,Left,INNER,1,0.89,0.89,True,0.52,5.0,-12
Note_000356,58,41153.8,288.46,Left,BASS,5,0.961,0.961,True,0.489,-5.0,0
Note_000357,61,41153.8,304.49,Left,INNER,4,0.929,0.929,True,0.489,-5.0,0
Note_000358,65,41153.8,376.6,Left,INNER,3,0.866,0.866,False,0.489,-5.0,0
Note_000359,70,41153.8,336.54,Left,INNER,1,0.961,0.961,True,0.489,-5.0,0
Note_000360,48,41538.42,1177.88,Left,BASS,1,0.921,0.921,False,0.31,10.0,0
Note_000361,57,41538.42,1057.69,Right,INNER,0,0.969,0.969,False,0.491,0.0,0
Note_000362,60,41538.42,232.37,Right,INNER,0,0.969,0.969,False,0.491,0.0,0
Note_000363,60,41538.42,761.22,Right,INNER,0,0.89,0.89,False,0.491,0.0,0
Note_000364,65,41538.42,488.78,Right,INNER,1,0.969,0.969,False,0.491,0.0,0
Note_000365,65,41538.42,817.31,Right,INNER,2,0.921,0.921,False,0.491,0.0,0
Note_000366,65,41538.42,761.22,Right,INNER,3,0.89,0.89,False,0.491,0.0,0
Note_000367,69,41538.42,512.82,Right,INNER,4,0.969,0.969,False,0.491,0.0,0
Note_000368,69,41538.42,761.22,Right,INNER,5,0.89,0.89,False,0.491,0.0,0
Note_000369,60,41923.03,488.78,Left,BASS,5,0.882,0.882,False,0.448,-10.0,0
Note_000370,60,42307.65,368.59,Left,BASS,4,0.89,0.89,False,0.497,10.0,0
Note_000371,63,42307.65,761.22,Left,INNER,3,0.89,0.89,True,0.497,10.0,0
Note_000372,65,42307.65,464.74,Left,INNER,2,0.969,0.969,False,0.497,10.0,0
Note_000373,69,42307.65,1923.08,Left,INNER,1,0.961,0.961,False,0.497,10.0,0
Note_000374,60,42692.26,1233.97,Left,BASS,5,0.921,0.921,False,0.466,-15.0,0
Note_000375,63,42692.26,2115.38,Left,INNER,4,0.866,0.866,True,0.466,-15.0,0
Note_000376,41,43076.88,2259.61,Left,BASS,1,0.945,0.945,False,0.23,10.0,0
Note_000377,63,43076.88,1394.23,Right,INNER,0,0.969,0.969,True,0.54,0.0,0
Note_000378,65,43076.88,1634.61,Right,INNER,1,0.811,0.811,False,0.54,0.0,0
Note_000379,67,43076.88,1506.41,Right,INNER,2,0.969,0.969,False,0.54,0.0,0
Note_000380,69,43076.88,1658.65,Right,INNER,3,0.819,0.819,False,0.54,0.0,0
Note_000381,72,43076.88,1466.34,Right,INNER,4,0.961,0.961,False,0.54,0.0,0
Note_000382,72,43076.88,1634.61,Right,INNER,5,0.89,0.89,False,0.54,0.0,0
Note_000383,48,43461.49,1931.09,Left,BASS,5,0.937,0.937,False,0.31,-10.0,0
Note_000384,57,43846.11,1241.99,Left,BASS,2,0.969,0.969,False,0.414,5.0,0
Note_000385,60,44230.72,929.49,Left,BASS,1,0.937,0.937,False,0.448,10.0,0
Note_000386,63,44615.34,729.17,Left,BASS,5,0.142,0.142,True,0.54,-5.0,12
Note_000387,69,44615.34,32.05,Left,INNER,3,0.921,0.921,False,0.54,-5.0,12
Note_000388,72,44615.34,608.97,Left,INNER,2,0.953,0.953,False,0.54,-5.0,12
Note_000389,57,45384.57,705.13,Left,BASS,5,0.961,0.961,False,0.414,5.0,0
Note_000390,57,45384.57,793.27,Left,INNER,2,0.772,0.772,False,0.414,5.0,0
Note_000391,57,45384.57,761.22,Left,INNER,1,0.89,0.89,False,0.414,5.0,0
Note_000392,34,46153.8,2860.57,Left,BASS,5,0.953,0.953,True,0.149,-10.0,12
Note_000393,46,46153.8,5881.4,Right,INNER,1,0.969,0.969,True,0.391,10.0,12
Note_000394,58,46153.8,520.83,Right,INNER,2,0.937,0.937,True,0.391,10.0,12
Note_000395,58,46153.8,5721.15,Right,INNER,3,0.89,0.89,True,0.391,10.0,12
Note_000396,58,46153.8,5705.12,Right,INNER,4,0.701,0.701,True,0.391,10.0,12
Note_000397,53,46538.41,1274.04,Left,BASS,4,0.906,0.906,False,0.368,-5.0,0
Note_000398,58,46923.03,1947.11,Left,BASS,3,0.921,0.921,True,0.425,-0.0,0
Note_000399,62,47307.64,1290.06,Left,BASS,2,0.906,0.906,False,0.471,5.0,0
Note_000400,67,47692.26,2724.36,Left,BASS,1,0.913,0.913,False,0.529,10.0,0
Note_000401,79,47692.26,1610.58,Right,MELODY,5,0.913,0.913,False,0.667,-10.0,0
Note_000402,53,48076.87,432.69,Left,BASS,5,0.795,0.795,False,0.368,-10.0,0
Note_000403,65,48461.49,697.11,Left,BASS,2,0.921,0.921,False,0.575,15.0,0
Note_000404,77,48461.49,729.17,Left,INNER,1,0.929,0.929,False,0.575,15.0,0
Note_000405,53,48846.1,432.69,Left,BASS,3,0.843,0.843,False,0.368,-0.0,0
Note_000406,34,49230.72,2796.47,Left,BASS,5,0.969,0.969,True,0.149,-10.0,12
Note_000407,58,49230.72,456.73,Right,INNER,2,0.929,0.929,True,0.448,5.0,0
Note_000408,62,49230.72,448.72,Right,INNER,3,0.969,0.969,False,0.448,5.0,0
Note_000409,53,49615.33,1241.99,Left,BASS,4,0.819,0.819,False,0.368,-5.0,0
Note_000410,58,49999.95,1907.05,Left,BASS,3,0.89,0.89,True,0.425,-0.0,0
Note_000411,62,50384.56,889.42,Left,BASS,2,0.913,0.913,False,0.471,5.0,0
Note_000412,67,50769.18,1610.58,Left,BASS,1,0.913,0.913,False,0.529,10.0,0
Note_000413,79,50769.18,1610.58,Right,MELODY,3,0.913,0.913,False,0.667,0.0,0
Note_000414,53,51153.79,480.77,Left,BASS,5,0.85,0.85,False,0.368,-10.0,0
Note_000415,65,51538.41,729.17,Left,BASS,2,0.929,0.929,False,0.575,15.0,0
Note_000416,77,51538.41,729.17,Left,INNER,1,0.929,0.929,False,0.575,15.0,0
Note_000417,53,51923.02,408.65,Left,BASS,5,0.906,0.906,False,0.368,-10.0,0
Note_000418,34,52307.64,3084.93,Left,BASS,2,0.969,0.969,True,0.218,15.0,-12
Note_000419,46,52307.64,3060.89,Left,INNER,1,0.969,0.969,True,0.218,15.0,-12
Note_000420,58,52307.64,328.53,Right,INNER,1,0.961,0.961,True,0.523,0.0,12
Note_000421,62,52307.64,777.24,Right,INNER,2,0.961,0.961,False,0.523,0.0,12
Note_000422,72,52307.64,88.14,Right,INNER,4,0.953,0.953,False,0.523,0.0,12
Note_000423,74,52307.64,2644.23,Right,INNER,5,0.937,0.937,False,0.523,0.0,12
Note_000424,53,52692.25,1193.91,Left,BASS,5,0.89,0.89,False,0.368,-10.0,0
Note_000425,58,53076.87,1947.11,Left,BASS,3,0.906,0.906,True,0.425,-0.0,0
Note_000426,62,53461.48,1185.9,Left,BASS,2,0.906,0.906,False,0.471,5.0,0
Note_000427,67,53846.1,1602.56,Left,BASS,1,0.921,0.921,False,0.529,10.0,0
Note_000428,79,53846.1,1610.58,Right,MELODY,1,0.913,0.913,False,0.667,10.0,0
Note_000429,53,54230.71,600.96,Left,BASS,5,0.906,0.906,False,0.368,-10.0,0
Note_000430,65,54615.33,801.28,Left,BASS,2,0.945,0.945,False,0.575,15.0,0
Note_000431,77,54615.33,729.17,Left,INNER,1,0.929,0.929,False,0.575,15.0,0
Note_000432,53,54999.94,400.64,Left,BASS,5,0.898,0.898,False,0.466,-0.0,-12
Note_000433,70,54999.94,384.61,Left,INNER,1,0.953,0.953,True,0.466,-0.0,-12
Note_000434,43,55384.56,3092.95,Left,BASS,4,0.961,0.961,False,0.253,-5.0,0
Note_000435,58,55384.56,440.7,Right,INNER,2,0.945,0.945,True,0.494,-5.0,0
Note_000436,62,55384.56,849.36,Right,INNER,3,0.969,0.969,False,0.494,-5.0,0
Note_000437,72,55384.56,360.58,Right,INNER,5,0.961,0.961,False,0.494,-5.0,0
Note_000438,55,55769.17,1322.11,Left,BASS,3,0.913,0.913,False,0.391,-0.0,0
Note_000439,74,55769.17,2139.42,Right,INNER,1,0.921,0.921,False,0.609,10.0,0
Note_000440,73,55961.48,144.23,Left,BASS,2,0.929,0.929,True,0.598,5.0,0
Note_000441,58,56153.79,2011.22,Left,BASS,3,0.921,0.921,True,0.425,-0.0,0
Note_000442,62,56538.4,1169.87,Left,BASS,2,0.929,0.929,False,0.471,5.0,0
Note_000443,69,56923.02,416.67,Left,BASS,1,0.921,0.921,False,0.552,10.0,0
Note_000444,81,56923.02,1610.58,Right,MELODY,4,0.913,0.913,False,0.69,-5.0,0
Note_000445,55,57307.63,1121.79,Left,BASS,5,0.921,0.921,False,0.391,-10.0,0
Note_000446,67,57692.25,849.36,Left,BASS,1,0.953,0.953,False,0.529,10.0,0
Note_000447,79,57692.25,729.17,Right,MELODY,1,0.929,0.929,False,0.667,10.0,0
Note_000448,62,58076.86,128.21,Left,BASS,5,0.921,0.921,False,0.54,-5.0,0
Note_000449,74,58076.86,376.6,Left,INNER,2,0.969,0.969,False,0.54,-5.0,0
Note_000450,36,58461.48,2892.63,Left,BASS,2,0.969,0.969,False,0.241,15.0,0
Note_000451,48,58461.48,2852.56,Left,INNER,1,0.969,0.969,False,0.241,15.0,0
Note_000452,60,58461.48,352.56,Right,INNER,1,0.969,0.969,False,0.517,5.0,-12
Note_000453,63,58461.48,544.87,Right,INNER,2,0.969,0.969,True,0.517,5.0,-12
Note_000454,75,58461.48,384.61,Right,INNER,5,0.969,0.969,True,0.517,5.0,-12
Note_000455,60,58846.09,1266.02,Left,BASS,5,0.937,0.937,False,0.546,-0.0,0
Note_000456,77,58846.09,200.32,Left,INNER,1,0.961,0.961,False,0.546,-0.0,0
Note_000457,75,59038.4,384.61,Left,BASS,2,0.953,0.953,True,0.621,5.0,0
Note_000458,63,59230.71,1786.86,Left,BASS,3,0.921,0.921,True,0.483,-0.0,0
Note_000459,74,59423.02,336.54,Left,BASS,1,0.945,0.945,False,0.609,10.0,0
Note_000460,67,59615.32,1217.95,Left,BASS,5,0.858,0.858,False,0.529,-10.0,0
Note_000461,72,59807.63,1241.99,Left,BASS,2,0.945,0.945,False,0.586,5.0,0
Note_000462,74,59999.94,440.7,Left,BASS,1,0.913,0.913,False,0.609,10.0,0
Note_000463,86,59999.94,1610.58,Right,MELODY,5,0.913,0.913,False,0.747,-10.0,0
Note_000464,60,60384.55,1201.92,Left,BASS,5,0.937,0.937,False,0.448,-10.0,0
Note_000465,72,60769.17,2243.59,Left,BASS,3,0.953,0.953,False,0.586,-0.0,0
Note_000466,84,60769.17,729.17,Right,MELODY,4,0.929,0.929,False,0.724,-5.0,0
Note_000467,63,61153.78,729.17,Left,BASS,2,0.953,0.953,True,0.534,15.0,0
Note_000468,72,61153.78,256.41,Left,INNER,1,0.945,0.945,False,0.534,15.0,0
Note_000469,74,61346.09,280.45,Left,BASS,5,0.961,0.961,False,0.609,-10.0,0
Note_000470,36,61538.4,448.72,Left,BASS,2,0.969,0.969,False,0.241,15.0,0
Note_000471,48,61538.4,1506.41,Left,INNER,1,0.969,0.969,False,0.241,15.0,0
Note_000472,67,61538.4,729.17,Right,INNER,1,0.969,0.969,False,0.575,15.0,0
Note_000473,75,61538.4,368.59,Right,INNER,2,0.953,0.953,True,0.575,15.0,0
Note_000474,60,61923.01,745.19,Left,BASS,5,0.898,0.898,False,0.546,-0.0,0
Note_000475,77,61923.01,272.44,Left,INNER,1,0.953,0.953,False,0.546,-0.0,0
Note_000476,36,62115.32,232.37,Left,BASS,3,0.78,0.78,False,0.172,-0.0,0
Note_000477,75,62115.32,320.51,Right,INNER,2,0.945,0.945,True,0.621,5.0,0
Note_000478,63,62307.63,384.61,Left,BASS,2,0.929,0.929,True,0.483,5.0,0
Note_000479,74,62499.94,304.49,Left,BASS,1,0.945,0.945,False,0.609,10.0,0
Note_000480,67,62692.24,360.58,Left,BASS,5,0.921,0.921,False,0.557,-5.0,0
Note_000481,72,62692.25,1834.93,Left,INNER,2,0.929,0.929,False,0.557,-5.0,0
Note_000482,41,63076.86,1570.51,Left,BASS,5,0.89,0.89,False,0.299,-0.0,0
Note_000483,53,63076.86,1538.46,Left,INNER,1,0.953,0.953,False,0.299,-0.0,0
Note_000484,69,63076.86,1105.77,Right,INNER,1,0.969,0.969,False,0.552,10.0,0
Note_000485,63,63461.47,721.15,Left,BASS,3,0.921,0.921,True,0.483,-0.0,0
Note_000486,65,63846.09,424.68,Left,BASS,2,0.937,0.937,False,0.506,5.0,0
Note_000487,72,64230.7,112.18,Left,BASS,1,0.937,0.937,False,0.586,10.0,0
Note_000488,46,64615.32,3084.93,Left,BASS,5,0.953,0.953,True,0.287,-10.0,12
Note_000489,58,64615.32,456.73,Right,INNER,2,0.937,0.937,True,0.526,-10.0,0
Note_000490,62,64615.32,849.36,Right,INNER,3,0.961,0.961,False,0.526,-10.0,0
Note_000491,73,64615.32,40.06,Right,INNER,4,0.961,0.961,True,0.526,-10.0,0
Note_000492,74,64615.32,304.49,Right,INNER,5,0.969,0.969,False,0.526,-10.0,0
Note_000493,53,64999.93,1209.93,Left,BASS,4,0.89,0.89,False,0.368,-5.0,0
Note_000494,74,64999.94,817.31,Right,INNER,1,0.961,0.961,False,0.609,10.0,0
Note_000495,58,65384.55,1939.1,Left,BASS,3,0.929,0.929,True,0.425,-0.0,0
Note_000496,62,65769.16,1137.82,Left,BASS,2,0.945,0.945,False,0.529,15.0,0
Note_000497,72,65769.17,184.29,Left,INNER,1,0.945,0.945,False,0.529,15.0,0
Note_000498,70,65961.47,168.27,Left,BASS,3,0.945,0.945,True,0.563,-0.0,0
Note_000499,67,66153.78,1610.58,Left,BASS,5,0.945,0.945,False,0.557,-10.0,0
Note_000500,72,66153.78,256.41,Left,INNER,3,0.929,0.929,False,0.557,-10.0,0
Note_000501,79,66153.78,1610.58,Right,MELODY,4,0.913,0.913,False,0.667,-5.0,0
Note_000502,74,66346.09,232.37,Left,BASS,1,0.929,0.929,False,0.609,10.0,0
Note_000503,53,66538.39,432.69,Left,BASS,5,0.913,0.913,False,0.368,-10.0,0
Note_000504,65,66923.01,753.2,Left,BASS,2,0.937,0.937,False,0.575,15.0,0
Note_000505,77,66923.01,729.17,Left,INNER,1,0.929,0.929,False,0.575,15.0,0
Note_000506,53,67307.62,344.55,Left,BASS,3,0.882,0.882,False,0.368,-0.0,0
Note_000507,77,67307.62,304.49,Right,INNER,2,0.969,0.969,False,0.644,5.0,0
Note_000508,43,67692.24,3092.95,Left,BASS,5,0.945,0.945,False,0.253,-10.0,0
Note_000509,80,67692.24,56.09,Right,INNER,2,0.961,0.961,True,0.684,0.0,0
Note_000510,81,67692.24,536.86,Right,MELODY,4,0.961,0.961,False,0.684,0.0,0
Note_000511,55,68076.85,1193.91,Left,BASS,4,0.921,0.921,False,0.391,-5.0,0
Note_000512,79,68269.16,2147.43,Right,MELODY,2,0.945,0.945,False,0.667,5.0,0
Note_000513,58,68461.47,1858.97,Left,BASS,3,0.953,0.953,True,0.425,-0.0,0
Note_000514,62,68846.08,1290.06,Left,BASS,2,0.945,0.945,False,0.471,5.0,0
Note_000515,69,69230.7,408.65,Left,BASS,1,0.921,0.921,False,0.552,10.0,0
Note_000516,81,69230.7,1610.58,Right,MELODY,5,0.913,0.913,False,0.69,-10.0,0
Note_000517,55,69615.31,416.67,Left,BASS,5,0.953,0.953,False,0.391,-10.0,0
Note_000518,67,69999.93,2379.81,Left,BASS,1,0.945,0.945,False,0.529,10.0,0
Note_000519,79,69999.93,729.17,Right,MELODY,4,0.929,0.929,False,0.667,-5.0,0
Note_000520,55,70384.54,344.55,Left,BASS,5,0.921,0.921,False,0.391,-10.0,0
Note_000521,78,70384.55,160.26,Right,MELODY,2,0.961,0.961,True,0.655,5.0,0
Note_000522,79,70576.85,192.31,Right,MELODY,3,0.961,0.961,False,0.667,0.0,0
Note_000523,48,70769.16,1386.22,Left,BASS,5,0.969,0.969,False,0.414,5.0,-12
Note_000524,60,70769.16,448.72,Left,INNER,2,0.969,0.969,False,0.414,5.0,-12
Note_000525,63,70769.16,472.76,Left,INNER,1,0.961,0.961,True,0.414,5.0,-12
Note_000526,82,70769.16,320.51,Right,MELODY,4,0.969,0.969,True,0.701,-5.0,0
Note_000527,55,71153.77,745.19,Left,BASS,3,0.921,0.921,False,0.391,-0.0,0
Note_000528,82,71153.78,176.28,Right,MELODY,4,0.961,0.961,True,0.701,-5.0,0
Note_000529,82,71346.08,753.2,Right,MELODY,4,0.961,0.961,True,0.701,-5.0,0
Note_000530,60,71538.39,488.78,Left,BASS,2,0.929,0.929,False,0.448,5.0,0
Note_000531,47,71923.0,240.38,Left,BASS,5,0.961,0.961,False,0.391,-0.0,-12
Note_000532,55,71923.0,352.56,Left,INNER,3,0.937,0.937,False,0.391,-0.0,-12
Note_000533,63,71923.0,248.4,Left,INNER,1,0.953,0.953,True,0.391,-0.0,-12
Note_000534,81,72115.31,72.12,Right,INNER,2,0.945,0.945,False,0.695,0.0,0
Note_000535,82,72115.31,568.91,Right,MELODY,4,0.937,0.937,True,0.695,0.0,0
Note_000536,46,72307.62,737.18,Left,BASS,5,0.969,0.969,True,0.398,5.0,0
Note_000537,58,72307.62,368.59,Left,INNER,2,0.969,0.969,True,0.398,5.0,0
Note_000538,63,72307.62,456.73,Left,INNER,1,0.961,0.961,True,0.398,5.0,0
Note_000539,67,72499.93,616.99,Left,BASS,3,0.142,0.142,False,0.529,-0.0,0
Note_000540,55,72692.23,440.7,Left,BASS,1,0.921,0.921,False,0.391,10.0,0
Note_000541,79,72692.24,344.55,Right,MELODY,2,0.969,0.969,False,0.667,5.0,0
Note_000542,45,73076.85,777.24,Left,BASS,2,0.969,0.969,False,0.276,5.0,0
Note_000543,74,73076.85,512.82,Right,INNER,1,0.969,0.969,False,0.615,15.0,0
Note_000544,75,73076.85,96.15,Right,INNER,2,0.969,0.969,True,0.615,15.0,0
Note_000545,55,73461.46,384.62,Left,BASS,5,0.929,0.929,False,0.489,-0.0,0
Note_000546,72,73461.46,1955.13,Left,INNER,1,0.969,0.969,False,0.489,-0.0,0
Note_000547,44,73846.08,1498.4,Left,BASS,5,0.969,0.969,True,0.264,-10.0,12
Note_000548,58,73846.08,384.62,Right,INNER,2,0.969,0.969,True,0.454,5.0,0
Note_000549,63,73846.08,576.92,Right,INNER,3,0.969,0.969,True,0.454,5.0,0
Note_000550,56,74230.69,344.55,Left,BASS,2,0.945,0.945,True,0.402,5.0,0
Note_000551,35,74607.3,48.08,Left,BASS,5,0.874,0.874,False,0.218,-5.0,0
Note_000552,45,74607.3,80.13,Left,INNER,2,0.874,0.874,False,0.218,-5.0,0
Note_000553,60,74615.31,769.23,Right,INNER,1,0.953,0.953,False,0.466,15.0,0
Note_000554,63,74615.31,488.78,Right,INNER,2,0.945,0.945,True,0.466,15.0,0
Note_000555,35,74799.6,48.08,Left,BASS,5,0.89,0.89,False,0.218,-0.0,0
Note_000556,45,74799.6,72.12,Left,INNER,1,0.89,0.89,False,0.218,-0.0,0
Note_000557,35,74991.91,48.08,Left,BASS,5,0.898,0.898,False,0.218,-0.0,0
Note_000558,45,74991.91,80.13,Left,INNER,1,0.898,0.898,False,0.218,-0.0,0
Note_000559,56,74999.92,360.58,Right,INNER,3,0.913,0.913,True,0.402,0.0,0
Note_000560,35,75184.22,88.14,Left,BASS,5,0.906,0.906,False,0.218,-0.0,0
Note_000561,45,75184.22,80.13,Left,INNER,1,0.906,0.906,False,0.218,-0.0,0
Note_000562,35,75376.53,88.14,Left,BASS,5,0.913,0.913,False,0.23,5.0,0
Note_000563,45,75376.53,80.13,Left,INNER,1,0.913,0.913,False,0.23,5.0,0
Note_000564,43,75384.54,801.28,Left,INNER,2,0.961,0.961,False,0.23,5.0,0
Note_000565,58,75384.54,392.63,Right,INNER,3,0.969,0.969,True,0.454,-5.0,0
Note_000566,63,75384.54,657.05,Right,INNER,4,0.969,0.969,True,0.454,-5.0,0
Note_000567,35,75568.83,72.12,Left,BASS,5,0.921,0.921,False,0.218,-0.0,0
Note_000568,45,75568.83,72.12,Left,INNER,1,0.921,0.921,False,0.218,-0.0,0
Note_000569,35,75761.14,80.13,Left,BASS,5,0.929,0.929,False,0.161,-10.0,0
Note_000570,45,75761.14,80.13,Right,INNER,1,0.929,0.929,False,0.333,15.0,0
Note_000571,55,75769.15,272.44,Right,INNER,2,0.89,0.89,False,0.333,15.0,0
Note_000572,35,75953.45,80.13,Left,BASS,5,0.937,0.937,False,0.218,-5.0,0
Note_000573,45,75953.45,80.13,Left,INNER,2,0.937,0.937,False,0.218,-5.0,0
Note_000574,35,76145.76,80.13,Left,BASS,5,0.953,0.953,False,0.215,5.0,0
Note_000575,43,76145.76,80.13,Left,INNER,1,0.953,0.953,False,0.215,5.0,0
Note_000576,41,76153.77,761.22,Left,INNER,2,0.961,0.961,False,0.215,5.0,0
Note_000577,56,76153.77,416.67,Right,INNER,2,0.969,0.969,True,0.443,0.0,0
Note_000578,63,76153.77,544.87,Right,INNER,4,0.969,0.969,True,0.443,0.0,0
Note_000579,35,76338.06,80.13,Left,BASS,5,0.961,0.961,False,0.207,-0.0,0
Note_000580,43,76338.06,80.13,Left,INNER,1,0.961,0.961,False,0.207,-0.0,0
Note_000581,35,76530.37,80.13,Left,BASS,5,0.969,0.969,False,0.207,-0.0,0
Note_000582,43,76530.37,72.12,Left,INNER,1,0.969,0.969,False,0.207,-0.0,0
Note_000583,53,76538.38,360.58,Right,INNER,1,0.921,0.921,False,0.368,10.0,0
Note_000584,35,76722.68,96.15,Left,BASS,2,0.969,0.969,False,0.207,15.0,0
Note_000585,43,76722.68,96.15,Left,INNER,1,0.969,0.969,False,0.207,15.0,0
Note_000586,35,76914.99,1033.65,Left,BASS,5,0.976,0.976,False,0.184,-5.0,0
Note_000587,39,76923.0,2347.75,Left,INNER,2,0.969,0.969,True,0.184,-5.0,0
Note_000588,78,76923.0,64.1,Right,INNER,1,0.969,0.969,True,0.674,10.0,12
Note_000589,79,76923.0,2291.66,Right,INNER,2,0.969,0.969,False,0.674,10.0,12
Note_000590,82,76923.0,3100.96,Right,MELODY,4,0.724,0.724,True,0.674,10.0,12
Note_000591,39,76971.08,985.58,Left,BASS,3,0.984,0.984,True,0.207,-0.0,0
Note_000592,51,77299.6,184.29,Left,BASS,2,0.945,0.945,True,0.368,15.0,0
Note_000593,55,77307.61,456.73,Left,INNER,1,0.732,0.732,False,0.368,15.0,0
Note_000594,40,77684.22,1258.01,Left,BASS,3,0.976,0.976,False,0.23,5.0,0
Note_000595,42,77684.22,264.42,Left,INNER,2,0.961,0.961,True,0.23,5.0,0
Note_000596,51,77684.22,184.29,Right,INNER,1,0.961,0.961,True,0.445,5.0,12
Note_000597,58,77692.23,472.76,Right,INNER,2,0.969,0.969,True,0.445,5.0,12
Note_000598,63,77692.23,504.81,Right,INNER,3,0.961,0.961,True,0.445,5.0,12
Note_000599,67,77692.23,400.64,Right,INNER,5,0.969,0.969,False,0.445,5.0,12
Note_000600,35,78068.83,120.19,Left,BASS,5,0.921,0.921,False,0.161,-10.0,0
Note_000601,51,78068.83,104.17,Right,INNER,1,0.945,0.945,True,0.368,5.0,12
Note_000602,55,78076.84,448.72,Right,INNER,4,0.921,0.921,False,0.368,5.0,12
Note_000603,39,78124.92,120.19,Left,BASS,2,0.984,0.984,True,0.207,5.0,0
Note_000604,35,78453.45,1233.97,Left,BASS,5,0.969,0.969,False,0.161,-10.0,0
Note_000605,51,78453.45,184.29,Right,INNER,1,0.961,0.961,True,0.445,5.0,12
Note_000606,58,78461.46,448.72,Right,INNER,2,0.961,0.961,True,0.445,5.0,12
Note_000607,63,78461.46,600.96,Right,INNER,3,0.953,0.953,True,0.445,5.0,12
Note_000608,67,78461.46,376.6,Right,INNER,5,0.969,0.969,False,0.445,5.0,12
Note_000609,39,78509.54,769.23,Left,BASS,3,0.984,0.984,True,0.207,-0.0,0
Note_000610,51,78838.06,80.13,Left,BASS,2,0.921,0.921,True,0.368,15.0,0
Note_000611,55,78846.07,312.5,Left,INNER,1,0.929,0.929,False,0.368,15.0,0
Note_000612,40,79222.68,1169.87,Left,INNER,3,0.976,0.976,False,0.218,-0.0,0
Note_000613,42,79222.68,208.33,Left,INNER,2,0.969,0.969,True,0.218,-0.0,0
Note_000614,38,79230.69,753.2,Left,BASS,4,0.961,0.961,False,0.218,-0.0,0
Note_000615,74,79230.69,769.23,Right,INNER,1,0.795,0.795,False,0.626,15.0,0
Note_000616,77,79230.69,424.68,Right,INNER,2,0.969,0.969,False,0.626,15.0,0
Note_000617,34,79278.77,793.27,Left,BASS,5,0.984,0.984,True,0.149,-10.0,12
Note_000618,51,79607.29,136.22,Left,BASS,3,0.929,0.929,True,0.356,5.0,0
Note_000619,53,79615.3,328.53,Left,INNER,2,0.921,0.921,False,0.356,5.0,0
Note_000620,79,79615.3,224.36,Right,MELODY,4,0.961,0.961,False,0.667,-5.0,0
Note_000621,80,79807.61,208.33,Right,MELODY,5,0.953,0.953,True,0.678,-10.0,-12
Note_000622,35,79991.91,881.41,Left,BASS,5,0.976,0.976,False,0.167,-10.0,0
Note_000623,36,79999.92,2548.07,Left,INNER,3,0.969,0.969,False,0.167,-10.0,0
Note_000624,79,79999.92,2283.65,Right,INNER,1,0.961,0.961,False,0.686,5.0,0
Note_000625,79,79999.92,3060.89,Right,INNER,3,0.543,0.543,False,0.686,5.0,0
Note_000626,84,79999.92,6217.94,Right,MELODY,4,0.717,0.717,False,0.686,5.0,0
Note_000627,36,80048.0,865.38,Left,BASS,1,0.984,0.984,False,0.172,10.0,0
Note_000628,51,80376.52,80.13,Left,BASS,5,0.937,0.937,True,0.397,-10.0,12
Note_000629,60,80384.53,448.72,Left,INNER,3,0.913,0.913,False,0.397,-10.0,12
Note_000630,40,80761.14,1185.9,Left,BASS,4,0.976,0.976,False,0.268,10.0,-12
Note_000631,42,80761.14,224.36,Left,INNER,2,0.969,0.969,True,0.268,10.0,-12
Note_000632,51,80761.14,184.29,Left,INNER,1,0.969,0.969,True,0.268,10.0,-12
Note_000633,63,80769.15,649.04,Right,INNER,2,0.953,0.953,True,0.483,5.0,0
Note_000634,35,81145.75,72.12,Left,BASS,5,0.953,0.953,False,0.161,-10.0,0
Note_000635,51,81145.75,136.22,Right,INNER,1,0.945,0.945,True,0.437,0.0,12
Note_000636,67,81153.76,408.65,Right,INNER,5,0.921,0.921,False,0.437,0.0,12
Note_000637,36,81201.84,128.21,Left,BASS,1,0.984,0.984,False,0.172,10.0,0
Note_000638,35,81530.37,905.45,Left,BASS,5,0.976,0.976,False,0.161,-10.0,0
Note_000639,74,81538.38,520.83,Right,INNER,1,0.929,0.929,False,0.626,15.0,0
Note_000640,77,81538.38,689.1,Right,INNER,2,0.787,0.787,False,0.626,15.0,0
Note_000641,36,81586.46,801.28,Left,BASS,3,0.984,0.984,False,0.172,-0.0,0
Note_000642,51,81914.98,104.17,Left,BASS,2,0.945,0.945,True,0.414,15.0,-12
Note_000643,63,81922.99,1057.69,Left,INNER,1,0.937,0.937,True,0.414,15.0,-12
Note_000644,40,82299.6,1177.88,Left,BASS,3,0.976,0.976,False,0.23,5.0,0
Note_000645,42,82299.6,248.4,Left,INNER,2,0.976,0.976,True,0.23,5.0,0
Note_000646,72,82307.61,1201.92,Right,INNER,1,0.961,0.961,False,0.644,5.0,0
Note_000647,82,82307.61,753.2,Right,MELODY,4,0.748,0.748,True,0.644,5.0,0
Note_000648,31,82355.69,408.65,Left,BASS,5,0.984,0.984,False,0.115,-10.0,0
Note_000649,35,82684.21,72.12,Left,BASS,1,0.913,0.913,False,0.161,10.0,0
Note_000650,79,82692.22,336.54,Right,MELODY,5,0.969,0.969,False,0.667,-10.0,0
Note_000651,30,82740.3,432.69,Left,BASS,5,0.984,0.984,True,0.103,-10.0,12
Note_000652,35,83068.83,889.42,Left,BASS,3,0.976,0.976,False,0.195,5.0,0
Note_000653,41,83076.84,1201.92,Left,INNER,2,0.945,0.945,False,0.195,5.0,0
Note_000654,65,83076.84,576.92,Right,INNER,0,0.961,0.961,False,0.619,0.0,0
Note_000655,68,83076.84,400.64,Right,INNER,1,0.969,0.969,True,0.619,0.0,0
Note_000656,77,83076.84,881.41,Right,INNER,2,0.772,0.772,False,0.619,0.0,0
Note_000657,79,83076.84,120.19,Right,INNER,3,0.969,0.969,False,0.619,0.0,0
Note_000658,80,83076.84,536.86,Right,INNER,5,0.937,0.937,True,0.619,0.0,0
Note_000659,80,83076.84,3165.06,Right,MELODY,4,0.756,0.756,True,0.619,0.0,0
Note_000660,29,83124.92,1137.82,Left,BASS,5,0.984,0.984,False,0.092,-10.0,0
Note_000661,51,83453.44,104.17,Left,BASS,2,0.929,0.929,True,0.397,15.0,0
Note_000662,60,83461.45,424.68,Left,INNER,1,0.945,0.945,False,0.397,15.0,0
Note_000663,79,83653.76,264.42,Right,MELODY,5,0.969,0.969,False,0.667,-10.0,0
Note_000664,40,83838.06,1049.68,Left,BASS,5,0.976,0.976,False,0.268,-10.0,0
Note_000665,42,83838.06,232.37,Left,INNER,4,0.969,0.969,True,0.268,-10.0,0
Note_000666,51,83838.06,144.23,Left,INNER,2,0.969,0.969,True,0.268,-10.0,0
Note_000667,65,83846.07,304.49,Right,INNER,1,0.969,0.969,False,0.566,10.0,0
Note_000668,68,83846.07,649.04,Right,INNER,2,0.953,0.953,True,0.566,10.0,0
Note_000669,72,83846.07,1338.14,Right,INNER,3,0.945,0.945,False,0.566,10.0,0
Note_000670,76,83846.07,697.11,Right,INNER,4,0.756,0.756,False,0.566,10.0,0
Note_000671,79,84038.38,224.36,Right,MELODY,5,0.969,0.969,False,0.667,-10.0,0
Note_000672,35,84222.67,88.14,Left,BASS,2,0.929,0.929,False,0.19,15.0,0
Note_000673,40,84230.68,408.65,Left,INNER,1,0.953,0.953,False,0.19,15.0,0
Note_000674,77,84230.68,224.36,Right,INNER,1,0.961,0.961,False,0.644,10.0,0
Note_000675,40,84278.76,432.69,Left,BASS,3,0.984,0.984,False,0.218,-0.0,0
Note_000676,35,84607.29,777.24,Left,BASS,5,0.969,0.969,False,0.259,-0.0,-12
Note_000677,49,84607.29,384.62,Left,INNER,2,0.969,0.969,True,0.259,-0.0,-12
Note_000678,39,84615.3,857.37,Left,INNER,4,0.961,0.961,True,0.259,-0.0,-12
Note_000679,51,84615.3,673.08,Left,INNER,1,0.969,0.969,True,0.259,-0.0,-12
Note_000680,63,84615.3,440.7,Right,INNER,1,0.969,0.969,True,0.572,0.0,12
Note_000681,68,84615.3,528.85,Right,INNER,2,0.969,0.969,True,0.572,0.0,12
Note_000682,75,84615.3,833.33,Right,INNER,4,0.724,0.724,True,0.572,0.0,12
Note_000683,77,84615.3,1418.27,Right,INNER,5,0.969,0.969,False,0.572,0.0,12
Note_000684,39,84663.38,809.29,Left,BASS,3,0.984,0.984,True,0.207,-0.0,0
Note_000685,51,84991.9,88.14,Left,BASS,2,0.937,0.937,True,0.397,15.0,0
Note_000686,60,84999.91,424.68,Left,INNER,1,0.748,0.748,False,0.397,15.0,0
Note_000687,40,85376.52,1209.93,Left,INNER,4,0.976,0.976,False,0.267,0.0,-12
Note_000688,42,85376.52,232.37,Left,INNER,3,0.969,0.969,True,0.267,0.0,-12
Note_000689,51,85376.52,160.26,Left,INNER,1,0.969,0.969,True,0.267,0.0,-12
Note_000690,38,85384.53,729.17,Left,BASS,5,0.961,0.961,False,0.267,0.0,-12
Note_000691,50,85384.53,320.51,Left,INNER,2,0.969,0.969,False,0.267,0.0,-12
Note_000692,62,85384.53,488.78,Right,INNER,1,0.969,0.969,False,0.552,5.0,0
Note_000693,68,85384.53,376.6,Right,INNER,2,0.969,0.969,True,0.552,5.0,0
Note_000694,72,85384.53,392.63,Right,INNER,3,0.969,0.969,False,0.552,5.0,0
Note_000695,74,85384.53,761.22,Right,INNER,5,0.78,0.78,False,0.552,5.0,0
Note_000696,38,85432.61,488.78,Left,BASS,1,0.984,0.984,False,0.195,10.0,0
Note_000697,35,85761.13,80.13,Left,BASS,5,0.921,0.921,False,0.161,-10.0,0
Note_000698,51,85761.13,104.17,Right,INNER,2,0.945,0.945,True,0.397,0.0,0
Note_000699,60,85769.14,312.5,Right,INNER,4,0.866,0.866,False,0.397,0.0,0
Note_000700,70,85961.45,176.28,Left,BASS,2,0.969,0.969,True,0.563,5.0,0
Note_000701,36,86009.53,288.46,Left,BASS,5,0.937,0.937,False,0.172,-10.0,0
Note_000702,35,86145.75,881.41,Left,INNER,1,0.969,0.969,False,0.155,15.0,0
Note_000703,34,86153.76,2716.34,Left,BASS,2,0.953,0.953,True,0.155,15.0,0
Note_000704,82,86153.76,6185.89,Right,MELODY,4,0.693,0.693,True,0.701,-5.0,0
Note_000705,34,86201.84,985.58,Left,BASS,5,0.984,0.984,True,0.149,-10.0,12
Note_000706,51,86530.36,88.14,Left,BASS,4,0.937,0.937,True,0.385,-0.0,0
Note_000707,58,86538.37,440.7,Left,INNER,2,0.843,0.843,True,0.385,-0.0,0
Note_000708,77,86538.37,232.37,Right,INNER,1,0.961,0.961,False,0.644,10.0,0
Note_000709,40,86914.98,841.35,Left,BASS,5,0.976,0.976,False,0.268,0.0,-12
Note_000710,42,86914.98,176.28,Left,INNER,3,0.953,0.953,True,0.268,0.0,-12
Note_000711,51,86914.98,136.22,Left,INNER,1,0.976,0.976,True,0.268,0.0,-12
Note_000712,62,86922.99,456.73,Right,INNER,1,0.969,0.969,False,0.54,5.0,0
Note_000713,65,86922.99,432.69,Right,INNER,2,0.969,0.969,False,0.54,5.0,0
Note_000714,77,86922.99,360.58,Right,INNER,5,0.969,0.969,False,0.54,5.0,0
Note_000715,35,87299.59,72.12,Left,BASS,1,0.961,0.961,False,0.161,10.0,0
Note_000716,79,87307.6,224.36,Right,MELODY,5,0.969,0.969,False,0.667,-10.0,0
Note_000717,34,87355.68,184.29,Left,BASS,2,0.953,0.953,True,0.149,5.0,0
Note_000718,35,87684.21,857.37,Left,BASS,1,0.976,0.976,False,0.161,10.0,0
Note_000719,79,87692.22,416.67,Right,MELODY,2,0.969,0.969,False,0.667,5.0,0
Note_000720,34,87740.3,232.37,Left,BASS,2,0.984,0.984,True,0.149,5.0,0
Note_000721,40,88068.82,112.18,Left,BASS,1,0.976,0.976,False,0.218,10.0,0
Note_000722,80,88076.83,296.47,Right,MELODY,4,0.961,0.961,True,0.678,-5.0,0
Note_000723,34,88124.91,304.49,Left,BASS,3,0.984,0.984,True,0.149,-0.0,0
Note_000724,40,88453.44,104.17,Left,BASS,3,0.976,0.976,False,0.23,5.0,0
Note_000725,42,88453.44,152.24,Left,INNER,2,0.953,0.953,True,0.23,5.0,0
Note_000726,80,88461.45,400.64,Right,INNER,2,0.961,0.961,True,0.678,0.0,0
Note_000727,80,88461.45,793.27,Right,MELODY,4,0.709,0.709,True,0.678,0.0,0
Note_000728,34,88509.53,192.31,Left,BASS,5,0.984,0.984,True,0.149,-10.0,12
Note_000729,43,88645.74,176.28,Left,BASS,1,0.969,0.969,False,0.253,10.0,0
Note_000730,36,88701.83,192.31,Left,BASS,5,0.984,0.984,False,0.172,-10.0,0
Note_000731,35,88838.05,128.21,Left,BASS,2,0.976,0.976,False,0.218,15.0,0
Note_000732,45,88838.05,128.21,Left,INNER,1,0.961,0.961,False,0.218,15.0,0
Note_000733,82,88846.06,408.65,Right,MELODY,5,0.961,0.961,True,0.701,-10.0,-12
Note_000734,38,88894.14,376.6,Left,BASS,3,0.984,0.984,False,0.195,-0.0,0
Note_000735,35,89222.67,905.45,Left,BASS,5,0.969,0.969,False,0.259,-0.0,-12
Note_000736,49,89222.67,1923.07,Left,INNER,2,0.976,0.976,True,0.259,-0.0,-12
Note_000737,39,89230.68,1562.5,Left,INNER,4,0.953,0.953,True,0.259,-0.0,-12
Note_000738,51,89230.68,1402.24,Left,INNER,1,0.961,0.961,True,0.259,-0.0,-12
Note_000739,63,89230.68,1129.81,Right,INNER,1,0.961,0.961,True,0.595,0.0,0
Note_000740,67,89230.68,360.58,Right,INNER,2,0.969,0.969,False,0.595,0.0,0
Note_000741,75,89230.68,376.6,Right,INNER,3,0.709,0.709,True,0.595,0.0,0
Note_000742,79,89230.68,1498.4,Right,INNER,4,0.724,0.724,False,0.595,0.0,0
Note_000743,80,89230.68,360.58,Right,MELODY,5,0.937,0.937,True,0.595,0.0,0
Note_000744,39,89262.73,312.5,Left,BASS,3,0.984,0.984,True,0.207,-0.0,0
Note_000745,51,89607.28,88.14,Left,BASS,2,0.961,0.961,True,0.385,15.0,-12
Note_000746,58,89615.29,1009.61,Left,INNER,1,0.803,0.803,True,0.385,15.0,-12
Note_000747,75,89615.29,1081.73,Right,INNER,2,0.142,0.142,True,0.644,-5.0,0
Note_000748,79,89615.29,689.1,Right,MELODY,5,0.929,0.929,False,0.644,-5.0,0
Note_000749,39,89647.35,176.28,Left,BASS,5,0.984,0.984,True,0.207,-10.0,12
Note_000750,40,89991.9,1233.97,Left,BASS,5,0.976,0.976,False,0.268,-10.0,0
Note_000751,42,89991.9,200.32,Left,INNER,4,0.969,0.969,True,0.268,-10.0,0
Note_000752,51,89991.9,128.21,Left,INNER,2,0.969,0.969,True,0.268,-10.0,0
Note_000753,67,89999.91,472.76,Right,INNER,3,0.921,0.921,False,0.529,0.0,0
Note_000754,39,90031.96,248.4,Left,BASS,1,0.984,0.984,True,0.207,10.0,-12
Note_000755,35,90376.51,112.18,Left,BASS,5,0.945,0.945,False,0.253,-0.0,-12
Note_000756,51,90376.51,128.21,Left,INNER,1,0.937,0.937,True,0.253,-0.0,-12
Note_000757,65,90384.52,184.29,Right,INNER,1,0.898,0.898,False,0.575,15.0,0
Note_000758,77,90384.52,192.31,Right,INNER,2,0.969,0.969,False,0.575,15.0,0
Note_000759,39,90416.58,376.6,Left,BASS,3,0.984,0.984,True,0.207,-0.0,0
Note_000760,63,90576.83,240.38,Left,BASS,2,0.906,0.906,True,0.552,15.0,-12
Note_000761,75,90576.83,152.24,Left,INNER,1,0.961,0.961,True,0.552,15.0,-12
Note_000762,35,90761.13,849.36,Left,BASS,5,0.976,0.976,False,0.178,-10.0,0
Note_000763,38,90769.14,1570.51,Left,INNER,3,0.937,0.937,False,0.178,-10.0,0
Note_000764,74,90769.14,1546.47,Right,INNER,1,0.772,0.772,False,0.632,-5.0,0
Note_000765,77,90769.14,1185.9,Right,INNER,4,0.937,0.937,False,0.632,-5.0,0
Note_000766,77,90769.14,1626.6,Right,INNER,5,0.575,0.575,False,0.632,-5.0,0
Note_000767,38,90801.19,200.32,Left,BASS,1,0.984,0.984,False,0.195,10.0,0
Note_000768,51,91145.74,72.12,Left,BASS,4,0.921,0.921,True,0.385,-0.0,0
Note_000769,58,91153.75,937.5,Left,INNER,2,0.732,0.732,True,0.385,-0.0,0
Note_000770,38,91185.81,224.36,Left,BASS,5,0.984,0.984,False,0.195,-10.0,0
Note_000771,40,91530.36,1266.02,Left,BASS,5,0.976,0.976,False,0.268,-10.0,0
Note_000772,42,91530.36,192.31,Left,INNER,4,0.961,0.961,True,0.268,-10.0,0
Note_000773,51,91530.36,152.24,Left,INNER,2,0.969,0.969,True,0.268,-10.0,0
Note_000774,62,91538.37,320.51,Right,INNER,2,0.921,0.921,False,0.489,5.0,0
Note_000775,65,91538.37,472.76,Right,INNER,3,0.921,0.921,False,0.489,5.0,0
Note_000776,38,91570.42,200.32,Left,BASS,1,0.984,0.984,False,0.195,10.0,0
Note_000777,35,91914.97,144.23,Left,BASS,5,0.961,0.961,False,0.253,-0.0,-12
Note_000778,51,91914.97,120.19,Left,INNER,1,0.906,0.906,True,0.253,-0.0,-12
Note_000779,63,91922.98,216.35,Right,INNER,1,0.843,0.843,True,0.552,15.0,12
Note_000780,75,91922.98,240.38,Right,INNER,2,0.969,0.969,True,0.552,15.0,12
Note_000781,38,91955.04,384.62,Left,BASS,3,0.984,0.984,False,0.195,-0.0,0
Note_000782,62,92115.29,192.31,Left,BASS,2,0.906,0.906,False,0.54,15.0,0
Note_000783,74,92115.29,192.31,Left,INNER,1,0.913,0.913,False,0.54,15.0,0
Note_000784,35,92299.59,873.4,Left,BASS,5,0.976,0.976,False,0.247,-10.0,0
Note_000785,51,92299.59,152.24,Left,INNER,2,0.961,0.961,True,0.247,-10.0,0
Note_000786,36,92307.6,1554.49,Left,INNER,4,0.937,0.937,False,0.247,-10.0,0
Note_000787,48,92307.6,1546.47,Left,INNER,3,0.953,0.953,False,0.247,-10.0,0
Note_000788,60,92307.6,464.74,Right,INNER,1,0.961,0.961,False,0.552,0.0,-12
Note_000789,63,92307.6,472.76,Right,INNER,2,0.929,0.929,True,0.552,0.0,-12
Note_000790,72,92307.6,1594.55,Right,INNER,3,0.717,0.717,False,0.552,0.0,-12
Note_000791,75,92307.6,1201.92,Right,INNER,4,0.937,0.937,True,0.552,0.0,-12
Note_000792,75,92307.6,3141.02,Right,INNER,5,0.654,0.654,True,0.552,0.0,-12
Note_000793,36,92355.68,272.44,Left,BASS,1,0.984,0.984,False,0.172,10.0,0
Note_000794,51,92684.2,104.17,Left,BASS,3,0.937,0.937,True,0.368,5.0,0
Note_000795,55,92692.21,448.72,Left,INNER,2,0.496,0.496,False,0.368,5.0,0
Note_000796,36,92740.29,256.41,Left,BASS,5,0.984,0.984,False,0.172,-10.0,0
Note_000797,40,93068.82,592.95,Left,BASS,5,0.976,0.976,False,0.23,-5.0,0
Note_000798,42,93068.82,136.22,Left,INNER,2,0.953,0.953,True,0.23,-5.0,0
Note_000799,51,93068.82,112.18,Right,INNER,1,0.976,0.976,True,0.425,15.0,12
Note_000800,60,93076.83,376.6,Right,INNER,2,0.921,0.921,False,0.425,15.0,12
Note_000801,63,93076.83,448.72,Right,INNER,3,0.921,0.921,True,0.425,15.0,12
Note_000802,36,93124.91,360.58,Left,BASS,1,0.984,0.984,False,0.172,10.0,0
Note_000803,35,93453.43,104.17,Left,BASS,4,0.953,0.953,False,0.201,-0.0,0
Note_000804,42,93453.43,96.15,Left,INNER,2,0.945,0.945,True,0.201,-0.0,0
Note_000805,55,93461.44,360.58,Right,INNER,1,0.882,0.882,False,0.477,5.0,0
Note_000806,70,93461.44,112.18,Right,INNER,4,0.953,0.953,True,0.477,5.0,0
Note_000807,31,93509.52,376.6,Left,BASS,5,0.984,0.984,False,0.115,-10.0,0
Note_000808,70,93653.75,168.27,Left,BASS,2,0.961,0.961,True,0.563,5.0,0
Note_000809,35,93838.05,1089.74,Left,BASS,5,0.976,0.976,False,0.249,-5.0,0
Note_000810,49,93838.05,1362.18,Left,INNER,2,0.969,0.969,True,0.249,-5.0,0
Note_000811,44,93846.06,1450.32,Left,INNER,3,0.961,0.961,True,0.249,-5.0,0
Note_000812,59,93846.06,464.74,Right,INNER,1,0.961,0.961,False,0.522,-0.0,0
Note_000813,63,93846.06,456.73,Right,INNER,2,0.921,0.921,True,0.522,-0.0,0
Note_000814,68,93846.06,1658.65,Right,INNER,3,0.528,0.528,True,0.522,-0.0,0
Note_000815,71,93846.06,336.54,Right,INNER,4,0.961,0.961,False,0.522,-0.0,0
Note_000816,71,93846.06,1290.06,Right,INNER,5,0.724,0.724,False,0.522,-0.0,0
Note_000817,32,93894.14,1578.52,Left,BASS,1,0.984,0.984,True,0.126,10.0,-12
Note_000818,56,94230.67,416.67,Left,BASS,5,0.843,0.843,True,0.5,-0.0,0
Note_000819,73,94230.67,248.4,Left,INNER,1,0.937,0.937,True,0.5,-0.0,0
Note_000820,71,94422.98,248.4,Left,BASS,3,0.945,0.945,False,0.575,-0.0,0
Note_000821,59,94615.29,745.19,Left,BASS,5,0.953,0.953,False,0.506,5.0,-12
Note_000822,63,94615.29,841.35,Left,INNER,2,0.921,0.921,True,0.506,5.0,-12
Note_000823,73,94615.29,168.27,Left,INNER,1,0.937,0.937,True,0.506,5.0,-12
Note_000824,71,94807.6,136.22,Left,BASS,1,0.937,0.937,False,0.575,10.0,0
Note_000825,56,94999.9,312.5,Left,BASS,5,0.858,0.858,True,0.5,-0.0,0
Note_000826,73,94999.9,136.22,Left,INNER,1,0.937,0.937,True,0.5,-0.0,0
Note_000827,71,95192.21,136.22,Left,BASS,1,0.953,0.953,False,0.575,10.0,0
Note_000828,35,95376.51,4198.71,Left,BASS,5,0.976,0.976,False,0.259,-0.0,-12
Note_000829,49,95376.51,3549.68,Left,INNER,2,0.969,0.969,True,0.259,-0.0,-12
Note_000830,39,95384.52,4575.32,Left,INNER,4,0.953,0.953,True,0.259,-0.0,-12
Note_000831,51,95384.52,4591.34,Left,INNER,1,0.921,0.921,True,0.259,-0.0,-12
Note_000832,63,95384.52,1450.32,Right,INNER,1,0.496,0.496,True,0.536,10.0,12
Note_000833,70,95384.52,1530.45,Right,INNER,2,0.606,0.606,True,0.536,10.0,12
Note_000834,70,95384.52,1730.77,Right,INNER,4,0.945,0.945,True,0.536,10.0,12
Note_000835,27,95432.6,4102.56,Left,BASS,3,0.984,0.984,True,0.138,10.0,-12
Note_000836,39,95432.6,4086.53,Left,INNER,1,0.984,0.984,True,0.138,10.0,-12
Note_000837,63,95769.13,4110.57,Left,BASS,5,0.898,0.898,True,0.483,-10.0,12
Note_000838,67,96153.75,360.58,Left,BASS,3,0.921,0.921,False,0.529,-0.0,0
Note_000839,70,96538.36,376.6,Left,BASS,2,0.945,0.945,True,0.563,5.0,0
Note_000840,68,96922.98,472.76,Left,BASS,5,0.953,0.953,True,0.575,-0.0,0
Note_000841,68,96922.98,793.27,Left,INNER,4,0.598,0.598,True,0.575,-0.0,0
Note_000842,72,96922.98,400.64,Left,INNER,3,0.913,0.913,False,0.575,-0.0,0
Note_000843,72,96922.98,801.28,Left,INNER,2,0.472,0.472,False,0.575,-0.0,0
Note_000844,75,96922.98,745.19,Left,INNER,1,0.142,0.142,True,0.575,-0.0,0
Note_000845,80,96922.98,761.22,Right,MELODY,5,0.402,0.402,True,0.678,-10.0,-12
Note_000846,75,97307.59,416.67,Left,BASS,1,0.882,0.882,True,0.621,10.0,-12
Note_000847,67,97692.21,440.7,Left,BASS,5,0.913,0.913,False,0.546,-10.0,0
Note_000848,67,97692.21,857.37,Left,INNER,4,0.756,0.756,False,0.546,-10.0,0
Note_000849,70,97692.21,480.77,Left,INNER,3,0.929,0.929,True,0.546,-10.0,0
Note_000850,70,97692.21,817.31,Left,INNER,2,0.709,0.709,True,0.546,-10.0,0
Note_000851,75,98076.82,424.68,Left,BASS,1,0.913,0.913,True,0.621,10.0,-12
Note_000852,66,98461.44,464.74,Left,BASS,5,0.85,0.85,True,0.534,-10.0,12
Note_000853,66,98461.44,801.28,Left,INNER,4,0.496,0.496,True,0.534,-10.0,12
Note_000854,69,98461.44,392.63,Left,INNER,3,0.929,0.929,False,0.534,-10.0,12
Note_000855,69,98461.44,528.85,Left,INNER,2,0.496,0.496,False,0.534,-10.0,12
Note_000856,42,98838.04,1498.4,Left,BASS,1,0.953,0.953,True,0.241,10.0,-12
Note_000857,75,98846.05,400.64,Right,INNER,1,0.937,0.937,True,0.621,10.0,12
Note_000858,40,99222.66,192.31,Left,BASS,5,0.961,0.961,False,0.218,-10.0,0
Note_000859,65,99230.67,608.97,Right,INNER,2,0.937,0.937,False,0.523,-10.0,-12
Note_000860,65,99230.67,737.18,Right,INNER,3,0.764,0.764,False,0.523,-10.0,-12
Note_000861,68,99230.67,496.79,Right,INNER,4,0.945,0.945,True,0.523,-10.0,-12
Note_000862,68,99230.67,568.91,Right,INNER,5,0.693,0.693,True,0.523,-10.0,-12
Note_000863,43,99414.96,184.29,Left,BASS,2,0.937,0.937,False,0.253,5.0,0
Note_000864,45,99607.27,312.5,Left,BASS,1,0.921,0.921,False,0.276,10.0,0
Note_000865,75,99615.28,280.45,Right,INNER,1,0.953,0.953,True,0.621,10.0,12
Note_000866,35,99991.89,729.17,Left,INNER,2,0.976,0.976,False,0.153,-5.0,12
Note_000867,49,99991.89,3173.07,Right,INNER,3,0.976,0.976,True,0.345,-5.0,-12
Note_000868,34,99999.9,2860.57,Left,BASS,5,0.953,0.953,True,0.153,-5.0,12
Note_000869,34,99999.9,953.52,Left,INNER,3,0.984,0.984,True,0.153,-5.0,12
Note_000870,46,99999.9,5881.4,Right,INNER,2,0.969,0.969,True,0.345,-5.0,-12
Note_000871,58,99999.9,520.83,Right,INNER,5,0.937,0.937,True,0.345,-5.0,-12
Note_000872,53,100384.51,1274.04,Left,BASS,1,0.906,0.906,False,0.368,10.0,0
Note_000873,42,100753.1,184.29,Left,INNER,2,0.961,0.961,True,0.23,-5.0,0
Note_000874,40,100761.12,1217.95,Left,BASS,5,0.976,0.976,False,0.23,-5.0,0
Note_000875,58,100769.13,1947.11,Right,INNER,4,0.921,0.921,True,0.425,-5.0,0
Note_000876,35,101137.72,88.14,Left,BASS,2,0.937,0.937,False,0.201,15.0,-12
Note_000877,42,101145.73,104.17,Left,INNER,1,0.913,0.913,True,0.201,15.0,-12
Note_000878,62,101153.74,1290.06,Right,INNER,5,0.906,0.906,False,0.471,-10.0,0
Note_000879,34,101169.77,152.24,Left,BASS,3,0.961,0.961,True,0.149,-0.0,0
Note_000880,34,101530.35,1330.13,Left,BASS,5,0.976,0.976,True,0.184,-10.0,12
Note_000881,35,101530.35,1274.04,Left,INNER,4,0.976,0.976,False,0.184,-10.0,12
Note_000882,42,101530.35,144.23,Left,INNER,2,0.961,0.961,True,0.184,-10.0,12
Note_000883,67,101538.36,2724.36,Right,INNER,1,0.913,0.913,False,0.598,5.0,0
Note_000884,79,101538.36,1610.58,Right,MELODY,4,0.913,0.913,False,0.598,5.0,0
Note_000885,42,101914.96,104.17,Left,BASS,2,0.898,0.898,True,0.305,15.0,0
Note_000886,53,101922.97,432.69,Left,INNER,1,0.795,0.795,False,0.305,15.0,0
Note_000887,40,102299.58,1241.99,Left,BASS,3,0.976,0.976,False,0.23,5.0,0
Note_000888,42,102299.58,192.31,Left,INNER,2,0.969,0.969,True,0.23,5.0,0
Note_000889,65,102307.59,697.11,Right,INNER,2,0.921,0.921,False,0.575,-5.0,0
Note_000890,77,102307.59,729.17,Right,INNER,5,0.929,0.929,False,0.575,-5.0,0
Note_000891,42,102684.19,112.18,Left,BASS,5,0.898,0.898,True,0.305,-5.0,12
Note_000892,53,102692.2,432.69,Left,INNER,2,0.843,0.843,False,0.305,-5.0,12
Note_000893,34,103068.81,905.45,Left,BASS,5,0.984,0.984,True,0.175,-5.0,0
Note_000894,35,103068.81,905.45,Left,INNER,3,0.969,0.969,False,0.175,-5.0,0
Note_000895,42,103068.81,168.27,Left,INNER,1,0.961,0.961,True,0.175,-5.0,0
Note_000896,34,103076.82,2796.47,Left,INNER,4,0.969,0.969,True,0.175,-5.0,0
Note_000897,58,103076.82,456.73,Right,INNER,1,0.929,0.929,True,0.448,15.0,12
Note_000898,62,103076.82,448.72,Right,INNER,2,0.969,0.969,False,0.448,15.0,12
Note_000899,42,103453.42,120.19,Left,BASS,2,0.89,0.89,True,0.305,15.0,0
Note_000900,53,103461.43,1241.99,Left,INNER,1,0.819,0.819,False,0.305,15.0,0
Note_000901,40,103838.04,1169.87,Left,BASS,5,0.976,0.976,False,0.23,-5.0,0
Note_000902,42,103838.04,160.26,Left,INNER,2,0.961,0.961,True,0.23,-5.0,0
Note_000903,58,103846.05,1907.05,Right,INNER,2,0.89,0.89,True,0.425,5.0,0
Note_000904,34,104222.65,152.24,Left,BASS,3,0.984,0.984,True,0.184,15.0,-12
Note_000905,35,104222.65,112.18,Left,INNER,2,0.953,0.953,False,0.184,15.0,-12
Note_000906,42,104222.65,104.17,Left,INNER,1,0.913,0.913,True,0.184,15.0,-12
Note_000907,62,104230.66,889.42,Right,INNER,3,0.913,0.913,False,0.471,0.0,0
Note_000908,34,104607.27,801.28,Left,BASS,5,0.984,0.984,True,0.184,-0.0,0
Note_000909,35,104607.27,1233.97,Left,INNER,3,0.969,0.969,False,0.184,-0.0,0
Note_000910,42,104607.27,144.23,Left,INNER,1,0.945,0.945,True,0.184,-0.0,0
Note_000911,67,104615.28,1610.58,Right,INNER,1,0.913,0.913,False,0.598,5.0,0
Note_000912,79,104615.28,1610.58,Right,MELODY,4,0.913,0.913,False,0.598,5.0,0
Note_000913,42,104991.88,120.19,Left,BASS,2,0.906,0.906,True,0.305,15.0,0
Note_000914,53,104999.89,480.77,Left,INNER,1,0.85,0.85,False,0.305,15.0,0
Note_000915,29,105376.5,769.23,Left,BASS,5,0.969,0.969,False,0.184,5.0,-12
Note_000916,40,105376.5,1193.91,Left,INNER,2,0.976,0.976,False,0.184,5.0,-12
Note_000917,42,105376.5,88.14,Left,INNER,1,0.953,0.953,True,0.184,5.0,-12
Note_000918,65,105384.51,729.17,Right,INNER,2,0.929,0.929,False,0.575,-5.0,0
Note_000919,77,105384.51,729.17,Right,INNER,5,0.929,0.929,False,0.575,-5.0,0
Note_000920,42,105568.8,192.31,Left,BASS,3,0.945,0.945,True,0.241,-0.0,0
Note_000921,46,105761.11,408.65,Left,BASS,2,0.945,0.945,True,0.328,15.0,0
Note_000922,53,105769.12,408.65,Left,INNER,1,0.906,0.906,False,0.328,15.0,0
Note_000923,34,106145.73,889.42,Left,BASS,5,0.984,0.984,True,0.153,-15.0,12
Note_000924,35,106145.73,897.43,Left,INNER,3,0.969,0.969,False,0.153,-15.0,12
Note_000925,49,106145.73,1730.77,Right,INNER,2,0.969,0.969,True,0.395,0.0,12
Note_000926,62,106145.73,2700.32,Right,INNER,4,0.961,0.961,False,0.395,0.0,12
Note_000927,34,106153.74,3084.93,Left,INNER,4,0.969,0.969,True,0.153,-15.0,12
Note_000928,46,106153.74,3060.89,Right,INNER,1,0.969,0.969,True,0.395,0.0,12
Note_000929,58,106153.74,328.53,Right,INNER,3,0.961,0.961,True,0.395,0.0,12
Note_000930,62,106153.74,777.24,Right,INNER,5,0.961,0.961,False,0.395,0.0,12
Note_000931,42,106530.34,120.19,Left,BASS,2,0.89,0.89,True,0.305,15.0,0
Note_000932,53,106538.35,1193.91,Left,INNER,1,0.89,0.89,False,0.305,15.0,0
Note_000933,40,106914.96,1177.88,Left,BASS,5,0.976,0.976,False,0.23,-5.0,0
Note_000934,42,106914.96,192.31,Left,INNER,2,0.969,0.969,True,0.23,-5.0,0
Note_000935,58,106922.97,1947.11,Right,INNER,3,0.906,0.906,True,0.425,0.0,0
Note_000936,34,107299.57,160.26,Left,BASS,3,0.961,0.961,True,0.184,15.0,-12
Note_000937,35,107299.57,112.18,Left,INNER,2,0.945,0.945,False,0.184,15.0,-12
Note_000938,42,107299.57,136.22,Left,INNER,1,0.921,0.921,True,0.184,15.0,-12
Note_000939,62,107307.58,1185.9,Right,INNER,5,0.906,0.906,False,0.471,-10.0,0
Note_000940,34,107684.19,1530.45,Left,BASS,5,0.984,0.984,True,0.184,-0.0,0
Note_000941,35,107684.19,1225.96,Left,INNER,3,0.969,0.969,False,0.184,-0.0,0
Note_000942,42,107684.19,176.28,Left,INNER,1,0.906,0.906,True,0.184,-0.0,0
Note_000943,67,107692.2,1602.56,Right,INNER,1,0.921,0.921,False,0.598,5.0,0
Note_000944,79,107692.2,1610.58,Right,MELODY,4,0.913,0.913,False,0.598,5.0,0
Note_000945,42,108068.8,120.19,Left,BASS,2,0.898,0.898,True,0.305,15.0,0
Note_000946,53,108076.81,600.96,Left,INNER,1,0.906,0.906,False,0.305,15.0,0
Note_000947,40,108453.42,1129.81,Left,BASS,3,0.976,0.976,False,0.23,5.0,0
Note_000948,42,108453.42,184.29,Left,INNER,2,0.969,0.969,True,0.23,5.0,0
Note_000949,65,108461.43,801.28,Right,INNER,2,0.945,0.945,False,0.575,-5.0,0
Note_000950,77,108461.43,729.17,Right,INNER,5,0.929,0.929,False,0.575,-5.0,0
Note_000951,42,108838.03,136.22,Left,BASS,5,0.898,0.898,True,0.345,5.0,0
Note_000952,53,108846.04,400.64,Left,INNER,2,0.898,0.898,False,0.345,5.0,0
Note_000953,58,108862.07,280.45,Left,INNER,1,0.969,0.969,True,0.345,5.0,0
Note_000954,60,109214.63,336.54,Right,INNER,4,0.969,0.969,False,0.448,-15.0,0
Note_000955,31,109222.65,881.41,Left,BASS,5,0.984,0.984,False,0.193,-0.0,0
Note_000956,35,109222.65,873.4,Left,INNER,4,0.969,0.969,False,0.193,-0.0,0
Note_000957,42,109222.65,144.23,Left,INNER,2,0.945,0.945,True,0.193,-0.0,0
Note_000958,43,109230.66,3092.95,Left,INNER,1,0.961,0.961,False,0.193,-0.0,0
Note_000959,58,109230.66,440.7,Right,INNER,3,0.945,0.945,True,0.448,-15.0,0
Note_000960,62,109230.66,849.36,Right,INNER,5,0.969,0.969,False,0.448,-15.0,0
Note_000961,62,109575.21,1826.92,Left,BASS,2,0.969,0.969,False,0.471,5.0,0
Note_000962,42,109607.26,104.17,Left,BASS,3,0.906,0.906,True,0.316,10.0,0
Note_000963,55,109615.27,1322.11,Left,INNER,1,0.913,0.913,False,0.316,10.0,0
Note_000964,40,109991.88,1209.93,Left,BASS,5,0.976,0.976,False,0.23,-10.0,0
Note_000965,42,109991.88,192.31,Left,INNER,3,0.969,0.969,True,0.23,-10.0,0
Note_000966,58,109999.89,2011.22,Right,INNER,2,0.921,0.921,True,0.425,5.0,0
Note_000967,31,110376.49,184.29,Left,BASS,3,0.969,0.969,False,0.172,15.0,-12
Note_000968,35,110376.49,104.17,Left,INNER,2,0.953,0.953,False,0.172,15.0,-12
Note_000969,42,110376.49,136.22,Left,INNER,1,0.913,0.913,True,0.172,15.0,-12
Note_000970,62,110384.5,1169.87,Right,INNER,3,0.929,0.929,False,0.471,0.0,0
Note_000971,31,110761.11,1578.52,Left,BASS,5,0.976,0.976,False,0.172,5.0,-12
Note_000972,35,110761.11,1233.97,Left,INNER,2,0.969,0.969,False,0.172,5.0,-12
Note_000973,42,110761.11,120.19,Left,INNER,1,0.953,0.953,True,0.172,5.0,-12
Note_000974,69,110769.12,416.67,Right,INNER,1,0.921,0.921,False,0.621,0.0,0
Note_000975,81,110769.12,1610.58,Right,MELODY,5,0.913,0.913,False,0.621,0.0,0
Note_000976,42,111145.72,72.12,Left,BASS,3,0.913,0.913,True,0.316,10.0,0
Note_000977,55,111153.73,1121.79,Left,INNER,1,0.921,0.921,False,0.316,10.0,0
Note_000978,40,111530.34,1177.88,Left,BASS,5,0.976,0.976,False,0.23,-10.0,0
Note_000979,42,111530.34,160.26,Left,INNER,3,0.969,0.969,True,0.23,-10.0,0
Note_000980,67,111538.35,849.36,Right,INNER,1,0.953,0.953,False,0.598,5.0,0
Note_000981,79,111538.35,729.17,Right,MELODY,4,0.929,0.929,False,0.598,5.0,0
Note_000982,42,111914.95,128.21,Left,BASS,2,0.913,0.913,True,0.241,5.0,0
Note_000983,62,111922.96,128.2,Right,INNER,3,0.921,0.921,False,0.471,-10.0,0
Note_000984,62,111930.98,336.54,Right,INNER,5,0.961,0.961,False,0.471,-10.0,0
Note_000985,35,112299.57,921.47,Left,BASS,5,0.976,0.976,False,0.211,-0.0,0
Note_000986,36,112299.57,857.37,Left,INNER,4,0.976,0.976,False,0.211,-0.0,0
Note_000987,42,112299.57,152.24,Left,INNER,2,0.945,0.945,True,0.211,-0.0,0
Note_000988,36,112307.58,2892.63,Left,INNER,3,0.969,0.969,False,0.211,-0.0,0
Note_000989,48,112307.58,2852.56,Left,INNER,1,0.969,0.969,False,0.211,-0.0,0
Note_000990,60,112307.58,352.56,Right,INNER,1,0.969,0.969,False,0.471,15.0,0
Note_000991,63,112307.58,544.87,Right,INNER,2,0.969,0.969,True,0.471,15.0,0
Note_000992,63,112307.58,360.58,Right,INNER,3,0.961,0.961,True,0.471,15.0,0
Note_000993,42,112684.18,104.17,Left,BASS,2,0.913,0.913,True,0.241,5.0,0
Note_000994,60,112692.19,1266.02,Right,INNER,1,0.937,0.937,False,0.477,10.0,0
Note_000995,65,112700.21,272.44,Right,INNER,3,0.961,0.961,False,0.477,10.0,0
Note_000996,63,112884.5,384.61,Left,BASS,1,0.969,0.969,True,0.483,10.0,-12
Note_000997,40,113068.8,1217.95,Left,BASS,5,0.976,0.976,False,0.23,-5.0,0
Note_000998,42,113068.8,184.29,Left,INNER,2,0.969,0.969,True,0.23,-5.0,0
Note_000999,63,113076.81,1786.86,Right,INNER,2,0.921,0.921,True,0.483,5.0,0
Note_001000,62,113269.12,216.35,Left,BASS,1,0.961,0.961,False,0.471,10.0,0
Note_001001,35,113453.41,128.21,Left,BASS,5,0.945,0.945,False,0.192,-5.0,0
Note_001002,36,113453.41,152.24,Left,INNER,3,0.961,0.961,False,0.192,-5.0,0
Note_001003,42,113453.41,128.21,Left,INNER,2,0.921,0.921,True,0.192,-5.0,0
Note_001004,67,113461.42,1217.95,Right,INNER,3,0.858,0.858,False,0.529,0.0,0
Note_001005,60,113493.48,1033.65,Left,BASS,1,0.961,0.961,False,0.448,10.0,0
Note_001006,35,113838.03,1258.01,Left,BASS,5,0.969,0.969,False,0.192,-5.0,0
Note_001007,36,113838.03,1145.83,Left,INNER,3,0.984,0.984,False,0.192,-5.0,0
Note_001008,42,113838.03,128.21,Left,INNER,2,0.945,0.945,True,0.192,-5.0,0
Note_001009,74,113846.04,440.7,Right,INNER,1,0.913,0.913,False,0.678,5.0,0
Note_001010,86,113846.04,1610.58,Right,MELODY,4,0.913,0.913,False,0.678,5.0,0
Note_001011,42,114222.64,104.17,Left,BASS,2,0.89,0.89,True,0.241,5.0,0
Note_001012,60,114230.65,1201.92,Right,INNER,2,0.937,0.937,False,0.448,5.0,0
Note_001013,40,114607.26,1161.86,Left,BASS,5,0.976,0.976,False,0.23,-5.0,0
Note_001014,42,114607.26,168.27,Left,INNER,2,0.961,0.961,True,0.23,-5.0,0
Note_001015,72,114615.27,2243.59,Right,INNER,1,0.953,0.953,False,0.655,5.0,0
Note_001016,84,114615.27,729.17,Right,MELODY,4,0.929,0.929,False,0.655,5.0,0
Note_001017,60,114975.85,248.4,Right,INNER,2,0.961,0.961,False,0.466,5.0,0
Note_001018,31,114991.87,424.68,Left,BASS,2,0.969,0.969,False,0.178,15.0,-12
Note_001019,42,114991.87,112.18,Left,INNER,1,0.929,0.929,True,0.178,15.0,-12
Note_001020,63,114999.88,729.17,Right,INNER,3,0.953,0.953,True,0.466,5.0,0
Note_001021,62,115176.17,200.32,Left,BASS,5,0.961,0.961,False,0.471,-10.0,0
Note_001022,35,115376.49,889.42,Left,BASS,5,0.969,0.969,False,0.211,-0.0,0
Note_001023,36,115376.49,1129.81,Left,INNER,4,0.984,0.984,False,0.211,-0.0,0
Note_001024,42,115376.49,152.24,Left,INNER,2,0.945,0.945,True,0.211,-0.0,0
Note_001025,36,115384.5,448.72,Left,INNER,3,0.969,0.969,False,0.211,-0.0,0
Note_001026,48,115384.5,1506.41,Left,INNER,1,0.969,0.969,False,0.211,-0.0,0
Note_001027,67,115384.5,729.17,Right,INNER,5,0.969,0.969,False,0.506,-5.0,0
Note_001028,63,115392.51,312.5,Right,INNER,2,0.961,0.961,True,0.506,-5.0,0
Note_001029,65,115737.06,280.45,Right,INNER,2,0.961,0.961,False,0.477,15.0,0
Note_001030,42,115761.1,80.13,Left,BASS,2,0.89,0.89,True,0.241,5.0,0
Note_001031,60,115769.11,745.19,Right,BASS,1,0.898,0.898,False,0.477,15.0,0
Note_001032,36,115961.42,232.37,Left,BASS,5,0.78,0.78,False,0.172,-10.0,0
Note_001033,63,115977.45,312.5,Right,INNER,3,0.961,0.961,True,0.483,0.0,0
Note_001034,40,116145.72,825.32,Left,BASS,3,0.976,0.976,False,0.23,5.0,0
Note_001035,42,116145.72,128.21,Left,INNER,2,0.961,0.961,True,0.23,5.0,0
Note_001036,63,116153.73,384.61,Right,INNER,2,0.929,0.929,True,0.483,5.0,0
Note_001037,62,116273.92,192.31,Left,BASS,1,0.961,0.961,False,0.471,10.0,0
Note_001038,31,116530.33,216.35,Left,BASS,3,0.969,0.969,False,0.188,15.0,-12
Note_001039,35,116530.33,120.19,Left,INNER,2,0.953,0.953,False,0.188,15.0,-12
Note_001040,46,116530.33,360.58,Left,INNER,1,0.945,0.945,True,0.188,15.0,-12
Note_001041,67,116538.34,360.58,Right,INNER,2,0.921,0.921,False,0.5,15.0,0
Note_001042,62,116546.36,352.56,Right,INNER,1,0.961,0.961,False,0.5,15.0,0
Note_001043,30,116722.64,240.38,Left,BASS,4,0.945,0.945,True,0.103,-5.0,0
Note_001044,60,116898.92,1530.45,Right,INNER,3,0.961,0.961,False,0.456,0.0,0
Note_001045,29,116914.95,761.22,Left,BASS,5,0.984,0.984,False,0.181,5.0,-12
Note_001046,35,116914.95,921.47,Left,INNER,3,0.969,0.969,False,0.181,5.0,-12
Note_001047,42,116914.95,120.19,Left,INNER,1,0.953,0.953,True,0.181,5.0,-12
Note_001048,41,116922.96,1570.51,Left,INNER,2,0.89,0.89,False,0.181,5.0,-12
Note_001049,53,116922.96,1538.46,Right,INNER,1,0.953,0.953,False,0.456,0.0,0
Note_001050,69,116922.96,1105.77,Right,INNER,5,0.969,0.969,False,0.456,0.0,0
Note_001051,40,117299.56,160.26,Left,BASS,1,0.976,0.976,False,0.218,10.0,0
Note_001052,63,117307.57,721.15,Right,INNER,2,0.921,0.921,True,0.483,5.0,0
Note_001053,29,117684.18,769.23,Left,BASS,5,0.984,0.984,False,0.195,-5.0,0
Note_001054,42,117684.18,192.31,Left,INNER,3,0.913,0.913,True,0.195,-5.0,0
Note_001055,43,117684.18,160.26,Left,INNER,2,0.976,0.976,False,0.195,-5.0,0
Note_001056,65,117692.19,424.68,Right,INNER,3,0.937,0.937,False,0.506,0.0,0
Note_001057,45,117876.48,280.45,Left,BASS,1,0.961,0.961,False,0.276,10.0,0
Note_001058,35,118068.79,216.35,Left,BASS,2,0.969,0.969,False,0.161,5.0,0
Note_001059,72,118076.8,112.18,Right,INNER,5,0.937,0.937,False,0.586,-10.0,0
Note_001060,34,118453.41,969.55,Left,BASS,5,0.984,0.984,True,0.155,-10.0,12
Note_001061,35,118453.41,865.38,Left,INNER,3,0.969,0.969,False,0.155,-10.0,12
Note_001062,49,118453.41,2500.0,Right,INNER,2,0.961,0.961,True,0.395,0.0,12
Note_001063,46,118461.42,3084.93,Right,INNER,1,0.953,0.953,True,0.395,0.0,12
Note_001064,58,118461.42,456.73,Right,INNER,3,0.937,0.937,True,0.395,0.0,12
Note_001065,62,118461.42,849.36,Right,INNER,4,0.961,0.961,False,0.395,0.0,12
Note_001066,62,118469.43,1177.88,Right,INNER,5,0.961,0.961,False,0.395,0.0,12
Note_001067,42,118838.02,192.31,Left,BASS,2,0.874,0.874,True,0.305,15.0,0
Note_001068,53,118846.03,1209.93,Left,INNER,1,0.89,0.89,False,0.305,15.0,0
Note_001069,40,119222.64,1217.95,Left,BASS,5,0.969,0.969,False,0.23,-5.0,0
Note_001070,42,119222.64,160.26,Left,INNER,2,0.961,0.961,True,0.23,-5.0,0
Note_001071,58,119230.65,1939.1,Right,INNER,3,0.929,0.929,True,0.425,0.0,0
Note_001072,34,119607.25,288.46,Left,BASS,3,0.953,0.953,True,0.184,15.0,-12
Note_001073,35,119607.25,144.23,Left,INNER,2,0.953,0.953,False,0.184,15.0,-12
Note_001074,42,119607.25,112.18,Left,INNER,1,0.89,0.89,True,0.184,15.0,-12
Note_001075,60,119615.26,184.29,Right,INNER,1,0.961,0.961,False,0.46,15.0,0
Note_001076,62,119615.26,1137.82,Right,INNER,2,0.945,0.945,False,0.46,15.0,0
Note_001077,58,119799.56,144.23,Left,BASS,2,0.961,0.961,True,0.425,5.0,0
Note_001078,34,119991.87,1498.4,Left,BASS,5,0.984,0.984,True,0.184,-10.0,12
Note_001079,35,119991.87,1266.02,Left,INNER,4,0.976,0.976,False,0.184,-10.0,12
Note_001080,42,119991.87,144.23,Left,INNER,2,0.945,0.945,True,0.184,-10.0,12
Note_001081,79,119999.88,1610.58,Right,MELODY,4,0.913,0.913,False,0.667,-5.0,0
Note_001082,62,120208.21,136.22,Left,BASS,1,0.961,0.961,False,0.471,10.0,0
Note_001083,42,120376.48,128.2,Left,BASS,2,0.906,0.906,True,0.305,15.0,0
Note_001084,53,120384.49,432.69,Left,INNER,1,0.913,0.913,False,0.305,15.0,0
Note_001085,40,120761.1,1193.91,Left,BASS,5,0.976,0.976,False,0.23,-5.0,0
Note_001086,42,120761.1,160.26,Left,INNER,2,0.969,0.969,True,0.23,-5.0,0
Note_001087,65,120769.11,753.2,Right,INNER,1,0.937,0.937,False,0.575,15.0,0
Note_001088,77,120769.11,729.17,Right,INNER,2,0.929,0.929,False,0.575,15.0,0
Note_001089,65,121137.7,128.21,Right,INNER,5,0.961,0.961,False,0.506,-10.0,0
Note_001090,42,121145.71,112.18,Left,BASS,2,0.913,0.913,True,0.305,15.0,0
Note_001091,53,121153.72,344.55,Left,INNER,1,0.882,0.882,False,0.305,15.0,0
Note_001092,67,121522.31,665.06,Right,INNER,5,0.961,0.961,False,0.475,-5.0,0
Note_001093,31,121530.33,745.19,Left,BASS,5,0.984,0.984,False,0.193,-0.0,0
Note_001094,35,121530.33,873.4,Left,INNER,4,0.976,0.976,False,0.193,-0.0,0
Note_001095,42,121530.33,152.24,Left,INNER,2,0.953,0.953,True,0.193,-0.0,0
Note_001096,43,121538.34,3092.95,Left,INNER,1,0.945,0.945,False,0.193,-0.0,0
Note_001097,58,121538.34,448.72,Right,INNER,2,0.961,0.961,True,0.475,-5.0,0
Note_001098,62,121538.34,905.45,Right,INNER,3,0.969,0.969,False,0.475,-5.0,0
Note_001099,60,121626.48,8.01,Left,BASS,3,0.858,0.858,False,0.448,-0.0,0
Note_001100,42,121914.94,120.19,Left,BASS,3,0.913,0.913,True,0.316,10.0,0
Note_001101,55,121922.95,1193.91,Left,INNER,1,0.921,0.921,False,0.316,10.0,0
Note_001102,65,122187.38,112.18,Left,BASS,5,0.961,0.961,False,0.506,-10.0,0
Note_001103,67,122267.51,1490.38,Left,BASS,4,0.961,0.961,False,0.529,-5.0,0
Note_001104,34,122299.56,408.65,Left,BASS,3,0.976,0.976,True,0.203,15.0,-12
Note_001105,40,122299.56,1250.0,Left,INNER,2,0.976,0.976,False,0.203,15.0,-12
Note_001106,42,122299.56,160.26,Left,INNER,1,0.961,0.961,True,0.203,15.0,-12
Note_001107,58,122307.57,1858.97,Right,INNER,2,0.953,0.953,True,0.425,5.0,0
Note_001108,35,122684.17,144.23,Left,BASS,5,0.929,0.929,False,0.199,-5.0,-12
Note_001109,38,122684.17,400.64,Left,INNER,4,0.961,0.961,False,0.199,-5.0,-12
Note_001110,42,122684.17,136.22,Left,INNER,1,0.906,0.906,True,0.199,-5.0,-12
Note_001111,62,122692.18,1290.06,Right,INNER,3,0.945,0.945,False,0.471,0.0,0
Note_001112,35,123068.79,993.59,Left,BASS,5,0.976,0.976,False,0.218,-5.0,0
Note_001113,42,123068.79,144.23,Left,INNER,3,0.953,0.953,True,0.218,-5.0,0
Note_001114,43,123068.79,1145.83,Left,INNER,2,0.984,0.984,False,0.218,-5.0,0
Note_001115,69,123076.8,408.65,Right,INNER,1,0.921,0.921,False,0.621,5.0,0
Note_001116,81,123076.8,1610.58,Right,MELODY,4,0.913,0.913,False,0.621,5.0,0
Note_001117,42,123453.4,104.17,Left,BASS,3,0.89,0.89,True,0.316,10.0,0
Note_001118,55,123461.41,416.67,Left,INNER,1,0.953,0.953,False,0.316,10.0,0
Note_001119,40,123838.02,1201.92,Left,BASS,5,0.976,0.976,False,0.23,-10.0,0
Note_001120,42,123838.02,160.26,Left,INNER,3,0.961,0.961,True,0.23,-10.0,0
Note_001121,67,123846.03,2379.81,Right,INNER,2,0.945,0.945,False,0.598,-5.0,0
Note_001122,79,123846.03,729.17,Right,MELODY,5,0.929,0.929,False,0.598,-5.0,0
Note_001123,65,124174.56,264.42,Left,BASS,1,0.961,0.961,False,0.506,10.0,0
Note_001124,35,124222.63,136.22,Left,BASS,5,0.945,0.945,False,0.203,-5.0,0
Note_001125,38,124222.63,464.74,Left,INNER,3,0.984,0.984,False,0.203,-5.0,0
Note_001126,43,124222.63,120.19,Left,INNER,2,0.953,0.953,False,0.203,-5.0,0
Note_001127,55,124230.64,344.55,Right,INNER,1,0.921,0.921,False,0.391,10.0,0
Note_001128,67,124374.88,216.35,Left,BASS,1,0.961,0.961,False,0.529,10.0,0
Note_001129,35,124607.25,873.4,Left,BASS,5,0.969,0.969,False,0.167,-10.0,0
Note_001130,36,124607.25,1161.86,Left,INNER,3,0.976,0.976,False,0.167,-10.0,0
Note_001131,49,124607.25,1153.85,Right,INNER,2,0.969,0.969,True,0.391,10.0,0
Note_001132,48,124615.26,1386.22,Right,INNER,1,0.969,0.969,False,0.391,10.0,0
Note_001133,60,124615.26,448.72,Right,INNER,3,0.969,0.969,False,0.391,10.0,0
Note_001134,63,124615.26,472.76,Right,INNER,4,0.961,0.961,True,0.391,10.0,0
Note_001135,70,124655.32,312.5,Left,BASS,2,0.961,0.961,True,0.563,5.0,0
Note_001136,46,124991.86,384.62,Left,BASS,5,0.945,0.945,True,0.339,-10.0,12
Note_001137,55,124999.87,745.19,Left,INNER,3,0.921,0.921,False,0.339,-10.0,12
Note_001138,70,125071.99,184.29,Left,BASS,2,0.961,0.961,True,0.563,5.0,0
Note_001139,40,125376.48,1314.1,Left,BASS,5,0.976,0.976,False,0.253,-10.0,0
Note_001140,46,125376.48,384.62,Left,INNER,3,0.953,0.953,True,0.253,-10.0,0
Note_001141,60,125384.49,488.78,Right,INNER,4,0.929,0.929,False,0.448,-5.0,0
Note_001142,70,125424.55,184.29,Left,BASS,2,0.961,0.961,True,0.563,5.0,0
Note_001143,70,125680.96,200.32,Left,BASS,2,0.961,0.961,True,0.563,5.0,0
Note_001144,35,125761.09,368.59,Left,BASS,5,0.984,0.984,False,0.161,-10.0,0
Note_001145,35,125761.09,144.23,Left,INNER,3,0.969,0.969,False,0.161,-10.0,0
Note_001146,49,125761.09,384.61,Right,INNER,2,0.976,0.976,True,0.374,5.0,-12
Note_001147,47,125769.1,240.38,Right,INNER,1,0.961,0.961,False,0.374,5.0,-12
Note_001148,55,125769.1,352.56,Right,INNER,3,0.937,0.937,False,0.374,5.0,-12
Note_001149,63,125769.1,248.4,Right,INNER,5,0.953,0.953,True,0.374,5.0,-12
Note_001150,70,125993.46,713.14,Left,BASS,3,0.961,0.961,True,0.563,-0.0,0
Note_001151,34,126145.71,785.26,Left,BASS,2,0.984,0.984,True,0.155,15.0,0
Note_001152,35,126145.71,336.54,Left,INNER,1,0.976,0.976,False,0.155,15.0,0
Note_001153,49,126145.71,769.23,Right,INNER,2,0.976,0.976,True,0.379,0.0,0
Note_001154,46,126153.72,737.18,Right,INNER,1,0.969,0.969,True,0.379,0.0,0
Note_001155,58,126153.72,368.59,Right,INNER,4,0.969,0.969,True,0.379,0.0,0
Note_001156,63,126153.72,456.73,Right,INNER,5,0.961,0.961,True,0.379,0.0,0
Note_001157,67,126346.03,616.99,Left,BASS,5,0.142,0.142,False,0.529,-10.0,0
Note_001158,46,126530.32,384.62,Left,BASS,3,0.937,0.937,True,0.339,10.0,0
Note_001159,55,126538.33,440.7,Left,INNER,1,0.921,0.921,False,0.339,10.0,0
Note_001160,67,126658.53,256.41,Left,BASS,2,0.961,0.961,False,0.529,5.0,0
Note_001161,35,126722.63,512.82,Left,BASS,5,0.945,0.945,False,0.161,-10.0,0
Note_001162,33,126914.94,753.2,Left,BASS,4,0.984,0.984,False,0.211,10.0,0
Note_001163,40,126914.94,1370.19,Left,INNER,2,0.976,0.976,False,0.211,10.0,0
Note_001164,45,126922.95,777.24,Left,INNER,1,0.969,0.969,False,0.211,10.0,0
Note_001165,57,126922.95,368.59,Right,INNER,2,0.969,0.969,False,0.456,0.0,0
Note_001166,63,126922.95,536.86,Right,INNER,4,0.969,0.969,True,0.456,0.0,0
Note_001167,62,126930.96,625.0,Right,INNER,3,0.961,0.961,False,0.456,0.0,0
Note_001168,35,127299.55,192.31,Left,BASS,5,0.969,0.969,False,0.161,-10.0,0
Note_001169,46,127299.55,384.61,Right,INNER,1,0.937,0.937,True,0.339,15.0,12
Note_001170,55,127307.56,384.62,Right,INNER,2,0.929,0.929,False,0.339,15.0,12
Note_001171,60,127507.89,2115.38,Left,BASS,3,0.961,0.961,False,0.448,-0.0,0
Note_001172,32,127684.17,1578.52,Left,BASS,5,0.984,0.984,True,0.218,-0.0,0
Note_001173,35,127684.17,504.81,Left,INNER,4,0.976,0.976,False,0.218,-0.0,0
Note_001174,49,127684.17,1538.46,Left,INNER,1,0.976,0.976,True,0.218,-0.0,0
Note_001175,44,127692.18,1498.4,Left,INNER,2,0.969,0.969,True,0.218,-0.0,0
Note_001176,58,127692.18,384.62,Right,INNER,2,0.969,0.969,True,0.454,5.0,0
Note_001177,63,127692.18,576.92,Right,INNER,3,0.969,0.969,True,0.454,5.0,0
Note_001178,46,128068.78,384.61,Left,BASS,3,0.953,0.953,True,0.345,10.0,-12
Note_001179,56,128076.79,344.55,Left,INNER,1,0.945,0.945,True,0.345,10.0,-12
Note_001180,40,128453.4,440.7,Left,BASS,5,0.976,0.976,False,0.253,-10.0,0
Note_001181,46,128453.4,384.62,Left,INNER,3,0.945,0.945,True,0.253,-10.0,0
Note_001182,60,128461.41,769.23,Right,INNER,1,0.953,0.953,False,0.466,15.0,0
Note_001183,63,128461.41,488.78,Right,INNER,2,0.945,0.945,True,0.466,15.0,0
Note_001184,35,128838.01,408.65,Left,BASS,1,0.976,0.976,False,0.161,10.0,0
Note_001185,46,128838.01,384.62,Right,INNER,3,0.945,0.945,True,0.345,-10.0,-12
Note_001186,56,128846.02,360.58,Right,INNER,5,0.913,0.913,True,0.345,-10.0,-12
Note_001187,31,129222.63,745.19,Left,BASS,5,0.976,0.976,False,0.195,-5.0,0
Note_001188,40,129222.63,440.7,Left,INNER,3,0.976,0.976,False,0.195,-5.0,0
Note_001189,43,129230.64,801.28,Left,INNER,2,0.961,0.961,False,0.195,-5.0,0
Note_001190,58,129230.64,392.63,Right,INNER,1,0.969,0.969,True,0.454,10.0,12
Note_001191,63,129230.64,657.05,Right,INNER,3,0.969,0.969,True,0.454,10.0,12
Note_001192,35,129607.24,360.58,Left,BASS,1,0.976,0.976,False,0.161,10.0,0
Note_001193,55,129615.25,272.44,Right,INNER,2,0.89,0.89,False,0.391,5.0,0
Note_001194,34,129991.86,793.27,Left,BASS,5,0.953,0.953,True,0.21,-10.0,12
Note_001195,40,129991.86,120.19,Left,INNER,4,0.976,0.976,False,0.21,-10.0,12
Note_001196,42,129991.86,192.31,Left,INNER,2,0.945,0.945,True,0.21,-10.0,12
Note_001197,41,129999.87,761.22,Left,INNER,3,0.961,0.961,False,0.21,-10.0,12
Note_001198,56,129999.87,416.67,Right,INNER,3,0.969,0.969,True,0.443,-10.0,-12
Note_001199,63,129999.87,544.87,Right,INNER,5,0.969,0.969,True,0.443,-10.0,-12
Note_001200,43,130184.16,128.21,Left,BASS,1,0.969,0.969,False,0.253,10.0,0
Note_001201,35,130376.47,160.26,Left,BASS,5,0.969,0.969,False,0.161,-10.0,0
Note_001202,45,130376.47,192.31,Right,INNER,1,0.976,0.976,False,0.322,15.0,0
Note_001203,53,130384.48,360.58,Right,INNER,2,0.921,0.921,False,0.322,15.0,0
Note_001204,35,130761.09,1033.65,Left,BASS,5,0.976,0.976,False,0.248,0.0,-12
Note_001205,39,130761.09,681.09,Left,INNER,4,0.984,0.984,True,0.248,0.0,-12
Note_001206,49,130761.09,384.61,Left,INNER,2,0.969,0.969,True,0.248,0.0,-12
Note_001207,39,130769.1,2347.75,Left,INNER,3,0.969,0.969,True,0.248,0.0,-12
Note_001208,51,130769.1,2259.61,Left,INNER,1,0.961,0.961,True,0.248,0.0,-12
Note_001209,58,130769.1,464.74,Right,INNER,0,0.969,0.969,True,0.525,-0.0,0
Note_001210,63,130769.1,496.79,Right,INNER,1,0.969,0.969,True,0.525,-0.0,0
Note_001211,67,130769.1,448.72,Right,INNER,2,0.969,0.969,False,0.525,-0.0,0
Note_001212,70,130769.1,2307.69,Right,INNER,4,0.764,0.764,True,0.525,-0.0,0
Note_001213,75,130769.1,2323.72,Right,INNER,5,0.677,0.677,True,0.525,-0.0,0
Note_001214,67,130777.11,2291.66,Right,INNER,3,0.969,0.969,False,0.525,-0.0,0
Note_001215,51,131145.7,184.29,Left,BASS,2,0.945,0.945,True,0.368,15.0,0
Note_001216,55,131153.71,456.73,Left,INNER,1,0.732,0.732,False,0.368,15.0,0
Note_001217,39,131530.32,184.29,Left,BASS,5,0.969,0.969,True,0.222,-5.0,12
Note_001218,40,131530.32,1258.01,Left,INNER,3,0.976,0.976,False,0.222,-5.0,12
Note_001219,42,131530.32,264.42,Left,INNER,2,0.961,0.961,True,0.222,-5.0,12
Note_001220,51,131530.32,184.29,Right,INNER,1,0.961,0.961,True,0.445,5.0,12
Note_001221,58,131538.33,472.76,Right,INNER,2,0.969,0.969,True,0.445,5.0,12
Note_001222,63,131538.33,504.81,Right,INNER,3,0.961,0.961,True,0.445,5.0,12
Note_001223,67,131538.33,400.64,Right,INNER,5,0.969,0.969,False,0.445,5.0,12
Note_001224,35,131914.93,120.19,Left,BASS,2,0.921,0.921,False,0.184,15.0,-12
Note_001225,39,131914.93,184.29,Left,INNER,1,0.969,0.969,True,0.184,15.0,-12
Note_001226,51,131914.93,104.17,Right,INNER,1,0.945,0.945,True,0.368,5.0,12
Note_001227,55,131922.94,448.72,Right,INNER,4,0.921,0.921,False,0.368,5.0,12
Note_001228,35,132299.55,1233.97,Left,BASS,3,0.969,0.969,False,0.184,5.0,0
Note_001229,39,132299.55,200.32,Left,INNER,2,0.976,0.976,True,0.184,5.0,0
Note_001230,51,132299.55,184.29,Right,INNER,1,0.961,0.961,True,0.445,5.0,12
Note_001231,58,132307.56,448.72,Right,INNER,2,0.961,0.961,True,0.445,5.0,12
Note_001232,63,132307.56,600.96,Right,INNER,3,0.953,0.953,True,0.445,5.0,12
Note_001233,67,132307.56,376.6,Right,INNER,5,0.969,0.969,False,0.445,5.0,12
Note_001234,39,132684.16,328.53,Left,BASS,5,0.969,0.969,True,0.314,5.0,12
Note_001235,51,132684.16,80.13,Left,INNER,2,0.921,0.921,True,0.314,5.0,12
Note_001236,55,132692.17,312.5,Left,INNER,1,0.929,0.929,False,0.314,5.0,12
Note_001237,38,133068.78,272.44,Left,BASS,5,0.976,0.976,False,0.213,-5.0,-12
Note_001238,40,133068.78,1169.87,Left,INNER,3,0.976,0.976,False,0.213,-5.0,-12
Note_001239,42,133068.78,208.33,Left,INNER,1,0.969,0.969,True,0.213,-5.0,-12
Note_001240,38,133076.79,753.2,Left,INNER,4,0.961,0.961,False,0.213,-5.0,-12
Note_001241,74,133076.79,817.31,Right,INNER,1,0.787,0.787,False,0.626,15.0,0
Note_001242,77,133076.79,809.29,Right,INNER,2,0.803,0.803,False,0.626,15.0,0
Note_001243,38,133453.39,312.5,Left,BASS,5,0.969,0.969,False,0.303,5.0,0
Note_001244,51,133453.39,136.22,Left,INNER,2,0.929,0.929,True,0.303,5.0,0
Note_001245,53,133461.4,328.53,Left,INNER,1,0.921,0.921,False,0.303,5.0,0
Note_001246,67,133469.42,2548.07,Right,INNER,3,0.969,0.969,False,0.529,0.0,0
Note_001247,35,133838.01,881.41,Left,BASS,5,0.976,0.976,False,0.232,0.0,-12
Note_001248,36,133838.01,216.35,Left,INNER,4,0.969,0.969,False,0.232,0.0,-12
Note_001249,51,133838.01,112.18,Left,INNER,1,0.961,0.961,True,0.232,0.0,-12
Note_001250,36,133846.02,2548.07,Left,INNER,3,0.969,0.969,False,0.232,0.0,-12
Note_001251,48,133846.02,2636.22,Left,INNER,2,0.969,0.969,False,0.232,0.0,-12
Note_001252,60,133846.02,256.41,Right,INNER,1,0.969,0.969,False,0.534,0.0,-12
Note_001253,63,133846.02,448.72,Right,INNER,2,0.969,0.969,True,0.534,0.0,-12
Note_001254,72,133846.02,1562.5,Right,INNER,4,0.772,0.772,False,0.534,0.0,-12
Note_001255,75,133846.02,1570.51,Right,INNER,5,0.724,0.724,True,0.534,0.0,-12
Note_001256,36,134222.62,152.24,Left,BASS,1,0.961,0.961,False,0.172,10.0,0
Note_001257,51,134222.62,80.13,Right,INNER,1,0.937,0.937,True,0.397,10.0,12
Note_001258,60,134230.63,448.72,Right,INNER,3,0.913,0.913,False,0.397,10.0,12
Note_001259,36,134607.24,336.54,Left,BASS,5,0.969,0.969,False,0.244,5.0,-12
Note_001260,40,134607.24,1185.9,Left,INNER,3,0.976,0.976,False,0.244,5.0,-12
Note_001261,42,134607.24,224.36,Left,INNER,2,0.969,0.969,True,0.244,5.0,-12
Note_001262,51,134607.24,184.29,Left,INNER,1,0.969,0.969,True,0.244,5.0,-12
Note_001263,63,134615.25,649.04,Right,INNER,1,0.953,0.953,True,0.575,0.0,12
Note_001264,79,134615.25,2347.75,Right,MELODY,5,0.772,0.772,False,0.575,0.0,12
Note_001265,31,134991.85,256.41,Left,BASS,5,0.984,0.984,False,0.138,-0.0,0
Note_001266,35,134991.85,72.12,Left,INNER,1,0.953,0.953,False,0.138,-0.0,0
Note_001267,51,134991.85,136.22,Right,INNER,1,0.945,0.945,True,0.437,0.0,12
Note_001268,67,134999.86,408.65,Right,INNER,5,0.921,0.921,False,0.437,0.0,12
Note_001269,35,135376.47,905.45,Left,BASS,5,0.976,0.976,False,0.226,-5.0,-12
Note_001270,36,135376.47,304.49,Left,INNER,4,0.969,0.969,False,0.226,-5.0,-12
Note_001271,51,135376.47,128.2,Left,INNER,1,0.961,0.961,True,0.226,-5.0,-12
Note_001272,62,135384.48,400.64,Right,INNER,1,0.937,0.937,False,0.563,0.0,0
Note_001273,69,135384.48,48.08,Right,INNER,2,0.724,0.724,False,0.563,0.0,0
Note_001274,71,135384.48,697.11,Right,INNER,3,0.606,0.606,False,0.563,0.0,0
Note_001275,74,135384.48,520.83,Right,INNER,4,0.929,0.929,False,0.563,0.0,0
Note_001276,74,135384.48,713.14,Right,INNER,5,0.748,0.748,False,0.563,0.0,0
Note_001277,36,135761.08,264.42,Left,BASS,1,0.953,0.953,False,0.172,10.0,0
Note_001278,51,135761.08,104.17,Right,INNER,2,0.945,0.945,True,0.414,-5.0,-12
Note_001279,63,135769.1,1057.69,Right,INNER,5,0.937,0.937,True,0.414,-5.0,-12
Note_001280,36,136145.7,104.17,Left,BASS,5,0.969,0.969,False,0.211,-5.0,0
Note_001281,40,136145.7,1177.88,Left,INNER,3,0.976,0.976,False,0.211,-5.0,0
Note_001282,42,136145.7,248.4,Left,INNER,2,0.976,0.976,True,0.211,-5.0,0
Note_001283,72,136153.71,1201.92,Right,INNER,1,0.961,0.961,False,0.598,10.0,0
Note_001284,72,136153.71,849.36,Right,INNER,2,0.78,0.78,False,0.598,10.0,0
Note_001285,75,136153.71,817.31,Right,INNER,4,0.724,0.724,True,0.598,10.0,0
Note_001286,36,136338.0,184.29,Left,BASS,5,0.961,0.961,False,0.172,-10.0,0
Note_001287,67,136514.29,152.24,Right,INNER,3,0.882,0.882,False,0.467,-5.0,0
Note_001288,31,136530.31,200.32,Left,BASS,5,0.961,0.961,False,0.138,-0.0,0
Note_001289,35,136530.31,72.12,Left,INNER,1,0.913,0.913,False,0.138,-0.0,0
Note_001290,51,136530.31,136.22,Right,INNER,2,0.89,0.89,True,0.467,-5.0,0
Note_001291,67,136538.33,320.51,Right,INNER,5,0.898,0.898,False,0.467,-5.0,0
Note_001292,72,136610.44,136.22,Left,BASS,1,0.921,0.921,False,0.586,10.0,0
Note_001293,75,136706.59,136.22,Right,INNER,1,0.969,0.969,True,0.621,10.0,12
Note_001294,30,136722.62,184.29,Left,BASS,2,0.984,0.984,True,0.103,5.0,0
Note_001295,79,136802.75,953.52,Right,MELODY,4,0.969,0.969,False,0.667,-5.0,0
Note_001296,29,136914.93,328.53,Left,BASS,5,0.969,0.969,False,0.161,-5.0,0
Note_001297,35,136914.93,889.42,Left,INNER,3,0.976,0.976,False,0.161,-5.0,0
Note_001298,41,136922.94,1201.92,Left,INNER,2,0.945,0.945,False,0.161,-5.0,0
Note_001299,65,136922.94,576.92,Right,INNER,1,0.961,0.961,False,0.557,5.0,0
Note_001300,68,136922.94,400.64,Right,INNER,2,0.969,0.969,True,0.557,5.0,0
Note_001301,68,136922.94,1538.46,Right,INNER,3,0.78,0.78,True,0.557,5.0,0
Note_001302,77,136922.94,3108.97,Right,INNER,5,0.772,0.772,False,0.557,5.0,0
Note_001303,29,137299.54,216.35,Left,BASS,5,0.961,0.961,False,0.092,-10.0,0
Note_001304,51,137299.54,104.17,Right,INNER,2,0.929,0.929,True,0.397,0.0,0
Note_001305,60,137307.56,424.68,Right,INNER,4,0.945,0.945,False,0.397,0.0,0
Note_001306,29,137684.16,320.51,Left,BASS,5,0.945,0.945,False,0.092,-10.0,0
Note_001307,65,137692.17,304.49,Right,INNER,1,0.969,0.969,False,0.544,15.0,0
Note_001308,68,137692.17,649.04,Right,INNER,2,0.953,0.953,True,0.544,15.0,0
Note_001309,72,137692.17,1338.14,Right,INNER,3,0.945,0.945,False,0.544,15.0,0
Note_001310,79,137836.4,248.4,Right,MELODY,4,0.969,0.969,False,0.667,-5.0,0
Note_001311,35,138068.77,88.14,Left,BASS,5,0.929,0.929,False,0.203,-5.0,0
Note_001312,41,138068.77,160.26,Left,INNER,2,0.984,0.984,False,0.203,-5.0,0
Note_001313,77,138068.77,184.29,Right,INNER,1,0.969,0.969,False,0.644,10.0,0
Note_001314,40,138076.79,408.65,Left,INNER,3,0.953,0.953,False,0.203,-5.0,0
Note_001315,40,138261.08,216.35,Left,BASS,5,0.984,0.984,False,0.218,-10.0,0
Note_001316,77,138333.19,1266.02,Left,BASS,1,0.969,0.969,False,0.644,10.0,0
Note_001317,35,138453.39,777.24,Left,BASS,5,0.969,0.969,False,0.192,-5.0,0
Note_001318,39,138453.39,312.5,Left,INNER,3,0.984,0.984,True,0.192,-5.0,0
Note_001319,51,138453.39,152.24,Right,INNER,1,0.969,0.969,True,0.448,0.0,0
Note_001320,39,138461.4,857.37,Left,INNER,2,0.961,0.961,True,0.192,-5.0,0
Note_001321,51,138461.4,673.08,Right,INNER,2,0.969,0.969,True,0.448,0.0,0
Note_001322,63,138461.4,440.7,Right,INNER,3,0.969,0.969,True,0.448,0.0,0
Note_001323,67,138461.4,801.28,Right,INNER,4,0.819,0.819,False,0.448,0.0,0
Note_001324,68,138461.4,528.85,Right,INNER,5,0.969,0.969,True,0.448,0.0,0
Note_001325,39,138838.0,392.63,Left,BASS,3,0.945,0.945,True,0.207,-0.0,0
Note_001326,51,138838.0,88.14,Right,INNER,1,0.937,0.937,True,0.397,0.0,12
Note_001327,60,138846.02,424.68,Right,INNER,5,0.748,0.748,False,0.397,0.0,12
Note_001328,38,139222.62,272.44,Left,BASS,5,0.984,0.984,False,0.255,-0.0,0
Note_001329,40,139222.62,1209.93,Left,INNER,3,0.976,0.976,False,0.255,-0.0,0
Note_001330,42,139222.62,232.37,Left,INNER,2,0.969,0.969,True,0.255,-0.0,0
Note_001331,51,139222.62,160.26,Left,INNER,0,0.969,0.969,True,0.255,-0.0,0
Note_001332,38,139230.63,729.17,Left,INNER,4,0.961,0.961,False,0.255,-0.0,0
Note_001333,50,139230.63,320.51,Left,INNER,1,0.969,0.969,False,0.255,-0.0,0
Note_001334,62,139230.63,488.78,Right,INNER,1,0.969,0.969,False,0.534,10.0,0
Note_001335,68,139230.63,376.6,Right,INNER,2,0.969,0.969,True,0.534,10.0,0
Note_001336,68,139230.63,785.26,Right,INNER,3,0.787,0.787,True,0.534,10.0,0
Note_001337,72,139230.63,392.63,Right,INNER,4,0.969,0.969,False,0.534,10.0,0
Note_001338,35,139607.23,80.13,Left,BASS,5,0.921,0.921,False,0.178,-0.0,0
Note_001339,38,139607.23,232.37,Left,INNER,1,0.984,0.984,False,0.178,-0.0,0
Note_001340,51,139607.23,104.17,Right,INNER,2,0.945,0.945,True,0.397,-5.0,0
Note_001341,60,139615.25,312.5,Right,INNER,5,0.866,0.866,False,0.397,-5.0,0
Note_001342,70,139759.48,184.29,Left,BASS,2,0.969,0.969,True,0.563,5.0,0
Note_001343,36,139799.54,192.31,Left,BASS,5,0.953,0.953,False,0.172,-10.0,0
Note_001344,34,139991.85,328.53,Left,BASS,5,0.984,0.984,True,0.218,-0.0,0
Note_001345,35,139991.85,881.41,Left,INNER,3,0.969,0.969,False,0.218,-0.0,0
Note_001346,51,139991.85,128.2,Left,INNER,1,0.969,0.969,True,0.218,-0.0,0
Note_001347,34,139999.86,2716.34,Left,INNER,4,0.953,0.953,True,0.218,-0.0,0
Note_001348,46,139999.86,2764.42,Left,INNER,2,0.969,0.969,True,0.218,-0.0,0
Note_001349,62,139999.86,464.74,Right,INNER,1,0.969,0.969,False,0.545,-0.0,0
Note_001350,66,139999.86,240.38,Right,INNER,2,0.142,0.142,True,0.545,-0.0,0
Note_001351,70,139999.86,1217.95,Right,INNER,3,0.961,0.961,True,0.545,-0.0,0
Note_001352,70,139999.86,1610.58,Right,INNER,4,0.748,0.748,True,0.545,-0.0,0
Note_001353,74,139999.86,1618.59,Right,INNER,5,0.756,0.756,False,0.545,-0.0,0
Note_001354,70,140031.91,312.5,Left,BASS,2,0.969,0.969,True,0.563,5.0,0
Note_001355,34,140376.46,192.31,Left,BASS,3,0.953,0.953,True,0.149,-0.0,0
Note_001356,77,140384.47,296.47,Right,INNER,1,0.969,0.969,False,0.644,10.0,0
Note_001357,34,140761.08,216.35,Left,BASS,5,0.961,0.961,True,0.239,5.0,0
Note_001358,40,140761.08,841.35,Left,INNER,3,0.976,0.976,False,0.239,5.0,0
Note_001359,42,140761.08,176.28,Left,INNER,2,0.953,0.953,True,0.239,5.0,0
Note_001360,51,140761.08,136.22,Left,INNER,1,0.976,0.976,True,0.239,5.0,0
Note_001361,62,140769.09,456.73,Right,INNER,1,0.969,0.969,False,0.54,5.0,0
Note_001362,65,140769.09,432.69,Right,INNER,2,0.969,0.969,False,0.54,5.0,0
Note_001363,77,140777.1,352.56,Right,INNER,5,0.969,0.969,False,0.54,5.0,0
Note_001364,34,141145.69,192.31,Left,BASS,2,0.969,0.969,True,0.155,15.0,0
Note_001365,35,141145.69,72.12,Left,INNER,1,0.961,0.961,False,0.155,15.0,0
Note_001366,79,141169.73,312.5,Right,MELODY,5,0.969,0.969,False,0.667,-10.0,0
Note_001367,34,141530.31,240.38,Left,BASS,5,0.984,0.984,True,0.218,-5.0,12
Note_001368,35,141530.31,857.37,Left,INNER,3,0.976,0.976,False,0.218,-5.0,12
Note_001369,51,141530.31,112.18,Left,INNER,2,0.961,0.961,True,0.218,-5.0,12
Note_001370,62,141538.32,472.76,Right,INNER,1,0.961,0.961,False,0.549,0.0,-12
Note_001371,65,141538.32,496.79,Right,INNER,2,0.961,0.961,False,0.549,0.0,-12
Note_001372,70,141538.32,560.9,Right,INNER,3,0.945,0.945,True,0.549,0.0,-12
Note_001373,72,141538.32,761.22,Right,INNER,4,0.787,0.787,False,0.549,0.0,-12
Note_001374,75,141538.32,785.26,Right,INNER,5,0.756,0.756,True,0.549,0.0,-12
Note_001375,79,141570.37,336.54,Right,MELODY,5,0.969,0.969,False,0.667,-10.0,0
Note_001376,34,141914.92,216.35,Left,BASS,2,0.984,0.984,True,0.184,15.0,0
Note_001377,40,141914.92,112.18,Left,INNER,1,0.976,0.976,False,0.184,15.0,0
Note_001378,51,141914.92,72.12,Right,INNER,2,0.945,0.945,True,0.385,0.0,0
Note_001379,58,141922.94,1145.83,Right,INNER,4,0.921,0.921,True,0.385,0.0,0
Note_001380,80,141946.97,288.46,Right,MELODY,5,0.969,0.969,True,0.678,-10.0,-12
Note_001381,34,142299.54,184.29,Left,BASS,5,0.969,0.969,True,0.203,-5.0,12
Note_001382,40,142299.54,104.17,Left,INNER,3,0.976,0.976,False,0.203,-5.0,12
Note_001383,42,142299.54,152.24,Left,INNER,2,0.953,0.953,True,0.203,-5.0,12
Note_001384,80,142331.59,1113.78,Right,MELODY,4,0.969,0.969,True,0.678,-5.0,0
Note_001385,36,142491.84,208.33,Left,BASS,5,0.976,0.976,False,0.213,-0.0,0
Note_001386,43,142491.84,176.28,Left,INNER,1,0.969,0.969,False,0.213,-0.0,0
Note_001387,35,142684.15,128.2,Left,BASS,3,0.976,0.976,False,0.211,15.0,0
Note_001388,38,142684.15,304.49,Left,INNER,2,0.984,0.984,False,0.211,15.0,0
Note_001389,45,142684.15,128.2,Left,INNER,1,0.961,0.961,False,0.211,15.0,0
Note_001390,35,143068.77,1017.63,Left,BASS,5,0.969,0.969,False,0.192,-15.0,0
Note_001391,39,143068.77,945.51,Left,INNER,4,0.961,0.961,True,0.192,-15.0,0
Note_001392,39,143076.78,1450.32,Left,INNER,3,0.961,0.961,True,0.192,-15.0,0
Note_001393,79,143076.78,1586.54,Right,MELODY,2,0.803,0.803,False,0.667,5.0,0
Note_001394,79,143421.33,1482.37,Right,MELODY,5,0.969,0.969,False,0.667,-10.0,0
Note_001395,51,143453.38,208.33,Left,BASS,2,0.945,0.945,True,0.345,5.0,0
Note_001396,67,143821.97,400.64,Right,INNER,1,0.961,0.961,False,0.56,10.0,0
Note_001397,40,143838.0,1161.86,Left,BASS,5,0.976,0.976,False,0.23,-5.0,0
Note_001398,42,143838.0,416.67,Left,INNER,2,0.961,0.961,True,0.23,-5.0,0
Note_001399,67,143846.01,416.67,Right,INNER,2,0.961,0.961,False,0.56,10.0,0
Note_001400,70,143846.01,1618.59,Right,INNER,3,0.685,0.685,True,0.56,10.0,0
Note_001401,75,143846.01,713.14,Right,INNER,4,0.583,0.583,True,0.56,10.0,0
Note_001402,65,144198.57,200.32,Right,INNER,2,0.976,0.976,False,0.513,-5.0,0
Note_001403,67,144206.59,400.64,Right,INNER,5,0.921,0.921,False,0.513,-5.0,0
Note_001404,35,144222.61,96.15,Left,BASS,4,0.929,0.929,False,0.238,5.0,-12
Note_001405,39,144222.61,360.58,Left,INNER,3,0.945,0.945,True,0.238,5.0,-12
Note_001406,51,144222.61,128.2,Left,INNER,1,0.945,0.945,True,0.238,5.0,-12
Note_001407,65,144230.63,208.33,Right,BASS,3,0.961,0.961,False,0.513,-5.0,0
Note_001408,63,144406.91,160.26,Left,BASS,5,0.976,0.976,True,0.483,-5.0,12
Note_001409,63,144422.93,168.27,Left,INNER,2,0.882,0.882,True,0.483,-5.0,12
Note_001410,35,144607.23,857.37,Left,BASS,5,0.969,0.969,False,0.224,-5.0,-12
Note_001411,38,144607.23,905.45,Left,INNER,4,0.969,0.969,False,0.224,-5.0,-12
Note_001412,51,144607.23,96.15,Left,INNER,1,0.969,0.969,True,0.224,-5.0,-12
Note_001413,38,144615.24,1386.22,Left,BASS,3,0.969,0.969,False,0.224,-5.0,-12
Note_001414,77,144615.24,849.36,Right,INNER,5,0.701,0.701,False,0.644,-10.0,0
Note_001415,63,144791.52,160.26,Left,BASS,2,0.937,0.937,True,0.483,5.0,0
Note_001416,70,144975.82,1169.87,Right,INNER,3,0.937,0.937,True,0.563,0.0,0
Note_001417,51,144991.84,56.09,Left,BASS,3,0.937,0.937,True,0.345,-0.0,0
Note_001418,40,145376.46,1177.88,Left,BASS,5,0.976,0.976,False,0.284,-0.0,-12
Note_001419,42,145376.46,216.35,Left,INNER,4,0.969,0.969,True,0.284,-0.0,-12
Note_001420,51,145376.46,112.18,Left,INNER,1,0.969,0.969,True,0.284,-0.0,-12
Note_001421,50,145384.47,793.27,Left,INNER,2,0.961,0.961,False,0.284,-0.0,-12
Note_001422,65,145384.47,761.22,Right,INNER,1,0.646,0.646,False,0.557,15.0,0
Note_001423,74,145384.47,737.18,Right,INNER,2,0.701,0.701,False,0.557,15.0,0
Note_001424,35,145761.07,136.22,Left,BASS,4,0.898,0.898,False,0.234,5.0,-12
Note_001425,38,145761.07,384.61,Left,INNER,3,0.976,0.976,False,0.234,5.0,-12
Note_001426,51,145761.07,120.19,Left,INNER,1,0.929,0.929,True,0.234,5.0,-12
Note_001427,67,145761.07,376.6,Right,INNER,3,0.976,0.976,False,0.529,-10.0,0
Note_001428,67,145769.09,320.51,Right,INNER,5,0.961,0.961,False,0.529,-10.0,0
Note_001429,35,146145.69,905.45,Left,BASS,5,0.976,0.976,False,0.213,5.0,-12
Note_001430,36,146145.69,985.58,Left,INNER,3,0.961,0.961,False,0.213,5.0,-12
Note_001431,51,146145.69,104.17,Left,INNER,1,0.969,0.969,True,0.213,5.0,-12
Note_001432,67,146145.69,376.6,Right,INNER,1,0.937,0.937,False,0.539,0.0,-12
Note_001433,72,146145.69,1394.23,Right,INNER,3,0.976,0.976,False,0.539,0.0,-12
Note_001434,36,146153.7,1410.26,Left,INNER,2,0.969,0.969,False,0.213,5.0,-12
Note_001435,60,146153.7,1378.2,Right,INNER,0,0.961,0.961,False,0.539,0.0,-12
Note_001436,63,146153.7,1418.27,Right,INNER,0,0.961,0.961,True,0.539,0.0,-12
Note_001437,67,146153.7,1426.28,Right,INNER,2,0.969,0.969,False,0.539,0.0,-12
Note_001438,67,146153.7,817.31,Right,INNER,0,0.701,0.701,False,0.539,0.0,-12
Note_001439,72,146153.7,1402.24,Right,INNER,4,0.961,0.961,False,0.539,0.0,-12
Note_001440,75,146153.7,809.29,Right,INNER,5,0.606,0.606,True,0.539,0.0,-12
Note_001441,51,146530.3,96.15,Left,BASS,4,0.898,0.898,True,0.345,-5.0,0
Note_001442,72,146530.3,1394.23,Right,INNER,1,0.937,0.937,False,0.586,10.0,0
Note_001443,40,146914.92,1065.7,Left,BASS,5,0.976,0.976,False,0.279,5.0,-12
Note_001444,42,146914.92,224.36,Left,INNER,3,0.961,0.961,True,0.279,5.0,-12
Note_001445,51,146914.92,120.19,Left,INNER,1,0.969,0.969,True,0.279,5.0,-12
Note_001446,48,146922.93,1378.2,Left,INNER,2,0.953,0.953,False,0.279,5.0,-12
Note_001447,72,146922.93,817.31,Right,INNER,2,0.606,0.606,False,0.626,0.0,0
Note_001448,79,146922.93,785.26,Right,MELODY,4,0.724,0.724,False,0.626,0.0,0
Note_001449,35,147299.53,112.18,Left,BASS,5,0.898,0.898,False,0.226,-5.0,-12
Note_001450,36,147299.53,144.23,Left,INNER,4,0.937,0.937,False,0.226,-5.0,-12
Note_001451,51,147299.53,104.17,Left,INNER,1,0.906,0.906,True,0.226,-5.0,-12
Note_001452,35,147684.15,865.38,Left,BASS,5,0.976,0.976,False,0.169,-0.0,0
Note_001453,36,147684.15,769.23,Left,INNER,3,0.961,0.961,False,0.169,-0.0,0
Note_001454,36,147692.16,1330.13,Left,INNER,1,0.969,0.969,False,0.169,-0.0,0
Note_001455,84,147692.16,753.2,Right,MELODY,5,0.614,0.614,False,0.724,-10.0,0
Note_001456,72,148052.74,456.73,Right,INNER,2,0.937,0.937,False,0.556,15.0,0
Note_001457,51,148068.76,80.13,Left,BASS,2,0.906,0.906,True,0.345,5.0,0
Note_001458,62,148076.78,184.29,Right,INNER,1,0.961,0.961,False,0.556,15.0,0
Note_001459,74,148076.78,192.31,Right,INNER,3,0.976,0.976,False,0.556,15.0,0
Note_001460,75,148261.07,256.41,Left,INNER,1,0.976,0.976,True,0.552,15.0,-12
Note_001461,63,148269.08,504.81,Left,BASS,2,0.937,0.937,True,0.552,15.0,-12
Note_001462,31,148453.38,400.64,Left,BASS,5,0.961,0.961,False,0.115,-10.0,0
Note_001463,79,148461.39,753.2,Right,MELODY,4,0.661,0.661,False,0.667,-5.0,0
Note_001464,72,148501.45,384.61,Left,BASS,3,0.976,0.976,False,0.586,-0.0,0
Note_001465,75,148645.68,256.41,Left,BASS,2,0.937,0.937,True,0.621,5.0,0
Note_001466,30,148837.99,400.64,Left,BASS,5,0.945,0.945,True,0.132,-10.0,12
Note_001467,35,148837.99,128.2,Left,INNER,3,0.929,0.929,False,0.132,-10.0,12
Note_001468,74,148854.02,208.33,Right,INNER,3,0.976,0.976,False,0.609,0.0,0
Note_001469,72,148886.07,384.61,Left,BASS,1,0.937,0.937,False,0.586,10.0,0
Note_001470,43,149038.31,96.15,Left,BASS,5,0.929,0.929,False,0.253,-10.0,0
Note_001471,63,149038.31,128.2,Right,INNER,1,0.898,0.898,True,0.552,15.0,12
Note_001472,75,149038.31,216.35,Right,INNER,2,0.976,0.976,True,0.552,15.0,12
Note_001473,29,149222.61,1137.82,Left,BASS,5,0.969,0.969,False,0.161,-0.0,0
Note_001474,35,149222.61,897.44,Left,INNER,3,0.976,0.976,False,0.161,-0.0,0
Note_001475,41,149230.62,1065.7,Left,INNER,1,0.961,0.961,False,0.161,-0.0,0
Note_001476,65,149230.62,1065.7,Right,INNER,1,0.953,0.953,False,0.595,0.0,-12
Note_001477,68,149230.62,1514.42,Right,INNER,2,0.953,0.953,True,0.595,0.0,-12
Note_001478,77,149230.62,817.31,Right,INNER,4,0.701,0.701,False,0.595,0.0,-12
Note_001479,80,149230.62,3108.97,Right,MELODY,5,0.661,0.661,True,0.595,0.0,-12
Note_001480,74,149238.63,208.33,Right,INNER,3,0.937,0.937,False,0.595,0.0,-12
Note_001481,77,149270.68,1129.81,Left,BASS,2,0.976,0.976,False,0.644,5.0,0
Note_001482,75,149422.93,216.35,Left,BASS,3,0.937,0.937,True,0.621,-0.0,0
Note_001483,51,149607.22,112.18,Left,BASS,5,0.945,0.945,True,0.345,-10.0,12
Note_001484,77,149655.3,1129.81,Left,BASS,3,0.937,0.937,False,0.644,-0.0,0
Note_001485,40,149991.84,1081.73,Left,BASS,5,0.976,0.976,False,0.293,-0.0,0
Note_001486,42,149991.84,288.46,Left,INNER,4,0.969,0.969,True,0.293,-0.0,0
Note_001487,51,149991.84,408.65,Left,INNER,2,0.976,0.976,True,0.293,-0.0,0
Note_001488,53,149999.85,288.46,Left,INNER,1,0.961,0.961,False,0.293,-0.0,0
Note_001489,76,149999.85,777.24,Right,INNER,3,0.74,0.74,False,0.632,0.0,0
Note_001490,35,150376.45,104.17,Left,BASS,5,0.945,0.945,False,0.241,-5.0,0
Note_001491,41,150376.45,216.35,Left,INNER,3,0.961,0.961,False,0.241,-5.0,0
Note_001492,40,150384.47,408.65,Left,INNER,4,0.969,0.969,False,0.241,-5.0,0
Note_001493,52,150384.47,400.64,Left,INNER,1,0.961,0.961,False,0.241,-5.0,0
Note_001494,60,150384.47,1081.73,Right,INNER,1,0.969,0.969,False,0.51,5.0,0
Note_001495,64,150384.47,264.42,Right,INNER,2,0.969,0.969,False,0.51,5.0,0
Note_001496,72,150384.47,336.54,Right,INNER,5,0.969,0.969,False,0.51,5.0,0
Note_001497,72,150408.5,280.45,Left,BASS,2,0.976,0.976,False,0.586,5.0,0
Note_001498,40,150568.76,248.4,Left,BASS,5,0.953,0.953,False,0.218,-10.0,0
Note_001499,77,150729.02,232.37,Left,BASS,2,0.976,0.976,False,0.644,5.0,0
Note_001500,35,150761.07,1145.83,Left,BASS,5,0.969,0.969,False,0.23,-5.0,-12
Note_001501,39,150761.07,729.17,Left,INNER,4,0.969,0.969,True,0.23,-5.0,-12
Note_001502,51,150761.07,80.13,Left,INNER,1,0.969,0.969,True,0.23,-5.0,-12
Note_001503,39,150769.08,817.31,Left,INNER,3,0.969,0.969,True,0.23,-5.0,-12
Note_001504,63,150769.08,608.97,Right,INNER,2,0.969,0.969,True,0.557,-10.0,-12
Note_001505,68,150769.08,1322.11,Right,INNER,3,0.969,0.969,True,0.557,-10.0,-12
Note_001506,72,150769.08,600.96,Right,INNER,4,0.969,0.969,False,0.557,-10.0,-12
Note_001507,75,150769.08,817.31,Right,INNER,5,0.661,0.661,True,0.557,-10.0,-12
Note_001508,72,150793.12,280.45,Left,BASS,2,0.937,0.937,False,0.586,5.0,0
Note_001509,79,150961.39,144.23,Right,MELODY,1,0.969,0.969,False,0.667,10.0,0
Note_001510,77,151113.63,232.37,Left,BASS,1,0.937,0.937,False,0.644,10.0,0
Note_001511,80,151185.75,112.18,Right,MELODY,4,0.976,0.976,True,0.678,-5.0,0
Note_001512,79,151346.0,144.23,Right,INNER,1,0.929,0.929,False,0.684,5.0,0
Note_001513,82,151346.0,88.14,Right,MELODY,4,0.976,0.976,True,0.684,5.0,0
Note_001514,82,151522.28,1250.0,Right,MELODY,4,0.976,0.976,True,0.632,10.0,0
Note_001515,38,151530.3,809.29,Left,BASS,5,0.984,0.984,False,0.267,0.0,-12
Note_001516,40,151530.3,1177.88,Left,INNER,4,0.976,0.976,False,0.267,0.0,-12
Note_001517,42,151530.3,296.47,Left,INNER,3,0.969,0.969,True,0.267,0.0,-12
Note_001518,51,151530.3,168.27,Left,INNER,1,0.969,0.969,True,0.267,0.0,-12
Note_001519,50,151538.31,392.63,Left,INNER,2,0.969,0.969,False,0.267,0.0,-12
Note_001520,72,151538.31,312.5,Right,INNER,1,0.969,0.969,False,0.632,10.0,0
Note_001521,74,151538.31,737.18,Right,INNER,2,0.685,0.685,False,0.632,10.0,0
Note_001522,80,151570.36,112.18,Right,MELODY,3,0.937,0.937,True,0.678,0.0,0
Note_001523,82,151730.62,88.14,Right,MELODY,4,0.937,0.937,True,0.701,-5.0,0
Note_001524,82,151906.9,1250.0,Right,MELODY,4,0.937,0.937,True,0.701,-5.0,0
Note_001525,51,151914.91,104.17,Left,BASS,3,0.945,0.945,True,0.345,-0.0,0
Note_001526,34,152299.53,1033.65,Left,BASS,5,0.984,0.984,True,0.153,0.0,12
Note_001527,35,152299.53,865.38,Left,INNER,1,0.976,0.976,False,0.153,0.0,12
Note_001528,34,152307.54,785.26,Left,INNER,3,0.969,0.969,True,0.153,0.0,12
Note_001529,82,152307.54,2371.79,Right,MELODY,3,0.654,0.654,True,0.701,0.0,0
Note_001530,51,152684.14,128.21,Left,BASS,2,0.921,0.921,True,0.345,5.0,0
Note_001531,80,152756.26,128.21,Right,MELODY,2,0.976,0.976,True,0.678,5.0,0
Note_001532,82,152892.48,168.27,Right,MELODY,5,0.976,0.976,True,0.701,-10.0,-12
Note_001533,80,153028.69,120.19,Right,MELODY,4,0.976,0.976,True,0.678,-5.0,0
Note_001534,40,153068.76,1017.63,Left,BASS,5,0.969,0.969,False,0.273,-10.0,0
Note_001535,42,153068.76,272.44,Left,INNER,4,0.976,0.976,True,0.273,-10.0,0
Note_001536,51,153068.76,160.26,Left,INNER,2,0.969,0.969,True,0.273,-10.0,0
Note_001537,46,153076.77,1330.13,Left,INNER,3,0.945,0.945,True,0.273,-10.0,0
Note_001538,72,153076.77,697.11,Right,INNER,1,0.764,0.764,False,0.613,15.0,0
Note_001539,75,153076.77,160.26,Right,INNER,2,0.701,0.701,True,0.613,15.0,0
Note_001540,76,153076.77,128.2,Right,INNER,3,0.701,0.701,False,0.613,15.0,0
Note_001541,80,153140.87,128.21,Right,MELODY,5,0.937,0.937,True,0.672,-15.0,-12
Note_001542,79,153148.89,136.22,Right,INNER,4,0.976,0.976,False,0.672,-15.0,-12
Note_001543,75,153269.08,416.67,Left,BASS,2,0.331,0.331,True,0.621,5.0,0
Note_001544,82,153277.09,168.27,Right,MELODY,5,0.937,0.937,True,0.69,-15.0,-12
Note_001545,80,153285.1,120.19,Right,INNER,4,0.976,0.976,True,0.69,-15.0,-12
Note_001546,79,153389.27,136.22,Right,INNER,1,0.976,0.976,False,0.672,10.0,0
Note_001547,80,153413.31,120.19,Right,MELODY,3,0.937,0.937,True,0.672,10.0,0
Note_001548,34,153453.37,176.28,Left,BASS,4,0.937,0.937,True,0.153,5.0,0
Note_001549,35,153453.37,168.27,Left,INNER,1,0.937,0.937,False,0.153,5.0,0
Note_001550,51,153453.37,104.17,Right,INNER,2,0.945,0.945,True,0.385,0.0,0
Note_001551,34,153461.39,312.5,Left,INNER,3,0.937,0.937,True,0.153,5.0,0
Note_001552,58,153461.39,1097.76,Right,INNER,4,0.929,0.929,True,0.385,0.0,0
Note_001553,77,153517.47,112.18,Left,BASS,5,0.976,0.976,False,0.644,-10.0,0
Note_001554,79,153533.5,136.22,Right,MELODY,5,0.937,0.937,False,0.667,-10.0,0
Note_001555,79,153605.62,152.24,Right,MELODY,4,0.976,0.976,False,0.667,-5.0,0
Note_001556,80,153669.72,120.19,Right,MELODY,5,0.937,0.937,True,0.678,-10.0,-12
Note_001557,77,153709.78,136.22,Left,BASS,5,0.976,0.976,False,0.644,-10.0,0
Note_001558,79,153773.88,136.22,Right,MELODY,4,0.937,0.937,False,0.667,-5.0,0
Note_001559,34,153837.99,977.56,Left,BASS,3,0.969,0.969,True,0.153,15.0,0
Note_001560,35,153837.99,817.31,Left,INNER,1,0.961,0.961,False,0.153,15.0,0
Note_001561,75,153837.99,136.22,Right,INNER,2,0.976,0.976,True,0.625,15.0,0
Note_001562,34,153846.0,825.32,Left,INNER,2,0.921,0.921,True,0.153,15.0,0
Note_001563,74,153846.0,1530.45,Right,INNER,1,0.724,0.724,False,0.625,15.0,0
Note_001564,77,153846.0,1522.43,Right,INNER,3,0.701,0.701,False,0.625,15.0,0
Note_001565,77,153902.09,112.18,Left,BASS,5,0.937,0.937,False,0.644,-10.0,0
Note_001566,77,153974.21,104.17,Left,BASS,1,0.976,0.976,False,0.644,10.0,0
Note_001567,79,153990.23,152.24,Right,MELODY,4,0.937,0.937,False,0.667,-5.0,0
Note_001568,75,154062.35,128.21,Left,BASS,2,0.976,0.976,True,0.621,5.0,0
Note_001569,77,154094.4,136.22,Left,BASS,1,0.937,0.937,False,0.644,10.0,0
Note_001570,74,154174.53,80.13,Left,BASS,3,0.976,0.976,False,0.609,-0.0,0
Note_001571,40,154222.6,96.15,Left,BASS,5,0.969,0.969,False,0.268,5.0,-12
Note_001572,42,154222.6,232.37,Left,INNER,2,0.969,0.969,True,0.268,5.0,-12
Note_001573,51,154222.6,120.19,Left,INNER,1,0.961,0.961,True,0.268,5.0,-12
Note_001574,75,154222.6,136.22,Right,INNER,2,0.937,0.937,True,0.563,15.0,0
Note_001575,65,154230.62,432.69,Right,INNER,1,0.945,0.945,False,0.563,15.0,0
Note_001576,75,154254.65,112.18,Left,BASS,3,0.976,0.976,True,0.621,-0.0,0
Note_001577,74,154350.81,96.15,Left,BASS,2,0.976,0.976,False,0.626,15.0,0
Note_001578,77,154358.82,104.17,Left,INNER,1,0.937,0.937,False,0.626,15.0,0
Note_001579,75,154446.96,128.21,Left,INNER,2,0.937,0.937,True,0.603,5.0,0
Note_001580,72,154454.97,160.26,Left,BASS,3,0.976,0.976,False,0.603,5.0,0
Note_001581,40,154607.22,136.22,Left,BASS,5,0.969,0.969,False,0.253,-15.0,0
Note_001582,46,154615.23,592.95,Left,INNER,4,0.961,0.961,True,0.253,-15.0,0
Note_001583,80,154615.23,777.24,Right,MELODY,4,0.646,0.646,True,0.678,-5.0,0
Note_001584,75,154639.27,112.18,Left,BASS,2,0.937,0.937,True,0.621,5.0,0
Note_001585,74,154735.42,96.15,Left,BASS,5,0.937,0.937,False,0.609,-10.0,0
Note_001586,36,154799.52,200.32,Left,BASS,4,0.953,0.953,False,0.257,10.0,-12
Note_001587,43,154799.52,184.29,Left,INNER,2,0.961,0.961,False,0.257,10.0,-12
Note_001588,51,154799.52,112.18,Left,INNER,1,0.969,0.969,True,0.257,10.0,-12
Note_001589,65,154807.54,552.88,Right,INNER,2,0.843,0.843,False,0.506,5.0,0
Note_001590,72,154839.59,160.26,Left,BASS,5,0.937,0.937,False,0.586,-10.0,0
Note_001591,70,154967.79,761.22,Right,INNER,3,0.937,0.937,True,0.563,0.0,0
Note_001592,35,154991.83,152.24,Left,BASS,4,0.969,0.969,False,0.205,-0.0,12
Note_001593,38,154991.83,408.65,Left,INNER,3,0.976,0.976,False,0.205,-0.0,12
Note_001594,42,154991.83,88.14,Left,INNER,2,0.969,0.969,True,0.205,-0.0,12
Note_001595,45,154991.83,360.58,Left,INNER,1,0.961,0.961,False,0.205,-0.0,12
Note_001596,34,154999.85,120.19,Left,BASS,5,0.913,0.913,True,0.205,-0.0,12
Note_001597,35,155376.45,857.37,Left,BASS,5,0.969,0.969,False,0.192,5.0,-12
Note_001598,39,155376.45,649.04,Left,INNER,2,0.969,0.969,True,0.192,5.0,-12
Note_001599,39,155384.46,1009.61,Left,INNER,1,0.969,0.969,True,0.192,5.0,-12
Note_001600,79,155384.46,833.33,Right,MELODY,5,0.693,0.693,False,0.667,-10.0,0
Note_001601,70,155632.86,160.26,Left,BASS,3,0.976,0.976,True,0.563,-0.0,0
Note_001602,72,155809.14,200.32,Left,BASS,2,0.976,0.976,False,0.586,5.0,0
Note_001603,74,155969.4,128.2,Left,BASS,1,0.976,0.976,False,0.609,10.0,0
Note_001604,70,156017.47,160.26,Left,BASS,2,0.937,0.937,True,0.563,5.0,0
Note_001605,75,156129.65,112.18,Right,INNER,2,0.976,0.976,True,0.661,0.0,0
Note_001606,39,156145.68,216.35,Left,BASS,5,0.937,0.937,True,0.271,0.0,0
Note_001607,40,156145.68,1185.9,Left,INNER,4,0.976,0.976,False,0.271,0.0,0
Note_001608,42,156145.68,352.56,Left,INNER,3,0.969,0.969,True,0.271,0.0,0
Note_001609,51,156145.68,224.36,Left,INNER,2,0.969,0.969,True,0.271,0.0,0
Note_001610,51,156153.69,777.24,Left,INNER,1,0.945,0.945,True,0.271,0.0,0
Note_001611,82,156153.69,769.23,Right,MELODY,4,0.709,0.709,True,0.661,0.0,0
Note_001612,72,156193.75,200.32,Left,BASS,5,0.937,0.937,False,0.586,-10.0,0
Note_001613,77,156273.88,152.24,Left,BASS,1,0.976,0.976,False,0.644,10.0,0
Note_001614,74,156354.01,128.2,Left,BASS,2,0.937,0.937,False,0.609,5.0,0
Note_001615,79,156402.09,120.19,Right,MELODY,2,0.976,0.976,False,0.667,5.0,0
Note_001616,35,156530.29,152.24,Left,BASS,5,0.913,0.913,False,0.192,-5.0,0
Note_001617,39,156530.29,392.63,Left,INNER,3,0.961,0.961,True,0.192,-5.0,0
Note_001618,39,156538.31,304.49,Left,INNER,2,0.961,0.961,True,0.192,-5.0,0
Note_001619,80,156538.31,128.21,Right,MELODY,3,0.976,0.976,True,0.678,0.0,0
Note_001620,77,156658.5,152.24,Left,BASS,1,0.937,0.937,False,0.644,10.0,0
Note_001621,82,156658.5,520.83,Right,MELODY,4,0.976,0.976,True,0.701,-5.0,0
Note_001622,79,156786.7,120.19,Right,MELODY,2,0.937,0.937,False,0.667,5.0,0
Note_001623,35,156914.91,881.41,Left,BASS,5,0.969,0.969,False,0.218,-5.0,-12
Note_001624,38,156914.91,721.15,Left,INNER,4,0.984,0.984,False,0.218,-5.0,-12
Note_001625,49,156914.91,192.31,Left,INNER,1,0.969,0.969,True,0.218,-5.0,-12
Note_001626,38,156922.92,849.36,Left,INNER,3,0.953,0.953,False,0.218,-5.0,-12
Note_001627,80,156922.92,128.21,Right,MELODY,3,0.937,0.937,True,0.678,0.0,0
Note_001628,82,157043.11,520.83,Right,MELODY,4,0.937,0.937,True,0.701,-5.0,0
Note_001629,70,157171.32,104.17,Left,BASS,2,0.976,0.976,True,0.563,5.0,0
Note_001630,51,157299.52,120.19,Left,BASS,5,0.945,0.945,True,0.385,-5.0,12
Note_001631,72,157299.52,184.29,Right,INNER,2,0.976,0.976,False,0.586,5.0,0
Note_001632,58,157307.54,456.73,Left,INNER,2,0.921,0.921,True,0.385,-5.0,12
Note_001633,74,157451.77,128.2,Left,BASS,1,0.976,0.976,False,0.609,10.0,0
Note_001634,62,157499.84,592.95,Left,BASS,5,0.866,0.866,False,0.471,-10.0,0
Note_001635,70,157555.93,104.17,Left,BASS,3,0.937,0.937,True,0.563,-0.0,0
Note_001636,75,157596.0,120.19,Left,BASS,2,0.976,0.976,True,0.621,5.0,0
Note_001637,38,157684.14,120.19,Left,BASS,5,0.953,0.953,False,0.267,0.0,-12
Note_001638,40,157684.14,1185.9,Left,INNER,4,0.976,0.976,False,0.267,0.0,-12
Note_001639,42,157684.14,320.51,Left,INNER,3,0.969,0.969,True,0.267,0.0,-12
Note_001640,51,157684.14,152.24,Left,INNER,1,0.969,0.969,True,0.267,0.0,-12
Note_001641,72,157684.14,184.29,Right,INNER,2,0.937,0.937,False,0.644,0.0,0
Note_001642,50,157692.15,769.23,Left,INNER,2,0.969,0.969,False,0.267,0.0,-12
Note_001643,82,157692.15,729.17,Right,MELODY,4,0.614,0.614,True,0.644,0.0,0
Note_001644,77,157732.21,184.29,Left,BASS,1,0.976,0.976,False,0.644,10.0,0
Note_001645,74,157836.38,128.2,Left,BASS,5,0.937,0.937,False,0.609,-10.0,0
Note_001646,58,157884.46,432.69,Left,BASS,4,0.961,0.961,True,0.498,10.0,-12
Note_001647,65,157884.46,256.41,Left,INNER,2,0.969,0.969,False,0.498,10.0,-12
Note_001648,70,157884.46,368.59,Left,INNER,1,0.961,0.961,True,0.498,10.0,-12
Note_001649,79,157884.46,128.2,Right,MELODY,2,0.976,0.976,False,0.667,5.0,0
Note_001650,75,157980.61,120.19,Left,BASS,3,0.937,0.937,True,0.621,-0.0,0
Note_001651,80,158036.7,120.19,Right,MELODY,3,0.976,0.976,True,0.678,0.0,0
Note_001652,35,158068.75,176.28,Left,BASS,5,0.953,0.953,False,0.239,-0.0,-12
Note_001653,38,158068.75,448.72,Left,INNER,4,0.984,0.984,False,0.239,-0.0,-12
Note_001654,51,158068.75,96.15,Left,INNER,1,0.961,0.961,True,0.239,-0.0,-12
Note_001655,43,158076.77,392.63,Left,INNER,2,0.913,0.913,False,0.239,-0.0,-12
Note_001656,77,158116.83,184.29,Left,BASS,3,0.937,0.937,False,0.644,-0.0,0
Note_001657,82,158172.92,1442.31,Right,MELODY,4,0.976,0.976,True,0.701,-5.0,0
Note_001658,67,158269.07,48.08,Left,BASS,5,0.882,0.882,False,0.529,-10.0,0
Note_001659,79,158269.07,128.2,Right,MELODY,2,0.937,0.937,False,0.667,5.0,0
Note_001660,80,158421.32,120.19,Right,MELODY,5,0.937,0.937,True,0.678,-10.0,-12
Note_001661,35,158453.37,913.46,Left,BASS,5,0.976,0.976,False,0.207,-5.0,-12
Note_001662,36,158453.37,1089.74,Left,INNER,4,0.984,0.984,False,0.207,-5.0,-12
Note_001663,49,158453.37,224.36,Left,INNER,1,0.969,0.969,True,0.207,-5.0,-12
Note_001664,36,158461.38,1458.33,Left,INNER,3,0.969,0.969,False,0.207,-5.0,-12
Note_001665,60,158461.38,817.31,Right,INNER,0,0.969,0.969,False,0.542,-0.0,0
Note_001666,63,158461.38,1057.69,Right,INNER,1,0.969,0.969,True,0.542,-0.0,0
Note_001667,67,158461.38,1177.88,Right,INNER,2,0.969,0.969,False,0.542,-0.0,0
Note_001668,72,158461.38,1546.47,Right,INNER,3,0.701,0.701,False,0.542,-0.0,0
Note_001669,72,158461.38,1362.18,Right,INNER,4,0.969,0.969,False,0.542,-0.0,0
Note_001670,75,158461.38,1522.43,Right,INNER,5,0.677,0.677,True,0.542,-0.0,0
Note_001671,82,158557.53,1442.31,Right,MELODY,5,0.937,0.937,True,0.701,-10.0,-12
Note_001672,51,158837.98,112.18,Left,BASS,2,0.929,0.929,True,0.345,5.0,0
Note_001673,40,159222.6,1129.81,Left,BASS,5,0.976,0.976,False,0.279,5.0,-12
Note_001674,42,159222.6,280.45,Left,INNER,3,0.969,0.969,True,0.279,5.0,-12
Note_001675,51,159222.6,160.26,Left,INNER,1,0.969,0.969,True,0.279,5.0,-12
Note_001676,48,159230.61,1250.0,Left,INNER,2,0.961,0.961,False,0.279,5.0,-12
Note_001677,82,159230.61,769.23,Right,MELODY,4,0.685,0.685,True,0.701,-5.0,0
Note_001678,31,159607.21,256.41,Left,BASS,3,0.953,0.953,False,0.138,10.0,0
Note_001679,35,159607.21,136.22,Left,INNER,1,0.953,0.953,False,0.138,10.0,0
Note_001680,74,159615.23,176.28,Right,INNER,2,0.976,0.976,False,0.609,5.0,0
Note_001681,34,159799.52,176.28,Left,BASS,5,0.961,0.961,True,0.149,-10.0,12
Note_001682,63,159807.53,264.42,Right,INNER,1,0.913,0.913,True,0.552,15.0,12
Note_001683,75,159807.53,192.31,Right,INNER,2,0.976,0.976,True,0.552,15.0,12
Note_001684,35,159991.83,897.44,Left,BASS,5,0.976,0.976,False,0.213,-10.0,0
Note_001685,36,159991.83,777.24,Left,INNER,4,0.976,0.976,False,0.213,-10.0,0
Note_001686,51,159991.83,168.27,Left,INNER,2,0.969,0.969,True,0.213,-10.0,0
Note_001687,36,159999.84,1017.63,Left,INNER,3,0.953,0.953,False,0.213,-10.0,0
Note_001688,60,159999.84,272.44,Right,INNER,0,0.961,0.961,False,0.572,0.0,0
Note_001689,67,159999.84,641.03,Right,INNER,0,0.961,0.961,False,0.572,0.0,0
Note_001690,70,159999.84,761.22,Right,INNER,0,0.638,0.638,True,0.572,0.0,0
Note_001691,72,159999.84,657.05,Right,INNER,1,0.969,0.969,False,0.572,0.0,0
Note_001692,72,159999.84,360.58,Right,INNER,2,0.976,0.976,False,0.572,0.0,0
Note_001693,74,159999.84,897.44,Right,INNER,3,0.583,0.583,False,0.572,0.0,0
Note_001694,74,159999.84,176.28,Right,INNER,4,0.937,0.937,False,0.572,0.0,0
Note_001695,77,159999.84,833.33,Right,INNER,5,0.614,0.614,False,0.572,0.0,0
Note_001696,75,160192.15,192.31,Left,BASS,2,0.937,0.937,True,0.621,5.0,0
Note_001697,51,160376.44,112.18,Left,BASS,3,0.945,0.945,True,0.345,-0.0,0
Note_001698,62,160384.46,192.31,Right,INNER,1,0.945,0.945,False,0.556,10.0,0
Note_001699,72,160384.46,360.58,Right,INNER,2,0.937,0.937,False,0.556,10.0,0
Note_001700,74,160384.46,192.31,Right,INNER,4,0.976,0.976,False,0.556,10.0,0
Note_001701,75,160552.72,240.38,Left,INNER,1,0.976,0.976,True,0.552,15.0,-12
Note_001702,63,160576.76,200.32,Left,BASS,2,0.961,0.961,True,0.552,15.0,-12
Note_001703,31,160761.06,416.67,Left,BASS,5,0.961,0.961,False,0.115,-10.0,0
Note_001704,82,160769.07,104.17,Right,MELODY,4,0.583,0.583,True,0.701,-5.0,0
Note_001705,75,160937.34,240.38,Left,BASS,3,0.937,0.937,True,0.621,-0.0,0
Note_001706,30,161145.67,360.58,Left,BASS,2,0.961,0.961,True,0.132,15.0,0
Note_001707,35,161145.67,152.24,Left,INNER,1,0.969,0.969,False,0.132,15.0,0
Note_001708,74,161145.67,192.31,Right,INNER,4,0.976,0.976,False,0.556,5.0,0
Note_001709,62,161153.69,240.38,Right,INNER,1,0.898,0.898,False,0.556,5.0,0
Note_001710,72,161169.71,416.67,Right,INNER,3,0.937,0.937,False,0.556,5.0,0
Note_001711,75,161321.95,208.33,Right,INNER,5,0.976,0.976,True,0.552,-5.0,-12
Note_001712,43,161345.99,96.15,Left,BASS,5,0.937,0.937,False,0.253,-10.0,0
Note_001713,63,161345.99,128.2,Right,INNER,2,0.921,0.921,True,0.552,-5.0,-12
Note_001714,29,161530.29,1137.82,Left,BASS,5,0.976,0.976,False,0.161,-0.0,0
Note_001715,35,161530.29,873.4,Left,INNER,3,0.969,0.969,False,0.161,-0.0,0
Note_001716,41,161538.3,1153.85,Left,INNER,1,0.937,0.937,False,0.161,-0.0,0
Note_001717,80,161538.3,1057.69,Right,MELODY,5,0.638,0.638,True,0.678,-10.0,-12
Note_001718,75,161706.57,208.33,Left,BASS,2,0.937,0.937,True,0.621,5.0,0
Note_001719,51,161914.9,112.18,Left,BASS,3,0.953,0.953,True,0.345,-0.0,0
Note_001720,77,161938.94,1057.69,Right,INNER,2,0.937,0.937,False,0.644,5.0,0
Note_001721,40,162299.52,384.61,Left,BASS,5,0.969,0.969,False,0.293,-0.0,0
Note_001722,42,162299.52,320.51,Left,INNER,4,0.969,0.969,True,0.293,-0.0,0
Note_001723,51,162299.52,232.37,Left,INNER,2,0.969,0.969,True,0.293,-0.0,0
Note_001724,53,162307.53,408.65,Left,INNER,1,0.969,0.969,False,0.293,-0.0,0
Note_001725,65,162620.03,312.5,Left,BASS,2,0.976,0.976,False,0.506,5.0,0
Note_001726,41,162684.13,224.36,Left,BASS,5,0.984,0.984,False,0.23,-10.0,0
Note_001727,89,162692.15,120.19,Right,MELODY,5,0.724,0.724,False,0.782,-10.0,0
Note_001728,40,162876.44,232.37,Left,BASS,2,0.953,0.953,False,0.218,15.0,0
Note_001729,40,162876.44,104.17,Left,INNER,1,0.976,0.976,False,0.218,15.0,0
Note_001730,79,162884.45,96.15,Right,INNER,1,0.787,0.787,False,0.713,5.0,0
Note_001731,79,162884.45,104.17,Right,INNER,2,0.969,0.969,False,0.713,5.0,0
Note_001732,91,162884.45,96.15,Right,MELODY,5,0.787,0.787,False,0.713,5.0,0
Note_001733,65,163004.64,312.5,Left,BASS,5,0.937,0.937,False,0.506,-10.0,0
Note_001734,35,163068.75,1233.97,Left,BASS,5,0.976,0.976,False,0.276,-0.0,-12
Note_001735,39,163068.75,737.18,Left,INNER,4,0.984,0.984,True,0.276,-0.0,-12
Note_001736,49,163068.75,304.49,Left,INNER,3,0.945,0.945,True,0.276,-0.0,-12
Note_001737,51,163076.76,384.61,Left,INNER,2,0.787,0.787,True,0.276,-0.0,-12
Note_001738,51,163076.76,480.77,Left,INNER,1,0.961,0.961,True,0.276,-0.0,-12
Note_001739,80,163076.76,480.77,Right,INNER,1,0.787,0.787,True,0.724,5.0,0
Note_001740,80,163076.76,432.69,Right,INNER,2,0.969,0.969,True,0.724,5.0,0
Note_001741,92,163076.76,641.02,Right,MELODY,5,0.787,0.787,True,0.724,5.0,0
Note_001742,68,163124.84,657.05,Left,BASS,2,0.976,0.976,True,0.54,5.0,0
Note_001743,67,163253.04,248.4,Left,BASS,5,0.937,0.937,False,0.529,-10.0,0
Note_001744,68,163509.45,657.05,Left,BASS,2,0.937,0.937,True,0.54,5.0,0
Note_001745,77,163805.93,809.29,Left,BASS,1,0.976,0.976,False,0.644,10.0,0
Note_001746,38,163837.98,769.23,Left,BASS,5,0.984,0.984,False,0.207,-5.0,0
Note_001747,40,163837.98,1314.1,Left,INNER,2,0.976,0.976,False,0.207,-5.0,0
Note_001748,77,163845.99,472.76,Right,INNER,1,0.819,0.819,False,0.713,10.0,0
Note_001749,77,163845.99,368.59,Right,INNER,2,0.969,0.969,False,0.713,10.0,0
Note_001750,89,163845.99,432.69,Right,INNER,3,0.811,0.811,False,0.713,10.0,0
Note_001751,89,163845.99,360.58,Right,MELODY,4,0.961,0.961,False,0.713,10.0,0
Note_001752,77,164190.54,809.29,Left,BASS,1,0.937,0.937,False,0.644,10.0,0
Note_001753,35,164607.21,841.35,Left,BASS,5,0.976,0.976,False,0.172,-15.0,0
Note_001754,37,164607.21,961.54,Left,INNER,4,0.984,0.984,True,0.172,-15.0,0
Note_001755,80,164615.22,817.31,Right,INNER,2,0.772,0.772,True,0.678,5.0,0
Note_001756,80,164615.22,841.35,Right,MELODY,3,0.961,0.961,True,0.678,5.0,0
Note_001757,68,164991.82,1033.65,Left,BASS,3,0.937,0.937,True,0.54,-0.0,0
Note_001758,40,165376.44,232.37,Left,BASS,2,0.976,0.976,False,0.282,15.0,-12
Note_001759,51,165376.44,136.22,Left,INNER,1,0.961,0.961,True,0.282,15.0,-12
Note_001760,35,165568.74,168.27,Left,BASS,5,0.969,0.969,False,0.172,-10.0,0
Note_001761,37,165568.74,961.54,Left,INNER,3,0.969,0.969,True,0.172,-10.0,0
Note_001762,85,165576.76,136.22,Right,INNER,1,0.803,0.803,True,0.736,5.0,12
Note_001763,85,165576.76,120.19,Right,MELODY,4,0.929,0.929,True,0.736,5.0,12
Note_001764,73,165632.85,160.26,Left,BASS,2,0.976,0.976,True,0.598,5.0,0
Note_001765,35,165857.21,160.26,Left,BASS,5,0.976,0.976,False,0.167,-10.0,0
Note_001766,36,165857.21,320.51,Left,INNER,3,0.984,0.984,False,0.167,-10.0,0
Note_001767,73,165865.22,160.26,Right,INNER,1,0.969,0.969,True,0.644,5.0,0
Note_001768,73,165865.22,224.36,Right,INNER,2,0.976,0.976,True,0.644,5.0,0
Note_001769,85,165865.22,160.26,Right,MELODY,5,0.969,0.969,True,0.644,5.0,0
Note_001770,48,165961.37,176.28,Left,BASS,2,0.724,0.724,False,0.379,15.0,0
Note_001771,60,165961.37,152.24,Left,INNER,1,0.701,0.701,False,0.379,15.0,0
Note_001772,73,165961.37,160.26,Right,INNER,1,0.787,0.787,True,0.667,5.0,12
Note_001773,85,165961.37,136.22,Right,MELODY,4,0.787,0.787,True,0.667,5.0,12
Note_001774,73,166017.46,160.26,Left,BASS,3,0.937,0.937,True,0.598,-0.0,0
Note_001775,35,166145.67,769.23,Left,BASS,5,0.984,0.984,False,0.161,-0.0,0
Note_001776,35,166145.67,1185.9,Left,INNER,1,0.976,0.976,False,0.161,-0.0,0
Note_001777,73,166153.68,432.69,Right,INNER,1,0.819,0.819,True,0.667,10.0,12
Note_001778,73,166153.68,416.67,Right,INNER,2,0.969,0.969,True,0.667,10.0,12
Note_001779,85,166153.68,376.6,Right,INNER,3,0.811,0.811,True,0.667,10.0,12
Note_001780,85,166153.68,368.59,Right,MELODY,4,0.961,0.961,True,0.667,10.0,12
Note_001781,73,166185.73,705.13,Left,BASS,3,0.976,0.976,True,0.598,-0.0,0
Note_001782,73,166249.83,224.36,Left,BASS,2,0.937,0.937,True,0.598,5.0,0
Note_001783,73,166570.35,705.13,Left,BASS,2,0.937,0.937,True,0.598,5.0,0
Note_001784,61,166906.88,568.91,Right,INNER,1,0.976,0.976,True,0.489,0.0,0
Note_001785,34,166914.9,737.18,Left,BASS,5,0.984,0.984,True,0.253,-0.0,0
Note_001786,40,166914.9,472.76,Left,INNER,4,0.976,0.976,False,0.253,-0.0,0
Note_001787,43,166914.9,480.77,Left,INNER,3,0.976,0.976,False,0.253,-0.0,0
Note_001788,49,166914.9,160.26,Left,INNER,0,0.969,0.969,True,0.253,-0.0,0
Note_001789,46,166922.91,464.74,Left,INNER,2,0.803,0.803,True,0.253,-0.0,0
Note_001790,46,166922.91,448.72,Left,INNER,1,0.945,0.945,True,0.253,-0.0,0
Note_001791,58,166922.91,496.79,Right,INNER,0,0.803,0.803,True,0.489,0.0,0
Note_001792,58,166922.91,392.63,Right,INNER,0,0.969,0.969,True,0.489,0.0,0
Note_001793,61,166922.91,464.74,Right,INNER,2,0.819,0.819,True,0.489,0.0,0
Note_001794,61,166922.91,424.68,Right,INNER,3,0.969,0.969,True,0.489,0.0,0
Note_001795,73,166922.91,480.77,Right,INNER,4,0.787,0.787,True,0.489,0.0,0
Note_001796,73,166922.91,392.63,Right,INNER,5,0.969,0.969,True,0.489,0.0,0
Note_001797,61,167291.5,568.91,Left,BASS,2,0.937,0.937,True,0.46,5.0,0
Note_001798,33,167684.13,272.44,Left,BASS,5,0.984,0.984,False,0.197,-0.0,0
Note_001799,33,167692.14,224.36,Left,INNER,4,0.937,0.937,False,0.197,-0.0,0
Note_001800,33,167692.14,184.29,Left,INNER,3,0.969,0.969,False,0.197,-0.0,0
Note_001801,40,167692.14,32.05,Left,INNER,2,0.976,0.976,False,0.197,-0.0,0
Note_001802,45,167692.14,256.41,Left,INNER,1,0.961,0.961,False,0.197,-0.0,0
Note_001803,45,167692.14,192.31,Left,INNER,0,0.969,0.969,False,0.197,-0.0,0
Note_001804,81,167692.14,128.21,Right,MELODY,5,0.969,0.969,False,0.69,-10.0,0
Note_001805,40,167732.2,344.55,Left,BASS,5,0.969,0.969,False,0.218,-10.0,0
Note_001806,57,168076.76,64.1,Left,BASS,5,0.945,0.945,False,0.456,-5.0,0
Note_001807,61,168076.76,88.14,Left,INNER,3,0.961,0.961,True,0.456,-5.0,0
Note_001808,64,168076.76,88.14,Left,INNER,2,0.961,0.961,False,0.456,-5.0,0
Note_001809,81,168092.78,112.18,Right,MELODY,4,0.811,0.811,False,0.69,-5.0,0
Note_001810,81,168453.36,96.15,Right,MELODY,4,0.811,0.811,False,0.69,-5.0,0
Note_001811,57,168461.37,72.12,Left,BASS,5,0.953,0.953,False,0.456,5.0,0
Note_001812,61,168461.37,72.12,Left,INNER,2,0.937,0.937,True,0.456,5.0,0
Note_001813,64,168461.37,96.15,Left,INNER,1,0.961,0.961,False,0.456,5.0,0
Note_001814,81,168821.95,96.15,Right,MELODY,4,0.819,0.819,False,0.69,-5.0,0
Note_001815,57,168845.99,88.14,Left,BASS,5,0.953,0.953,False,0.456,5.0,0
Note_001816,61,168845.99,96.15,Left,INNER,2,0.953,0.953,True,0.456,5.0,0
Note_001817,64,168845.99,112.18,Left,INNER,1,0.969,0.969,False,0.456,5.0,0
Note_001818,81,169198.55,104.17,Right,MELODY,4,0.811,0.811,False,0.69,-5.0,0
Note_001819,57,169230.6,88.14,Left,BASS,5,0.945,0.945,False,0.456,5.0,0
Note_001820,61,169230.6,104.17,Left,INNER,2,0.945,0.945,True,0.456,5.0,0
Note_001821,64,169230.6,112.18,Left,INNER,1,0.945,0.945,False,0.456,5.0,0
Note_001822,81,169591.18,112.18,Right,MELODY,4,0.819,0.819,False,0.69,-5.0,0
Note_001823,57,169615.22,88.14,Left,BASS,5,0.953,0.953,False,0.456,5.0,0
Note_001824,61,169615.22,88.14,Left,INNER,2,0.937,0.937,True,0.456,5.0,0
Note_001825,64,169615.22,112.18,Left,INNER,1,0.929,0.929,False,0.456,5.0,0
Note_001826,81,169975.79,112.18,Right,MELODY,4,0.819,0.819,False,0.69,-5.0,0
Note_001827,57,169999.83,72.12,Left,BASS,5,0.906,0.906,False,0.456,5.0,0
Note_001828,61,169999.83,96.15,Left,INNER,2,0.929,0.929,True,0.456,5.0,0
Note_001829,64,169999.83,96.15,Left,INNER,1,0.937,0.937,False,0.456,5.0,0
Note_001830,81,170360.41,112.18,Right,MELODY,4,0.819,0.819,False,0.69,-5.0,0
Note_001831,57,170384.45,80.13,Left,BASS,5,0.929,0.929,False,0.456,5.0,0
Note_001832,61,170384.45,96.15,Left,INNER,2,0.929,0.929,True,0.456,5.0,0
Note_001833,64,170384.45,104.17,Left,INNER,1,0.945,0.945,False,0.456,5.0,0
Note_001834,81,170761.05,96.15,Right,MELODY,4,0.819,0.819,False,0.69,-5.0,0
Note_001835,57,170769.06,88.14,Left,BASS,5,0.961,0.961,False,0.503,5.0,0
Note_001836,62,170769.06,128.2,Left,INNER,3,0.969,0.969,False,0.503,5.0,0
Note_001837,66,170769.06,144.23,Left,INNER,2,0.961,0.961,True,0.503,5.0,0
Note_001838,74,170769.06,312.5,Left,INNER,1,0.937,0.937,False,0.503,5.0,0
Note_001839,81,171129.64,96.15,Right,MELODY,4,0.819,0.819,False,0.69,-5.0,0
Note_001840,57,171153.68,72.12,Left,BASS,5,0.961,0.961,False,0.491,5.0,-12
Note_001841,61,171153.68,88.14,Left,INNER,3,0.953,0.953,True,0.491,5.0,-12
Note_001842,64,171153.68,88.14,Left,INNER,2,0.969,0.969,False,0.491,5.0,-12
Note_001843,73,171153.68,72.12,Left,INNER,1,0.929,0.929,True,0.491,5.0,-12
Note_001844,57,171345.98,48.08,Left,BASS,5,0.921,0.921,False,0.491,5.0,-12
Note_001845,61,171345.98,88.14,Left,INNER,3,0.953,0.953,True,0.491,5.0,-12
Note_001846,64,171345.98,88.14,Left,INNER,2,0.929,0.929,False,0.491,5.0,-12
Note_001847,73,171345.98,88.14,Left,INNER,1,0.937,0.937,True,0.491,5.0,-12
Note_001848,81,171514.25,112.18,Right,MELODY,4,0.819,0.819,False,0.69,-5.0,0
Note_001849,57,171538.29,112.18,Left,BASS,5,0.961,0.961,False,0.501,-0.0,0
Note_001850,60,171538.29,112.18,Left,INNER,4,0.961,0.961,False,0.501,-0.0,0
Note_001851,63,171538.29,160.26,Left,INNER,3,0.961,0.961,True,0.501,-0.0,0
Note_001852,71,171538.29,32.05,Left,INNER,2,0.89,0.89,False,0.501,-0.0,0
Note_001853,72,171538.29,80.13,Left,INNER,1,0.921,0.921,False,0.501,-0.0,0
Note_001854,72,171730.6,80.13,Left,BASS,5,0.929,0.929,False,0.586,-10.0,0
Note_001855,81,171906.88,96.15,Right,MELODY,4,0.835,0.835,False,0.69,-5.0,0
Note_001856,57,171922.91,104.17,Left,BASS,5,0.969,0.969,False,0.491,5.0,-12
Note_001857,61,171922.91,136.22,Left,INNER,3,0.969,0.969,True,0.491,5.0,-12
Note_001858,64,171922.91,128.21,Left,INNER,2,0.969,0.969,False,0.491,5.0,-12
Note_001859,73,171922.91,72.12,Left,INNER,1,0.937,0.937,True,0.491,5.0,-12
Note_001860,73,172115.21,64.1,Left,BASS,2,0.929,0.929,True,0.598,5.0,0
Note_001861,81,172283.48,112.18,Right,MELODY,4,0.803,0.803,False,0.69,-5.0,0
Note_001862,57,172307.52,88.14,Left,BASS,5,0.969,0.969,False,0.503,5.0,0
Note_001863,62,172307.52,112.18,Left,INNER,3,0.969,0.969,False,0.503,5.0,0
Note_001864,66,172307.52,136.22,Left,INNER,2,0.961,0.961,True,0.503,5.0,0
Note_001865,74,172307.52,72.12,Left,INNER,1,0.929,0.929,False,0.503,5.0,0
Note_001866,74,172499.83,88.14,Left,BASS,5,0.937,0.937,False,0.609,-10.0,0
Note_001867,81,172660.08,96.15,Right,MELODY,4,0.819,0.819,False,0.69,-5.0,0
Note_001868,57,172692.14,72.12,Left,BASS,5,0.961,0.961,False,0.491,5.0,-12
Note_001869,61,172692.14,72.12,Left,INNER,3,0.969,0.969,True,0.491,5.0,-12
Note_001870,64,172692.14,88.14,Left,INNER,2,0.961,0.961,False,0.491,5.0,-12
Note_001871,73,172692.14,80.13,Left,INNER,1,0.937,0.937,True,0.491,5.0,-12
Note_001872,57,172884.44,48.08,Left,BASS,5,0.929,0.929,False,0.491,5.0,-12
Note_001873,61,172884.44,72.12,Left,INNER,3,0.937,0.937,True,0.491,5.0,-12
Note_001874,64,172884.44,72.12,Left,INNER,2,0.961,0.961,False,0.491,5.0,-12
Note_001875,73,172884.44,80.13,Left,INNER,1,0.929,0.929,True,0.491,5.0,-12
Note_001876,81,173060.72,96.15,Right,MELODY,5,0.803,0.803,False,0.69,-10.0,0
Note_001877,57,173076.75,216.35,Left,BASS,5,0.953,0.953,False,0.483,5.0,0
Note_001878,60,173076.75,208.33,Left,INNER,3,0.969,0.969,False,0.483,5.0,0
Note_001879,63,173076.75,240.38,Left,INNER,2,0.969,0.969,True,0.483,5.0,0
Note_001880,72,173076.75,304.49,Left,INNER,1,0.929,0.929,False,0.483,5.0,0
Note_001881,81,173445.34,96.15,Right,INNER,1,0.811,0.811,False,0.716,10.0,0
Note_001882,37,173453.35,112.18,Left,BASS,5,0.984,0.984,True,0.184,-10.0,12
Note_001883,88,173461.36,72.12,Right,MELODY,4,0.953,0.953,False,0.716,10.0,0
Note_001884,81,173461.37,64.1,Right,INNER,2,0.756,0.756,False,0.716,10.0,0
Note_001885,37,173645.66,152.24,Left,BASS,2,0.976,0.976,True,0.184,5.0,0
Note_001886,81,173653.67,104.17,Right,INNER,1,0.882,0.882,False,0.73,5.0,0
Note_001887,88,173653.67,80.13,Right,MELODY,4,0.945,0.945,False,0.73,5.0,0
Note_001888,38,173837.97,328.53,Left,BASS,1,0.984,0.984,False,0.195,10.0,0
Note_001889,81,173837.97,88.14,Right,INNER,2,0.811,0.811,False,0.71,0.0,12
Note_001890,78,173845.98,344.55,Right,INNER,1,0.929,0.929,True,0.71,0.0,12
Note_001891,81,173845.98,320.51,Right,INNER,3,0.953,0.953,False,0.71,0.0,12
Note_001892,81,173845.98,360.58,Right,INNER,4,0.929,0.929,False,0.71,0.0,12
Note_001893,93,173845.98,320.51,Right,MELODY,5,0.961,0.961,False,0.71,0.0,12
Note_001894,37,174222.58,96.15,Left,BASS,2,0.976,0.976,True,0.184,5.0,0
Note_001895,81,174230.6,24.04,Right,INNER,1,0.142,0.142,False,0.716,10.0,0
Note_001896,88,174230.6,80.13,Right,MELODY,4,0.945,0.945,False,0.716,10.0,0
Note_001897,81,174254.63,80.13,Right,INNER,2,0.819,0.819,False,0.716,10.0,0
Note_001898,37,174414.89,112.18,Left,BASS,2,0.984,0.984,True,0.184,5.0,0
Note_001899,81,174422.9,96.15,Right,INNER,1,0.898,0.898,False,0.73,5.0,0
Note_001900,88,174422.9,88.14,Right,MELODY,4,0.961,0.961,False,0.73,5.0,0
Note_001901,38,174607.2,312.5,Left,BASS,1,0.984,0.984,False,0.195,10.0,0
Note_001902,78,174615.21,320.51,Right,INNER,1,0.937,0.937,True,0.716,5.0,12
Note_001903,81,174615.21,344.55,Right,INNER,2,0.953,0.953,False,0.716,5.0,12
Note_001904,81,174615.21,320.51,Right,INNER,3,0.937,0.937,False,0.716,5.0,12
Note_001905,93,174615.21,344.55,Right,MELODY,5,0.961,0.961,False,0.716,5.0,12
Note_001906,81,174647.26,88.14,Right,MELODY,4,0.811,0.811,False,0.69,-5.0,0
Note_001907,37,174991.81,96.15,Left,BASS,2,0.984,0.984,True,0.184,5.0,0
Note_001908,88,174999.83,88.14,Right,MELODY,5,0.953,0.953,False,0.77,-10.0,0
Note_001909,81,175031.88,88.14,Right,MELODY,2,0.827,0.827,False,0.69,5.0,0
Note_001910,37,175184.12,144.23,Left,BASS,2,0.984,0.984,True,0.184,5.0,0
Note_001911,81,175192.13,32.05,Right,INNER,1,0.795,0.795,False,0.73,5.0,0
Note_001912,88,175192.13,112.18,Right,MELODY,4,0.945,0.945,False,0.73,5.0,0
Note_001913,36,175376.43,120.19,Left,BASS,5,0.969,0.969,False,0.172,-10.0,0
Note_001914,87,175384.44,96.15,Right,MELODY,4,0.953,0.953,True,0.759,-5.0,0
Note_001915,81,175416.49,104.17,Right,MELODY,2,0.811,0.811,False,0.69,5.0,0
Note_001916,36,175568.73,152.24,Left,BASS,5,0.961,0.961,False,0.172,-10.0,0
Note_001917,87,175576.75,112.18,Right,MELODY,5,0.937,0.937,True,0.759,-10.0,-12
Note_001918,37,175761.04,176.28,Left,BASS,2,0.984,0.984,True,0.184,5.0,0
Note_001919,88,175769.05,152.24,Right,MELODY,5,0.953,0.953,False,0.73,0.0,0
Note_001920,81,175793.09,96.15,Right,INNER,1,0.803,0.803,False,0.73,0.0,0
Note_001921,38,176145.66,248.4,Left,BASS,1,0.984,0.984,False,0.195,10.0,0
Note_001922,78,176153.67,192.31,Right,INNER,1,0.945,0.945,True,0.698,5.0,0
Note_001923,78,176153.67,168.27,Right,INNER,2,0.937,0.937,True,0.698,5.0,0
Note_001924,90,176153.67,192.31,Right,MELODY,5,0.953,0.953,True,0.698,5.0,0
Note_001925,81,176177.71,96.15,Right,INNER,3,0.811,0.811,False,0.698,5.0,0
Note_001926,37,176530.27,184.29,Left,BASS,2,0.984,0.984,True,0.184,5.0,0
Note_001927,88,176538.28,160.26,Right,MELODY,5,0.961,0.961,False,0.77,-10.0,0
Note_001928,81,176570.34,112.18,Right,MELODY,4,0.819,0.819,False,0.69,-5.0,0
Note_001929,35,176914.89,64.1,Left,BASS,5,0.969,0.969,False,0.243,0.0,0
Note_001930,36,176914.89,120.19,Left,INNER,4,0.984,0.984,False,0.243,0.0,0
Note_001931,45,176914.89,64.1,Left,INNER,2,0.969,0.969,False,0.243,0.0,0
Note_001932,47,176914.89,32.05,Left,INNER,1,0.929,0.929,False,0.243,0.0,0
Note_001933,36,176922.9,64.1,Left,INNER,3,0.961,0.961,False,0.243,0.0,0
Note_001934,48,176922.9,72.12,Left,INNER,0,0.929,0.929,False,0.243,0.0,0
Note_001935,48,176922.9,80.13,Left,INNER,0,0.945,0.945,False,0.243,0.0,0
Note_001936,88,176954.95,16.03,Right,MELODY,5,0.89,0.89,False,0.77,-10.0,0
Note_001937,76,176970.98,88.14,Left,BASS,1,0.89,0.89,False,0.632,10.0,0
Note_001938,48,177091.17,104.17,Left,INNER,1,0.929,0.929,False,0.234,0.0,0
Note_001939,60,177091.17,88.14,Right,INNER,0,0.969,0.969,False,0.533,0.0,0
Note_001940,67,177091.17,112.18,Right,INNER,1,0.969,0.969,False,0.533,0.0,0
Note_001941,64,177099.18,96.15,Right,INNER,0,0.969,0.969,False,0.533,0.0,0
Note_001942,35,177107.19,88.14,Left,BASS,5,0.969,0.969,False,0.234,0.0,0
Note_001943,36,177107.19,120.19,Left,INNER,3,0.945,0.945,False,0.234,0.0,0
Note_001944,45,177107.19,96.15,Left,INNER,2,0.969,0.969,False,0.234,0.0,0
Note_001945,36,177115.21,88.14,Left,BASS,4,0.961,0.961,False,0.234,0.0,0
Note_001946,48,177115.21,72.12,Left,INNER,0,0.921,0.921,False,0.234,0.0,0
Note_001947,60,177115.21,96.15,Right,INNER,0,0.913,0.913,False,0.533,0.0,0
Note_001948,64,177115.21,104.17,Right,INNER,0,0.85,0.85,False,0.533,0.0,0
Note_001949,67,177115.21,80.13,Right,INNER,2,0.913,0.913,False,0.533,0.0,0
Note_001950,72,177115.21,72.12,Right,INNER,3,0.898,0.898,False,0.533,0.0,0
Note_001951,76,177115.21,88.14,Right,INNER,4,0.913,0.913,False,0.533,0.0,0
Note_001952,76,177139.25,88.14,Right,INNER,5,0.89,0.89,False,0.533,0.0,0
Note_001953,81,177139.25,72.12,Right,INNER,1,0.78,0.78,False,0.73,5.0,0
Note_001954,88,177139.25,72.12,Right,MELODY,4,0.89,0.89,False,0.73,5.0,0
Note_001955,35,177299.5,88.14,Left,BASS,5,0.969,0.969,False,0.169,5.0,0
Note_001956,36,177299.5,160.26,Left,INNER,2,0.913,0.913,False,0.169,5.0,0
Note_001957,81,177299.5,88.14,Right,INNER,1,0.819,0.819,False,0.73,5.0,0
Note_001958,88,177307.51,8.01,Right,MELODY,4,0.89,0.89,False,0.73,5.0,0
Note_001959,36,177307.52,72.12,Left,INNER,1,0.945,0.945,False,0.169,5.0,0
Note_001960,81,177475.78,88.14,Right,INNER,1,0.866,0.866,False,0.73,5.0,0
Note_001961,88,177483.8,96.15,Right,MELODY,4,0.89,0.89,False,0.73,5.0,0
Note_001962,31,177491.81,144.23,Left,BASS,5,0.984,0.984,False,0.149,5.0,0
Note_001963,35,177491.81,96.15,Left,INNER,2,0.969,0.969,False,0.149,5.0,0
Note_001964,36,177499.82,72.12,Left,BASS,1,0.945,0.945,False,0.149,5.0,0
Note_001965,35,177684.12,200.32,Left,BASS,5,0.984,0.984,False,0.165,5.0,0
Note_001966,35,177684.12,168.27,Left,INNER,2,0.976,0.976,False,0.165,5.0,0
Note_001967,36,177692.13,80.13,Left,INNER,1,0.937,0.937,False,0.165,5.0,0
Note_001968,81,177692.13,88.14,Right,INNER,1,0.898,0.898,False,0.718,5.0,0
Note_001969,86,177700.14,112.18,Right,MELODY,4,0.89,0.89,False,0.718,5.0,0
Note_001970,35,178068.73,192.31,Left,BASS,5,0.984,0.984,False,0.165,5.0,0
Note_001971,35,178068.73,176.28,Left,INNER,2,0.976,0.976,False,0.165,5.0,0
Note_001972,36,178076.75,80.13,Left,INNER,1,0.961,0.961,False,0.165,5.0,0
Note_001973,81,178076.75,96.15,Right,INNER,1,0.858,0.858,False,0.718,5.0,0
Note_001974,86,178084.76,128.2,Right,MELODY,4,0.89,0.89,False,0.718,5.0,0
Note_001975,34,178453.35,192.31,Left,BASS,3,0.984,0.984,True,0.161,15.0,0
Note_001976,35,178453.35,64.1,Left,INNER,2,0.976,0.976,False,0.161,15.0,0
Note_001977,81,178453.35,72.12,Right,INNER,1,0.85,0.85,False,0.718,5.0,0
Note_001978,36,178461.36,80.13,Left,INNER,1,0.937,0.937,False,0.161,15.0,0
Note_001979,86,178461.36,8.01,Right,MELODY,4,0.89,0.89,False,0.718,5.0,0
Note_001980,81,178629.63,80.13,Right,INNER,1,0.835,0.835,False,0.718,5.0,0
Note_001981,33,178645.65,128.2,Left,BASS,5,0.984,0.984,False,0.157,5.0,0
Note_001982,35,178645.65,80.13,Left,INNER,2,0.969,0.969,False,0.157,5.0,0
Note_001983,36,178653.67,72.12,Left,BASS,1,0.953,0.953,False,0.157,5.0,0
Note_001984,86,178653.67,72.12,Right,MELODY,4,0.89,0.89,False,0.718,5.0,0
Note_001985,81,178805.91,88.14,Right,INNER,4,0.85,0.85,False,0.644,0.0,0
Note_001986,86,178829.95,16.03,Right,MELODY,5,0.89,0.89,False,0.644,0.0,0
Note_001987,32,178837.96,176.28,Left,BASS,5,0.984,0.984,True,0.218,-0.0,0
Note_001988,35,178837.96,88.14,Left,INNER,4,0.969,0.969,False,0.218,-0.0,0
Note_001989,43,178837.96,88.14,Left,INNER,2,0.969,0.969,False,0.218,-0.0,0
Note_001990,46,178837.96,104.17,Left,INNER,1,0.945,0.945,True,0.218,-0.0,0
Note_001991,36,178845.98,72.12,Left,BASS,3,0.961,0.961,False,0.218,-0.0,0
Note_001992,48,178845.98,56.09,Left,INNER,0,0.937,0.937,False,0.218,-0.0,0
Note_001993,70,178845.98,96.15,Right,INNER,0,0.827,0.827,True,0.644,0.0,0
Note_001994,74,178845.98,72.12,Right,INNER,1,0.89,0.89,False,0.644,0.0,0
Note_001995,74,178845.98,80.13,Right,INNER,2,0.827,0.827,False,0.644,0.0,0
Note_001996,77,178845.98,104.17,Right,INNER,3,0.827,0.827,False,0.644,0.0,0
Note_001997,81,178998.22,88.14,Right,INNER,3,0.874,0.874,False,0.718,-5.0,0
Note_001998,46,179022.26,152.24,Left,INNER,1,0.953,0.953,True,0.216,0.0,-12
Note_001999,86,179022.26,88.14,Right,MELODY,4,0.89,0.89,False,0.718,-5.0,0
Note_002000,31,179030.27,144.23,Left,BASS,5,0.984,0.984,False,0.216,0.0,-12
Note_002001,35,179030.27,104.17,Left,INNER,4,0.961,0.961,False,0.216,0.0,-12
Note_002002,43,179030.27,112.18,Left,INNER,2,0.969,0.969,False,0.216,0.0,-12
Note_002003,36,179038.28,80.13,Left,BASS,3,0.961,0.961,False,0.216,0.0,-12
Note_002004,48,179038.28,72.12,Left,INNER,0,0.937,0.937,False,0.216,0.0,-12
Note_002005,81,179198.54,104.17,Right,MELODY,3,0.882,0.882,False,0.69,0.0,0
Note_002006,30,179222.58,256.41,Left,BASS,3,0.984,0.984,True,0.146,15.0,0
Note_002007,35,179222.58,168.27,Left,INNER,2,0.969,0.969,False,0.146,15.0,0
Note_002008,36,179230.59,88.14,Left,INNER,1,0.961,0.961,False,0.146,15.0,0
Note_002009,78,179230.59,8.01,Right,INNER,1,0.89,0.89,True,0.701,5.0,0
Note_002010,78,179230.59,184.29,Right,INNER,2,0.929,0.929,True,0.701,5.0,0
Note_002011,90,179246.62,96.15,Right,MELODY,5,0.89,0.89,True,0.701,5.0,0
Note_002012,81,179583.15,104.17,Right,MELODY,4,0.882,0.882,False,0.69,-5.0,0
Note_002013,26,179607.19,232.37,Left,BASS,5,0.984,0.984,False,0.069,-0.0,0
Note_002014,28,179607.19,56.09,Left,INNER,1,0.984,0.984,False,0.069,-0.0,0
Note_002015,78,179615.21,176.28,Right,INNER,1,0.937,0.937,True,0.701,5.0,0
Note_002016,78,179623.22,112.18,Right,INNER,2,0.89,0.89,True,0.701,5.0,0
Note_002017,90,179623.22,112.18,Right,MELODY,5,0.89,0.89,True,0.701,5.0,0
Note_002018,60,179639.24,168.27,Left,BASS,4,0.969,0.969,False,0.479,-0.0,0
Note_002019,62,179639.24,192.31,Left,INNER,3,0.969,0.969,False,0.479,-0.0,0
Note_002020,66,179639.24,216.35,Left,INNER,2,0.969,0.969,True,0.479,-0.0,0
Note_002021,31,179991.81,272.44,Left,BASS,5,0.984,0.984,False,0.195,-0.0,0
Note_002022,35,179991.81,320.51,Left,INNER,4,0.976,0.976,False,0.195,-0.0,0
Note_002023,40,179991.81,320.51,Left,INNER,2,0.976,0.976,False,0.195,-0.0,0
Note_002024,36,179999.82,80.13,Left,INNER,3,0.961,0.961,False,0.195,-0.0,0
Note_002025,43,179999.82,192.31,Left,INNER,1,0.953,0.953,False,0.195,-0.0,0
Note_002026,79,179999.82,200.32,Right,INNER,1,0.937,0.937,False,0.707,5.0,0
Note_002027,81,179999.82,72.12,Right,INNER,3,0.921,0.921,False,0.707,5.0,0
Note_002028,79,180007.83,8.01,Right,INNER,2,0.89,0.89,False,0.707,5.0,0
Note_002029,91,180007.83,128.21,Right,MELODY,5,0.89,0.89,False,0.707,5.0,0
Note_002030,43,180015.85,272.44,Left,INNER,0,0.969,0.969,False,0.195,-0.0,0
Note_002031,66,180047.9,24.04,Left,BASS,2,0.795,0.795,True,0.517,5.0,0
Note_002032,59,180384.44,112.18,Left,BASS,5,0.937,0.937,False,0.483,-5.0,0
Note_002033,67,180384.44,96.15,Left,INNER,2,0.937,0.937,False,0.483,-5.0,0
Note_002034,59,180576.74,192.31,Left,BASS,2,0.937,0.937,False,0.483,15.0,0
Note_002035,67,180576.74,88.14,Left,INNER,1,0.937,0.937,False,0.483,15.0,0
Note_002036,60,180769.05,232.37,Left,BASS,5,0.945,0.945,False,0.489,-5.0,0
Note_002037,67,180769.05,272.44,Left,INNER,2,0.945,0.945,False,0.489,-5.0,0
Note_002038,59,180961.36,136.22,Left,BASS,1,0.945,0.945,False,0.437,10.0,0
Note_002039,50,181153.67,72.12,Left,BASS,5,0.913,0.913,False,0.333,-10.0,0
Note_002040,62,181153.67,72.12,Right,INNER,1,0.89,0.89,False,0.517,5.0,0
Note_002041,62,181153.67,72.12,Right,INNER,2,0.898,0.898,False,0.517,5.0,0
Note_002042,74,181153.67,96.15,Right,INNER,5,0.89,0.89,False,0.517,5.0,0
Note_002043,50,181345.97,48.08,Left,BASS,5,0.89,0.89,False,0.333,-10.0,0
Note_002044,62,181345.97,104.17,Right,INNER,1,0.89,0.89,False,0.517,5.0,0
Note_002045,62,181345.97,56.09,Right,INNER,2,0.898,0.898,False,0.517,5.0,0
Note_002046,74,181345.97,104.17,Right,INNER,5,0.89,0.89,False,0.517,5.0,0
Note_002047,52,181538.28,168.27,Left,BASS,1,0.937,0.937,False,0.356,10.0,0
Note_002048,64,181538.28,184.29,Right,INNER,1,0.89,0.89,False,0.54,5.0,0
Note_002049,64,181538.28,184.29,Right,INNER,2,0.937,0.937,False,0.54,5.0,0
Note_002050,76,181538.28,184.29,Right,INNER,5,0.89,0.89,False,0.54,5.0,0
Note_002051,50,181730.59,88.14,Left,BASS,5,0.906,0.906,False,0.333,-10.0,0
Note_002052,62,181730.59,192.31,Right,INNER,1,0.89,0.89,False,0.517,5.0,0
Note_002053,62,181730.59,80.13,Right,INNER,2,0.898,0.898,False,0.517,5.0,0
Note_002054,74,181730.59,168.27,Right,INNER,5,0.89,0.89,False,0.517,5.0,0
Note_002055,59,181922.9,96.15,Left,BASS,5,0.945,0.945,False,0.483,-5.0,0
Note_002056,67,181922.9,80.13,Left,INNER,2,0.945,0.945,False,0.483,-5.0,0
Note_002057,59,182115.2,192.31,Left,BASS,5,0.945,0.945,False,0.483,-0.0,0
Note_002058,67,182115.2,80.13,Left,INNER,1,0.945,0.945,False,0.483,-0.0,0
Note_002059,60,182307.51,184.29,Left,BASS,5,0.945,0.945,False,0.489,-0.0,0
Note_002060,67,182307.51,192.31,Left,INNER,1,0.945,0.945,False,0.489,-0.0,0
Note_002061,59,182499.82,112.18,Left,BASS,5,0.945,0.945,False,0.437,-10.0,0
Note_002062,50,182692.13,56.09,Left,BASS,5,0.913,0.913,False,0.418,5.0,0
Note_002063,60,182692.13,112.18,Left,INNER,2,0.89,0.89,False,0.418,5.0,0
Note_002064,62,182692.13,64.1,Left,INNER,1,0.929,0.929,False,0.418,5.0,0
Note_002065,74,182692.13,88.14,Right,INNER,2,0.89,0.89,False,0.609,5.0,0
Note_002066,50,182884.43,64.1,Left,BASS,5,0.913,0.913,False,0.333,-10.0,0
Note_002067,62,182884.43,72.12,Right,INNER,1,0.913,0.913,False,0.54,15.0,0
Note_002068,74,182884.43,104.17,Right,INNER,2,0.89,0.89,False,0.54,15.0,0
Note_002069,52,183076.74,128.2,Left,BASS,1,0.937,0.937,False,0.356,10.0,0
Note_002070,64,183076.74,184.29,Right,INNER,1,0.89,0.89,False,0.54,5.0,0
Note_002071,64,183076.74,144.23,Right,INNER,2,0.937,0.937,False,0.54,5.0,0
Note_002072,76,183076.74,184.29,Right,INNER,5,0.89,0.89,False,0.54,5.0,0
Note_002073,50,183269.05,80.13,Left,BASS,5,0.913,0.913,False,0.333,-10.0,0
Note_002074,62,183269.05,128.2,Right,INNER,1,0.89,0.89,False,0.517,5.0,0
Note_002075,62,183269.05,72.12,Right,INNER,2,0.937,0.937,False,0.517,5.0,0
Note_002076,74,183269.05,128.2,Right,INNER,5,0.89,0.89,False,0.517,5.0,0
Note_002077,55,183461.36,104.17,Left,BASS,5,0.945,0.945,False,0.457,5.0,0
Note_002078,59,183461.36,104.17,Left,INNER,3,0.945,0.945,False,0.457,5.0,0
Note_002079,62,183461.36,40.06,Left,INNER,2,0.937,0.937,False,0.457,5.0,0
Note_002080,67,183461.36,96.15,Left,INNER,1,0.945,0.945,False,0.457,5.0,0
Note_002081,74,183461.36,72.12,Right,INNER,2,0.937,0.937,False,0.609,5.0,0
Note_002082,55,183653.66,144.23,Left,BASS,5,0.945,0.945,False,0.457,5.0,0
Note_002083,59,183653.66,184.29,Left,INNER,3,0.937,0.937,False,0.457,5.0,0
Note_002084,62,183653.66,88.14,Left,INNER,2,0.937,0.937,False,0.457,5.0,0
Note_002085,67,183653.66,112.18,Left,INNER,1,0.945,0.945,False,0.457,5.0,0
Note_002086,74,183653.66,136.22,Right,INNER,2,0.953,0.953,False,0.609,5.0,0
Note_002087,57,183845.97,192.31,Left,BASS,5,0.945,0.945,False,0.471,5.0,0
Note_002088,60,183845.97,184.29,Left,INNER,3,0.937,0.937,False,0.471,5.0,0
Note_002089,64,183845.97,208.33,Left,INNER,2,0.953,0.953,False,0.471,5.0,0
Note_002090,67,183845.97,737.18,Left,INNER,1,0.945,0.945,False,0.471,5.0,0
Note_002091,76,183845.97,168.27,Right,INNER,5,0.913,0.913,False,0.632,-10.0,0
Note_002092,55,184038.28,168.27,Left,BASS,5,0.937,0.937,False,0.433,-15.0,0
Note_002093,59,184038.28,216.35,Left,INNER,4,0.874,0.874,False,0.433,-15.0,0
Note_002094,62,184038.28,152.24,Left,INNER,3,0.937,0.937,False,0.433,-15.0,0
Note_002095,74,184038.28,168.27,Right,INNER,3,0.921,0.921,False,0.609,0.0,0
Note_002096,54,184230.59,112.18,Left,BASS,3,0.937,0.937,True,0.414,15.0,0
Note_002097,57,184230.59,216.35,Left,INNER,2,0.937,0.937,False,0.414,15.0,0
Note_002098,60,184230.59,136.22,Left,INNER,1,0.937,0.937,False,0.414,15.0,0
Note_002099,72,184230.59,136.22,Right,INNER,2,0.945,0.945,False,0.586,5.0,0
Note_002100,52,184422.89,192.31,Left,BASS,5,0.945,0.945,False,0.395,0.0,0
Note_002101,55,184422.89,160.26,Left,INNER,3,0.945,0.945,False,0.395,0.0,0
Note_002102,59,184422.89,144.23,Left,INNER,1,0.937,0.937,False,0.395,0.0,0
Note_002103,71,184422.89,120.19,Right,INNER,1,0.937,0.937,False,0.575,10.0,0
Note_002104,50,184615.2,168.27,Left,BASS,5,0.945,0.945,False,0.375,5.0,0
Note_002105,54,184615.2,192.31,Left,INNER,2,0.945,0.945,True,0.375,5.0,0
Note_002106,57,184615.2,176.28,Left,INNER,1,0.937,0.937,False,0.375,5.0,0
Note_002107,62,184615.2,232.37,Right,INNER,1,0.945,0.945,False,0.513,15.0,0
Note_002108,66,184615.2,208.33,Right,INNER,2,0.945,0.945,True,0.513,15.0,0
Note_002109,69,184615.2,120.19,Right,INNER,3,0.945,0.945,False,0.513,15.0,0
Note_002110,72,184999.81,120.19,Left,BASS,5,0.921,0.921,False,0.586,-5.0,0
Note_002111,84,184999.81,120.19,Right,MELODY,4,0.937,0.937,False,0.724,-5.0,0
Note_002112,72,184999.82,120.19,Left,INNER,3,0.929,0.929,False,0.586,-5.0,0
Note_002113,72,184999.82,128.2,Left,INNER,2,0.89,0.89,False,0.586,-5.0,0
Note_002114,72,185192.12,96.15,Left,BASS,5,0.921,0.921,False,0.586,-5.0,0
Note_002115,72,185192.12,96.15,Left,INNER,3,0.929,0.929,False,0.586,-5.0,0
Note_002116,72,185192.12,144.23,Left,INNER,2,0.89,0.89,False,0.586,-5.0,0
Note_002117,84,185192.12,96.15,Right,MELODY,4,0.937,0.937,False,0.724,-5.0,0
Note_002118,72,185384.43,1209.93,Left,BASS,5,0.921,0.921,False,0.586,-5.0,0
Note_002119,72,185384.43,1209.93,Left,INNER,3,0.929,0.929,False,0.586,-5.0,0
Note_002120,72,185384.43,184.29,Left,INNER,2,0.89,0.89,False,0.586,-5.0,0
Note_002121,84,185384.43,1209.93,Right,MELODY,4,0.937,0.937,False,0.724,-5.0,0
Note_002122,69,185576.74,1538.46,Left,BASS,4,0.921,0.921,False,0.552,10.0,0
Note_002123,69,185576.74,1538.46,Left,INNER,2,0.929,0.929,False,0.552,10.0,0
Note_002124,69,185576.74,376.6,Left,INNER,1,0.89,0.89,False,0.552,10.0,0
Note_002125,81,185576.74,1538.46,Right,MELODY,1,0.937,0.937,False,0.69,10.0,0
Note_002126,65,185961.35,1193.91,Left,BASS,5,0.921,0.921,False,0.54,-5.0,0
Note_002127,65,185961.35,1193.91,Left,INNER,4,0.929,0.929,False,0.54,-5.0,0
Note_002128,65,185961.35,376.6,Left,INNER,3,0.89,0.89,False,0.54,-5.0,0
Note_002129,77,185961.35,1193.91,Left,INNER,1,0.937,0.937,False,0.54,-5.0,0
Note_002130,62,186345.97,825.32,Left,BASS,5,0.937,0.937,False,0.506,5.0,0
Note_002131,62,186345.97,825.32,Left,INNER,3,0.937,0.937,False,0.506,5.0,0
Note_002132,62,186345.97,376.6,Left,INNER,2,0.89,0.89,False,0.506,5.0,0
Note_002133,74,186345.97,825.32,Left,INNER,1,0.945,0.945,False,0.506,5.0,0
Note_002134,60,186730.58,504.81,Left,BASS,4,0.929,0.929,False,0.483,10.0,0
Note_002135,60,186730.58,504.81,Left,INNER,3,0.937,0.937,False,0.483,10.0,0
Note_002136,60,186730.58,392.63,Left,INNER,2,0.89,0.89,False,0.483,10.0,0
Note_002137,72,186730.58,504.81,Left,INNER,1,0.945,0.945,False,0.483,10.0,0
Note_002138,49,187307.51,72.12,Left,BASS,4,0.913,0.913,True,0.322,-5.0,0
Note_002139,56,187307.51,88.14,Right,INNER,0,0.89,0.89,True,0.494,0.0,0
Note_002140,61,187307.51,80.13,Right,INNER,1,0.89,0.89,True,0.494,0.0,0
Note_002141,61,187307.51,120.19,Right,INNER,2,0.89,0.89,True,0.494,0.0,0
Note_002142,65,187307.51,96.15,Right,INNER,3,0.89,0.89,False,0.494,0.0,0
Note_002143,68,187307.51,88.14,Right,INNER,4,0.89,0.89,True,0.494,0.0,0
Note_002144,73,187307.51,96.15,Right,INNER,5,0.89,0.89,True,0.494,0.0,0
Note_002145,48,187692.12,64.1,Left,BASS,5,0.811,0.811,False,0.31,-10.0,0
Note_002146,55,187692.12,64.1,Right,INNER,0,0.843,0.843,False,0.483,0.0,0
Note_002147,60,187692.12,72.12,Right,INNER,1,0.874,0.874,False,0.483,0.0,0
Note_002148,60,187692.12,80.13,Right,INNER,2,0.898,0.898,False,0.483,0.0,0
Note_002149,64,187692.12,64.1,Right,INNER,3,0.898,0.898,False,0.483,0.0,0
Note_002150,67,187692.12,64.1,Right,INNER,4,0.898,0.898,False,0.483,0.0,0
Note_002151,72,187692.12,80.13,Right,INNER,5,0.898,0.898,False,0.483,0.0,0
Note_002152,48,187884.43,72.12,Left,BASS,1,0.89,0.89,False,0.31,10.0,0
Note_002153,55,187884.43,56.09,Right,INNER,0,0.874,0.874,False,0.483,0.0,0
Note_002154,60,187884.43,72.12,Right,INNER,1,0.85,0.85,False,0.483,0.0,0
Note_002155,60,187884.43,80.13,Right,INNER,2,0.898,0.898,False,0.483,0.0,0
Note_002156,64,187884.43,64.1,Right,INNER,3,0.898,0.898,False,0.483,0.0,0
Note_002157,67,187884.43,72.12,Right,INNER,4,0.898,0.898,False,0.483,0.0,0
Note_002158,72,187884.43,72.12,Right,INNER,5,0.898,0.898,False,0.483,0.0,0
Note_002159,47,188076.74,72.12,Left,BASS,5,0.921,0.921,False,0.299,-10.0,0
Note_002160,54,188076.74,64.1,Right,INNER,0,0.921,0.921,True,0.471,0.0,0
Note_002161,59,188076.74,64.1,Right,INNER,1,0.929,0.929,False,0.471,0.0,0
Note_002162,59,188076.74,112.18,Right,INNER,2,0.898,0.898,False,0.471,0.0,0
Note_002163,63,188076.74,72.12,Right,INNER,3,0.898,0.898,True,0.471,0.0,0
Note_002164,66,188076.74,128.21,Right,INNER,4,0.898,0.898,True,0.471,0.0,0
Note_002165,71,188076.74,120.19,Right,INNER,5,0.898,0.898,False,0.471,0.0,0
Note_002166,48,188461.35,88.14,Left,BASS,3,0.898,0.898,False,0.31,-0.0,0
Note_002167,55,188461.35,72.12,Right,INNER,0,0.913,0.913,False,0.483,0.0,0
Note_002168,60,188461.35,80.13,Right,INNER,1,0.937,0.937,False,0.483,0.0,0
Note_002169,60,188461.35,160.26,Right,INNER,2,0.898,0.898,False,0.483,0.0,0
Note_002170,64,188461.35,80.13,Right,INNER,3,0.898,0.898,False,0.483,0.0,0
Note_002171,67,188461.35,128.2,Right,INNER,4,0.898,0.898,False,0.483,0.0,0
Note_002172,72,188461.35,120.19,Right,INNER,5,0.898,0.898,False,0.483,0.0,0
Note_002173,49,188845.97,88.14,Left,BASS,2,0.913,0.913,True,0.322,5.0,0
Note_002174,56,188845.97,80.13,Right,INNER,0,0.921,0.921,True,0.494,0.0,0
Note_002175,61,188845.97,80.13,Right,INNER,1,0.929,0.929,True,0.494,0.0,0
Note_002176,61,188845.97,152.24,Right,INNER,2,0.898,0.898,True,0.494,0.0,0
Note_002177,65,188845.97,104.17,Right,INNER,3,0.898,0.898,False,0.494,0.0,0
Note_002178,68,188845.97,104.17,Right,INNER,4,0.898,0.898,True,0.494,0.0,0
Note_002179,73,188845.97,120.19,Right,INNER,5,0.898,0.898,True,0.494,0.0,0
Note_002180,48,189230.58,72.12,Left,BASS,5,0.89,0.89,False,0.31,-10.0,0
Note_002181,55,189230.58,72.12,Right,INNER,0,0.89,0.89,False,0.483,0.0,0
Note_002182,60,189230.58,80.13,Right,INNER,1,0.898,0.898,False,0.483,0.0,0
Note_002183,60,189230.58,80.13,Right,INNER,2,0.898,0.898,False,0.483,0.0,0
Note_002184,64,189230.58,56.09,Right,INNER,3,0.898,0.898,False,0.483,0.0,0
Note_002185,67,189230.58,72.12,Right,INNER,4,0.898,0.898,False,0.483,0.0,0
Note_002186,72,189230.58,96.15,Right,INNER,5,0.898,0.898,False,0.483,0.0,0
Note_002187,48,189422.89,72.12,Left,BASS,1,0.819,0.819,False,0.31,10.0,0
Note_002188,55,189422.89,48.08,Right,INNER,0,0.787,0.787,False,0.483,0.0,0
Note_002189,60,189422.89,64.1,Right,INNER,1,0.866,0.866,False,0.483,0.0,0
Note_002190,60,189422.89,88.14,Right,INNER,2,0.898,0.898,False,0.483,0.0,0
Note_002191,64,189422.89,40.06,Right,INNER,3,0.898,0.898,False,0.483,0.0,0
Note_002192,67,189422.89,88.14,Right,INNER,4,0.898,0.898,False,0.483,0.0,0
Note_002193,72,189422.89,88.14,Right,INNER,5,0.898,0.898,False,0.483,0.0,0
Note_002194,47,189615.2,360.58,Left,BASS,5,0.929,0.929,False,0.299,-10.0,0
Note_002195,54,189615.2,328.53,Right,INNER,0,0.913,0.913,True,0.471,0.0,0
Note_002196,59,189615.2,336.54,Right,INNER,1,0.898,0.898,False,0.471,0.0,0
Note_002197,59,189615.2,344.55,Right,INNER,2,0.898,0.898,False,0.471,0.0,0
Note_002198,63,189615.2,192.31,Right,INNER,3,0.898,0.898,True,0.471,0.0,0
Note_002199,66,189615.2,224.36,Right,INNER,4,0.898,0.898,True,0.471,0.0,0
Note_002200,71,189615.2,224.36,Right,INNER,5,0.898,0.898,False,0.471,0.0,0
Note_002201,48,189999.81,344.55,Left,BASS,1,0.929,0.929,False,0.31,10.0,0
Note_002202,55,189999.81,184.29,Right,INNER,0,0.906,0.906,False,0.483,0.0,0
Note_002203,60,189999.81,232.37,Right,INNER,1,0.921,0.921,False,0.483,0.0,0
Note_002204,60,189999.81,152.24,Right,INNER,2,0.961,0.961,False,0.483,0.0,0
Note_002205,64,189999.81,248.4,Right,INNER,3,0.961,0.961,False,0.483,0.0,0
Note_002206,67,189999.81,384.61,Right,INNER,4,0.945,0.945,False,0.483,0.0,0
Note_002207,72,189999.81,256.41,Right,INNER,5,0.945,0.945,False,0.483,0.0,0
Note_002208,29,190376.41,256.41,Left,BASS,5,0.984,0.984,False,0.092,-10.0,0
Note_002209,86,190384.43,360.58,Right,MELODY,5,0.89,0.89,False,0.747,-10.0,0
Note_002210,81,190424.49,96.15,Right,MELODY,4,0.898,0.898,False,0.69,-5.0,0
Note_002211,29,190761.03,88.14,Left,BASS,5,0.984,0.984,False,0.142,-5.0,0
Note_002212,35,190761.03,80.13,Left,INNER,3,0.961,0.961,False,0.142,-5.0,0
Note_002213,36,190769.04,72.12,Left,INNER,2,0.961,0.961,False,0.142,-5.0,0
Note_002214,84,190769.04,72.12,Right,MELODY,5,0.89,0.89,False,0.707,0.0,0
Note_002215,81,190793.08,88.14,Right,INNER,1,0.85,0.85,False,0.707,0.0,0
Note_002216,29,190953.33,80.13,Left,BASS,5,0.976,0.976,False,0.184,5.0,0
Note_002217,35,190953.33,72.12,Left,INNER,3,0.953,0.953,False,0.184,5.0,0
Note_002218,43,190953.33,64.1,Left,INNER,1,0.953,0.953,False,0.184,5.0,0
Note_002219,41,190961.35,72.12,Left,INNER,2,0.913,0.913,False,0.184,5.0,0
Note_002220,84,190961.35,80.13,Right,MELODY,4,0.89,0.89,False,0.707,5.0,0
Note_002221,81,190985.39,80.13,Right,INNER,1,0.85,0.85,False,0.707,5.0,0
Note_002222,29,191145.64,296.47,Left,BASS,5,0.984,0.984,False,0.092,-10.0,0
Note_002223,83,191153.66,304.49,Right,MELODY,4,0.89,0.89,False,0.713,-5.0,0
Note_002224,81,191185.71,96.15,Right,MELODY,2,0.874,0.874,False,0.69,5.0,0
Note_002225,29,191530.26,280.45,Left,BASS,5,0.984,0.984,False,0.092,-10.0,0
Note_002226,84,191538.27,328.53,Right,MELODY,4,0.89,0.89,False,0.724,-5.0,0
Note_002227,81,191570.32,88.14,Right,MELODY,2,0.89,0.89,False,0.69,5.0,0
Note_002228,29,191914.87,88.14,Left,BASS,5,0.984,0.984,False,0.142,-5.0,0
Note_002229,35,191914.87,88.14,Left,INNER,3,0.969,0.969,False,0.142,-5.0,0
Note_002230,36,191922.89,72.12,Left,INNER,2,0.945,0.945,False,0.142,-5.0,0
Note_002231,86,191922.89,80.13,Right,MELODY,4,0.89,0.89,False,0.718,5.0,0
Note_002232,81,191946.92,64.1,Right,INNER,1,0.874,0.874,False,0.718,5.0,0
Note_002233,29,192107.18,96.15,Left,BASS,5,0.969,0.969,False,0.19,5.0,0
Note_002234,35,192107.18,104.17,Left,INNER,3,0.953,0.953,False,0.19,5.0,0
Note_002235,45,192107.18,88.14,Left,INNER,1,0.945,0.945,False,0.19,5.0,0
Note_002236,41,192115.19,56.09,Left,INNER,2,0.921,0.921,False,0.19,5.0,0
Note_002237,86,192115.19,96.15,Right,MELODY,4,0.89,0.89,False,0.718,5.0,0
Note_002238,81,192131.22,88.14,Right,INNER,1,0.858,0.858,False,0.718,5.0,0
Note_002239,29,192299.49,296.47,Left,BASS,5,0.984,0.984,False,0.092,-10.0,0
Note_002240,84,192307.5,360.58,Right,MELODY,4,0.89,0.89,False,0.707,5.0,0
Note_002241,81,192323.53,96.15,Right,INNER,1,0.866,0.866,False,0.707,5.0,0
Note_002242,29,192684.1,104.17,Left,BASS,5,0.984,0.984,False,0.177,-0.0,0
Note_002243,35,192684.1,96.15,Left,INNER,4,0.961,0.961,False,0.177,-0.0,0
Note_002244,41,192684.1,96.15,Left,INNER,2,0.969,0.969,False,0.177,-0.0,0
Note_002245,81,192684.1,80.13,Right,INNER,1,0.89,0.89,False,0.701,5.0,0
Note_002246,36,192692.12,56.09,Left,INNER,3,0.945,0.945,False,0.177,-0.0,0
Note_002247,41,192692.12,72.12,Left,INNER,1,0.921,0.921,False,0.177,-0.0,0
Note_002248,83,192692.12,72.12,Right,MELODY,4,0.89,0.89,False,0.701,5.0,0
Note_002249,29,192876.41,128.2,Left,BASS,5,0.961,0.961,False,0.178,5.0,0
Note_002250,35,192876.41,112.18,Left,INNER,3,0.961,0.961,False,0.178,5.0,0
Note_002251,41,192876.41,96.15,Left,INNER,2,0.953,0.953,False,0.178,5.0,0
Note_002252,81,192876.41,80.13,Right,INNER,1,0.843,0.843,False,0.701,5.0,0
Note_002253,41,192884.42,88.14,Left,INNER,1,0.898,0.898,False,0.178,5.0,0
Note_002254,83,192884.42,80.13,Right,MELODY,4,0.89,0.89,False,0.701,5.0,0
Note_002255,29,193068.72,360.58,Left,BASS,5,0.984,0.984,False,0.092,-10.0,0
Note_002256,81,193076.73,96.15,Right,INNER,1,0.858,0.858,False,0.707,5.0,0
Note_002257,84,193076.73,240.38,Right,MELODY,4,0.89,0.89,False,0.707,5.0,0
Note_002258,34,193453.33,288.46,Left,BASS,5,0.984,0.984,True,0.161,-5.0,12
Note_002259,35,193453.33,384.61,Left,INNER,3,0.976,0.976,False,0.161,-5.0,12
Note_002260,36,193461.35,56.09,Left,INNER,2,0.961,0.961,False,0.161,-5.0,12
Note_002261,81,193461.35,96.15,Right,INNER,1,0.898,0.898,False,0.718,5.0,0
Note_002262,86,193461.35,256.41,Right,MELODY,4,0.89,0.89,False,0.718,5.0,0
Note_002263,34,193837.95,128.2,Left,BASS,5,0.984,0.984,True,0.213,-0.0,0
Note_002264,35,193837.95,192.31,Left,INNER,4,0.953,0.953,False,0.213,-0.0,0
Note_002265,43,193837.95,192.31,Left,INNER,2,0.953,0.953,False,0.213,-0.0,0
Note_002266,46,193845.96,280.45,Left,INNER,1,0.937,0.937,True,0.213,-0.0,0
Note_002267,86,193845.96,120.19,Right,MELODY,4,0.89,0.89,False,0.718,5.0,0
Note_002268,81,193861.99,56.09,Right,INNER,1,0.85,0.85,False,0.718,5.0,0
Note_002269,34,194030.25,160.26,Left,BASS,5,0.937,0.937,True,0.188,0.0,12
Note_002270,35,194030.25,192.31,Left,INNER,3,0.976,0.976,False,0.188,0.0,12
Note_002271,43,194030.25,192.31,Left,INNER,1,0.976,0.976,False,0.188,0.0,12
Note_002272,81,194030.25,80.13,Right,INNER,2,0.835,0.835,False,0.73,0.0,0
Note_002273,88,194038.27,144.23,Right,MELODY,4,0.89,0.89,False,0.73,0.0,0
Note_002274,33,194222.56,256.41,Left,BASS,5,0.984,0.984,False,0.157,-5.0,0
Note_002275,35,194222.56,384.61,Left,INNER,3,0.976,0.976,False,0.157,-5.0,0
Note_002276,36,194230.58,72.12,Left,INNER,2,0.961,0.961,False,0.157,-5.0,0
Note_002277,81,194230.58,96.15,Right,INNER,1,0.89,0.89,False,0.707,15.0,0
Note_002278,84,194230.58,208.33,Right,MELODY,2,0.89,0.89,False,0.707,15.0,0
Note_002279,33,194607.18,112.18,Left,BASS,5,0.984,0.984,False,0.207,-0.0,0
Note_002280,35,194607.18,192.31,Left,INNER,4,0.945,0.945,False,0.207,-0.0,0
Note_002281,43,194607.18,192.31,Left,INNER,2,0.945,0.945,False,0.207,-0.0,0
Note_002282,45,194615.19,288.46,Left,INNER,1,0.969,0.969,False,0.207,-0.0,0
Note_002283,84,194615.19,72.12,Right,MELODY,4,0.89,0.89,False,0.707,5.0,0
Note_002284,81,194639.23,72.12,Right,INNER,1,0.898,0.898,False,0.707,5.0,0
Note_002285,33,194799.48,152.24,Left,BASS,5,0.969,0.969,False,0.184,-0.0,0
Note_002286,35,194799.48,192.31,Left,INNER,3,0.969,0.969,False,0.184,-0.0,0
Note_002287,43,194799.48,192.31,Left,INNER,1,0.969,0.969,False,0.184,-0.0,0
Note_002288,81,194807.5,96.15,Right,INNER,1,0.874,0.874,False,0.707,5.0,0
Note_002289,84,194807.5,96.15,Right,MELODY,4,0.89,0.89,False,0.707,5.0,0
Note_002290,31,194991.79,312.5,Left,BASS,5,0.984,0.984,False,0.149,-10.0,0
Note_002291,35,194991.79,240.38,Left,INNER,4,0.976,0.976,False,0.149,-10.0,0
Note_002292,36,194999.81,72.12,Left,INNER,2,0.961,0.961,False,0.149,-10.0,0
Note_002293,83,194999.81,184.29,Right,MELODY,4,0.89,0.89,False,0.701,0.0,0
Note_002294,81,195007.82,80.13,Right,INNER,2,0.913,0.913,False,0.701,0.0,0
Note_002295,31,195376.41,88.14,Left,BASS,5,0.969,0.969,False,0.149,5.0,0
Note_002296,35,195376.41,72.12,Left,INNER,2,0.969,0.969,False,0.149,5.0,0
Note_002297,36,195384.42,80.13,Left,INNER,1,0.961,0.961,False,0.149,5.0,0
Note_002298,83,195384.42,80.13,Right,MELODY,5,0.89,0.89,False,0.713,-10.0,0
Note_002299,81,195416.47,88.14,Right,MELODY,4,0.906,0.906,False,0.69,-5.0,0
Note_002300,31,195568.71,200.32,Left,BASS,5,0.969,0.969,False,0.195,-0.0,0
Note_002301,35,195568.71,96.15,Left,INNER,4,0.976,0.976,False,0.195,-0.0,0
Note_002302,43,195568.71,72.12,Left,INNER,2,0.969,0.969,False,0.195,-0.0,0
Note_002303,43,195576.73,184.29,Left,INNER,1,0.89,0.89,False,0.195,-0.0,0
Note_002304,83,195576.73,104.17,Right,MELODY,4,0.89,0.89,False,0.701,5.0,0
Note_002305,81,195600.77,80.13,Right,INNER,1,0.882,0.882,False,0.701,5.0,0
Note_002306,35,195761.02,616.99,Left,BASS,5,0.976,0.976,False,0.246,0.0,0
Note_002307,36,195761.02,288.46,Left,INNER,4,0.984,0.984,False,0.246,0.0,0
Note_002308,46,195761.02,384.62,Left,INNER,2,0.969,0.969,True,0.246,0.0,0
Note_002309,36,195769.04,96.15,Left,INNER,3,0.961,0.961,False,0.246,0.0,0
Note_002310,48,195769.04,72.12,Left,INNER,1,0.961,0.961,False,0.246,0.0,0
Note_002311,48,195769.04,184.29,Left,INNER,0,0.937,0.937,False,0.246,0.0,0
Note_002312,48,195769.04,288.46,Left,INNER,0,0.961,0.961,False,0.246,0.0,0
Note_002313,84,195769.04,144.23,Right,MELODY,4,0.89,0.89,False,0.707,5.0,0
Note_002314,81,195777.05,96.15,Right,INNER,1,0.921,0.921,False,0.707,5.0,0
Note_002315,72,196153.65,80.13,Left,BASS,1,0.969,0.969,False,0.586,10.0,0
Note_002316,72,196345.96,160.26,Left,BASS,5,0.953,0.953,False,0.586,-10.0,0
Note_002317,70,196538.27,384.61,Left,BASS,2,0.961,0.961,True,0.586,15.0,0
Note_002318,74,196538.27,144.23,Left,INNER,1,0.937,0.937,False,0.586,15.0,0
Note_002319,77,196730.57,184.29,Left,BASS,5,0.921,0.921,False,0.644,-10.0,0
Note_002320,69,196922.88,320.51,Left,BASS,5,0.969,0.969,False,0.569,-0.0,0
Note_002321,72,196922.88,192.31,Left,INNER,1,0.953,0.953,False,0.569,-0.0,0
Note_002322,77,197115.19,200.32,Left,BASS,1,0.953,0.953,False,0.644,10.0,0
Note_002323,68,197307.5,384.62,Left,BASS,3,0.929,0.929,True,0.557,5.0,0
Note_002324,71,197307.5,176.28,Left,INNER,2,0.929,0.929,False,0.557,5.0,0
Note_002325,77,197499.8,208.33,Left,BASS,1,0.929,0.929,False,0.644,10.0,0
Note_002326,67,197692.11,176.28,Left,BASS,5,0.961,0.961,False,0.546,-5.0,0
Note_002327,70,197692.11,216.35,Left,INNER,2,0.969,0.969,True,0.546,-5.0,0
Note_002328,77,197884.42,72.12,Left,BASS,1,0.945,0.945,False,0.644,10.0,0
Note_002329,37,198068.71,120.19,Left,BASS,5,0.929,0.929,True,0.253,-5.0,12
Note_002330,49,198076.73,24.04,Left,INNER,2,0.89,0.89,True,0.253,-5.0,12
Note_002331,56,198076.73,48.08,Right,INNER,0,0.89,0.89,True,0.494,0.0,0
Note_002332,61,198076.73,48.08,Right,INNER,1,0.89,0.89,True,0.494,0.0,0
Note_002333,61,198076.73,136.22,Right,INNER,2,0.969,0.969,True,0.494,0.0,0
Note_002334,65,198076.73,56.09,Right,INNER,3,0.945,0.945,False,0.494,0.0,0
Note_002335,68,198076.73,72.12,Right,INNER,4,0.961,0.961,True,0.494,0.0,0
Note_002336,73,198076.73,88.14,Right,INNER,5,0.945,0.945,True,0.494,0.0,0
Note_002337,37,198261.02,168.27,Left,BASS,2,0.835,0.835,True,0.253,15.0,-12
Note_002338,49,198269.03,64.1,Left,INNER,1,0.89,0.89,True,0.253,15.0,-12
Note_002339,56,198269.03,56.09,Right,INNER,1,0.906,0.906,True,0.501,0.0,0
Note_002340,61,198269.03,136.22,Right,INNER,2,0.969,0.969,True,0.501,0.0,0
Note_002341,65,198269.03,56.09,Right,INNER,3,0.945,0.945,False,0.501,0.0,0
Note_002342,68,198269.03,72.12,Right,INNER,4,0.961,0.961,True,0.501,0.0,0
Note_002343,73,198269.03,88.14,Right,INNER,5,0.945,0.945,True,0.501,0.0,0
Note_002344,36,198453.33,144.23,Left,BASS,5,0.953,0.953,False,0.227,-0.0,0
Note_002345,36,198461.34,48.08,Left,INNER,4,0.898,0.898,False,0.227,-0.0,0
Note_002346,43,198461.34,56.09,Left,INNER,2,0.913,0.913,False,0.227,-0.0,0
Note_002347,48,198461.34,56.09,Left,INNER,1,0.929,0.929,False,0.227,-0.0,0
Note_002348,60,198461.34,80.13,Right,INNER,1,0.969,0.969,False,0.514,5.0,0
Note_002349,64,198461.34,64.1,Right,INNER,2,0.937,0.937,False,0.514,5.0,0
Note_002350,67,198461.34,72.12,Right,INNER,3,0.937,0.937,False,0.514,5.0,0
Note_002351,72,198461.34,72.12,Right,INNER,5,0.882,0.882,False,0.514,5.0,0
Note_002352,35,198837.94,96.15,Left,BASS,5,0.913,0.913,False,0.216,-0.0,0
Note_002353,35,198845.96,32.05,Left,INNER,4,0.811,0.811,False,0.216,-0.0,0
Note_002354,42,198845.96,48.08,Left,INNER,2,0.89,0.89,True,0.216,-0.0,0
Note_002355,47,198845.96,40.06,Left,INNER,1,0.882,0.882,False,0.216,-0.0,0
Note_002356,59,198845.96,72.12,Right,INNER,1,0.921,0.921,False,0.503,5.0,0
Note_002357,63,198845.96,56.09,Right,INNER,2,0.921,0.921,True,0.503,5.0,0
Note_002358,66,198845.96,96.15,Right,INNER,3,0.921,0.921,True,0.503,5.0,0
Note_002359,71,198845.96,80.13,Right,INNER,5,0.882,0.882,False,0.503,5.0,0
Note_002360,35,199030.25,168.27,Left,BASS,5,0.874,0.874,False,0.216,-0.0,0
Note_002361,35,199038.26,40.06,Left,INNER,4,0.85,0.85,False,0.216,-0.0,0
Note_002362,42,199038.26,48.08,Left,INNER,2,0.882,0.882,True,0.216,-0.0,0
Note_002363,47,199038.26,40.06,Left,INNER,1,0.787,0.787,False,0.216,-0.0,0
Note_002364,59,199038.26,192.31,Right,INNER,1,0.921,0.921,False,0.503,5.0,0
Note_002365,63,199038.26,96.15,Right,INNER,2,0.748,0.748,True,0.503,5.0,0
Note_002366,66,199038.26,104.17,Right,INNER,3,0.858,0.858,True,0.503,5.0,0
Note_002367,71,199038.26,104.17,Right,INNER,5,0.803,0.803,False,0.503,5.0,0
Note_002368,36,199222.56,192.31,Left,BASS,5,0.929,0.929,False,0.227,-0.0,0
Note_002369,36,199230.57,80.13,Left,INNER,4,0.929,0.929,False,0.227,-0.0,0
Note_002370,43,199230.57,72.12,Left,INNER,2,0.882,0.882,False,0.227,-0.0,0
Note_002371,48,199230.57,80.13,Left,INNER,1,0.89,0.89,False,0.227,-0.0,0
Note_002372,60,199230.57,120.19,Right,INNER,1,0.961,0.961,False,0.514,5.0,0
Note_002373,64,199230.57,80.13,Right,INNER,2,0.929,0.929,False,0.514,5.0,0
Note_002374,67,199230.57,88.14,Right,INNER,3,0.89,0.89,False,0.514,5.0,0
Note_002375,72,199230.57,96.15,Right,INNER,5,0.913,0.913,False,0.514,5.0,0
Note_002376,37,199607.17,72.12,Left,BASS,5,0.929,0.929,True,0.239,-0.0,0
Note_002377,37,199615.19,64.1,Left,INNER,4,0.906,0.906,True,0.239,-0.0,0
Note_002378,44,199615.19,48.08,Left,INNER,2,0.921,0.921,True,0.239,-0.0,0
Note_002379,49,199615.19,64.1,Left,INNER,1,0.882,0.882,True,0.239,-0.0,0
Note_002380,61,199615.19,96.15,Right,INNER,1,0.937,0.937,True,0.526,10.0,12
Note_002381,65,199615.19,72.12,Right,INNER,2,0.906,0.906,False,0.526,10.0,12
Note_002382,68,199615.19,80.13,Right,INNER,3,0.945,0.945,True,0.526,10.0,12
Note_002383,73,199615.19,104.17,Right,INNER,4,0.929,0.929,True,0.526,10.0,12
Note_002384,37,199799.48,120.19,Left,BASS,5,0.929,0.929,True,0.239,-0.0,0
Note_002385,37,199807.49,64.1,Left,INNER,4,0.906,0.906,True,0.239,-0.0,0
Note_002386,44,199807.49,64.1,Left,INNER,2,0.882,0.882,True,0.239,-0.0,0
Note_002387,49,199807.49,64.1,Left,INNER,1,0.819,0.819,True,0.239,-0.0,0
Note_002388,61,199807.49,136.22,Right,INNER,1,0.921,0.921,True,0.526,10.0,12
Note_002389,65,199807.49,40.06,Right,INNER,2,0.843,0.843,False,0.526,10.0,12
Note_002390,68,199807.49,80.13,Right,INNER,3,0.945,0.945,True,0.526,10.0,12
Note_002391,73,199807.49,72.12,Right,INNER,4,0.945,0.945,True,0.526,10.0,12
Note_002392,36,199991.79,120.19,Left,BASS,5,0.921,0.921,False,0.227,-0.0,0
Note_002393,36,199999.8,72.12,Left,INNER,4,0.874,0.874,False,0.227,-0.0,0
Note_002394,43,199999.8,56.09,Left,INNER,2,0.882,0.882,False,0.227,-0.0,0
Note_002395,48,199999.8,64.1,Left,INNER,1,0.874,0.874,False,0.227,-0.0,0
Note_002396,60,199999.8,72.12,Right,INNER,1,0.929,0.929,False,0.514,5.0,0
Note_002397,64,199999.8,64.1,Right,INNER,2,0.953,0.953,False,0.514,5.0,0
Note_002398,67,199999.8,56.09,Right,INNER,3,0.921,0.921,False,0.514,5.0,0
Note_002399,72,199999.8,72.12,Right,INNER,5,0.921,0.921,False,0.514,5.0,0
Note_002400,36,200184.09,192.31,Left,BASS,5,0.898,0.898,False,0.218,5.0,0
Note_002401,36,200192.11,88.14,Left,INNER,2,0.819,0.819,False,0.218,5.0,0
Note_002402,48,200192.11,72.12,Left,INNER,1,0.787,0.787,False,0.218,5.0,0
Note_002403,60,200192.11,160.26,Right,INNER,1,0.882,0.882,False,0.521,15.0,0
Note_002404,67,200192.11,80.13,Right,INNER,2,0.85,0.85,False,0.521,15.0,0
Note_002405,72,200192.11,72.12,Right,INNER,3,0.827,0.827,False,0.521,15.0,0
Note_002406,35,200376.4,336.54,Left,BASS,5,0.945,0.945,False,0.216,-0.0,0
Note_002407,35,200384.42,160.26,Left,INNER,4,0.906,0.906,False,0.216,-0.0,0
Note_002408,42,200384.42,64.1,Left,INNER,2,0.898,0.898,True,0.216,-0.0,0
Note_002409,47,200384.42,88.14,Left,INNER,1,0.906,0.906,False,0.216,-0.0,0
Note_002410,59,200384.42,336.54,Right,INNER,1,0.945,0.945,False,0.503,10.0,0
Note_002411,63,200384.42,176.28,Right,INNER,2,0.969,0.969,True,0.503,10.0,0
Note_002412,66,200384.42,80.13,Right,INNER,3,0.89,0.89,True,0.503,10.0,0
Note_002413,71,200384.42,200.32,Right,INNER,4,0.937,0.937,False,0.503,10.0,0
Note_002414,35,200761.02,112.18,Left,BASS,5,0.976,0.976,False,0.169,5.0,0
Note_002415,36,200761.02,160.26,Left,INNER,2,0.984,0.984,False,0.169,5.0,0
Note_002416,36,200769.03,72.12,Left,INNER,1,0.961,0.961,False,0.169,5.0,0
Note_002417,81,200777.04,80.13,Right,MELODY,4,0.874,0.874,False,0.69,-5.0,0
Note_002418,29,201145.63,168.27,Left,BASS,5,0.984,0.984,False,0.177,-0.0,0
Note_002419,35,201145.63,176.28,Left,INNER,4,0.976,0.976,False,0.177,-0.0,0
Note_002420,36,201153.65,72.12,Left,INNER,3,0.969,0.969,False,0.177,-0.0,0
Note_002421,41,201153.65,120.19,Left,INNER,2,0.913,0.913,False,0.177,-0.0,0
Note_002422,41,201153.65,136.22,Left,INNER,1,0.969,0.969,False,0.177,-0.0,0
Note_002423,81,201169.67,88.14,Right,MELODY,5,0.921,0.921,False,0.69,-10.0,0
Note_002424,35,201530.25,112.18,Left,BASS,5,0.976,0.976,False,0.241,-0.0,0
Note_002425,36,201530.25,200.32,Left,INNER,4,0.984,0.984,False,0.241,-0.0,0
Note_002426,49,201530.25,184.29,Left,INNER,0,0.961,0.961,True,0.241,-0.0,0
Note_002427,36,201538.26,72.12,Left,INNER,3,0.961,0.961,False,0.241,-0.0,0
Note_002428,36,201538.26,136.22,Left,INNER,2,0.969,0.969,False,0.241,-0.0,0
Note_002429,48,201538.26,72.12,Left,INNER,1,0.953,0.953,False,0.241,-0.0,0
Note_002430,48,201538.26,144.23,Left,INNER,0,0.921,0.921,False,0.241,-0.0,0
Note_002431,48,201538.26,88.14,Left,INNER,0,0.969,0.969,False,0.241,-0.0,0
Note_002432,60,201538.26,80.13,Right,INNER,0,0.937,0.937,False,0.504,-0.0,0
Note_002433,64,201538.26,112.18,Right,INNER,1,0.929,0.929,False,0.504,-0.0,0
Note_002434,64,201538.26,56.09,Right,INNER,2,0.969,0.969,False,0.504,-0.0,0
Note_002435,67,201538.26,128.2,Right,INNER,3,0.945,0.945,False,0.504,-0.0,0
Note_002436,67,201538.26,72.12,Right,INNER,4,0.969,0.969,False,0.504,-0.0,0
Note_002437,72,201538.26,112.18,Right,INNER,5,0.969,0.969,False,0.504,-0.0,0
Note_002438,60,201554.29,240.38,Right,INNER,0,0.945,0.945,False,0.504,-0.0,0
Note_002439,72,201570.31,208.33,Left,BASS,5,0.953,0.953,False,0.586,-10.0,0
Note_002440,81,201570.31,80.13,Right,MELODY,5,0.921,0.921,False,0.69,-10.0,0
Note_002441,29,201914.86,552.88,Left,BASS,5,0.984,0.984,False,0.172,-0.0,0
Note_002442,35,201914.86,384.61,Left,INNER,3,0.976,0.976,False,0.172,-0.0,0
Note_002443,41,201914.86,512.82,Left,INNER,1,0.984,0.984,False,0.172,-0.0,0
Note_002444,29,201922.88,544.87,Left,INNER,4,0.969,0.969,False,0.172,-0.0,0
Note_002445,36,201922.88,80.13,Left,INNER,2,0.961,0.961,False,0.172,-0.0,0
Note_002446,41,201922.88,392.63,Left,INNER,0,0.898,0.898,False,0.172,-0.0,0
Note_002447,41,201922.88,568.91,Left,INNER,0,0.969,0.969,False,0.172,-0.0,0
Note_002448,65,201922.88,360.58,Right,INNER,0,0.937,0.937,False,0.572,0.0,0
Note_002449,65,201922.88,448.72,Right,INNER,0,0.969,0.969,False,0.572,0.0,0
Note_002450,69,201922.88,392.63,Right,INNER,1,0.953,0.953,False,0.572,0.0,0
Note_002451,69,201922.88,440.7,Right,INNER,0,0.969,0.969,False,0.572,0.0,0
Note_002452,72,201922.88,392.63,Right,INNER,2,0.937,0.937,False,0.572,0.0,0
Note_002453,72,201922.88,424.68,Right,INNER,3,0.969,0.969,False,0.572,0.0,0
Note_002454,77,201922.88,384.62,Right,INNER,4,0.961,0.961,False,0.572,0.0,0
Note_002455,77,201922.88,416.67,Right,INNER,5,0.969,0.969,False,0.572,0.0,0
Note_002456,65,201954.93,520.83,Left,BASS,5,0.976,0.976,False,0.575,-5.0,0
Note_002457,77,201954.93,544.87,Left,INNER,2,0.969,0.969,False,0.575,-5.0,0
Note_002458,81,201954.93,96.15,Right,MELODY,5,0.937,0.937,False,0.69,-10.0,0
Note_002459,36,202499.8,72.12,Left,BASS,5,0.898,0.898,False,0.172,-10.0,0
Note_002460,81,202507.81,80.13,Right,MELODY,4,0.819,0.819,False,0.69,-5.0,0
Note_002461,81,202684.09,80.13,Right,MELODY,4,0.85,0.85,False,0.69,-5.0,0
Note_002462,36,202692.11,56.09,Left,BASS,5,0.913,0.913,False,0.172,-10.0,0
Note_002463,36,202884.41,72.12,Left,BASS,5,0.961,0.961,False,0.172,-10.0,0
Note_002464,81,202884.41,72.12,Right,MELODY,4,0.89,0.89,False,0.69,-5.0,0
Note_002465,81,203068.71,80.13,Right,MELODY,4,0.913,0.913,False,0.69,-5.0,0
Note_002466,36,203076.72,72.12,Left,BASS,5,0.945,0.945,False,0.172,-10.0,0
Note_002467,81,203253.0,88.14,Right,MELODY,4,0.929,0.929,False,0.69,-5.0,0
Note_002468,36,203269.03,72.12,Left,BASS,5,0.961,0.961,False,0.172,-10.0,0
Note_002469,36,203461.34,80.13,Left,BASS,5,0.945,0.945,False,0.172,-10.0,0
Note_002470,81,203461.34,96.15,Right,MELODY,5,0.945,0.945,False,0.69,-10.0,0
Note_002471,29,203645.63,104.17,Left,BASS,5,0.984,0.984,False,0.172,-0.0,0
Note_002472,35,203645.63,80.13,Left,INNER,3,0.961,0.961,False,0.172,-0.0,0
Note_002473,41,203645.63,104.17,Left,INNER,2,0.984,0.984,False,0.172,-0.0,0
Note_002474,29,203653.64,112.18,Left,INNER,4,0.929,0.929,False,0.172,-0.0,0
Note_002475,41,203653.64,88.14,Left,INNER,1,0.969,0.969,False,0.172,-0.0,0
Note_002476,41,203653.64,128.21,Left,INNER,0,0.969,0.969,False,0.172,-0.0,0
Note_002477,65,203653.64,104.17,Right,INNER,0,0.937,0.937,False,0.575,0.0,0
Note_002478,65,203653.64,64.1,Right,INNER,0,0.969,0.969,False,0.575,0.0,0
Note_002479,69,203653.64,80.13,Right,INNER,1,0.969,0.969,False,0.575,0.0,0
Note_002480,72,203653.64,128.21,Right,INNER,2,0.937,0.937,False,0.575,0.0,0
Note_002481,72,203653.64,96.15,Right,INNER,3,0.969,0.969,False,0.575,0.0,0
Note_002482,77,203653.64,128.21,Right,INNER,4,0.929,0.929,False,0.575,0.0,0
Note_002483,77,203653.64,96.15,Right,INNER,5,0.969,0.969,False,0.575,0.0,0
Note_002484,65,203677.68,112.18,Left,BASS,5,0.969,0.969,False,0.575,-5.0,0
Note_002485,77,203677.68,104.17,Left,INNER,2,0.945,0.945,False,0.575,-5.0,0
Note_002486,29,203837.94,104.17,Left,BASS,5,0.976,0.976,False,0.172,-0.0,0
Note_002487,35,203837.94,88.14,Left,INNER,3,0.976,0.976,False,0.172,-0.0,0
Note_002488,41,203837.94,96.15,Left,INNER,2,0.984,0.984,False,0.172,-0.0,0
Note_002489,29,203845.95,128.21,Left,INNER,4,0.913,0.913,False,0.172,-0.0,0
Note_002490,41,203845.95,128.21,Left,INNER,1,0.913,0.913,False,0.172,-0.0,0
Note_002491,41,203845.95,112.18,Left,INNER,0,0.945,0.945,False,0.172,-0.0,0
Note_002492,65,203845.95,112.18,Right,INNER,0,0.937,0.937,False,0.575,0.0,0
Note_002493,65,203845.95,72.12,Right,INNER,0,0.969,0.969,False,0.575,0.0,0
Note_002494,69,203845.95,80.13,Right,INNER,1,0.969,0.969,False,0.575,0.0,0
Note_002495,72,203845.95,136.22,Right,INNER,2,0.937,0.937,False,0.575,0.0,0
Note_002496,72,203845.95,96.15,Right,INNER,3,0.969,0.969,False,0.575,0.0,0
Note_002497,77,203845.95,120.19,Right,INNER,4,0.921,0.921,False,0.575,0.0,0
Note_002498,77,203845.95,88.14,Right,INNER,5,0.969,0.969,False,0.575,0.0,0
Note_002499,77,203869.99,112.18,Left,INNER,2,0.945,0.945,False,0.575,-5.0,0
Note_002500,65,203878.0,104.17,Left,BASS,5,0.953,0.953,False,0.575,-5.0,0
Note_002501,29,204030.24,592.95,Left,BASS,5,0.984,0.984,False,0.172,-0.0,0
Note_002502,35,204030.24,392.63,Left,INNER,3,0.976,0.976,False,0.172,-0.0,0
Note_002503,41,204030.24,464.74,Left,INNER,2,0.984,0.984,False,0.172,-0.0,0
Note_002504,29,204038.26,544.87,Left,INNER,4,0.89,0.89,False,0.172,-0.0,0
Note_002505,41,204038.26,544.87,Left,INNER,1,0.961,0.961,False,0.172,-0.0,0
Note_002506,41,204038.26,368.59,Left,INNER,0,0.969,0.969,False,0.172,-0.0,0
Note_002507,65,204038.26,432.69,Right,INNER,0,0.969,0.969,False,0.575,0.0,0
Note_002508,65,204038.26,312.5,Right,INNER,0,0.969,0.969,False,0.575,0.0,0
Note_002509,69,204038.26,312.5,Right,INNER,1,0.969,0.969,False,0.575,0.0,0
Note_002510,72,204038.26,432.69,Right,INNER,2,0.913,0.913,False,0.575,0.0,0
Note_002511,72,204038.26,288.46,Right,INNER,3,0.969,0.969,False,0.575,0.0,0
Note_002512,77,204038.26,416.67,Right,INNER,4,0.937,0.937,False,0.575,0.0,0
Note_002513,77,204038.26,280.45,Right,INNER,5,0.969,0.969,False,0.575,0.0,0
Note_002514,77,204070.31,440.7,Left,INNER,2,0.969,0.969,False,0.575,-5.0,0
Note_002515,65,204094.35,416.67,Left,BASS,5,0.969,0.969,False,0.575,-5.0,0
Note_002516,35,204607.17,168.27,Left,BASS,5,0.976,0.976,False,0.216,-0.0,0
Note_002517,36,204607.17,192.31,Left,INNER,4,0.984,0.984,False,0.216,-0.0,0
Note_002518,43,204607.17,184.29,Left,INNER,0,0.976,0.976,False,0.216,-0.0,0
Note_002519,36,204615.18,72.12,Left,INNER,3,0.969,0.969,False,0.216,-0.0,0
Note_002520,36,204615.18,200.32,Left,INNER,2,0.945,0.945,False,0.216,-0.0,0
Note_002521,36,204615.18,160.26,Left,INNER,1,0.969,0.969,False,0.216,-0.0,0
Note_002522,48,204615.18,72.12,Left,INNER,0,0.953,0.953,False,0.216,-0.0,0
Note_002523,48,204615.18,128.21,Left,INNER,0,0.969,0.969,False,0.216,-0.0,0
Note_002524,81,204631.21,104.17,Right,MELODY,5,0.961,0.961,False,0.69,-10.0,0
Note_002525,72,204639.22,216.35,Left,BASS,5,0.969,0.969,False,0.586,-10.0,0
Note_002526,29,204991.78,192.31,Left,BASS,4,0.984,0.984,False,0.092,5.0,0
Note_002527,29,204999.8,168.27,Left,INNER,3,0.937,0.937,False,0.092,5.0,0
Note_002528,29,204999.8,96.15,Left,INNER,1,0.969,0.969,False,0.092,5.0,0
Note_002529,65,204999.8,120.19,Right,INNER,0,0.945,0.945,False,0.585,0.0,0
Note_002530,65,204999.8,104.17,Right,INNER,0,0.969,0.969,False,0.585,0.0,0
Note_002531,69,204999.8,144.23,Right,INNER,0,0.945,0.945,False,0.585,0.0,0
Note_002532,69,204999.8,128.21,Right,INNER,0,0.969,0.969,False,0.585,0.0,0
Note_002533,72,204999.8,144.23,Right,INNER,1,0.929,0.929,False,0.585,0.0,0
Note_002534,72,204999.8,112.18,Right,INNER,2,0.969,0.969,False,0.585,0.0,0
Note_002535,77,204999.8,136.22,Right,INNER,3,0.961,0.961,False,0.585,0.0,0
Note_002536,77,204999.8,112.18,Right,INNER,4,0.969,0.969,False,0.585,0.0,0
Note_002537,81,205023.83,96.15,Right,MELODY,5,0.929,0.929,False,0.585,0.0,0
Note_002538,65,205039.86,232.37,Left,BASS,5,0.976,0.976,False,0.575,-5.0,0
Note_002539,77,205039.86,200.32,Left,INNER,2,0.969,0.969,False,0.575,-5.0,0
Note_002540,35,205376.4,160.26,Left,BASS,5,0.976,0.976,False,0.216,-0.0,0
Note_002541,36,205376.4,176.28,Left,INNER,4,0.984,0.984,False,0.216,-0.0,0
Note_002542,43,205376.4,152.24,Left,INNER,0,0.976,0.976,False,0.216,-0.0,0
Note_002543,36,205384.41,72.12,Left,INNER,3,0.961,0.961,False,0.216,-0.0,0
Note_002544,36,205384.41,208.33,Left,INNER,2,0.929,0.929,False,0.216,-0.0,0
Note_002545,36,205384.41,104.17,Left,INNER,1,0.969,0.969,False,0.216,-0.0,0
Note_002546,48,205384.41,80.13,Left,INNER,0,0.953,0.953,False,0.216,-0.0,0
Note_002547,48,205384.41,88.14,Left,INNER,0,0.969,0.969,False,0.216,-0.0,0
Note_002548,81,205400.44,104.17,Right,MELODY,5,0.913,0.913,False,0.69,-10.0,0
Note_002549,29,205761.01,536.86,Left,BASS,5,0.984,0.984,False,0.162,-0.0,0
Note_002550,35,205761.01,841.35,Left,INNER,2,0.976,0.976,False,0.162,-0.0,0
Note_002551,41,205761.01,528.85,Left,INNER,0,0.984,0.984,False,0.162,-0.0,0
Note_002552,29,205769.03,528.85,Left,INNER,4,0.921,0.921,False,0.162,-0.0,0
Note_002553,29,205769.03,488.78,Left,INNER,3,0.969,0.969,False,0.162,-0.0,0
Note_002554,36,205769.03,88.14,Left,INNER,1,0.953,0.953,False,0.162,-0.0,0
Note_002555,41,205769.03,528.85,Left,INNER,0,0.969,0.969,False,0.162,-0.0,0
Note_002556,41,205769.03,480.77,Left,INNER,0,0.969,0.969,False,0.162,-0.0,0
Note_002557,65,205769.03,504.81,Right,INNER,0,0.937,0.937,False,0.585,0.0,0
Note_002558,65,205769.03,408.65,Right,INNER,0,0.969,0.969,False,0.585,0.0,0
Note_002559,69,205769.03,512.82,Right,INNER,0,0.953,0.953,False,0.585,0.0,0
Note_002560,69,205769.03,400.64,Right,INNER,0,0.969,0.969,False,0.585,0.0,0
Note_002561,72,205769.03,504.81,Right,INNER,1,0.961,0.961,False,0.585,0.0,0
Note_002562,72,205769.03,376.6,Right,INNER,2,0.969,0.969,False,0.585,0.0,0
Note_002563,77,205769.03,512.82,Right,INNER,3,0.969,0.969,False,0.585,0.0,0
Note_002564,77,205769.03,352.56,Right,INNER,4,0.969,0.969,False,0.585,0.0,0
Note_002565,65,205793.06,464.74,Left,BASS,5,0.969,0.969,False,0.575,-5.0,0
Note_002566,77,205793.06,448.72,Left,INNER,2,0.969,0.969,False,0.575,-5.0,0
Note_002567,81,205793.06,96.15,Right,MELODY,5,0.929,0.929,False,0.585,0.0,0
Note_002568,81,206313.9,88.14,Right,MELODY,5,0.787,0.787,False,0.69,-10.0,0
Note_002569,36,206345.95,56.09,Left,BASS,5,0.874,0.874,False,0.241,-0.0,0
Note_002570,48,206345.95,72.12,Left,INNER,1,0.827,0.827,False,0.241,-0.0,0
Note_002571,60,206345.95,88.14,Right,INNER,1,0.913,0.913,False,0.49,0.0,0
Note_002572,60,206345.95,80.13,Right,INNER,0,0.89,0.89,False,0.49,0.0,0
Note_002573,64,206345.95,96.15,Right,INNER,2,0.906,0.906,False,0.49,0.0,0
Note_002574,64,206345.95,88.14,Right,INNER,3,0.89,0.89,False,0.49,0.0,0
Note_002575,67,206345.95,96.15,Right,INNER,4,0.921,0.921,False,0.49,0.0,0
Note_002576,67,206345.95,120.19,Right,INNER,5,0.89,0.89,False,0.49,0.0,0
Note_002577,81,206522.23,80.13,Right,MELODY,5,0.843,0.843,False,0.69,-10.0,0
Note_002578,36,206538.26,72.12,Left,BASS,5,0.89,0.89,False,0.172,-10.0,0
Note_002579,81,206706.52,72.12,Right,MELODY,4,0.898,0.898,False,0.69,-5.0,0
Note_002580,36,206730.56,80.13,Left,BASS,5,0.961,0.961,False,0.172,-10.0,0
Note_002581,81,206898.83,72.12,Right,MELODY,4,0.929,0.929,False,0.69,-5.0,0
Note_002582,36,206922.87,72.12,Left,BASS,5,0.961,0.961,False,0.172,-10.0,0
Note_002583,81,207091.14,80.13,Right,MELODY,4,0.929,0.929,False,0.69,-5.0,0
Note_002584,36,207115.18,88.14,Left,BASS,5,0.945,0.945,False,0.172,-10.0,0
Note_002585,81,207291.46,96.15,Right,MELODY,5,0.937,0.937,False,0.69,-10.0,0
Note_002586,36,207307.49,88.14,Left,BASS,5,0.945,0.945,False,0.172,-10.0,0
Note_002587,29,207491.78,96.15,Left,BASS,5,0.969,0.969,False,0.176,0.0,0
Note_002588,35,207491.78,88.14,Left,INNER,3,0.976,0.976,False,0.176,0.0,0
Note_002589,41,207491.78,96.15,Left,INNER,2,0.984,0.984,False,0.176,0.0,0
Note_002590,43,207491.78,88.14,Left,INNER,0,0.969,0.969,False,0.176,0.0,0
Note_002591,29,207499.79,136.22,Left,INNER,4,0.969,0.969,False,0.176,0.0,0
Note_002592,41,207499.79,104.17,Left,INNER,1,0.969,0.969,False,0.176,0.0,0
Note_002593,65,207499.79,128.2,Right,INNER,0,0.937,0.937,False,0.566,0.0,0
Note_002594,65,207499.79,56.09,Right,INNER,0,0.969,0.969,False,0.566,0.0,0
Note_002595,69,207499.79,64.1,Right,INNER,1,0.969,0.969,False,0.566,0.0,0
Note_002596,72,207499.79,128.2,Right,INNER,2,0.929,0.929,False,0.566,0.0,0
Note_002597,72,207499.79,80.13,Right,INNER,3,0.969,0.969,False,0.566,0.0,0
Note_002598,77,207499.79,128.2,Right,INNER,4,0.874,0.874,False,0.566,0.0,0
Note_002599,77,207499.79,112.18,Right,INNER,5,0.969,0.969,False,0.566,0.0,0
Note_002600,65,207507.81,112.18,Right,INNER,0,0.976,0.976,False,0.566,0.0,0
Note_002601,77,207531.84,72.12,Left,BASS,5,0.969,0.969,False,0.644,-10.0,0
Note_002602,29,207684.09,96.15,Left,BASS,5,0.976,0.976,False,0.176,0.0,0
Note_002603,35,207684.09,96.15,Left,INNER,3,0.976,0.976,False,0.176,0.0,0
Note_002604,41,207684.09,96.15,Left,INNER,2,0.984,0.984,False,0.176,0.0,0
Note_002605,43,207684.09,96.15,Left,INNER,0,0.976,0.976,False,0.176,0.0,0
Note_002606,29,207692.1,160.26,Left,INNER,4,0.969,0.969,False,0.176,0.0,0
Note_002607,41,207692.1,176.28,Left,INNER,1,0.969,0.969,False,0.176,0.0,0
Note_002608,65,207692.1,136.22,Right,INNER,0,0.921,0.921,False,0.575,0.0,0
Note_002609,65,207692.1,80.13,Right,INNER,0,0.969,0.969,False,0.575,0.0,0
Note_002610,69,207692.1,72.12,Right,INNER,1,0.969,0.969,False,0.575,0.0,0
Note_002611,72,207692.1,160.26,Right,INNER,2,0.921,0.921,False,0.575,0.0,0
Note_002612,72,207692.1,72.12,Right,INNER,3,0.969,0.969,False,0.575,0.0,0
Note_002613,77,207692.1,152.24,Right,INNER,4,0.921,0.921,False,0.575,0.0,0
Note_002614,77,207692.1,72.12,Right,INNER,5,0.969,0.969,False,0.575,0.0,0
Note_002615,65,207724.15,96.15,Left,BASS,5,0.969,0.969,False,0.575,-5.0,0
Note_002616,77,207724.15,80.13,Left,INNER,2,0.969,0.969,False,0.575,-5.0,0
Note_002617,29,207876.39,264.42,Left,BASS,5,0.984,0.984,False,0.184,5.0,0
Note_002618,35,207876.39,240.38,Left,INNER,3,0.976,0.976,False,0.184,5.0,0
Note_002619,41,207876.39,288.46,Left,INNER,2,0.984,0.984,False,0.184,5.0,0
Note_002620,43,207876.39,240.38,Left,INNER,1,0.976,0.976,False,0.184,5.0,0
Note_002621,60,207884.41,96.15,Right,INNER,0,0.937,0.937,False,0.52,-0.0,0
Note_002622,60,207884.41,80.13,Right,INNER,0,0.882,0.882,False,0.52,-0.0,0
Note_002623,64,207884.41,104.17,Right,INNER,0,0.921,0.921,False,0.52,-0.0,0
Note_002624,64,207884.41,88.14,Right,INNER,0,0.882,0.882,False,0.52,-0.0,0
Note_002625,65,207884.41,192.31,Right,INNER,1,0.921,0.921,False,0.52,-0.0,0
Note_002626,67,207884.41,80.13,Right,INNER,2,0.929,0.929,False,0.52,-0.0,0
Note_002627,67,207884.41,120.19,Right,INNER,3,0.882,0.882,False,0.52,-0.0,0
Note_002628,72,207884.41,192.31,Right,INNER,4,0.921,0.921,False,0.52,-0.0,0
Note_002629,77,207884.41,96.15,Right,INNER,5,0.921,0.921,False,0.52,-0.0,0
Note_002630,65,207908.45,352.56,Left,BASS,4,0.961,0.961,False,0.575,5.0,0
Note_002631,77,207908.45,352.56,Left,INNER,1,0.976,0.976,False,0.575,5.0,0
Note_002632,36,208076.72,64.1,Left,BASS,5,0.937,0.937,False,0.241,-5.0,0
Note_002633,48,208076.72,80.13,Left,INNER,2,0.898,0.898,False,0.241,-5.0,0
Note_002634,60,208076.72,88.14,Right,INNER,0,0.913,0.913,False,0.523,0.0,0
Note_002635,64,208076.72,80.13,Right,INNER,1,0.906,0.906,False,0.523,0.0,0
Note_002636,64,208076.72,120.19,Right,INNER,2,0.882,0.882,False,0.523,0.0,0
Note_002637,67,208076.72,120.19,Right,INNER,3,0.937,0.937,False,0.523,0.0,0
Note_002638,67,208076.72,168.27,Right,INNER,4,0.882,0.882,False,0.523,0.0,0
Note_002639,77,208076.72,921.47,Right,INNER,5,0.772,0.772,False,0.523,0.0,0
Note_002640,81,208132.8,96.15,Right,MELODY,5,0.803,0.803,False,0.69,-10.0,0
Note_002641,36,208269.02,56.09,Left,BASS,5,0.953,0.953,False,0.241,-0.0,0
Note_002642,48,208269.02,56.09,Left,INNER,1,0.913,0.913,False,0.241,-0.0,0
Note_002643,60,208269.02,88.14,Right,INNER,1,0.953,0.953,False,0.513,0.0,0
Note_002644,65,208269.02,72.12,Right,INNER,2,0.929,0.929,False,0.513,0.0,0
Note_002645,65,208269.02,136.22,Right,INNER,3,0.882,0.882,False,0.513,0.0,0
Note_002646,69,208269.02,104.17,Right,INNER,4,0.945,0.945,False,0.513,0.0,0
Note_002647,69,208269.02,152.24,Right,INNER,5,0.882,0.882,False,0.513,0.0,0
Note_002648,81,208301.07,80.13,Right,MELODY,5,0.835,0.835,False,0.69,-10.0,0
Note_002649,36,208461.33,64.1,Left,BASS,5,0.961,0.961,False,0.172,-10.0,0
Note_002650,81,208485.37,88.14,Right,MELODY,4,0.921,0.921,False,0.69,-5.0,0
Note_002651,36,208653.64,88.14,Left,BASS,5,0.937,0.937,False,0.172,-10.0,0
Note_002652,81,208677.68,80.13,Right,MELODY,4,0.929,0.929,False,0.69,-5.0,0
Note_002653,36,208845.95,88.14,Left,BASS,5,0.953,0.953,False,0.172,-10.0,0
Note_002654,81,208869.98,80.13,Right,MELODY,5,0.953,0.953,False,0.69,-10.0,0
Note_002655,29,209030.24,104.17,Left,BASS,5,0.984,0.984,False,0.176,0.0,0
Note_002656,35,209030.24,80.13,Left,INNER,3,0.969,0.969,False,0.176,0.0,0
Note_002657,41,209030.24,112.18,Left,INNER,2,0.984,0.984,False,0.176,0.0,0
Note_002658,43,209030.24,88.14,Left,INNER,0,0.976,0.976,False,0.176,0.0,0
Note_002659,29,209038.25,120.19,Left,INNER,4,0.969,0.969,False,0.176,0.0,0
Note_002660,41,209038.25,112.18,Left,INNER,1,0.969,0.969,False,0.176,0.0,0
Note_002661,65,209038.25,112.18,Right,INNER,1,0.937,0.937,False,0.573,0.0,0
Note_002662,65,209038.25,64.1,Right,INNER,0,0.969,0.969,False,0.573,0.0,0
Note_002663,69,209038.25,88.14,Right,INNER,2,0.969,0.969,False,0.573,0.0,0
Note_002664,72,209038.25,128.21,Right,INNER,3,0.937,0.937,False,0.573,0.0,0
Note_002665,77,209038.25,128.21,Right,INNER,4,0.898,0.898,False,0.573,0.0,0
Note_002666,77,209038.25,96.15,Right,INNER,5,0.969,0.969,False,0.573,0.0,0
Note_002667,65,209062.29,96.15,Left,BASS,5,0.976,0.976,False,0.575,-5.0,0
Note_002668,77,209078.32,80.13,Left,INNER,2,0.969,0.969,False,0.575,-5.0,0
Note_002669,29,209222.55,104.17,Left,BASS,5,0.984,0.984,False,0.176,0.0,0
Note_002670,35,209222.55,96.15,Left,INNER,3,0.976,0.976,False,0.176,0.0,0
Note_002671,41,209222.55,96.15,Left,INNER,2,0.984,0.984,False,0.176,0.0,0
Note_002672,43,209222.55,96.15,Left,INNER,0,0.976,0.976,False,0.176,0.0,0
Note_002673,29,209230.56,136.22,Left,INNER,4,0.969,0.969,False,0.176,0.0,0
Note_002674,41,209230.56,136.22,Left,INNER,1,0.969,0.969,False,0.176,0.0,0
Note_002675,65,209230.56,192.31,Right,INNER,1,0.929,0.929,False,0.573,0.0,0
Note_002676,65,209230.56,80.13,Right,INNER,0,0.969,0.969,False,0.573,0.0,0
Note_002677,69,209230.56,104.17,Right,INNER,2,0.969,0.969,False,0.573,0.0,0
Note_002678,72,209230.56,192.31,Right,INNER,3,0.929,0.929,False,0.573,0.0,0
Note_002679,77,209230.56,184.29,Right,INNER,4,0.921,0.921,False,0.573,0.0,0
Note_002680,77,209230.56,112.18,Right,INNER,5,0.969,0.969,False,0.573,0.0,0
Note_002681,65,209270.62,88.14,Left,BASS,5,0.976,0.976,False,0.575,-5.0,0
Note_002682,77,209278.64,80.13,Left,INNER,2,0.976,0.976,False,0.575,-5.0,0
Note_002683,29,209414.85,328.53,Left,BASS,5,0.984,0.984,False,0.184,5.0,0
Note_002684,35,209414.85,160.26,Left,INNER,3,0.976,0.976,False,0.184,5.0,0
Note_002685,41,209414.85,312.5,Left,INNER,2,0.984,0.984,False,0.184,5.0,0
Note_002686,43,209414.85,168.27,Left,INNER,1,0.976,0.976,False,0.184,5.0,0
Note_002687,60,209422.87,96.15,Right,INNER,0,0.945,0.945,False,0.52,-0.0,0
Note_002688,60,209422.87,80.13,Right,INNER,0,0.882,0.882,False,0.52,-0.0,0
Note_002689,64,209422.87,88.14,Right,INNER,0,0.953,0.953,False,0.52,-0.0,0
Note_002690,64,209422.87,88.14,Right,INNER,0,0.882,0.882,False,0.52,-0.0,0
Note_002691,65,209422.87,192.31,Right,INNER,1,0.921,0.921,False,0.52,-0.0,0
Note_002692,67,209422.87,88.14,Right,INNER,2,0.953,0.953,False,0.52,-0.0,0
Note_002693,67,209422.87,120.19,Right,INNER,3,0.882,0.882,False,0.52,-0.0,0
Note_002694,72,209422.87,192.31,Right,INNER,4,0.921,0.921,False,0.52,-0.0,0
Note_002695,77,209422.87,96.15,Right,INNER,5,0.921,0.921,False,0.52,-0.0,0
Note_002696,65,209462.93,144.23,Left,BASS,4,0.969,0.969,False,0.575,5.0,0
Note_002697,77,209462.93,144.23,Left,INNER,1,0.976,0.976,False,0.575,5.0,0
Note_002698,36,209615.18,56.09,Left,BASS,5,0.913,0.913,False,0.241,-0.0,0
Note_002699,48,209615.18,72.12,Left,INNER,1,0.929,0.929,False,0.241,-0.0,0
Note_002700,60,209615.18,104.17,Right,INNER,0,0.921,0.921,False,0.523,0.0,0
Note_002701,64,209615.18,80.13,Right,INNER,1,0.937,0.937,False,0.523,0.0,0
Note_002702,64,209615.18,120.19,Right,INNER,2,0.882,0.882,False,0.523,0.0,0
Note_002703,67,209615.18,128.21,Right,INNER,3,0.945,0.945,False,0.523,0.0,0
Note_002704,67,209615.18,168.27,Right,INNER,4,0.882,0.882,False,0.523,0.0,0
Note_002705,77,209615.18,961.54,Right,INNER,5,0.74,0.74,False,0.523,0.0,0
Note_002706,81,209655.24,88.14,Right,MELODY,5,0.819,0.819,False,0.69,-10.0,0
Note_002707,36,209807.48,56.09,Left,BASS,5,0.953,0.953,False,0.172,-10.0,0
Note_002708,81,209831.52,88.14,Right,MELODY,4,0.866,0.866,False,0.69,-5.0,0
Note_002709,36,209999.79,72.12,Left,BASS,5,0.961,0.961,False,0.172,-10.0,0
Note_002710,81,210023.83,72.12,Right,MELODY,4,0.929,0.929,False,0.69,-5.0,0
Note_002711,36,210192.1,88.14,Left,BASS,5,0.937,0.937,False,0.172,-10.0,0
Note_002712,81,210200.11,72.12,Right,MELODY,4,0.929,0.929,False,0.69,-5.0,0
Note_002713,36,210384.41,72.12,Left,BASS,5,0.945,0.945,False,0.172,-10.0,0
Note_002714,81,210392.42,96.15,Right,MELODY,4,0.953,0.953,False,0.69,-5.0,0
Note_002715,65,210576.71,192.31,Left,BASS,5,0.969,0.969,False,0.552,5.0,0
Note_002716,65,210600.75,88.14,Left,INNER,2,0.976,0.976,False,0.552,5.0,0
Note_002717,77,210600.75,96.15,Left,INNER,1,0.969,0.969,False,0.552,5.0,0
Note_002718,77,210769.02,120.19,Left,BASS,3,0.913,0.913,False,0.644,15.0,0
Note_002719,77,210769.02,128.2,Left,INNER,2,0.969,0.969,False,0.644,15.0,0
Note_002720,77,210793.06,88.14,Left,INNER,1,0.961,0.961,False,0.644,15.0,0
Note_002721,65,210801.07,80.13,Left,BASS,5,0.976,0.976,False,0.506,-10.0,0
Note_002722,77,210961.33,777.24,Left,INNER,3,0.913,0.913,False,0.609,10.0,0
Note_002723,77,210961.33,512.82,Left,INNER,2,0.953,0.953,False,0.609,10.0,0
Note_002724,65,210985.37,144.23,Left,BASS,4,0.976,0.976,False,0.609,10.0,0
Note_002725,77,210985.37,160.26,Left,INNER,1,0.976,0.976,False,0.609,10.0,0
Note_002726,75,211153.64,1834.93,Left,BASS,5,0.913,0.913,True,0.621,-15.0,12
Note_002727,75,211153.64,2099.36,Left,INNER,4,0.961,0.961,True,0.621,-15.0,12
Note_002728,72,211345.94,1570.51,Left,BASS,5,0.937,0.937,False,0.586,5.0,0
Note_002729,72,211345.94,1570.51,Left,INNER,3,0.937,0.937,False,0.586,5.0,0
Note_002730,72,211345.94,1185.9,Left,INNER,2,0.843,0.843,False,0.586,5.0,0
Note_002731,72,211345.94,1875.0,Left,INNER,1,0.969,0.969,False,0.586,5.0,0
Note_002732,84,211345.94,1570.51,Right,MELODY,5,0.953,0.953,False,0.724,-10.0,0
Note_002733,68,211730.56,1209.93,Left,BASS,4,0.937,0.937,True,0.54,10.0,-12
Note_002734,68,211730.56,1209.93,Left,INNER,3,0.937,0.937,True,0.54,10.0,-12
Note_002735,68,211730.56,1250.0,Left,INNER,2,0.929,0.929,True,0.54,10.0,-12
Note_002736,68,211730.56,1466.34,Left,INNER,1,0.969,0.969,True,0.54,10.0,-12
Note_002737,80,211730.56,1209.93,Right,MELODY,4,0.945,0.945,True,0.678,-5.0,0
Note_002738,65,212115.17,865.38,Left,BASS,5,0.937,0.937,False,0.533,0.0,0
Note_002739,65,212115.17,865.38,Left,INNER,4,0.937,0.937,False,0.533,0.0,0
Note_002740,65,212115.17,889.42,Left,INNER,3,0.929,0.929,False,0.533,0.0,0
Note_002741,65,212115.17,1065.7,Left,INNER,2,0.969,0.969,False,0.533,0.0,0
Note_002742,77,212115.17,865.38,Left,INNER,1,0.945,0.945,False,0.533,0.0,0
Note_002743,63,212499.79,520.83,Left,BASS,5,0.937,0.937,True,0.51,0.0,0
Note_002744,63,212499.79,520.83,Left,INNER,4,0.937,0.937,True,0.51,0.0,0
Note_002745,63,212499.79,24.04,Left,INNER,3,0.921,0.921,True,0.51,0.0,0
Note_002746,63,212499.79,745.19,Left,INNER,2,0.969,0.969,True,0.51,0.0,0
Note_002747,75,212499.79,520.83,Left,INNER,1,0.953,0.953,True,0.51,0.0,0
Note_002748,35,213261.0,224.36,Left,BASS,5,0.969,0.969,False,0.253,-0.0,0
Note_002749,43,213261.0,304.49,Left,INNER,3,0.984,0.984,False,0.253,-0.0,0
Note_002750,43,213261.0,224.36,Left,INNER,2,0.976,0.976,False,0.253,-0.0,0
Note_002751,81,213261.0,96.15,Right,INNER,1,0.929,0.929,False,0.707,0.0,0
Note_002752,36,213269.02,80.13,Left,INNER,4,0.85,0.85,False,0.253,-0.0,0
Note_002753,48,213269.02,264.42,Left,INNER,1,0.945,0.945,False,0.253,-0.0,0
Note_002754,48,213269.02,264.42,Left,INNER,0,0.945,0.945,False,0.253,-0.0,0
Note_002755,48,213269.02,192.31,Left,INNER,0,0.969,0.969,False,0.253,-0.0,0
Note_002756,84,213269.02,200.32,Right,MELODY,5,0.969,0.969,False,0.707,0.0,0
Note_002757,35,213645.62,240.38,Left,BASS,5,0.976,0.976,False,0.249,-0.0,0
Note_002758,43,213645.62,200.32,Left,INNER,2,0.976,0.976,False,0.249,-0.0,0
Note_002759,45,213645.62,232.37,Left,INNER,1,0.976,0.976,False,0.249,-0.0,0
Note_002760,36,213653.63,104.17,Left,INNER,4,0.827,0.827,False,0.249,-0.0,0
Note_002761,47,213653.63,240.38,Left,INNER,0,0.945,0.945,False,0.249,-0.0,0
Note_002762,47,213653.63,240.38,Left,INNER,0,0.953,0.953,False,0.249,-0.0,0
Note_002763,47,213653.63,192.31,Left,INNER,0,0.969,0.969,False,0.249,-0.0,0
Note_002764,81,213653.63,104.17,Right,INNER,1,0.953,0.953,False,0.701,0.0,0
Note_002765,83,213653.63,192.31,Right,MELODY,5,0.969,0.969,False,0.701,0.0,0
Note_002766,41,213661.65,312.5,Left,INNER,3,0.984,0.984,False,0.249,-0.0,0
Note_002767,35,214030.23,216.35,Left,BASS,5,0.976,0.976,False,0.176,5.0,0
Note_002768,38,214030.23,240.38,Left,INNER,1,0.984,0.984,False,0.176,5.0,0
Note_002769,36,214038.25,128.2,Left,INNER,2,0.921,0.921,False,0.176,5.0,0
Note_002770,87,214038.25,200.32,Right,MELODY,4,0.969,0.969,True,0.724,5.0,0
Note_002771,81,214046.26,104.17,Right,INNER,1,0.953,0.953,False,0.724,5.0,0
Note_002772,35,214414.85,288.46,Left,BASS,5,0.984,0.984,False,0.165,5.0,0
Note_002773,35,214414.85,192.31,Left,INNER,2,0.976,0.976,False,0.165,5.0,0
Note_002774,81,214414.85,112.18,Right,INNER,1,0.937,0.937,False,0.718,5.0,0
Note_002775,36,214422.86,120.19,Left,INNER,1,0.961,0.961,False,0.165,5.0,0
Note_002776,86,214422.86,168.27,Right,MELODY,4,0.969,0.969,False,0.718,5.0,0
Note_002777,32,214799.46,264.42,Left,BASS,5,0.984,0.984,True,0.199,0.0,12
Note_002778,35,214799.46,192.31,Left,INNER,4,0.976,0.976,False,0.199,0.0,12
Note_002779,45,214799.46,200.32,Left,INNER,0,0.976,0.976,False,0.199,0.0,12
Note_002780,81,214799.46,120.19,Right,INNER,3,0.945,0.945,False,0.716,5.0,0
Note_002781,36,214807.48,120.19,Left,INNER,3,0.953,0.953,False,0.199,0.0,12
Note_002782,41,214807.48,240.38,Left,INNER,2,0.953,0.953,False,0.199,0.0,12
Note_002783,41,214807.48,240.38,Left,INNER,1,0.961,0.961,False,0.199,0.0,12
Note_002784,80,214807.48,168.27,Right,INNER,1,0.945,0.945,True,0.716,5.0,0
Note_002785,80,214807.48,112.18,Right,INNER,2,0.969,0.969,True,0.716,5.0,0
Note_002786,92,214807.48,184.29,Right,MELODY,5,0.969,0.969,True,0.716,5.0,0
Note_002787,31,215176.07,248.4,Left,BASS,5,0.984,0.984,False,0.182,0.0,0
Note_002788,35,215184.08,224.36,Left,INNER,4,0.976,0.976,False,0.182,0.0,0
Note_002789,43,215184.08,160.26,Left,INNER,0,0.976,0.976,False,0.182,0.0,0
Note_002790,36,215192.09,120.19,Left,INNER,3,0.961,0.961,False,0.182,0.0,0
Note_002791,38,215192.09,248.4,Left,INNER,2,0.953,0.953,False,0.182,0.0,0
Note_002792,38,215192.09,248.4,Left,INNER,1,0.961,0.961,False,0.182,0.0,0
Note_002793,79,215192.09,104.17,Right,INNER,1,0.969,0.969,False,0.718,5.0,0
Note_002794,83,215192.09,192.31,Right,INNER,3,0.945,0.945,False,0.718,5.0,0
Note_002795,91,215192.09,160.26,Right,MELODY,5,0.969,0.969,False,0.718,5.0,0
Note_002796,81,215200.11,120.19,Right,INNER,2,0.945,0.945,False,0.718,5.0,0
Note_002797,81,215560.68,144.23,Right,INNER,1,0.945,0.945,False,0.759,5.0,0
Note_002798,12,215576.71,392.63,Left,BASS,5,0.953,0.953,False,-0.103,-10.0,0
Note_002799,84,215576.71,216.35,Right,INNER,2,0.969,0.969,False,0.759,5.0,0
Note_002800,96,215576.71,240.38,Right,MELODY,5,0.969,0.969,False,0.759,5.0,0
Note_002801,79,215961.32,112.18,Right,MELODY,4,0.937,0.937,False,0.667,-5.0,0
Note_002802,79,216153.63,152.24,Right,MELODY,4,0.945,0.945,False,0.667,-5.0,0
Note_002803,81,216345.94,168.27,Right,MELODY,5,0.945,0.945,False,0.69,-10.0,0
Note_002804,79,216538.25,889.42,Right,MELODY,4,0.945,0.945,False,0.667,-5.0,0
Note_002805,43,216730.55,64.1,Left,BASS,1,0.882,0.882,False,0.253,10.0,0
Note_002806,55,216730.55,80.13,Right,INNER,1,0.874,0.874,False,0.46,15.0,0
Note_002807,67,216730.55,80.13,Right,INNER,2,0.89,0.89,False,0.46,15.0,0
Note_002808,43,216922.86,80.13,Left,BASS,5,0.89,0.89,False,0.253,-10.0,0
Note_002809,55,216922.86,80.13,Right,INNER,1,0.89,0.89,False,0.46,15.0,0
Note_002810,67,216922.86,184.29,Right,INNER,2,0.85,0.85,False,0.46,15.0,0
Note_002811,45,217115.17,200.32,Left,BASS,1,0.921,0.921,False,0.276,10.0,0
Note_002812,57,217115.17,184.29,Right,INNER,1,0.913,0.913,False,0.483,15.0,0
Note_002813,69,217115.17,168.27,Right,INNER,2,0.929,0.929,False,0.483,15.0,0
Note_002814,43,217307.48,288.46,Left,BASS,2,0.913,0.913,False,0.253,5.0,0
Note_002815,55,217307.48,184.29,Right,INNER,1,0.906,0.906,False,0.46,15.0,0
Note_002816,67,217307.48,408.65,Right,INNER,2,0.929,0.929,False,0.46,15.0,0
Note_002817,36,217499.78,72.12,Left,BASS,5,0.906,0.906,False,0.172,-10.0,0
Note_002818,64,217499.78,120.19,Right,INNER,0,0.937,0.937,False,0.607,0.0,0
Note_002819,72,217499.78,88.14,Right,INNER,1,0.969,0.969,False,0.607,0.0,0
Note_002820,76,217499.78,120.19,Right,INNER,2,0.945,0.945,False,0.607,0.0,0
Note_002821,76,217499.78,72.12,Right,INNER,3,0.961,0.961,False,0.607,0.0,0
Note_002822,76,217499.78,112.18,Right,INNER,4,0.953,0.953,False,0.607,0.0,0
Note_002823,79,217499.78,96.15,Right,MELODY,5,0.945,0.945,False,0.607,0.0,0
Note_002824,81,217531.83,96.15,Right,MELODY,5,0.811,0.811,False,0.69,-10.0,0
Note_002825,36,217692.09,64.1,Left,BASS,5,0.874,0.874,False,0.172,-10.0,0
Note_002826,64,217692.09,80.13,Right,INNER,0,0.929,0.929,False,0.619,-0.0,0
Note_002827,72,217692.09,112.18,Right,INNER,0,0.969,0.969,False,0.619,-0.0,0
Note_002828,76,217692.09,152.24,Right,INNER,1,0.929,0.929,False,0.619,-0.0,0
Note_002829,76,217692.09,72.12,Right,INNER,2,0.969,0.969,False,0.619,-0.0,0
Note_002830,76,217692.09,120.19,Right,INNER,3,0.913,0.913,False,0.619,-0.0,0
Note_002831,79,217692.09,336.54,Right,INNER,4,0.937,0.937,False,0.619,-0.0,0
Note_002832,81,217708.12,88.14,Right,MELODY,5,0.811,0.811,False,0.619,-0.0,0
Note_002833,36,217884.4,72.12,Left,BASS,5,0.953,0.953,False,0.172,-10.0,0
Note_002834,74,217884.4,88.14,Right,INNER,1,0.969,0.969,False,0.646,-0.0,0
Note_002835,77,217884.4,152.24,Right,INNER,2,0.937,0.937,False,0.646,-0.0,0
Note_002836,77,217884.4,104.17,Right,INNER,3,0.976,0.976,False,0.646,-0.0,0
Note_002837,77,217884.4,144.23,Right,INNER,4,0.961,0.961,False,0.646,-0.0,0
Note_002838,81,217908.44,88.14,Right,MELODY,5,0.898,0.898,False,0.646,-0.0,0
Note_002839,36,218076.71,48.08,Left,BASS,5,0.921,0.921,False,0.172,-10.0,0
Note_002840,64,218076.71,80.13,Right,INNER,0,0.945,0.945,False,0.619,-0.0,0
Note_002841,72,218076.71,112.18,Right,INNER,0,0.929,0.929,False,0.619,-0.0,0
Note_002842,76,218076.71,128.2,Right,INNER,1,0.937,0.937,False,0.619,-0.0,0
Note_002843,76,218076.71,88.14,Right,INNER,2,0.961,0.961,False,0.619,-0.0,0
Note_002844,76,218076.71,136.22,Right,INNER,3,0.961,0.961,False,0.619,-0.0,0
Note_002845,79,218076.71,128.2,Right,INNER,4,0.937,0.937,False,0.619,-0.0,0
Note_002846,81,218100.74,88.14,Right,MELODY,5,0.921,0.921,False,0.619,-0.0,0
Note_002847,41,218261.0,88.14,Left,INNER,2,0.984,0.984,False,0.201,-5.0,0
Note_002848,36,218269.01,88.14,Left,BASS,5,0.961,0.961,False,0.201,-5.0,0
Note_002849,71,218269.01,80.13,Right,INNER,0,0.969,0.969,False,0.626,0.0,0
Note_002850,74,218269.01,120.19,Right,INNER,1,0.945,0.945,False,0.626,0.0,0
Note_002851,74,218269.01,104.17,Right,INNER,2,0.969,0.969,False,0.626,0.0,0
Note_002852,74,218269.01,80.13,Right,INNER,3,0.945,0.945,False,0.626,0.0,0
Note_002853,79,218269.01,128.21,Right,INNER,4,0.937,0.937,False,0.626,0.0,0
Note_002854,81,218293.05,80.13,Right,MELODY,5,0.921,0.921,False,0.626,0.0,0
Note_002855,40,218453.31,104.17,Left,INNER,1,0.961,0.961,False,0.195,-0.0,0
Note_002856,36,218461.32,72.12,Left,BASS,5,0.953,0.953,False,0.195,-0.0,0
Note_002857,69,218461.32,88.14,Right,INNER,0,0.969,0.969,False,0.611,-0.0,0
Note_002858,72,218461.32,104.17,Right,INNER,1,0.945,0.945,False,0.611,-0.0,0
Note_002859,72,218461.32,88.14,Right,INNER,2,0.961,0.961,False,0.611,-0.0,0
Note_002860,72,218461.32,88.14,Right,INNER,3,0.969,0.969,False,0.611,-0.0,0
Note_002861,79,218461.32,120.19,Right,INNER,4,0.937,0.937,False,0.611,-0.0,0
Note_002862,81,218485.36,96.15,Right,MELODY,5,0.929,0.929,False,0.611,-0.0,0
Note_002863,38,218645.61,304.49,Left,INNER,1,0.953,0.953,False,0.184,-0.0,0
Note_002864,36,218653.63,80.13,Left,BASS,5,0.953,0.953,False,0.184,-0.0,0
Note_002865,67,218653.63,136.22,Right,INNER,1,0.969,0.969,False,0.584,0.0,0
Note_002866,71,218653.63,200.32,Right,INNER,2,0.945,0.945,False,0.584,0.0,0
Note_002867,71,218653.63,208.33,Right,INNER,3,0.961,0.961,False,0.584,0.0,0
Note_002868,71,218653.63,136.22,Right,INNER,4,0.969,0.969,False,0.584,0.0,0
Note_002869,79,218653.63,216.35,Right,MELODY,5,0.945,0.945,False,0.584,0.0,0
Note_002870,81,218685.68,96.15,Right,MELODY,5,0.945,0.945,False,0.69,-10.0,0
Note_002871,55,219038.24,288.46,Left,BASS,5,0.937,0.937,False,0.471,-0.0,0
Note_002872,55,219038.24,376.6,Left,INNER,4,0.89,0.89,False,0.471,-0.0,0
Note_002873,62,219038.24,144.23,Left,INNER,3,0.969,0.969,False,0.471,-0.0,0
Note_002874,67,219038.24,280.45,Left,INNER,2,0.969,0.969,False,0.471,-0.0,0
Note_002875,71,219038.24,336.54,Left,INNER,1,0.969,0.969,False,0.471,-0.0,0
Note_002876,79,219046.26,288.46,Right,MELODY,4,0.937,0.937,False,0.667,-5.0,0
Note_002877,35,219414.84,544.87,Left,BASS,5,0.969,0.969,False,0.176,5.0,0
Note_002878,36,219414.84,472.76,Left,INNER,2,0.969,0.969,False,0.176,5.0,0
Note_002879,38,219414.84,88.14,Left,INNER,1,0.866,0.866,False,0.176,5.0,0
Note_002880,84,219438.88,448.72,Right,MELODY,5,0.937,0.937,False,0.709,5.0,0
Note_002881,81,219446.9,96.15,Right,INNER,1,0.945,0.945,False,0.709,5.0,0
Note_002882,83,219446.9,16.03,Right,INNER,2,0.945,0.945,False,0.709,5.0,0
Note_002883,81,219807.47,112.18,Right,MELODY,4,0.835,0.835,False,0.69,-5.0,0
Note_002884,84,219975.74,120.19,Right,MELODY,5,0.945,0.945,False,0.724,-10.0,0
Note_002885,35,219991.77,192.31,Left,BASS,5,0.937,0.937,False,0.169,5.0,0
Note_002886,36,219991.77,176.28,Left,INNER,2,0.961,0.961,False,0.169,5.0,0
Note_002887,36,219999.78,80.13,Left,INNER,1,0.921,0.921,False,0.169,5.0,0
Note_002888,33,220184.07,376.6,Left,BASS,3,0.953,0.953,False,0.157,15.0,0
Note_002889,35,220184.07,192.31,Left,INNER,2,0.961,0.961,False,0.157,15.0,0
Note_002890,36,220192.09,72.12,Left,INNER,1,0.961,0.961,False,0.157,15.0,0
Note_002891,81,220192.09,96.15,Right,INNER,2,0.921,0.921,False,0.707,0.0,0
Note_002892,84,220192.09,144.23,Right,MELODY,4,0.945,0.945,False,0.707,0.0,0
Note_002893,33,220568.69,88.14,Left,BASS,5,0.945,0.945,False,0.138,-10.0,0
Note_002894,84,220568.69,112.18,Right,MELODY,5,0.937,0.937,False,0.724,-10.0,0
Note_002895,81,220616.77,80.13,Right,MELODY,4,0.913,0.913,False,0.69,-5.0,0
Note_002896,84,220744.97,152.24,Right,MELODY,5,0.929,0.929,False,0.724,-10.0,0
Note_002897,33,220761.0,104.17,Left,BASS,5,0.929,0.929,False,0.138,-10.0,0
Note_002898,83,220945.29,128.2,Right,MELODY,4,0.937,0.937,False,0.713,-5.0,0
Note_002899,35,220953.3,448.72,Left,BASS,5,0.976,0.976,False,0.165,5.0,0
Note_002900,35,220953.3,296.47,Left,INNER,2,0.976,0.976,False,0.165,5.0,0
Note_002901,36,220961.32,96.15,Left,INNER,1,0.961,0.961,False,0.165,5.0,0
Note_002902,81,220985.36,96.15,Right,MELODY,2,0.929,0.929,False,0.69,5.0,0
Note_002903,83,221145.61,120.19,Right,MELODY,4,0.929,0.929,False,0.713,-5.0,0
Note_002904,52,221153.63,64.1,Left,BASS,5,0.835,0.835,False,0.404,-0.0,0
Note_002905,52,221153.63,104.17,Left,INNER,4,0.89,0.89,False,0.404,-0.0,0
Note_002906,56,221153.63,96.15,Left,INNER,3,0.843,0.843,True,0.404,-0.0,0
Note_002907,59,221153.63,120.19,Left,INNER,2,0.913,0.913,False,0.404,-0.0,0
Note_002908,59,221153.63,96.15,Left,INNER,1,0.866,0.866,False,0.404,-0.0,0
Note_002909,59,221153.63,104.17,Left,INNER,0,0.969,0.969,False,0.404,-0.0,0
Note_002910,35,221337.92,256.41,Left,BASS,5,0.969,0.969,False,0.161,-10.0,0
Note_002911,83,221345.93,120.19,Right,MELODY,4,0.937,0.937,False,0.701,0.0,0
Note_002912,81,221361.96,96.15,Right,INNER,2,0.913,0.913,False,0.701,0.0,0
Note_002913,35,221530.23,136.22,Left,BASS,3,0.976,0.976,False,0.167,5.0,0
Note_002914,36,221538.24,72.12,Left,INNER,2,0.929,0.929,False,0.167,5.0,0
Note_002915,83,221538.24,152.24,Right,MELODY,5,0.929,0.929,False,0.713,-10.0,0
Note_002916,35,221722.53,657.05,Left,BASS,4,0.976,0.976,False,0.184,10.0,0
Note_002917,40,221722.53,456.73,Left,INNER,1,0.969,0.969,False,0.184,10.0,0
Note_002918,36,221730.55,72.12,Left,INNER,2,0.953,0.953,False,0.184,10.0,0
Note_002919,81,221746.57,96.15,Right,MELODY,4,0.937,0.937,False,0.69,-5.0,0
Note_002920,45,222115.16,88.14,Left,BASS,5,0.961,0.961,False,0.33,-5.0,0
Note_002921,52,222115.16,288.46,Left,INNER,3,0.953,0.953,False,0.33,-5.0,0
Note_002922,52,222115.16,152.24,Left,INNER,2,0.945,0.945,False,0.33,-5.0,0
Note_002923,69,222115.16,120.19,Right,INNER,1,0.969,0.969,False,0.59,15.0,0
Note_002924,72,222115.16,144.23,Right,INNER,2,0.969,0.969,False,0.59,15.0,0
Note_002925,76,222123.18,288.46,Right,INNER,3,0.945,0.945,False,0.59,15.0,0
Note_002926,81,222155.23,112.18,Right,MELODY,4,0.929,0.929,False,0.69,-5.0,0
Note_002927,40,222299.46,176.28,Left,BASS,5,0.969,0.969,False,0.218,-10.0,0
Note_002928,35,222491.76,280.45,Left,BASS,5,0.976,0.976,False,0.169,-0.0,0
Note_002929,36,222491.76,1017.63,Left,INNER,3,0.969,0.969,False,0.169,-0.0,0
Note_002930,36,222499.78,112.18,Left,INNER,1,0.961,0.961,False,0.169,-0.0,0
Note_002931,64,222499.78,1450.32,Right,INNER,1,0.969,0.969,False,0.549,10.0,0
Note_002932,67,222499.78,1426.28,Right,INNER,2,0.969,0.969,False,0.549,10.0,0
Note_002933,70,222499.78,1490.38,Right,INNER,3,0.969,0.969,True,0.549,10.0,0
Note_002934,74,222507.79,1330.13,Right,INNER,4,0.945,0.945,False,0.549,10.0,0
Note_002935,81,222539.84,96.15,Right,MELODY,5,0.921,0.921,False,0.69,-10.0,0
Note_002936,35,222876.38,232.37,Left,BASS,5,0.969,0.969,False,0.215,5.0,0
Note_002937,36,222884.39,64.1,Left,INNER,2,0.843,0.843,False,0.215,5.0,0
Note_002938,48,222884.39,72.12,Left,INNER,1,0.843,0.843,False,0.215,5.0,0
Note_002939,81,222900.42,112.18,Right,MELODY,4,0.906,0.906,False,0.69,-5.0,0
Note_002940,35,223260.99,288.46,Left,BASS,5,0.969,0.969,False,0.167,-0.0,0
Note_002941,36,223269.01,48.08,Left,INNER,1,0.85,0.85,False,0.167,-0.0,0
Note_002942,81,223269.01,112.18,Right,MELODY,4,0.921,0.921,False,0.69,-5.0,0
Note_002943,48,223461.32,32.05,Left,BASS,1,0.63,0.63,False,0.31,10.0,0
Note_002944,35,223645.61,248.4,Left,BASS,5,0.969,0.969,False,0.204,5.0,0
Note_002945,36,223645.61,256.41,Left,INNER,3,0.969,0.969,False,0.204,5.0,0
Note_002946,81,223645.61,104.17,Right,MELODY,4,0.913,0.913,False,0.69,-5.0,0
Note_002947,36,223653.62,64.1,Left,INNER,2,0.866,0.866,False,0.204,5.0,0
Note_002948,48,223653.62,72.12,Left,INNER,1,0.866,0.866,False,0.204,5.0,0
Note_002949,48,223845.93,96.15,Left,BASS,2,0.937,0.937,False,0.31,5.0,0
Note_002950,72,223845.93,96.15,Right,INNER,2,0.937,0.937,False,0.586,5.0,0
Note_002951,74,223950.1,88.14,Left,BASS,1,0.929,0.929,False,0.609,10.0,0
Note_002952,81,224014.2,112.18,Right,MELODY,4,0.843,0.843,False,0.69,-5.0,0
Note_002953,35,224030.22,248.4,Left,BASS,5,0.976,0.976,False,0.169,-5.0,0
Note_002954,36,224030.22,1250.0,Left,INNER,3,0.961,0.961,False,0.169,-5.0,0
Note_002955,36,224038.24,72.12,Left,INNER,2,0.866,0.866,False,0.169,-5.0,0
Note_002956,74,224134.39,72.12,Left,BASS,1,0.937,0.937,False,0.609,10.0,0
Note_002957,72,224214.52,96.15,Left,BASS,5,0.929,0.929,False,0.586,-10.0,0
Note_002958,74,224302.66,8.01,Left,BASS,1,0.937,0.937,False,0.609,10.0,0
Note_002959,72,224390.8,96.15,Right,INNER,2,0.921,0.921,False,0.638,0.0,0
Note_002960,35,224414.84,232.37,Left,BASS,5,0.969,0.969,False,0.215,-0.0,0
Note_002961,81,224414.84,96.15,Right,MELODY,4,0.866,0.866,False,0.638,0.0,0
Note_002962,36,224422.85,72.12,Left,BASS,3,0.866,0.866,False,0.215,-0.0,0
Note_002963,48,224422.85,72.12,Left,INNER,1,0.827,0.827,False,0.215,-0.0,0
Note_002964,74,224478.94,64.1,Left,BASS,2,0.937,0.937,False,0.609,5.0,0
Note_002965,72,224567.08,88.14,Left,BASS,5,0.921,0.921,False,0.586,-10.0,0
Note_002966,74,224647.21,80.13,Left,BASS,1,0.937,0.937,False,0.609,10.0,0
Note_002967,72,224743.37,88.14,Left,BASS,2,0.929,0.929,False,0.586,5.0,0
Note_002968,35,224799.45,272.44,Left,BASS,5,0.976,0.976,False,0.215,-0.0,0
Note_002969,81,224799.45,96.15,Right,MELODY,4,0.874,0.874,False,0.69,-5.0,0
Note_002970,36,224807.47,80.13,Left,INNER,3,0.882,0.882,False,0.215,-0.0,0
Note_002971,48,224807.47,72.12,Left,INNER,1,0.882,0.882,False,0.215,-0.0,0
Note_002972,74,224831.51,80.13,Left,BASS,2,0.937,0.937,False,0.609,5.0,0
Note_002973,72,224927.66,88.14,Left,BASS,5,0.929,0.929,False,0.586,-10.0,0
Note_002974,74,225007.79,80.13,Left,BASS,1,0.937,0.937,False,0.609,10.0,0
Note_002975,72,225111.95,88.14,Left,BASS,5,0.937,0.937,False,0.586,-10.0,0
Note_002976,35,225184.07,264.42,Left,BASS,3,0.969,0.969,False,0.215,15.0,0
Note_002977,81,225184.07,96.15,Right,MELODY,4,0.882,0.882,False,0.649,0.0,0
Note_002978,36,225192.08,56.09,Left,INNER,2,0.913,0.913,False,0.215,15.0,0
Note_002979,48,225192.08,64.1,Left,INNER,1,0.937,0.937,False,0.215,15.0,0
Note_002980,74,225192.08,64.1,Right,INNER,2,0.929,0.929,False,0.649,0.0,0
Note_002981,72,225280.22,88.14,Left,BASS,1,0.929,0.929,False,0.586,10.0,0
Note_002982,74,225368.36,80.13,Right,INNER,2,0.937,0.937,False,0.609,5.0,0
Note_002983,36,225376.38,104.17,Left,BASS,5,0.961,0.961,False,0.172,-10.0,0
Note_002984,72,225472.53,96.15,Left,BASS,1,0.937,0.937,False,0.586,10.0,0
Note_002985,81,225552.66,96.15,Right,MELODY,4,0.89,0.89,False,0.69,-5.0,0
Note_002986,35,225568.68,272.44,Left,BASS,5,0.969,0.969,False,0.167,-10.0,0
Note_002987,36,225568.68,192.31,Left,INNER,3,0.969,0.969,False,0.167,-10.0,0
Note_002988,72,225656.83,80.13,Left,BASS,2,0.929,0.929,False,0.586,5.0,0
Note_002989,74,225736.95,64.1,Left,BASS,1,0.937,0.937,False,0.609,10.0,0
Note_002990,47,225769.01,16.03,Left,BASS,5,0.583,0.583,False,0.305,-10.0,0
Note_002991,48,225769.01,56.09,Left,INNER,3,0.843,0.843,False,0.305,-10.0,0
Note_002992,72,225833.11,80.13,Left,BASS,3,0.929,0.929,False,0.586,-0.0,0
Note_002993,74,225913.24,80.13,Left,BASS,2,0.937,0.937,False,0.609,5.0,0
Note_002994,35,225953.3,272.44,Left,BASS,5,0.961,0.961,False,0.236,-0.0,0
Note_002995,81,225953.3,96.15,Right,MELODY,4,0.882,0.882,False,0.69,-5.0,0
Note_002996,48,225961.31,8.01,Left,INNER,1,0.772,0.772,False,0.236,-0.0,0
Note_002997,72,226017.4,80.13,Left,BASS,2,0.929,0.929,False,0.586,5.0,0
Note_002998,74,226097.53,80.13,Left,BASS,1,0.937,0.937,False,0.609,10.0,0
Note_002999,48,226153.62,48.08,Left,BASS,5,0.787,0.787,False,0.31,-10.0,0
Note_003000,72,226201.7,8.01,Left,BASS,3,0.929,0.929,False,0.586,-0.0,0
Note_003001,74,226281.83,80.13,Left,BASS,2,0.937,0.937,False,0.609,5.0,0
Note_003002,35,226337.91,272.44,Left,BASS,5,0.969,0.969,False,0.236,-0.0,0
Note_003003,81,226337.91,96.15,Right,MELODY,4,0.874,0.874,False,0.69,-5.0,0
Note_003004,48,226345.93,56.09,Left,INNER,1,0.717,0.717,False,0.236,-0.0,0
Note_003005,72,226385.99,80.13,Left,BASS,2,0.937,0.937,False,0.586,5.0,0
Note_003006,74,226474.13,72.12,Left,BASS,1,0.929,0.929,False,0.609,10.0,0
Note_003007,48,226538.24,56.09,Left,BASS,5,0.961,0.961,False,0.31,-10.0,0
Note_003008,72,226562.27,96.15,Right,INNER,2,0.937,0.937,False,0.586,5.0,0
Note_003009,74,226658.43,64.1,Left,BASS,1,0.929,0.929,False,0.609,10.0,0
Note_003010,35,226722.53,288.46,Left,BASS,5,0.969,0.969,False,0.236,-0.0,0
Note_003011,72,226722.53,88.14,Right,INNER,2,0.921,0.921,False,0.638,0.0,0
Note_003012,81,226722.53,96.15,Right,MELODY,4,0.874,0.874,False,0.638,0.0,0
Note_003013,48,226730.54,56.09,Left,INNER,1,0.929,0.929,False,0.236,-0.0,0
Note_003014,74,226810.67,72.12,Left,BASS,1,0.921,0.921,False,0.609,10.0,0
Note_003015,72,226866.76,96.15,Left,BASS,2,0.921,0.921,False,0.586,5.0,0
Note_003016,48,226922.85,56.09,Left,BASS,5,0.921,0.921,False,0.31,-10.0,0
Note_003017,71,226978.94,88.14,Left,BASS,2,0.874,0.874,False,0.575,5.0,0
Note_003018,72,227059.07,1690.7,Left,BASS,1,0.937,0.937,False,0.586,10.0,0
Note_003019,81,227067.08,96.15,Right,MELODY,2,0.906,0.906,False,0.69,5.0,0
Note_003020,35,227107.14,256.41,Left,BASS,5,0.976,0.976,False,0.161,-10.0,0
Note_003021,82,227115.16,2003.2,Right,INNER,3,0.969,0.969,True,0.716,-15.0,0
Note_003022,84,227115.16,1258.01,Right,INNER,4,0.906,0.906,False,0.716,-15.0,0
Note_003023,84,227115.16,2011.22,Right,MELODY,5,0.969,0.969,False,0.716,-15.0,0
Note_003024,81,227219.32,8.01,Right,MELODY,2,0.803,0.803,False,0.69,5.0,0
Note_003025,48,227307.47,8.01,Left,BASS,1,0.709,0.709,False,0.31,10.0,0
Note_003026,81,227323.49,64.1,Right,MELODY,4,0.882,0.882,False,0.69,-5.0,0
Note_003027,81,227459.71,8.01,Right,MELODY,4,0.827,0.827,False,0.69,-5.0,0
Note_003028,48,227499.77,8.01,Left,BASS,5,0.701,0.701,False,0.31,-10.0,0
Note_003029,81,227579.9,32.05,Right,MELODY,5,0.906,0.906,False,0.69,-10.0,0
Note_003030,48,227692.08,56.09,Left,BASS,5,0.677,0.677,False,0.31,-10.0,0
Note_003031,48,227884.39,104.17,Left,BASS,5,0.969,0.969,False,0.31,-10.0,0
Note_003032,48,228076.7,104.17,Left,BASS,5,0.677,0.677,False,0.31,-10.0,0
Note_003033,48,228269.0,96.15,Left,BASS,5,0.717,0.717,False,0.31,-10.0,0
Note_003034,40,228453.3,96.15,Left,BASS,5,0.937,0.937,False,0.264,-0.0,0
Note_003035,48,228461.31,112.18,Left,INNER,1,0.969,0.969,False,0.264,-0.0,0
Note_003036,48,228653.62,80.13,Left,BASS,1,0.764,0.764,False,0.31,10.0,0
Note_003037,40,228709.71,96.15,Left,BASS,5,0.961,0.961,False,0.218,-10.0,0
Note_003038,48,228845.93,96.15,Left,BASS,1,0.969,0.969,False,0.31,10.0,0
Note_003039,45,228966.12,96.15,Left,BASS,5,0.961,0.961,False,0.276,-10.0,0
Note_003040,48,229038.23,104.17,Left,BASS,1,0.961,0.961,False,0.31,10.0,0
Note_003041,35,229222.53,320.51,Left,BASS,5,0.953,0.953,False,0.195,-10.0,0
Note_003042,41,229222.53,504.81,Left,INNER,3,0.984,0.984,False,0.195,-10.0,0
Note_003043,49,229222.53,7796.47,Right,INNER,1,0.961,0.961,True,0.398,5.0,12
Note_003044,53,229230.54,552.88,Right,INNER,2,0.961,0.961,False,0.398,5.0,12
Note_003045,65,229230.54,528.85,Right,INNER,5,0.969,0.969,False,0.398,5.0,12
Note_003046,48,229422.85,104.17,Left,BASS,2,0.969,0.969,False,0.31,5.0,0
Note_003047,53,229615.16,552.88,Left,BASS,1,0.921,0.921,False,0.368,10.0,0
Note_003048,33,229735.35,456.73,Left,BASS,5,0.976,0.976,False,0.192,-10.0,0
Note_003049,35,229735.35,793.27,Left,INNER,4,0.945,0.945,False,0.192,-10.0,0
Note_003050,45,229743.36,512.82,Left,INNER,2,0.961,0.961,False,0.192,-10.0,0
Note_003051,57,229743.36,536.86,Right,INNER,3,0.969,0.969,False,0.414,0.0,0
Note_003052,40,229991.76,1306.09,Left,BASS,3,0.953,0.953,False,0.268,15.0,-12
Note_003053,42,229991.76,921.47,Left,INNER,2,0.953,0.953,True,0.268,15.0,-12
Note_003054,51,229991.76,392.63,Left,INNER,1,0.961,0.961,True,0.268,15.0,-12
Note_003055,45,230127.98,512.82,Left,BASS,4,0.921,0.921,False,0.276,-5.0,0
Note_003056,34,230248.17,480.77,Left,BASS,5,0.976,0.976,True,0.149,-10.0,12
Note_003057,46,230256.18,488.78,Right,INNER,1,0.953,0.953,True,0.356,15.0,12
Note_003058,58,230256.18,448.72,Right,INNER,2,0.961,0.961,True,0.356,15.0,12
Note_003059,46,230640.8,488.78,Left,BASS,2,0.906,0.906,True,0.287,5.0,0
Note_003060,35,230760.99,528.85,Left,BASS,5,0.984,0.984,False,0.161,-10.0,0
Note_003061,35,230760.99,360.58,Left,INNER,3,0.953,0.953,False,0.161,-10.0,0
Note_003062,51,230760.99,376.6,Right,INNER,3,0.961,0.961,True,0.36,-5.0,0
Note_003063,47,230769.0,496.79,Right,INNER,2,0.953,0.953,False,0.36,-5.0,0
Note_003064,59,230769.0,416.67,Right,INNER,5,0.969,0.969,False,0.36,-5.0,0
Note_003065,47,231153.62,496.79,Left,BASS,2,0.913,0.913,False,0.299,5.0,0
Note_003066,35,231273.81,833.33,Left,BASS,5,0.945,0.945,False,0.167,-0.0,0
Note_003067,36,231273.81,296.47,Left,INNER,1,0.976,0.976,False,0.167,-0.0,0
Note_003068,48,231281.82,304.49,Right,INNER,1,0.953,0.953,False,0.379,15.0,0
Note_003069,60,231281.82,208.33,Right,INNER,2,0.961,0.961,False,0.379,15.0,0
Note_003070,38,231530.22,232.37,Left,BASS,5,0.937,0.937,False,0.267,0.0,-12
Note_003071,40,231530.22,1354.17,Left,INNER,4,0.953,0.953,False,0.267,0.0,-12
Note_003072,42,231530.22,1041.67,Left,INNER,3,0.953,0.953,True,0.267,0.0,-12
Note_003073,51,231530.22,392.63,Left,INNER,1,0.953,0.953,True,0.267,0.0,-12
Note_003074,50,231538.23,264.42,Left,INNER,2,0.937,0.937,False,0.267,0.0,-12
Note_003075,62,231538.23,208.33,Right,INNER,2,0.969,0.969,False,0.471,5.0,0
Note_003076,48,231666.44,304.49,Left,BASS,1,0.906,0.906,False,0.31,10.0,0
Note_003077,40,231786.63,200.32,Left,BASS,5,0.945,0.945,False,0.218,-10.0,0
Note_003078,52,231794.64,352.56,Right,INNER,1,0.953,0.953,False,0.425,15.0,0
Note_003079,64,231794.64,240.38,Right,INNER,2,0.969,0.969,False,0.425,15.0,0
Note_003080,50,231922.85,264.42,Left,BASS,1,0.89,0.89,False,0.333,10.0,0
Note_003081,41,232043.04,136.22,Left,BASS,5,0.969,0.969,False,0.23,-10.0,0
Note_003082,53,232051.05,168.27,Right,INNER,2,0.953,0.953,False,0.437,-5.0,0
Note_003083,65,232051.05,192.31,Right,INNER,5,0.961,0.961,False,0.437,-5.0,0
Note_003084,52,232179.26,352.56,Left,BASS,1,0.913,0.913,False,0.356,10.0,0
Note_003085,35,232299.45,352.56,Left,BASS,5,0.945,0.945,False,0.195,-5.0,0
Note_003086,41,232299.45,560.9,Left,INNER,2,0.976,0.976,False,0.195,-5.0,0
Note_003087,51,232299.45,448.72,Right,INNER,1,0.961,0.961,True,0.406,5.0,12
Note_003088,53,232307.46,544.87,Right,INNER,2,0.953,0.953,False,0.406,5.0,12
Note_003089,65,232307.46,528.85,Right,INNER,5,0.961,0.961,False,0.406,5.0,12
Note_003090,53,232435.67,168.27,Left,BASS,1,0.906,0.906,False,0.368,10.0,0
Note_003091,53,232692.08,544.87,Left,BASS,1,0.906,0.906,False,0.368,10.0,0
Note_003092,33,232812.27,600.96,Left,BASS,5,0.976,0.976,False,0.192,-10.0,0
Note_003093,35,232812.27,841.35,Left,INNER,4,0.953,0.953,False,0.192,-10.0,0
Note_003094,45,232820.28,600.96,Left,INNER,2,0.953,0.953,False,0.192,-10.0,0
Note_003095,57,232820.28,544.87,Right,INNER,3,0.969,0.969,False,0.414,0.0,0
Note_003096,40,233068.68,1322.11,Left,BASS,3,0.969,0.969,False,0.268,15.0,-12
Note_003097,42,233068.68,1121.79,Left,INNER,2,0.953,0.953,True,0.268,15.0,-12
Note_003098,51,233068.68,440.7,Left,INNER,1,0.961,0.961,True,0.268,15.0,-12
Note_003099,45,233204.9,600.96,Left,BASS,4,0.906,0.906,False,0.276,-5.0,0
Note_003100,34,233325.09,392.63,Left,BASS,5,0.953,0.953,True,0.149,-10.0,12
Note_003101,46,233333.1,488.78,Right,INNER,1,0.953,0.953,True,0.356,15.0,12
Note_003102,58,233333.1,488.78,Right,INNER,2,0.961,0.961,True,0.356,15.0,12
Note_003103,46,233717.72,488.78,Left,BASS,2,0.906,0.906,True,0.287,5.0,0
Note_003104,35,233837.91,240.38,Left,BASS,5,0.953,0.953,False,0.161,-0.0,0
Note_003105,35,233837.91,312.5,Left,INNER,1,0.953,0.953,False,0.161,-0.0,0
Note_003106,51,233837.91,416.67,Right,INNER,3,0.953,0.953,True,0.36,-5.0,0
Note_003107,47,233845.92,328.53,Right,INNER,2,0.945,0.945,False,0.36,-5.0,0
Note_003108,59,233845.92,328.53,Right,INNER,5,0.969,0.969,False,0.36,-5.0,0
Note_003109,36,234094.32,208.33,Left,BASS,5,0.929,0.929,False,0.172,-10.0,0
Note_003110,48,234102.33,208.33,Right,INNER,1,0.921,0.921,False,0.379,5.0,0
Note_003111,60,234102.33,184.29,Right,INNER,4,0.969,0.969,False,0.379,5.0,0
Note_003112,47,234230.54,328.53,Left,BASS,1,0.898,0.898,False,0.299,10.0,0
Note_003113,35,234350.73,368.59,Left,BASS,5,0.953,0.953,False,0.178,-5.0,0
Note_003114,38,234350.73,248.4,Left,INNER,2,0.929,0.929,False,0.178,-5.0,0
Note_003115,50,234358.74,272.44,Right,INNER,2,0.953,0.953,False,0.402,-5.0,0
Note_003116,62,234358.74,336.54,Right,INNER,5,0.969,0.969,False,0.402,-5.0,0
Note_003117,48,234486.95,208.33,Left,BASS,1,0.866,0.866,False,0.31,10.0,0
Note_003118,36,234607.14,809.29,Left,BASS,5,0.976,0.976,False,0.257,-0.0,-12
Note_003119,40,234607.14,1322.11,Left,INNER,4,0.969,0.969,False,0.257,-0.0,-12
Note_003120,42,234607.14,1073.72,Left,INNER,3,0.953,0.953,True,0.257,-0.0,-12
Note_003121,51,234607.14,480.77,Left,INNER,1,0.961,0.961,True,0.257,-0.0,-12
Note_003122,48,234615.15,657.05,Left,INNER,2,0.969,0.969,False,0.257,-0.0,-12
Note_003123,60,234615.15,657.05,Right,INNER,1,0.969,0.969,False,0.448,10.0,0
Note_003124,50,234743.36,272.44,Left,BASS,1,0.913,0.913,False,0.333,10.0,0
Note_003125,48,234999.77,657.05,Left,BASS,2,0.921,0.921,False,0.31,5.0,0
Note_003126,35,235119.96,136.22,Left,BASS,5,0.945,0.945,False,0.161,-10.0,0
Note_003127,35,235376.37,408.65,Left,BASS,5,0.961,0.961,False,0.195,-5.0,0
Note_003128,41,235376.37,520.83,Left,INNER,2,0.984,0.984,False,0.195,-5.0,0
Note_003129,51,235376.37,432.69,Right,INNER,1,0.961,0.961,True,0.406,5.0,12
Note_003130,53,235384.38,552.88,Right,INNER,2,0.945,0.945,False,0.406,5.0,12
Note_003131,65,235384.38,552.88,Right,INNER,5,0.969,0.969,False,0.406,5.0,12
Note_003132,53,235769.0,552.88,Left,BASS,1,0.898,0.898,False,0.368,10.0,0
Note_003133,33,235889.19,528.85,Left,BASS,5,0.969,0.969,False,0.192,-10.0,0
Note_003134,35,235889.19,841.35,Left,INNER,4,0.961,0.961,False,0.192,-10.0,0
Note_003135,45,235897.2,472.76,Left,INNER,2,0.945,0.945,False,0.192,-10.0,0
Note_003136,57,235897.2,520.83,Right,INNER,3,0.969,0.969,False,0.414,0.0,0
Note_003137,40,236145.6,1346.15,Left,BASS,3,0.976,0.976,False,0.268,15.0,-12
Note_003138,42,236145.6,1225.96,Left,INNER,2,0.961,0.961,True,0.268,15.0,-12
Note_003139,51,236145.6,432.69,Left,INNER,1,0.961,0.961,True,0.268,15.0,-12
Note_003140,45,236281.82,472.76,Left,BASS,4,0.898,0.898,False,0.276,-5.0,0
Note_003141,34,236402.01,496.79,Left,BASS,5,0.976,0.976,True,0.149,-10.0,12
Note_003142,46,236410.02,528.85,Right,INNER,1,0.953,0.953,True,0.356,15.0,12
Note_003143,58,236410.02,440.7,Right,INNER,2,0.961,0.961,True,0.356,15.0,12
Note_003144,46,236794.64,528.85,Left,BASS,2,0.906,0.906,True,0.287,5.0,0
Note_003145,35,236914.83,472.76,Left,BASS,5,0.984,0.984,False,0.161,-10.0,0
Note_003146,35,236914.83,288.46,Left,INNER,3,0.953,0.953,False,0.161,-10.0,0
Note_003147,51,236914.83,480.77,Right,INNER,3,0.961,0.961,True,0.36,-5.0,0
Note_003148,47,236922.84,552.88,Right,INNER,2,0.953,0.953,False,0.36,-5.0,0
Note_003149,59,236922.84,464.74,Right,INNER,5,0.969,0.969,False,0.36,-5.0,0
Note_003150,47,237307.46,552.88,Left,BASS,2,0.906,0.906,False,0.299,5.0,0
Note_003151,35,237427.65,825.32,Left,BASS,5,0.969,0.969,False,0.167,-0.0,0
Note_003152,36,237427.65,280.45,Left,INNER,1,0.961,0.961,False,0.167,-0.0,0
Note_003153,48,237435.66,344.55,Right,INNER,1,0.937,0.937,False,0.379,10.0,0
Note_003154,60,237435.66,216.35,Right,INNER,3,0.969,0.969,False,0.379,10.0,0
Note_003155,38,237684.06,216.35,Left,BASS,5,0.961,0.961,False,0.267,0.0,-12
Note_003156,40,237684.06,1354.17,Left,INNER,4,0.969,0.969,False,0.267,0.0,-12
Note_003157,42,237684.06,1113.78,Left,INNER,3,0.953,0.953,True,0.267,0.0,-12
Note_003158,51,237684.06,456.73,Left,INNER,1,0.961,0.961,True,0.267,0.0,-12
Note_003159,50,237692.07,264.42,Left,INNER,2,0.945,0.945,False,0.267,0.0,-12
Note_003160,62,237692.07,232.37,Right,INNER,3,0.969,0.969,False,0.471,0.0,0
Note_003161,48,237820.28,344.55,Left,BASS,1,0.89,0.89,False,0.31,10.0,0
Note_003162,40,237940.47,184.29,Left,BASS,5,0.961,0.961,False,0.218,-10.0,0
Note_003163,52,237948.48,360.58,Right,INNER,1,0.937,0.937,False,0.425,10.0,0
Note_003164,64,237948.48,336.54,Right,INNER,3,0.961,0.961,False,0.425,10.0,0
Note_003165,50,238076.69,264.42,Left,BASS,1,0.898,0.898,False,0.333,10.0,0
Note_003166,41,238196.88,152.24,Left,BASS,5,0.937,0.937,False,0.23,-10.0,0
Note_003167,53,238204.89,192.31,Right,INNER,2,0.929,0.929,False,0.437,-5.0,0
Note_003168,65,238204.89,184.29,Right,INNER,5,0.961,0.961,False,0.437,-5.0,0
Note_003169,52,238333.1,360.58,Left,BASS,1,0.89,0.89,False,0.356,10.0,0
Note_003170,35,238453.29,296.47,Left,BASS,5,0.953,0.953,False,0.161,-10.0,0
Note_003171,67,238461.3,512.82,Right,INNER,1,0.969,0.969,False,0.529,10.0,0
Note_003172,53,238589.51,192.31,Left,BASS,3,0.882,0.882,False,0.368,-0.0,0
Note_003173,55,238845.92,504.81,Left,BASS,2,0.921,0.921,False,0.391,5.0,0
Note_003174,35,238966.11,657.05,Left,BASS,3,0.984,0.984,False,0.161,10.0,0
Note_003175,35,238966.11,729.17,Left,INNER,1,0.969,0.969,False,0.161,10.0,0
Note_003176,47,238974.12,633.01,Right,INNER,2,0.953,0.953,False,0.368,-5.0,0
Note_003177,59,238974.12,544.87,Right,INNER,5,0.969,0.969,False,0.368,-5.0,0
Note_003178,40,239222.52,817.31,Left,BASS,5,0.969,0.969,False,0.268,-10.0,0
Note_003179,42,239222.52,1209.93,Left,INNER,4,0.953,0.953,True,0.268,-10.0,0
Note_003180,51,239222.52,464.74,Left,INNER,2,0.961,0.961,True,0.268,-10.0,0
Note_003181,47,239358.74,633.01,Left,BASS,1,0.906,0.906,False,0.299,10.0,0
Note_003182,36,239478.93,376.6,Left,BASS,5,0.953,0.953,False,0.172,-10.0,0
Note_003183,48,239486.94,432.69,Right,INNER,1,0.913,0.913,False,0.379,10.0,0
Note_003184,60,239486.94,440.7,Right,INNER,3,0.969,0.969,False,0.379,10.0,0
Note_003185,48,239871.56,432.69,Left,BASS,1,0.858,0.858,False,0.31,10.0,0
Note_003186,35,239991.75,168.27,Left,BASS,5,0.953,0.953,False,0.172,-5.0,0
Note_003187,37,239991.75,232.37,Left,INNER,2,0.937,0.937,True,0.172,-5.0,0
Note_003188,51,239991.75,448.72,Right,INNER,3,0.961,0.961,True,0.375,-5.0,-12
Note_003189,49,239999.76,304.49,Right,INNER,2,0.921,0.921,True,0.375,-5.0,-12
Note_003190,61,239999.76,200.32,Right,INNER,5,0.961,0.961,True,0.375,-5.0,-12
Note_003191,38,240248.16,200.32,Left,BASS,2,0.961,0.961,False,0.207,15.0,0
Note_003192,40,240248.16,176.28,Left,INNER,1,0.961,0.961,False,0.207,15.0,0
Note_003193,62,240256.17,232.37,Right,INNER,1,0.969,0.969,False,0.471,10.0,0
Note_003194,49,240384.38,304.49,Left,BASS,5,0.866,0.866,True,0.328,-10.0,12
Note_003195,50,240384.38,336.54,Left,INNER,3,0.953,0.953,False,0.328,-10.0,12
Note_003196,40,240504.57,264.42,Left,BASS,2,0.961,0.961,False,0.218,15.0,0
Note_003197,40,240504.57,112.18,Left,INNER,1,0.953,0.953,False,0.218,15.0,0
Note_003198,64,240512.58,208.33,Right,INNER,2,0.969,0.969,False,0.494,5.0,0
Note_003199,52,240640.79,192.31,Left,BASS,5,0.929,0.929,False,0.356,-10.0,0
Note_003200,38,240760.98,721.15,Left,BASS,5,0.984,0.984,False,0.284,-0.0,0
Note_003201,42,240760.98,713.14,Left,INNER,4,0.953,0.953,True,0.284,-0.0,0
Note_003202,43,240760.98,152.24,Left,INNER,3,0.961,0.961,False,0.284,-0.0,0
Note_003203,51,240760.98,697.11,Left,INNER,0,0.969,0.969,True,0.284,-0.0,0
Note_003204,50,240768.99,721.15,Left,INNER,2,0.898,0.898,False,0.284,-0.0,0
Note_003205,50,240768.99,336.54,Left,INNER,1,0.913,0.913,False,0.284,-0.0,0
Note_003206,62,240768.99,320.51,Right,INNER,1,0.969,0.969,False,0.471,10.0,0
Note_003207,40,241017.39,96.15,Left,BASS,3,0.953,0.953,False,0.287,10.0,0
Note_003208,52,241025.4,192.31,Left,INNER,1,0.882,0.882,False,0.287,10.0,0
Note_003209,50,241153.61,721.15,Left,BASS,3,0.843,0.843,False,0.333,-0.0,0
Note_003210,45,241273.8,272.44,Left,BASS,5,0.969,0.969,False,0.276,-10.0,0
Note_003211,35,241530.21,352.56,Left,BASS,5,0.976,0.976,False,0.244,0.0,-12
Note_003212,36,241530.21,328.53,Left,INNER,4,0.984,0.984,False,0.244,0.0,-12
Note_003213,49,241530.21,809.29,Left,INNER,1,0.969,0.969,True,0.244,0.0,-12
Note_003214,43,241538.22,4671.47,Left,INNER,3,0.969,0.969,False,0.244,0.0,-12
Note_003215,48,241538.22,6145.83,Left,INNER,2,0.953,0.953,False,0.244,0.0,-12
Note_003216,60,241538.22,4358.97,Right,INNER,1,0.969,0.969,False,0.521,15.0,0
Note_003217,67,241538.22,3958.33,Right,INNER,2,0.969,0.969,False,0.521,15.0,0
Note_003218,72,241538.22,3774.03,Right,INNER,3,0.969,0.969,False,0.521,15.0,0
Note_003219,43,241922.84,4671.47,Left,BASS,5,0.921,0.921,False,0.282,-15.0,0
Note_003220,48,241922.84,6145.83,Left,INNER,4,0.906,0.906,False,0.282,-15.0,0
Note_003221,70,242027.0,448.72,Right,INNER,4,0.961,0.961,True,0.563,-5.0,0
Note_003222,35,242043.03,689.1,Left,BASS,2,0.937,0.937,False,0.167,15.0,0
Note_003223,36,242043.03,136.22,Left,INNER,1,0.937,0.937,False,0.167,15.0,0
Note_003224,36,242299.44,400.64,Left,BASS,5,0.945,0.945,False,0.23,-5.0,-12
Note_003225,40,242299.44,1330.13,Left,INNER,4,0.969,0.969,False,0.23,-5.0,-12
Note_003226,42,242299.44,865.38,Left,INNER,3,0.961,0.961,True,0.23,-5.0,-12
Note_003227,46,242299.44,424.68,Left,INNER,1,0.961,0.961,True,0.23,-5.0,-12
Note_003228,70,242611.94,344.55,Left,BASS,2,0.961,0.961,True,0.563,5.0,0
Note_003229,36,242812.26,96.15,Left,BASS,5,0.819,0.819,False,0.172,-10.0,0
Note_003230,35,243068.67,280.45,Left,BASS,5,0.961,0.961,False,0.207,-0.0,-12
Note_003231,36,243068.67,384.61,Left,INNER,3,0.898,0.898,False,0.207,-0.0,-12
Note_003232,46,243068.67,657.05,Left,INNER,1,0.961,0.961,True,0.207,-0.0,-12
Note_003233,70,243156.81,520.83,Left,BASS,2,0.969,0.969,True,0.563,5.0,0
Note_003234,35,243581.49,753.2,Left,BASS,5,0.945,0.945,False,0.167,-10.0,0
Note_003235,36,243581.49,96.15,Left,INNER,3,0.937,0.937,False,0.167,-10.0,0
Note_003236,69,243653.6,368.59,Left,BASS,1,0.937,0.937,False,0.552,10.0,0
Note_003237,36,243837.9,408.65,Left,BASS,5,0.961,0.961,False,0.23,-10.0,0
Note_003238,40,243837.9,1322.11,Left,INNER,4,0.969,0.969,False,0.23,-10.0,0
Note_003239,42,243837.9,753.2,Left,INNER,3,0.961,0.961,True,0.23,-10.0,0
Note_003240,46,243837.9,416.67,Left,INNER,2,0.961,0.961,True,0.23,-10.0,0
Note_003241,69,244158.41,320.51,Left,BASS,1,0.929,0.929,False,0.552,10.0,0
Note_003242,36,244350.72,112.18,Left,BASS,2,0.866,0.866,False,0.172,5.0,0
Note_003243,35,244607.13,272.44,Left,BASS,5,0.929,0.929,False,0.207,-10.0,0
Note_003244,36,244607.13,360.58,Left,INNER,4,0.913,0.913,False,0.207,-10.0,0
Note_003245,46,244607.13,408.65,Left,INNER,2,0.961,0.961,True,0.207,-10.0,0
Note_003246,69,244647.19,496.79,Left,BASS,1,0.961,0.961,False,0.552,10.0,0
Note_003247,35,245119.95,745.19,Left,BASS,5,0.953,0.953,False,0.167,-5.0,0
Note_003248,36,245119.95,136.22,Left,INNER,2,0.945,0.945,False,0.167,-5.0,0
Note_003249,67,245184.05,344.55,Left,BASS,1,0.969,0.969,False,0.529,10.0,0
Note_003250,36,245376.36,280.45,Left,BASS,5,0.953,0.953,False,0.226,-5.0,0
Note_003251,40,245376.36,1266.02,Left,INNER,3,0.969,0.969,False,0.226,-5.0,0
Note_003252,46,245376.36,536.86,Left,INNER,2,0.969,0.969,True,0.226,-5.0,0
Note_003253,67,245680.84,272.44,Left,BASS,1,0.961,0.961,False,0.529,10.0,0
Note_003254,36,245889.18,240.38,Left,BASS,5,0.913,0.913,False,0.172,-10.0,0
Note_003255,67,246113.54,745.19,Left,BASS,4,0.945,0.945,False,0.529,-5.0,0
Note_003256,29,246145.59,665.06,Left,BASS,5,0.984,0.984,False,0.193,5.0,-12
Note_003257,35,246145.59,200.32,Left,INNER,3,0.969,0.969,False,0.193,5.0,-12
Note_003258,46,246145.59,544.87,Left,INNER,1,0.969,0.969,True,0.193,5.0,-12
Note_003259,41,246153.6,1482.37,Left,INNER,2,0.953,0.953,False,0.193,5.0,-12
Note_003260,60,246153.6,1450.32,Right,INNER,1,0.969,0.969,False,0.523,10.0,0
Note_003261,65,246153.6,1354.17,Right,INNER,2,0.969,0.969,False,0.523,10.0,0
Note_003262,69,246153.6,1402.24,Right,INNER,3,0.969,0.969,False,0.523,10.0,0
Note_003263,72,246153.6,1266.02,Right,INNER,4,0.969,0.969,False,0.523,10.0,0
Note_003264,41,246538.22,1482.37,Left,BASS,3,0.906,0.906,False,0.23,-0.0,0
Note_003265,35,246658.41,777.24,Left,BASS,4,0.961,0.961,False,0.161,-5.0,0
Note_003266,65,246898.79,737.18,Right,INNER,5,0.969,0.969,False,0.506,-10.0,0
Note_003267,29,246914.82,721.15,Left,BASS,5,0.984,0.984,False,0.199,5.0,-12
Note_003268,40,246914.82,1233.97,Left,INNER,2,0.969,0.969,False,0.199,5.0,-12
Note_003269,46,246914.82,560.9,Left,INNER,1,0.969,0.969,True,0.199,5.0,-12
Note_003270,64,247660.01,560.9,Right,INNER,2,0.969,0.969,False,0.51,-0.0,0
Note_003271,35,247684.05,264.42,Left,BASS,5,0.969,0.969,False,0.237,0.0,0
Note_003272,36,247684.05,320.51,Left,INNER,4,0.969,0.969,False,0.237,0.0,0
Note_003273,46,247684.05,568.91,Left,INNER,2,0.969,0.969,True,0.237,0.0,0
Note_003274,43,247692.06,2988.78,Left,BASS,3,0.921,0.921,False,0.237,0.0,0
Note_003275,48,247692.06,40.06,Left,INNER,1,0.961,0.961,False,0.237,0.0,0
Note_003276,60,247692.06,2916.66,Right,INNER,1,0.969,0.969,False,0.51,-0.0,0
Note_003277,64,247692.06,2804.48,Right,INNER,3,0.969,0.969,False,0.51,-0.0,0
Note_003278,67,247692.06,2740.38,Right,INNER,4,0.969,0.969,False,0.51,-0.0,0
Note_003279,72,247692.06,2964.74,Right,INNER,5,0.969,0.969,False,0.51,-0.0,0
Note_003280,43,248076.68,2988.78,Left,BASS,5,0.866,0.866,False,0.282,-0.0,0
Note_003281,48,248076.68,40.06,Left,INNER,1,0.921,0.921,False,0.282,-0.0,0
Note_003282,35,248196.87,737.18,Left,BASS,2,0.953,0.953,False,0.167,15.0,0
Note_003283,36,248196.87,144.23,Left,INNER,1,0.874,0.874,False,0.167,15.0,0
Note_003284,65,248260.97,200.32,Left,BASS,5,0.969,0.969,False,0.506,-10.0,0
Note_003285,36,248453.28,256.41,Left,BASS,4,0.882,0.882,False,0.226,5.0,-12
Note_003286,40,248453.28,1378.2,Left,INNER,3,0.969,0.969,False,0.226,5.0,-12
Note_003287,46,248453.28,608.97,Left,INNER,1,0.961,0.961,True,0.226,5.0,-12
Note_003288,67,248525.39,2147.43,Left,INNER,2,0.961,0.961,False,0.517,-5.0,0
Note_003289,65,248533.41,56.09,Left,BASS,5,0.89,0.89,False,0.517,-5.0,0
Note_003290,36,248966.1,168.27,Left,BASS,1,0.953,0.953,False,0.172,10.0,0
Note_003291,35,249222.51,248.4,Left,BASS,5,0.969,0.969,False,0.207,-10.0,0
Note_003292,36,249222.51,368.59,Left,INNER,4,0.906,0.906,False,0.207,-10.0,0
Note_003293,46,249222.51,616.99,Left,INNER,2,0.961,0.961,True,0.207,-10.0,0
Note_003294,35,249735.33,528.85,Left,BASS,5,0.969,0.969,False,0.167,-0.0,0
Note_003295,36,249735.33,136.22,Left,INNER,1,0.898,0.898,False,0.167,-0.0,0
Note_003296,36,249991.74,368.59,Left,BASS,3,0.937,0.937,False,0.226,15.0,-12
Note_003297,40,249991.74,785.26,Left,INNER,2,0.969,0.969,False,0.226,15.0,-12
Note_003298,46,249991.74,657.05,Left,INNER,1,0.961,0.961,True,0.226,15.0,-12
Note_003299,35,250504.56,128.2,Left,BASS,5,0.969,0.969,False,0.167,-10.0,0
Note_003300,36,250504.56,280.45,Left,INNER,3,0.866,0.866,False,0.167,-10.0,0
Note_003301,31,250760.97,192.31,Left,BASS,5,0.945,0.945,False,0.204,-0.0,-12
Note_003302,35,250760.97,160.26,Left,INNER,4,0.969,0.969,False,0.204,-0.0,-12
Note_003303,46,250760.97,600.96,Left,INNER,1,0.961,0.961,True,0.204,-0.0,-12
Note_003304,43,250768.98,328.53,Left,INNER,2,0.929,0.929,False,0.204,-0.0,-12
Note_003305,55,250768.98,312.5,Right,INNER,1,0.961,0.961,False,0.46,10.0,0
Note_003306,67,250768.98,288.46,Right,INNER,3,0.969,0.969,False,0.46,10.0,0
Note_003307,34,251017.38,192.31,Left,BASS,5,0.945,0.945,True,0.218,-5.0,12
Note_003308,40,251017.38,128.2,Left,INNER,3,0.969,0.969,False,0.218,-5.0,12
Note_003309,46,251025.39,224.36,Left,INNER,2,0.945,0.945,True,0.218,-5.0,12
Note_003310,58,251025.39,288.46,Right,INNER,2,0.961,0.961,True,0.494,-5.0,-12
Note_003311,70,251025.39,216.35,Right,INNER,5,0.961,0.961,True,0.494,-5.0,-12
Note_003312,43,251153.6,328.53,Left,BASS,1,0.882,0.882,False,0.253,10.0,0
Note_003313,36,251273.79,128.2,Left,BASS,5,0.898,0.898,False,0.234,-10.0,0
Note_003314,40,251273.79,144.23,Left,INNER,4,0.961,0.961,False,0.234,-10.0,0
Note_003315,48,251281.8,192.31,Left,INNER,2,0.953,0.953,False,0.234,-10.0,0
Note_003316,60,251281.8,168.27,Right,INNER,1,0.961,0.961,False,0.517,10.0,0
Note_003317,72,251281.8,144.23,Right,INNER,3,0.961,0.961,False,0.517,10.0,0
Note_003318,46,251410.01,224.36,Left,BASS,5,0.898,0.898,True,0.287,-10.0,12
Note_003319,36,251530.2,248.4,Left,BASS,4,0.976,0.976,False,0.247,10.0,0
Note_003320,40,251530.2,200.32,Left,INNER,3,0.961,0.961,False,0.247,10.0,0
Note_003321,46,251530.2,416.67,Left,INNER,2,0.961,0.961,True,0.247,10.0,0
Note_003322,48,251538.21,288.46,Left,INNER,1,0.953,0.953,False,0.247,10.0,0
Note_003323,60,251538.21,320.51,Right,INNER,1,0.921,0.921,False,0.517,10.0,0
Note_003324,72,251538.21,280.45,Right,INNER,3,0.969,0.969,False,0.517,10.0,0
Note_003325,48,251666.42,192.31,Left,BASS,5,0.906,0.906,False,0.31,-10.0,0
Note_003326,34,251786.61,168.27,Left,BASS,4,0.969,0.969,True,0.199,10.0,-12
Note_003327,35,251786.61,384.61,Left,INNER,2,0.969,0.969,False,0.199,10.0,-12
Note_003328,46,251794.62,208.33,Left,INNER,1,0.937,0.937,True,0.199,10.0,-12
Note_003329,58,251794.62,272.44,Right,INNER,2,0.969,0.969,True,0.494,-5.0,-12
Note_003330,70,251794.62,184.29,Right,INNER,5,0.969,0.969,True,0.494,-5.0,-12
Note_003331,48,251922.83,288.46,Left,BASS,3,0.906,0.906,False,0.31,-0.0,0
Note_003332,39,252043.02,1322.11,Left,BASS,5,0.984,0.984,True,0.273,-0.0,0
Note_003333,40,252043.02,256.41,Left,INNER,4,0.976,0.976,False,0.273,-0.0,0
Note_003334,49,252043.02,1674.68,Left,INNER,2,0.976,0.976,True,0.273,-0.0,0
Note_003335,51,252051.03,1834.93,Left,INNER,1,0.953,0.953,True,0.273,-0.0,0
Note_003336,63,252051.03,1634.61,Right,INNER,1,0.969,0.969,True,0.549,-5.0,0
Note_003337,67,252051.03,1506.41,Right,INNER,3,0.969,0.969,False,0.549,-5.0,0
Note_003338,70,252051.03,1634.61,Right,INNER,4,0.969,0.969,True,0.549,-5.0,0
Note_003339,75,252051.03,1650.64,Right,INNER,5,0.961,0.961,True,0.549,-5.0,0
Note_003340,46,252179.24,208.33,Left,BASS,3,0.89,0.89,True,0.287,-0.0,0
Note_003341,51,252435.65,1834.93,Left,BASS,2,0.906,0.906,True,0.345,5.0,0
Note_003342,34,253325.07,176.28,Left,BASS,3,0.969,0.969,True,0.184,10.0,0
Note_003343,40,253325.07,160.26,Left,INNER,1,0.969,0.969,False,0.184,10.0,0
Note_003344,35,253581.48,176.28,Left,BASS,5,0.953,0.953,False,0.19,-10.0,0
Note_003345,40,253581.48,168.27,Left,INNER,3,0.969,0.969,False,0.19,-10.0,0
Note_003346,35,253837.89,416.67,Left,BASS,5,0.976,0.976,False,0.244,0.0,-12
Note_003347,36,253837.89,376.6,Left,INNER,4,0.945,0.945,False,0.244,0.0,-12
Note_003348,49,253837.89,801.28,Left,INNER,1,0.961,0.961,True,0.244,0.0,-12
Note_003349,43,253845.9,4487.17,Left,INNER,3,0.976,0.976,False,0.244,0.0,-12
Note_003350,48,253845.9,6290.06,Left,INNER,2,0.961,0.961,False,0.244,0.0,-12
Note_003351,60,253845.9,4471.15,Right,INNER,1,0.969,0.969,False,0.521,15.0,0
Note_003352,67,253845.9,4423.07,Right,INNER,2,0.969,0.969,False,0.521,15.0,0
Note_003353,72,253845.9,4391.02,Right,INNER,3,0.969,0.969,False,0.521,15.0,0
Note_003354,43,254230.52,4487.17,Left,BASS,4,0.937,0.937,False,0.282,5.0,0
Note_003355,48,254230.52,6290.06,Left,INNER,1,0.921,0.921,False,0.282,5.0,0
Note_003356,70,254286.6,352.56,Left,BASS,2,0.969,0.969,True,0.563,5.0,0
Note_003357,35,254350.71,641.02,Left,BASS,5,0.961,0.961,False,0.167,-10.0,0
Note_003358,36,254350.71,88.14,Left,INNER,3,0.913,0.913,False,0.167,-10.0,0
Note_003359,36,254607.12,368.59,Left,BASS,4,0.937,0.937,False,0.226,-0.0,0
Note_003360,40,254607.12,1386.22,Left,INNER,3,0.976,0.976,False,0.226,-0.0,0
Note_003361,46,254607.12,625.0,Left,INNER,2,0.961,0.961,True,0.226,-0.0,0
Note_003362,70,254831.48,328.53,Left,BASS,1,0.945,0.945,True,0.563,10.0,-12
Note_003363,35,255119.94,120.19,Left,BASS,5,0.953,0.953,False,0.167,-5.0,0
Note_003364,36,255119.94,160.26,Left,INNER,2,0.874,0.874,False,0.167,-5.0,0
Note_003365,35,255376.35,400.64,Left,BASS,3,0.945,0.945,False,0.207,15.0,-12
Note_003366,36,255376.35,360.58,Left,INNER,2,0.89,0.89,False,0.207,15.0,-12
Note_003367,46,255376.35,649.04,Left,INNER,1,0.961,0.961,True,0.207,15.0,-12
Note_003368,70,255400.39,560.9,Right,INNER,4,0.961,0.961,True,0.563,-5.0,0
Note_003369,35,255889.17,552.88,Left,BASS,5,0.953,0.953,False,0.167,-10.0,0
Note_003370,36,255889.17,144.23,Left,INNER,3,0.906,0.906,False,0.167,-10.0,0
Note_003371,69,255937.24,384.62,Left,BASS,1,0.937,0.937,False,0.552,10.0,0
Note_003372,36,256145.58,200.32,Left,BASS,5,0.898,0.898,False,0.226,-5.0,0
Note_003373,40,256145.58,1314.1,Left,INNER,3,0.969,0.969,False,0.226,-5.0,0
Note_003374,46,256145.58,665.06,Left,INNER,2,0.961,0.961,True,0.226,-5.0,0
Note_003375,34,256401.99,144.23,Left,BASS,5,0.937,0.937,True,0.149,-10.0,12
Note_003376,69,256538.2,296.47,Left,BASS,1,0.969,0.969,False,0.552,10.0,0
Note_003377,67,256610.32,80.13,Left,BASS,2,0.638,0.638,False,0.529,5.0,0
Note_003378,35,256658.4,112.18,Left,BASS,5,0.882,0.882,False,0.161,-10.0,0
Note_003379,35,256658.4,152.24,Left,INNER,3,0.913,0.913,False,0.161,-10.0,0
Note_003380,35,256914.81,400.64,Left,BASS,5,0.969,0.969,False,0.207,-10.0,0
Note_003381,36,256914.81,368.59,Left,INNER,4,0.969,0.969,False,0.207,-10.0,0
Note_003382,46,256914.81,657.05,Left,INNER,2,0.961,0.961,True,0.207,-10.0,0
Note_003383,69,257010.96,544.87,Left,BASS,1,0.945,0.945,False,0.552,10.0,0
Note_003384,35,257427.63,584.94,Left,BASS,5,0.953,0.953,False,0.167,-5.0,0
Note_003385,36,257427.63,152.24,Left,INNER,2,0.882,0.882,False,0.167,-5.0,0
Note_003386,67,257515.77,328.53,Left,BASS,1,0.961,0.961,False,0.529,10.0,0
Note_003387,36,257684.04,368.59,Left,BASS,5,0.913,0.913,False,0.226,-5.0,0
Note_003388,40,257684.04,1330.13,Left,INNER,3,0.969,0.969,False,0.226,-5.0,0
Note_003389,46,257684.04,649.04,Left,INNER,2,0.961,0.961,True,0.226,-5.0,0
Note_003390,67,257972.5,384.61,Left,BASS,1,0.945,0.945,False,0.529,10.0,0
Note_003391,35,258196.86,144.23,Left,BASS,5,0.953,0.953,False,0.167,-5.0,0
Note_003392,36,258196.86,224.36,Left,INNER,2,0.961,0.961,False,0.167,-5.0,0
Note_003393,29,258453.27,392.63,Left,BASS,5,0.969,0.969,False,0.193,5.0,-12
Note_003394,35,258453.27,312.5,Left,INNER,3,0.953,0.953,False,0.193,5.0,-12
Note_003395,46,258453.27,641.02,Left,INNER,1,0.961,0.961,True,0.193,5.0,-12
Note_003396,41,258461.28,1442.31,Left,INNER,2,0.953,0.953,False,0.193,5.0,-12
Note_003397,60,258461.28,1346.15,Right,INNER,1,0.969,0.969,False,0.523,10.0,0
Note_003398,65,258461.28,1209.93,Right,INNER,2,0.969,0.969,False,0.523,10.0,0
Note_003399,69,258461.28,1330.13,Right,INNER,3,0.969,0.969,False,0.523,10.0,0
Note_003400,72,258461.28,1314.1,Right,INNER,4,0.969,0.969,False,0.523,10.0,0
Note_003401,67,258517.37,713.14,Left,BASS,4,0.961,0.961,False,0.529,-5.0,0
Note_003402,41,258845.9,1442.31,Left,BASS,5,0.906,0.906,False,0.23,-10.0,0
Note_003403,29,258966.09,192.31,Left,BASS,2,0.937,0.937,False,0.126,15.0,0
Note_003404,35,258966.09,248.4,Left,INNER,1,0.961,0.961,False,0.126,15.0,0
Note_003405,29,259222.5,352.56,Left,BASS,5,0.969,0.969,False,0.199,5.0,-12
Note_003406,40,259222.5,192.31,Left,INNER,2,0.969,0.969,False,0.199,5.0,-12
Note_003407,46,259222.5,705.13,Left,INNER,1,0.961,0.961,True,0.199,5.0,-12
Note_003408,65,259270.57,657.05,Left,BASS,3,0.969,0.969,False,0.506,-0.0,0
Note_003409,40,259478.91,184.29,Left,BASS,5,0.961,0.961,False,0.218,-10.0,0
Note_003410,29,259735.32,184.29,Left,BASS,2,0.882,0.882,False,0.155,15.0,0
Note_003411,40,259735.32,833.33,Left,INNER,1,0.953,0.953,False,0.155,15.0,0
Note_003412,34,259991.73,296.47,Left,BASS,5,0.961,0.961,True,0.155,-10.0,12
Note_003413,35,259991.73,424.68,Left,INNER,3,0.969,0.969,False,0.155,-10.0,12
Note_003414,70,259991.73,657.05,Right,INNER,3,0.969,0.969,True,0.523,0.0,0
Note_003415,58,259999.74,3116.98,Right,INNER,0,0.969,0.969,True,0.523,0.0,0
Note_003416,62,259999.74,2812.5,Right,INNER,1,0.969,0.969,False,0.523,0.0,0
Note_003417,65,259999.74,2740.38,Right,INNER,2,0.969,0.969,False,0.523,0.0,0
Note_003418,70,259999.74,2956.73,Right,INNER,4,0.969,0.969,True,0.523,0.0,0
Note_003419,74,259999.74,2836.54,Right,INNER,5,0.969,0.969,False,0.523,0.0,0
Note_003420,46,260384.36,3036.86,Left,BASS,2,0.913,0.913,True,0.328,15.0,0
Note_003421,53,260384.36,3060.89,Left,INNER,1,0.913,0.913,False,0.328,15.0,0
Note_003422,34,260504.55,200.32,Left,BASS,5,0.929,0.929,True,0.155,-10.0,12
Note_003423,35,260504.55,552.88,Left,INNER,3,0.953,0.953,False,0.155,-10.0,12
Note_003424,67,260664.8,192.31,Left,BASS,1,0.961,0.961,False,0.529,10.0,0
Note_003425,34,260760.96,328.53,Left,BASS,5,0.953,0.953,True,0.218,-5.0,12
Note_003426,40,260760.96,1354.17,Left,INNER,3,0.976,0.976,False,0.218,-5.0,12
Note_003427,46,260760.96,657.05,Left,INNER,2,0.969,0.969,True,0.218,-5.0,12
Note_003428,65,260873.14,2195.51,Left,BASS,1,0.969,0.969,False,0.506,10.0,0
Note_003429,34,261273.78,200.32,Left,BASS,3,0.953,0.953,True,0.155,5.0,0
Note_003430,35,261273.78,136.22,Left,INNER,2,0.945,0.945,False,0.155,5.0,0
Note_003431,34,261530.19,248.4,Left,BASS,3,0.953,0.953,True,0.199,15.0,-12
Note_003432,35,261530.19,312.5,Left,INNER,2,0.953,0.953,False,0.199,15.0,-12
Note_003433,46,261530.19,641.03,Left,INNER,1,0.961,0.961,True,0.199,15.0,-12
Note_003434,34,262043.01,168.27,Left,BASS,5,0.953,0.953,True,0.155,-15.0,12
Note_003435,35,262043.01,408.65,Left,INNER,4,0.969,0.969,False,0.155,-15.0,12
Note_003436,34,262299.42,184.29,Left,BASS,3,0.976,0.976,True,0.218,15.0,-12
Note_003437,40,262299.42,280.45,Left,INNER,2,0.969,0.969,False,0.218,15.0,-12
Note_003438,46,262299.42,665.06,Left,INNER,1,0.969,0.969,True,0.218,15.0,-12
Note_003439,34,262555.83,176.28,Left,BASS,5,0.961,0.961,True,0.201,-10.0,12
Note_003440,43,262555.83,296.47,Left,INNER,3,0.953,0.953,False,0.201,-10.0,12
Note_003441,33,262812.24,248.4,Left,BASS,2,0.945,0.945,False,0.207,15.0,0
Note_003442,45,262812.24,560.9,Left,INNER,1,0.953,0.953,False,0.207,15.0,0
Note_003443,31,263068.65,408.65,Left,BASS,5,0.969,0.969,False,0.138,-15.0,0
Note_003444,35,263068.65,368.59,Left,INNER,4,0.976,0.976,False,0.138,-15.0,0
Note_003445,62,263076.66,2900.64,Right,INNER,1,0.969,0.969,False,0.543,5.0,0
Note_003446,67,263076.66,2804.48,Right,INNER,2,0.969,0.969,False,0.543,5.0,0
Note_003447,70,263076.66,2828.52,Right,INNER,3,0.969,0.969,True,0.543,5.0,0
Note_003448,74,263076.66,2596.15,Right,INNER,5,0.969,0.969,False,0.543,5.0,0
Note_003449,70,263148.78,3100.96,Left,INNER,2,0.961,0.961,True,0.557,5.0,0
Note_003450,69,263172.81,120.19,Left,BASS,3,0.906,0.906,False,0.557,5.0,0
Note_003451,43,263461.28,2956.73,Left,BASS,5,0.898,0.898,False,0.293,-10.0,0
Note_003452,50,263461.28,3157.05,Left,INNER,3,0.921,0.921,False,0.293,-10.0,0
Note_003453,31,263581.47,128.21,Left,BASS,2,0.953,0.953,False,0.138,15.0,0
Note_003454,35,263581.47,376.6,Left,INNER,1,0.969,0.969,False,0.138,15.0,0
Note_003455,31,263837.88,352.56,Left,BASS,5,0.937,0.937,False,0.207,-5.0,0
Note_003456,40,263837.88,1418.27,Left,INNER,3,0.976,0.976,False,0.207,-5.0,0
Note_003457,46,263837.88,657.05,Left,INNER,2,0.969,0.969,True,0.207,-5.0,0
Note_003458,31,264350.7,168.27,Left,BASS,5,0.921,0.921,False,0.138,-0.0,0
Note_003459,35,264350.7,152.24,Left,INNER,1,0.953,0.953,False,0.138,-0.0,0
Note_003460,31,264607.11,336.54,Left,BASS,3,0.937,0.937,False,0.188,15.0,-12
Note_003461,35,264607.11,368.59,Left,INNER,2,0.953,0.953,False,0.188,15.0,-12
Note_003462,46,264607.11,536.86,Left,INNER,1,0.961,0.961,True,0.188,15.0,-12
Note_003463,31,265119.93,168.27,Left,BASS,5,0.913,0.913,False,0.138,-10.0,0
Note_003464,35,265119.93,352.56,Left,INNER,3,0.969,0.969,False,0.138,-10.0,0
Note_003465,31,265376.34,200.32,Left,BASS,5,0.906,0.906,False,0.207,5.0,-12
Note_003466,40,265376.34,1290.06,Left,INNER,2,0.976,0.976,False,0.207,5.0,-12
Note_003467,46,265376.34,633.01,Left,INNER,1,0.961,0.961,True,0.207,5.0,-12
Note_003468,34,265632.75,200.32,Left,BASS,5,0.906,0.906,True,0.149,-10.0,12
Note_003469,35,265889.16,208.33,Left,BASS,5,0.882,0.882,False,0.161,-5.0,0
Note_003470,35,265889.16,160.26,Left,INNER,2,0.953,0.953,False,0.161,-5.0,0
Note_003471,35,266145.57,392.63,Left,BASS,5,0.961,0.961,False,0.241,-10.0,0
Note_003472,36,266145.57,408.65,Left,INNER,4,0.937,0.937,False,0.241,-10.0,0
Note_003473,49,266145.57,713.14,Left,INNER,2,0.969,0.969,True,0.241,-10.0,0
Note_003474,48,266153.58,3165.06,Left,INNER,3,0.945,0.945,False,0.241,-10.0,0
Note_003475,60,266153.58,3076.92,Right,INNER,0,0.969,0.969,False,0.54,0.0,0
Note_003476,64,266153.58,2708.33,Right,INNER,1,0.969,0.969,False,0.54,0.0,0
Note_003477,67,266153.58,2828.52,Right,INNER,2,0.969,0.969,False,0.54,0.0,0
Note_003478,72,266153.58,2972.75,Right,INNER,4,0.969,0.969,False,0.54,0.0,0
Note_003479,76,266153.58,2948.72,Right,INNER,5,0.969,0.969,False,0.54,0.0,0
Note_003480,69,266169.61,713.14,Right,INNER,3,0.913,0.913,False,0.54,0.0,0
Note_003481,48,266538.2,3165.06,Left,BASS,1,0.898,0.898,False,0.31,10.0,0
Note_003482,35,266658.39,368.59,Left,BASS,5,0.953,0.953,False,0.167,-5.0,0
Note_003483,36,266658.39,112.18,Left,INNER,2,0.945,0.945,False,0.167,-5.0,0
Note_003484,67,266882.75,2091.34,Left,BASS,1,0.969,0.969,False,0.529,10.0,0
Note_003485,36,266914.8,360.58,Left,BASS,5,0.89,0.89,False,0.226,-5.0,0
Note_003486,40,266914.8,1394.23,Left,INNER,3,0.969,0.969,False,0.226,-5.0,0
Note_003487,46,266914.8,528.85,Left,INNER,2,0.961,0.961,True,0.226,-5.0,0
Note_003488,35,267427.62,160.26,Left,BASS,5,0.953,0.953,False,0.167,-0.0,0
Note_003489,36,267427.62,144.23,Left,INNER,1,0.898,0.898,False,0.167,-0.0,0
Note_003490,35,267684.03,336.54,Left,BASS,3,0.953,0.953,False,0.207,15.0,-12
Note_003491,36,267684.03,336.54,Left,INNER,2,0.929,0.929,False,0.207,15.0,-12
Note_003492,46,267684.03,544.87,Left,INNER,1,0.961,0.961,True,0.207,15.0,-12
Note_003493,35,268196.85,552.88,Left,BASS,5,0.953,0.953,False,0.167,-10.0,0
Note_003494,36,268196.85,112.18,Left,INNER,3,0.819,0.819,False,0.167,-10.0,0
Note_003495,36,268453.26,416.67,Left,BASS,4,0.882,0.882,False,0.226,-0.0,0
Note_003496,40,268453.26,1346.15,Left,INNER,3,0.976,0.976,False,0.226,-0.0,0
Note_003497,46,268453.26,625.0,Left,INNER,2,0.961,0.961,True,0.226,-0.0,0
Note_003498,35,268966.08,152.24,Left,BASS,5,0.961,0.961,False,0.167,-0.0,0
Note_003499,36,268966.08,256.41,Left,INNER,1,0.953,0.953,False,0.167,-0.0,0
Note_003500,31,269222.49,304.49,Left,BASS,5,0.969,0.969,False,0.221,0.0,-12
Note_003501,35,269222.49,384.61,Left,INNER,4,0.953,0.953,False,0.221,0.0,-12
Note_003502,46,269222.49,520.83,Left,INNER,2,0.961,0.961,True,0.221,0.0,-12
Note_003503,43,269230.5,2916.66,Left,INNER,3,0.961,0.961,False,0.221,0.0,-12
Note_003504,46,269230.5,3012.82,Left,INNER,1,0.945,0.945,True,0.221,0.0,-12
Note_003505,62,269230.5,2996.79,Right,INNER,1,0.969,0.969,False,0.537,10.0,0
Note_003506,65,269230.5,2708.33,Right,INNER,2,0.969,0.969,False,0.537,10.0,0
Note_003507,70,269230.5,2964.74,Right,INNER,3,0.969,0.969,True,0.537,10.0,0
Note_003508,74,269230.5,2932.69,Right,INNER,4,0.969,0.969,False,0.537,10.0,0
Note_003509,43,269615.12,2916.66,Left,BASS,5,0.921,0.921,False,0.27,-15.0,0
Note_003510,46,269615.12,3012.82,Left,INNER,4,0.898,0.898,True,0.27,-15.0,0
Note_003511,31,269735.31,136.22,Left,BASS,2,0.724,0.724,False,0.138,15.0,0
Note_003512,35,269735.31,544.87,Left,INNER,1,0.953,0.953,False,0.138,15.0,0
Note_003513,70,269735.31,416.67,Right,INNER,5,0.961,0.961,True,0.563,-10.0,-12
Note_003514,31,269991.72,312.5,Left,BASS,5,0.961,0.961,False,0.207,-5.0,0
Note_003515,40,269991.72,1362.18,Left,INNER,3,0.969,0.969,False,0.207,-5.0,0
Note_003516,46,269991.72,560.9,Left,INNER,2,0.961,0.961,True,0.207,-5.0,0
Note_003517,70,270280.18,424.68,Left,BASS,1,0.969,0.969,True,0.563,10.0,-12
Note_003518,31,270504.54,160.26,Left,BASS,5,0.906,0.906,False,0.138,-5.0,0
Note_003519,35,270504.54,160.26,Left,INNER,2,0.945,0.945,False,0.138,-5.0,0
Note_003520,31,270760.95,312.5,Left,BASS,5,0.929,0.929,False,0.188,0.0,-12
Note_003521,35,270760.95,328.53,Left,INNER,3,0.953,0.953,False,0.188,0.0,-12
Note_003522,46,270760.95,552.88,Left,INNER,1,0.961,0.961,True,0.188,0.0,-12
Note_003523,70,270833.06,344.55,Left,BASS,2,0.969,0.969,True,0.563,5.0,0
Note_003524,31,271273.77,144.23,Left,BASS,5,0.898,0.898,False,0.138,-5.0,0
Note_003525,35,271273.77,568.91,Left,INNER,2,0.953,0.953,False,0.138,-5.0,0
Note_003526,70,271321.84,368.59,Left,BASS,1,0.937,0.937,True,0.563,10.0,-12
Note_003527,31,271530.18,208.33,Left,BASS,5,0.945,0.945,False,0.207,-5.0,0
Note_003528,40,271530.18,1338.14,Left,INNER,3,0.976,0.976,False,0.207,-5.0,0
Note_003529,46,271530.18,592.95,Left,INNER,2,0.961,0.961,True,0.207,-5.0,0
Note_003530,34,271786.59,192.31,Left,BASS,5,0.937,0.937,True,0.149,-10.0,12
Note_003531,70,271834.66,536.86,Left,BASS,2,0.961,0.961,True,0.563,5.0,0
Note_003532,35,272043.0,192.31,Left,BASS,5,0.835,0.835,False,0.161,-10.0,0
Note_003533,35,272043.0,160.26,Left,INNER,3,0.953,0.953,False,0.161,-10.0,0
Note_003534,35,272299.41,344.55,Left,BASS,5,0.969,0.969,False,0.237,0.0,0
Note_003535,36,272299.41,344.55,Left,INNER,4,0.945,0.945,False,0.237,0.0,0
Note_003536,46,272299.41,552.88,Left,INNER,2,0.961,0.961,True,0.237,0.0,0
Note_003537,43,272307.42,2996.79,Left,INNER,3,0.945,0.945,False,0.237,0.0,0
Note_003538,48,272307.42,3100.96,Left,INNER,1,0.929,0.929,False,0.237,0.0,0
Note_003539,60,272307.42,3036.86,Right,INNER,1,0.969,0.969,False,0.538,0.0,0
Note_003540,64,272307.42,2916.66,Right,INNER,2,0.969,0.969,False,0.538,0.0,0
Note_003541,67,272307.42,2828.52,Right,INNER,3,0.969,0.969,False,0.538,0.0,0
Note_003542,72,272307.42,2940.7,Right,INNER,4,0.969,0.969,False,0.538,0.0,0
Note_003543,76,272307.42,2900.64,Right,INNER,5,0.969,0.969,False,0.538,0.0,0
Note_003544,69,272355.5,753.2,Left,BASS,5,0.945,0.945,False,0.552,-10.0,0
Note_003545,43,272692.04,2996.79,Left,BASS,2,0.898,0.898,False,0.282,15.0,0
Note_003546,48,272692.04,3100.96,Left,INNER,1,0.882,0.882,False,0.282,15.0,0
Note_003547,35,272812.23,528.85,Left,BASS,5,0.953,0.953,False,0.167,-10.0,0
Note_003548,36,272812.23,136.22,Left,INNER,3,0.882,0.882,False,0.167,-10.0,0
Note_003549,36,273068.64,328.53,Left,BASS,4,0.929,0.929,False,0.226,-0.0,0
Note_003550,40,273068.64,1370.19,Left,INNER,3,0.969,0.969,False,0.226,-0.0,0
Note_003551,46,273068.64,568.91,Left,INNER,2,0.961,0.961,True,0.226,-0.0,0
Note_003552,67,273116.71,1362.18,Left,BASS,1,0.969,0.969,False,0.529,10.0,0
Note_003553,35,273581.46,160.26,Left,BASS,5,0.969,0.969,False,0.167,-5.0,0
Note_003554,36,273581.46,136.22,Left,INNER,2,0.906,0.906,False,0.167,-5.0,0
Note_003555,35,273837.87,312.5,Left,BASS,3,0.961,0.961,False,0.207,15.0,-12
Note_003556,36,273837.87,320.51,Left,INNER,2,0.913,0.913,False,0.207,15.0,-12
Note_003557,46,273837.87,528.85,Left,INNER,1,0.953,0.953,True,0.207,15.0,-12
Note_003558,35,274350.69,376.6,Left,BASS,5,0.969,0.969,False,0.167,-10.0,0
Note_003559,36,274350.69,192.31,Left,INNER,3,0.898,0.898,False,0.167,-10.0,0
Note_003560,36,274607.1,264.42,Left,BASS,4,0.929,0.929,False,0.226,-0.0,0
Note_003561,40,274607.1,1402.24,Left,INNER,3,0.969,0.969,False,0.226,-0.0,0
Note_003562,46,274607.1,681.09,Left,INNER,2,0.953,0.953,True,0.226,-0.0,0
Note_003563,35,275119.92,160.26,Left,BASS,5,0.969,0.969,False,0.167,-0.0,0
Note_003564,36,275119.92,224.36,Left,INNER,1,0.89,0.89,False,0.167,-0.0,0
Note_003565,65,275344.28,456.73,Left,BASS,5,0.969,0.969,False,0.506,-10.0,0
Note_003566,31,275376.33,1538.46,Left,BASS,3,0.984,0.984,False,0.138,10.0,0
Note_003567,35,275376.33,456.73,Left,INNER,1,0.976,0.976,False,0.138,10.0,0
Note_003568,62,275384.34,1514.42,Right,INNER,2,0.969,0.969,False,0.537,-10.0,0
Note_003569,65,275384.34,1097.76,Right,INNER,3,0.969,0.969,False,0.537,-10.0,0
Note_003570,70,275384.34,1410.26,Right,INNER,4,0.969,0.969,True,0.537,-10.0,0
Note_003571,74,275384.34,1442.31,Right,INNER,5,0.969,0.969,False,0.537,-10.0,0
Note_003572,43,275768.96,1450.32,Left,BASS,5,0.882,0.882,False,0.27,-5.0,0
Note_003573,46,275768.96,1538.46,Left,INNER,2,0.906,0.906,True,0.27,-5.0,0
Note_003574,35,275889.15,336.54,Left,BASS,1,0.969,0.969,False,0.161,10.0,0
Note_003575,65,275889.15,304.49,Right,INNER,1,0.945,0.945,False,0.506,10.0,0
Note_003576,40,276145.56,1418.27,Left,BASS,5,0.969,0.969,False,0.253,-5.0,0
Note_003577,46,276145.56,568.91,Left,INNER,2,0.961,0.961,True,0.253,-5.0,0
Note_003578,65,276417.99,160.26,Left,BASS,1,0.961,0.961,False,0.506,10.0,0
Note_003579,35,276658.38,761.22,Left,BASS,5,0.976,0.976,False,0.161,-10.0,0
Note_003580,65,276690.43,160.26,Left,BASS,1,0.961,0.961,False,0.506,10.0,0
Note_003581,64,276770.56,16.03,Left,BASS,5,0.638,0.638,False,0.494,-10.0,0
Note_003582,36,276914.79,1538.46,Left,BASS,5,0.969,0.969,False,0.264,5.0,-12
Note_003583,49,276914.79,1258.01,Left,INNER,1,0.969,0.969,True,0.264,5.0,-12
Note_003584,43,276922.8,1402.24,Left,INNER,3,0.961,0.961,False,0.264,5.0,-12
Note_003585,48,276922.8,1578.52,Left,INNER,2,0.929,0.929,False,0.264,5.0,-12
Note_003586,60,276922.8,1538.46,Right,INNER,1,0.969,0.969,False,0.538,0.0,0
Note_003587,64,276922.8,1434.29,Right,INNER,2,0.969,0.969,False,0.538,0.0,0
Note_003588,67,276922.8,1298.08,Right,INNER,3,0.969,0.969,False,0.538,0.0,0
Note_003589,72,276922.8,1474.36,Right,INNER,4,0.969,0.969,False,0.538,0.0,0
Note_003590,76,276922.8,1378.2,Right,INNER,5,0.961,0.961,False,0.538,0.0,0
Note_003591,67,276954.85,1554.49,Left,BASS,4,0.961,0.961,False,0.529,-5.0,0
Note_003592,43,277307.42,1402.24,Left,BASS,2,0.921,0.921,False,0.282,15.0,0
Note_003593,48,277307.42,1578.52,Left,INNER,1,0.882,0.882,False,0.282,15.0,0
Note_003594,35,277427.61,625.0,Left,BASS,5,0.969,0.969,False,0.161,-10.0,0
Note_003595,40,277684.02,1458.33,Left,BASS,3,0.969,0.969,False,0.253,5.0,0
Note_003596,46,277684.02,464.74,Left,INNER,2,0.961,0.961,True,0.253,5.0,0
Note_003597,35,278196.84,160.26,Left,BASS,1,0.953,0.953,False,0.161,10.0,0
Note_003598,31,278453.25,1538.46,Left,BASS,5,0.984,0.984,False,0.138,-5.0,0
Note_003599,35,278453.25,464.74,Left,INNER,2,0.961,0.961,False,0.138,-5.0,0
Note_003600,62,278461.26,1450.32,Right,INNER,1,0.969,0.969,False,0.537,5.0,0
Note_003601,65,278461.26,1201.92,Right,INNER,2,0.969,0.969,False,0.537,5.0,0
Note_003602,70,278461.26,1418.27,Right,INNER,3,0.969,0.969,True,0.537,5.0,0
Note_003603,74,278461.26,1394.23,Right,INNER,5,0.969,0.969,False,0.537,5.0,0
Note_003604,65,278517.35,384.61,Left,BASS,1,0.929,0.929,False,0.506,10.0,0
Note_003605,43,278845.88,3068.91,Left,BASS,3,0.89,0.89,False,0.27,5.0,0
Note_003606,46,278845.88,1546.47,Left,INNER,2,0.906,0.906,True,0.27,5.0,0
Note_003607,35,278966.07,256.41,Left,BASS,5,0.976,0.976,False,0.161,-10.0,0
Note_003608,65,279014.14,216.35,Left,BASS,1,0.937,0.937,False,0.506,10.0,0
Note_003609,40,279222.48,384.61,Left,BASS,5,0.976,0.976,False,0.253,-5.0,0
Note_003610,46,279222.48,464.74,Left,INNER,2,0.961,0.961,True,0.253,-5.0,0
Note_003611,65,279382.73,176.28,Left,BASS,1,0.961,0.961,False,0.506,10.0,0
Note_003612,65,279663.18,312.5,Left,BASS,1,0.961,0.961,False,0.506,10.0,0
Note_003613,35,279991.71,256.41,Left,BASS,5,0.969,0.969,False,0.241,-10.0,0
Note_003614,36,279991.71,1025.64,Left,INNER,4,0.953,0.953,False,0.241,-10.0,0
Note_003615,49,279991.71,785.26,Left,INNER,2,0.969,0.969,True,0.241,-10.0,0
Note_003616,48,279999.72,1578.52,Left,INNER,3,0.913,0.913,False,0.241,-10.0,0
Note_003617,60,279999.72,1522.43,Right,INNER,1,0.969,0.969,False,0.538,0.0,0
Note_003618,64,279999.72,1225.96,Right,INNER,2,0.969,0.969,False,0.538,0.0,0
Note_003619,67,279999.72,1330.13,Right,INNER,3,0.969,0.969,False,0.538,0.0,0
Note_003620,72,279999.72,1434.29,Right,INNER,4,0.969,0.969,False,0.538,0.0,0
Note_003621,76,279999.72,1306.09,Right,INNER,5,0.953,0.953,False,0.538,0.0,0
Note_003622,67,280111.9,552.88,Left,BASS,1,0.969,0.969,False,0.529,10.0,0
Note_003623,48,280384.34,1578.52,Left,BASS,2,0.858,0.858,False,0.31,5.0,0
Note_003624,35,280504.53,176.28,Left,BASS,5,0.969,0.969,False,0.161,-10.0,0
Note_003625,65,280608.69,448.72,Left,BASS,1,0.969,0.969,False,0.506,10.0,0
Note_003626,40,280760.94,384.62,Left,BASS,5,0.976,0.976,False,0.253,-5.0,0
Note_003627,46,280760.94,216.35,Left,INNER,2,0.961,0.961,True,0.253,-5.0,0
Note_003628,35,281017.35,256.41,Left,BASS,3,0.976,0.976,False,0.241,10.0,-12
Note_003629,49,281017.35,240.38,Left,INNER,1,0.969,0.969,True,0.241,10.0,-12
Note_003630,64,281089.46,408.65,Left,BASS,2,0.969,0.969,False,0.494,5.0,0
Note_003631,31,281145.55,224.36,Left,BASS,5,0.929,0.929,False,0.115,-10.0,0
Note_003632,40,281273.76,825.32,Left,BASS,3,0.969,0.969,False,0.253,5.0,0
Note_003633,46,281273.76,504.81,Left,INNER,2,0.969,0.969,True,0.253,5.0,0
Note_003634,35,281530.17,384.62,Left,BASS,5,0.969,0.969,False,0.195,-0.0,0
Note_003635,41,281530.17,496.79,Left,INNER,1,0.976,0.976,False,0.195,-0.0,0
Note_003636,65,281538.18,496.79,Right,INNER,1,0.969,0.969,False,0.575,15.0,0
Note_003637,77,281538.18,496.79,Right,INNER,2,0.969,0.969,False,0.575,15.0,0
Note_003638,65,281570.23,528.85,Left,BASS,2,0.961,0.961,False,0.506,5.0,0
Note_003639,53,281922.8,496.79,Left,BASS,5,0.906,0.906,False,0.368,-10.0,0
Note_003640,33,282042.99,504.81,Left,BASS,4,0.976,0.976,False,0.192,5.0,0
Note_003641,35,282042.99,737.18,Left,INNER,3,0.953,0.953,False,0.192,5.0,0
Note_003642,45,282051.0,496.79,Left,INNER,1,0.953,0.953,False,0.192,5.0,0
Note_003643,57,282051.0,496.79,Right,INNER,1,0.969,0.969,False,0.483,15.0,0
Note_003644,69,282051.0,496.79,Right,INNER,2,0.969,0.969,False,0.483,15.0,0
Note_003645,62,282099.08,264.42,Left,BASS,2,0.945,0.945,False,0.471,5.0,0
Note_003646,60,282283.37,2540.06,Right,INNER,3,0.937,0.937,False,0.448,0.0,0
Note_003647,40,282299.4,1298.08,Left,BASS,5,0.969,0.969,False,0.253,-10.0,0
Note_003648,46,282299.4,665.06,Left,INNER,3,0.961,0.961,True,0.253,-10.0,0
Note_003649,45,282435.62,496.79,Left,BASS,1,0.913,0.913,False,0.276,10.0,0
Note_003650,34,282555.81,464.74,Left,BASS,5,0.969,0.969,True,0.218,-5.0,12
Note_003651,46,282563.82,496.79,Left,INNER,2,0.945,0.945,True,0.218,-5.0,12
Note_003652,58,282563.82,496.79,Right,INNER,1,0.961,0.961,True,0.494,15.0,12
Note_003653,70,282563.82,496.79,Right,INNER,2,0.961,0.961,True,0.494,15.0,12
Note_003654,46,282948.44,496.79,Left,BASS,4,0.898,0.898,True,0.287,-5.0,0
Note_003655,35,283068.63,472.76,Left,BASS,5,0.984,0.984,False,0.227,5.0,0
Note_003656,35,283068.63,296.47,Left,INNER,3,0.969,0.969,False,0.227,5.0,0
Note_003657,46,283068.63,544.87,Left,INNER,2,0.961,0.961,True,0.227,5.0,0
Note_003658,47,283076.64,576.92,Left,INNER,1,0.961,0.961,False,0.227,5.0,0
Note_003659,59,283076.64,576.92,Right,INNER,1,0.969,0.969,False,0.506,10.0,0
Note_003660,71,283076.64,576.92,Right,INNER,3,0.969,0.969,False,0.506,10.0,0
Note_003661,47,283461.26,576.92,Left,BASS,3,0.921,0.921,False,0.299,-0.0,0
Note_003662,35,283581.45,793.27,Left,BASS,5,0.953,0.953,False,0.215,5.0,0
Note_003663,36,283581.45,280.45,Left,INNER,2,0.961,0.961,False,0.215,5.0,0
Note_003664,48,283589.46,320.51,Left,INNER,1,0.921,0.921,False,0.215,5.0,0
Note_003665,60,283589.46,320.51,Right,INNER,2,0.945,0.945,False,0.517,-5.0,0
Note_003666,72,283589.46,320.51,Right,INNER,5,0.945,0.945,False,0.517,-5.0,0
Note_003667,38,283837.86,240.38,Left,BASS,4,0.937,0.937,False,0.259,10.0,0
Note_003668,40,283837.86,1314.1,Left,INNER,3,0.969,0.969,False,0.259,10.0,0
Note_003669,46,283837.86,560.9,Left,INNER,2,0.961,0.961,True,0.259,10.0,0
Note_003670,50,283845.87,264.42,Left,INNER,1,0.929,0.929,False,0.259,10.0,0
Note_003671,62,283845.87,264.42,Right,INNER,1,0.953,0.953,False,0.54,10.0,0
Note_003672,74,283845.87,264.42,Right,INNER,3,0.953,0.953,False,0.54,10.0,0
Note_003673,48,283974.08,320.51,Left,BASS,5,0.866,0.866,False,0.31,-10.0,0
Note_003674,40,284094.27,304.49,Left,BASS,2,0.945,0.945,False,0.287,15.0,0
Note_003675,52,284102.28,344.55,Left,INNER,1,0.945,0.945,False,0.287,15.0,0
Note_003676,64,284102.28,344.55,Right,INNER,2,0.961,0.961,False,0.563,-5.0,0
Note_003677,76,284102.28,344.55,Right,INNER,5,0.961,0.961,False,0.563,-5.0,0
Note_003678,50,284230.49,264.42,Left,BASS,5,0.882,0.882,False,0.333,-10.0,0
Note_003679,41,284350.68,152.24,Left,BASS,2,0.969,0.969,False,0.299,15.0,0
Note_003680,53,284358.69,184.29,Left,INNER,1,0.953,0.953,False,0.299,15.0,0
Note_003681,65,284358.69,184.29,Right,INNER,1,0.969,0.969,False,0.575,10.0,0
Note_003682,77,284358.69,184.29,Right,INNER,3,0.969,0.969,False,0.575,10.0,0
Note_003683,52,284486.9,344.55,Left,BASS,5,0.898,0.898,False,0.356,-10.0,0
Note_003684,35,284607.09,320.51,Left,BASS,4,0.969,0.969,False,0.226,10.0,-12
Note_003685,41,284607.09,552.88,Left,INNER,2,0.984,0.984,False,0.226,10.0,-12
Note_003686,46,284607.09,560.9,Left,INNER,1,0.969,0.969,True,0.226,10.0,-12
Note_003687,65,284615.1,496.79,Right,INNER,1,0.969,0.969,False,0.575,15.0,0
Note_003688,77,284615.1,496.79,Right,INNER,2,0.969,0.969,False,0.575,15.0,0
Note_003689,53,284743.31,184.29,Left,BASS,5,0.906,0.906,False,0.402,-10.0,0
Note_003690,59,284759.33,112.18,Left,INNER,3,0.858,0.858,False,0.402,-10.0,0
Note_003691,57,284855.48,64.1,Left,BASS,1,0.866,0.866,False,0.414,10.0,0
Note_003692,55,284943.63,48.08,Left,BASS,2,0.819,0.819,False,0.391,5.0,0
Note_003693,53,284999.72,496.79,Left,BASS,5,0.906,0.906,False,0.368,-10.0,0
Note_003694,33,285119.91,568.91,Left,BASS,3,0.984,0.984,False,0.192,15.0,0
Note_003695,35,285119.91,713.14,Left,INNER,2,0.945,0.945,False,0.192,15.0,0
Note_003696,45,285127.92,536.86,Left,INNER,1,0.953,0.953,False,0.192,15.0,0
Note_003697,57,285127.92,536.86,Right,INNER,1,0.969,0.969,False,0.483,10.0,0
Note_003698,69,285127.92,536.86,Right,INNER,3,0.969,0.969,False,0.483,10.0,0
Note_003699,40,285376.32,1354.17,Left,BASS,5,0.969,0.969,False,0.253,-15.0,0
Note_003700,46,285376.32,584.94,Left,INNER,4,0.969,0.969,True,0.253,-15.0,0
Note_003701,45,285512.54,536.86,Left,BASS,1,0.913,0.913,False,0.276,10.0,0
Note_003702,46,285640.74,472.76,Left,BASS,2,0.945,0.945,True,0.287,5.0,0
Note_003703,58,285640.74,472.76,Right,INNER,2,0.961,0.961,True,0.494,-5.0,-12
Note_003704,70,285640.74,472.76,Right,INNER,5,0.961,0.961,True,0.494,-5.0,-12
Note_003705,34,285696.83,448.72,Left,BASS,3,0.969,0.969,True,0.149,-0.0,0
Note_003706,46,286025.36,472.76,Left,BASS,1,0.898,0.898,True,0.287,10.0,-12
Note_003707,35,286145.55,280.45,Left,BASS,5,0.969,0.969,False,0.227,-10.0,0
Note_003708,35,286145.55,224.36,Left,INNER,4,0.953,0.953,False,0.227,-10.0,0
Note_003709,46,286145.55,544.87,Left,INNER,3,0.969,0.969,True,0.227,-10.0,0
Note_003710,47,286153.56,280.45,Left,INNER,2,0.945,0.945,False,0.227,-10.0,0
Note_003711,59,286153.56,280.45,Right,INNER,1,0.961,0.961,False,0.506,10.0,0
Note_003712,71,286153.56,280.45,Right,INNER,3,0.961,0.961,False,0.506,10.0,0
Note_003713,36,286401.96,216.35,Left,BASS,4,0.937,0.937,False,0.241,5.0,0
Note_003714,48,286409.97,216.35,Left,INNER,1,0.921,0.921,False,0.241,5.0,0
Note_003715,60,286409.97,216.35,Right,INNER,2,0.945,0.945,False,0.517,-5.0,0
Note_003716,72,286409.97,216.35,Right,INNER,5,0.945,0.945,False,0.517,-5.0,0
Note_003717,47,286538.18,280.45,Left,BASS,5,0.898,0.898,False,0.299,-10.0,0
Note_003718,35,286658.37,705.13,Left,BASS,3,0.961,0.961,False,0.23,15.0,0
Note_003719,38,286658.37,320.51,Left,INNER,2,0.976,0.976,False,0.23,15.0,0
Note_003720,50,286666.38,272.44,Left,INNER,1,0.961,0.961,False,0.23,15.0,0
Note_003721,62,286666.38,272.44,Right,INNER,1,0.969,0.969,False,0.54,15.0,0
Note_003722,74,286666.38,272.44,Right,INNER,2,0.969,0.969,False,0.54,15.0,0
Note_003723,48,286794.59,216.35,Left,BASS,4,0.866,0.866,False,0.31,-5.0,0
Note_003724,36,286914.78,721.15,Left,BASS,5,0.976,0.976,False,0.247,5.0,0
Note_003725,40,286914.78,1314.1,Left,INNER,3,0.969,0.969,False,0.247,5.0,0
Note_003726,46,286914.78,560.9,Left,INNER,2,0.961,0.961,True,0.247,5.0,0
Note_003727,48,286922.79,713.14,Left,INNER,1,0.961,0.961,False,0.247,5.0,0
Note_003728,60,286922.79,713.14,Right,INNER,1,0.969,0.969,False,0.517,10.0,0
Note_003729,72,286922.79,713.14,Right,INNER,3,0.969,0.969,False,0.517,10.0,0
Note_003730,50,287051.0,272.44,Left,BASS,4,0.921,0.921,False,0.333,-5.0,0
Note_003731,48,287307.41,713.14,Left,BASS,5,0.921,0.921,False,0.31,-10.0,0
Note_003732,35,287684.01,224.36,Left,BASS,3,0.969,0.969,False,0.226,15.0,-12
Note_003733,41,287684.01,544.87,Left,INNER,2,0.984,0.984,False,0.226,15.0,-12
Note_003734,46,287684.01,552.88,Left,INNER,1,0.961,0.961,True,0.226,15.0,-12
Note_003735,65,287692.02,544.87,Right,INNER,1,0.969,0.969,False,0.575,10.0,0
Note_003736,77,287692.02,544.87,Right,INNER,3,0.969,0.969,False,0.575,10.0,0
Note_003737,53,288076.64,544.87,Left,BASS,5,0.921,0.921,False,0.368,-10.0,0
Note_003738,33,288196.83,568.91,Left,BASS,3,0.984,0.984,False,0.192,15.0,0
Note_003739,35,288196.83,681.09,Left,INNER,2,0.961,0.961,False,0.192,15.0,0
Note_003740,45,288204.84,528.85,Left,INNER,1,0.961,0.961,False,0.192,15.0,0
Note_003741,57,288204.84,528.85,Right,INNER,2,0.969,0.969,False,0.483,-5.0,0
Note_003742,69,288204.84,528.85,Right,INNER,5,0.969,0.969,False,0.483,-5.0,0
Note_003743,40,288453.24,1386.22,Left,BASS,5,0.969,0.969,False,0.253,-15.0,0
Note_003744,46,288453.24,560.9,Left,INNER,4,0.961,0.961,True,0.253,-15.0,0
Note_003745,45,288589.46,528.85,Left,BASS,1,0.921,0.921,False,0.276,10.0,0
Note_003746,34,288709.65,464.74,Left,BASS,5,0.945,0.945,True,0.218,-5.0,12
Note_003747,46,288717.66,488.78,Left,INNER,2,0.953,0.953,True,0.218,-5.0,12
Note_003748,58,288717.66,488.78,Right,INNER,1,0.969,0.969,True,0.494,10.0,12
Note_003749,70,288717.66,488.78,Right,INNER,3,0.969,0.969,True,0.494,10.0,12
Note_003750,46,289102.28,488.78,Left,BASS,4,0.906,0.906,True,0.287,-5.0,0
Note_003751,35,289222.47,496.79,Left,BASS,5,0.984,0.984,False,0.227,5.0,0
Note_003752,35,289222.47,240.38,Left,INNER,3,0.969,0.969,False,0.227,5.0,0
Note_003753,46,289222.47,576.92,Left,INNER,2,0.961,0.961,True,0.227,5.0,0
Note_003754,47,289230.48,536.86,Left,INNER,1,0.953,0.953,False,0.227,5.0,0
Note_003755,59,289230.48,536.86,Right,INNER,1,0.969,0.969,False,0.506,10.0,0
Note_003756,71,289230.48,536.86,Right,INNER,3,0.969,0.969,False,0.506,10.0,0
Note_003757,47,289615.1,536.86,Left,BASS,3,0.906,0.906,False,0.299,-0.0,0
Note_003758,35,289735.29,705.13,Left,BASS,5,0.969,0.969,False,0.215,5.0,0
Note_003759,36,289735.29,280.45,Left,INNER,2,0.976,0.976,False,0.215,5.0,0
Note_003760,48,289743.3,264.42,Left,INNER,1,0.913,0.913,False,0.215,5.0,0
Note_003761,60,289743.3,264.42,Right,INNER,2,0.937,0.937,False,0.517,-5.0,0
Note_003762,72,289743.3,264.42,Right,INNER,5,0.937,0.937,False,0.517,-5.0,0
Note_003763,38,289991.7,224.36,Left,BASS,4,0.937,0.937,False,0.259,10.0,0
Note_003764,40,289991.7,1306.09,Left,INNER,3,0.969,0.969,False,0.259,10.0,0
Note_003765,46,289991.7,625.0,Left,INNER,2,0.969,0.969,True,0.259,10.0,0
Note_003766,50,289999.71,224.36,Left,INNER,1,0.921,0.921,False,0.259,10.0,0
Note_003767,62,289999.71,224.36,Right,INNER,1,0.945,0.945,False,0.54,10.0,0
Note_003768,74,289999.71,224.36,Right,INNER,3,0.945,0.945,False,0.54,10.0,0
Note_003769,48,290127.92,264.42,Left,BASS,5,0.858,0.858,False,0.31,-10.0,0
Note_003770,40,290248.11,224.36,Left,BASS,2,0.898,0.898,False,0.287,15.0,0
Note_003771,52,290256.12,392.63,Left,INNER,1,0.929,0.929,False,0.287,15.0,0
Note_003772,64,290256.12,392.63,Right,INNER,1,0.953,0.953,False,0.563,10.0,0
Note_003773,76,290256.12,392.63,Right,INNER,3,0.953,0.953,False,0.563,10.0,0
Note_003774,50,290384.33,224.36,Left,BASS,5,0.866,0.866,False,0.333,-10.0,0
Note_003775,41,290504.52,136.22,Left,BASS,2,0.953,0.953,False,0.299,15.0,0
Note_003776,53,290512.53,176.28,Left,INNER,1,0.929,0.929,False,0.299,15.0,0
Note_003777,65,290512.53,176.28,Right,INNER,2,0.953,0.953,False,0.575,-5.0,0
Note_003778,77,290512.53,176.28,Right,INNER,5,0.953,0.953,False,0.575,-5.0,0
Note_003779,52,290640.74,392.63,Left,BASS,2,0.882,0.882,False,0.356,5.0,0
Note_003780,35,290760.93,272.44,Left,BASS,5,0.969,0.969,False,0.161,-10.0,0
Note_003781,67,290768.94,496.79,Right,INNER,1,0.969,0.969,False,0.598,15.0,0
Note_003782,79,290768.94,496.79,Right,MELODY,2,0.969,0.969,False,0.598,15.0,0
Note_003783,53,290897.15,176.28,Left,BASS,1,0.882,0.882,False,0.368,10.0,0
Note_003784,55,291153.56,496.79,Left,BASS,5,0.913,0.913,False,0.391,-10.0,0
Note_003785,35,291273.75,681.09,Left,BASS,3,0.976,0.976,False,0.207,15.0,0
Note_003786,35,291273.75,657.05,Left,INNER,2,0.969,0.969,False,0.207,15.0,0
Note_003787,47,291281.76,649.04,Left,INNER,1,0.953,0.953,False,0.207,15.0,0
Note_003788,59,291281.76,649.04,Right,INNER,1,0.969,0.969,False,0.506,10.0,0
Note_003789,71,291281.76,649.04,Right,INNER,3,0.969,0.969,False,0.506,10.0,0
Note_003790,40,291530.16,1370.19,Left,BASS,5,0.969,0.969,False,0.253,-15.0,0
Note_003791,46,291530.16,544.87,Left,INNER,4,0.961,0.961,True,0.253,-15.0,0
Note_003792,47,291666.38,649.04,Left,BASS,1,0.913,0.913,False,0.299,10.0,0
Note_003793,36,291786.57,432.69,Left,BASS,5,0.969,0.969,False,0.241,-5.0,0
Note_003794,48,291794.58,496.79,Left,INNER,2,0.937,0.937,False,0.241,-5.0,0
Note_003795,60,291794.58,496.79,Right,INNER,2,0.961,0.961,False,0.517,-5.0,0
Note_003796,72,291794.58,496.79,Right,INNER,5,0.961,0.961,False,0.517,-5.0,0
Note_003797,48,292179.2,496.79,Left,BASS,3,0.89,0.89,False,0.31,-0.0,0
Note_003798,35,292299.39,288.46,Left,BASS,5,0.961,0.961,False,0.244,-0.0,0
Note_003799,38,292299.39,432.69,Left,INNER,4,0.969,0.969,False,0.244,-0.0,0
Note_003800,46,292299.39,592.95,Left,INNER,2,0.961,0.961,True,0.244,-0.0,0
Note_003801,50,292307.4,456.73,Left,INNER,1,0.945,0.945,False,0.244,-0.0,0
Note_003802,62,292307.4,456.73,Right,INNER,1,0.961,0.961,False,0.54,15.0,0
Note_003803,74,292307.4,456.73,Right,INNER,2,0.961,0.961,False,0.54,15.0,0
Note_003804,50,292692.02,456.73,Left,BASS,3,0.898,0.898,False,0.333,-0.0,0
Note_003805,35,292812.21,272.44,Left,BASS,5,0.969,0.969,False,0.238,5.0,-12
Note_003806,39,292812.21,312.5,Left,INNER,2,0.969,0.969,True,0.238,5.0,-12
Note_003807,51,292820.22,240.38,Left,INNER,1,0.921,0.921,True,0.238,5.0,-12
Note_003808,63,292820.22,240.38,Right,INNER,2,0.945,0.945,True,0.552,-5.0,-12
Note_003809,75,292820.22,240.38,Right,INNER,5,0.945,0.945,True,0.552,-5.0,-12
Note_003810,40,293068.62,240.38,Left,BASS,4,0.945,0.945,False,0.27,10.0,0
Note_003811,40,293068.62,296.47,Left,INNER,3,0.969,0.969,False,0.27,10.0,0
Note_003812,46,293068.62,793.27,Left,INNER,2,0.969,0.969,True,0.27,10.0,0
Note_003813,52,293076.63,256.41,Left,INNER,1,0.953,0.953,False,0.27,10.0,0
Note_003814,64,293076.63,256.41,Right,INNER,1,0.969,0.969,False,0.563,15.0,0
Note_003815,76,293076.63,256.41,Right,INNER,2,0.969,0.969,False,0.563,15.0,0
Note_003816,51,293204.84,240.38,Left,BASS,5,0.866,0.866,True,0.345,-10.0,12
Note_003817,41,293325.03,296.47,Left,BASS,3,0.984,0.984,False,0.284,15.0,0
Note_003818,43,293325.03,304.49,Left,INNER,2,0.953,0.953,False,0.284,15.0,0
Note_003819,53,293333.04,184.29,Left,INNER,1,0.913,0.913,False,0.284,15.0,0
Note_003820,65,293333.04,184.29,Right,INNER,1,0.937,0.937,False,0.575,15.0,0
Note_003821,77,293333.04,184.29,Right,INNER,2,0.937,0.937,False,0.575,15.0,0
Note_003822,52,293461.25,256.41,Left,BASS,5,0.906,0.906,False,0.356,-10.0,0
Note_003823,43,293581.44,232.37,Left,BASS,3,0.945,0.945,False,0.307,15.0,0
Note_003824,45,293581.44,248.4,Left,INNER,2,0.961,0.961,False,0.307,15.0,0
Note_003825,55,293589.45,240.38,Left,INNER,1,0.945,0.945,False,0.307,15.0,0
Note_003826,67,293589.45,240.38,Right,INNER,1,0.961,0.961,False,0.598,0.0,0
Note_003827,79,293589.45,240.38,Right,MELODY,5,0.961,0.961,False,0.598,0.0,0
Note_003828,53,293717.66,184.29,Left,BASS,4,0.858,0.858,False,0.368,-5.0,0
Note_003829,35,293837.85,985.58,Left,BASS,5,0.961,0.961,False,0.161,-10.0,0
Note_003830,66,293837.85,256.41,Right,INNER,1,0.961,0.961,True,0.563,5.0,0
Note_003831,66,293845.86,336.54,Right,INNER,2,0.961,0.961,True,0.563,5.0,0
Note_003832,78,293845.86,336.54,Right,MELODY,5,0.961,0.961,True,0.563,5.0,0
Note_003833,55,293974.07,240.38,Left,BASS,1,0.898,0.898,False,0.391,10.0,0
Note_003834,44,294094.26,296.47,Left,BASS,3,0.984,0.984,True,0.264,-0.0,0
Note_003835,80,294102.27,264.42,Right,MELODY,1,0.961,0.961,True,0.678,10.0,12
Note_003836,54,294230.48,336.54,Left,BASS,2,0.898,0.898,True,0.379,5.0,0
Note_003837,46,294350.67,232.37,Left,BASS,3,0.984,0.984,True,0.287,-0.0,0
Note_003838,82,294358.68,216.35,Right,MELODY,4,0.969,0.969,True,0.701,-5.0,0
Note_003839,56,294486.89,264.42,Left,BASS,2,0.89,0.89,True,0.402,5.0,0
Note_003840,40,294607.08,248.4,Left,BASS,5,0.976,0.976,False,0.218,-10.0,0
Note_003841,58,294743.3,216.35,Left,BASS,2,0.906,0.906,True,0.425,5.0,0
Note_003842,40,294863.49,216.35,Left,BASS,4,0.969,0.969,False,0.241,-5.0,0
Note_003843,44,294863.49,240.38,Left,INNER,3,0.984,0.984,True,0.241,-5.0,0
Note_003844,80,294871.5,272.44,Right,MELODY,2,0.961,0.961,True,0.678,5.0,0
Note_003845,43,295119.9,360.58,Left,BASS,5,0.953,0.953,False,0.27,-15.0,0
Note_003846,46,295119.9,240.38,Left,INNER,4,0.984,0.984,True,0.27,-15.0,0
Note_003847,82,295127.91,280.45,Right,MELODY,4,0.953,0.953,True,0.701,-5.0,0
Note_003848,56,295256.12,272.44,Left,BASS,2,0.898,0.898,True,0.402,5.0,0
Note_003849,35,295376.31,560.9,Left,BASS,5,0.953,0.953,False,0.161,-10.0,0
Note_003850,84,295384.32,304.49,Right,MELODY,5,0.969,0.969,False,0.724,-10.0,0
Note_003851,58,295512.53,280.45,Left,BASS,2,0.882,0.882,True,0.425,5.0,0
Note_003852,60,295768.94,304.49,Left,BASS,1,0.913,0.913,False,0.448,10.0,0
Note_003853,40,296145.54,224.36,Left,BASS,5,0.961,0.961,False,0.253,-5.0,0
Note_003854,46,296145.54,232.37,Left,INNER,2,0.984,0.984,True,0.253,-5.0,0
Note_003855,82,296153.55,232.37,Right,MELODY,2,0.961,0.961,True,0.701,5.0,0
Note_003856,43,296401.95,264.42,Left,BASS,5,0.953,0.953,False,0.282,-0.0,0
Note_003857,48,296401.95,280.45,Left,INNER,1,0.953,0.953,False,0.282,-0.0,0
Note_003858,84,296409.96,328.53,Right,MELODY,4,0.961,0.961,False,0.724,-5.0,0
Note_003859,58,296538.17,232.37,Left,BASS,2,0.898,0.898,True,0.425,5.0,0
Note_003860,35,296658.36,128.21,Left,BASS,5,0.961,0.961,False,0.161,-10.0,0
Note_003861,86,296666.37,152.24,Right,MELODY,5,0.953,0.953,False,0.747,-10.0,0
Note_003862,60,296794.58,328.53,Left,BASS,1,0.89,0.89,False,0.448,10.0,0
Note_003863,35,296914.77,3028.84,Left,BASS,5,0.984,0.984,False,0.161,-15.0,0
Note_003864,35,296914.77,2516.02,Left,INNER,4,0.961,0.961,False,0.161,-15.0,0
Note_003865,78,296922.78,2243.59,Right,MELODY,1,0.969,0.969,True,0.655,10.0,12
Note_003866,49,297050.99,128.21,Left,BASS,3,0.913,0.913,True,0.397,10.0,0
Note_003867,62,297050.99,152.24,Left,INNER,1,0.882,0.882,False,0.397,10.0,0
Note_003868,51,297179.19,128.21,Left,BASS,3,0.913,0.913,True,0.345,-0.0,0
Note_003869,47,297307.4,128.21,Left,BASS,5,0.906,0.906,False,0.31,-15.0,0
Note_003870,49,297307.4,128.21,Left,INNER,4,0.921,0.921,True,0.31,-15.0,0
Note_003871,49,297435.6,128.21,Left,BASS,3,0.858,0.858,True,0.333,5.0,0
Note_003872,51,297435.6,128.21,Left,INNER,2,0.921,0.921,True,0.333,5.0,0
Note_003873,51,297563.81,128.21,Left,BASS,5,0.858,0.858,True,0.362,-10.0,12
Note_003874,54,297563.81,128.21,Left,INNER,3,0.929,0.929,True,0.362,-10.0,12
Note_003875,46,297684.0,1394.23,Left,BASS,4,0.961,0.961,True,0.318,10.0,-12
Note_003876,49,297692.01,128.21,Left,INNER,2,0.866,0.866,True,0.318,10.0,-12
Note_003877,51,297692.01,128.21,Left,INNER,1,0.929,0.929,True,0.318,10.0,-12
Note_003878,51,297820.22,128.21,Left,BASS,3,0.874,0.874,True,0.362,5.0,0
Note_003879,54,297820.22,128.21,Left,INNER,2,0.929,0.929,True,0.362,5.0,0
Note_003880,52,297948.42,128.21,Left,BASS,5,0.953,0.953,False,0.368,-10.0,0
Note_003881,54,297948.42,128.21,Left,INNER,3,0.882,0.882,True,0.368,-10.0,0
Note_003882,51,298076.63,128.21,Left,BASS,2,0.882,0.882,True,0.362,15.0,-12
Note_003883,54,298076.63,128.21,Left,INNER,1,0.929,0.929,True,0.362,15.0,-12
Note_003884,54,298204.83,128.21,Left,BASS,3,0.882,0.882,True,0.379,5.0,0
Note_003885,54,298204.83,128.21,Left,INNER,2,0.937,0.937,True,0.379,5.0,0
Note_003886,52,298333.04,128.21,Left,BASS,5,0.906,0.906,False,0.379,-10.0,0
Note_003887,56,298333.04,192.31,Left,INNER,3,0.953,0.953,True,0.379,-10.0,0
Note_003888,54,298461.24,128.21,Left,BASS,2,0.882,0.882,True,0.402,15.0,-12
Note_003889,58,298461.24,128.2,Left,INNER,1,0.945,0.945,True,0.402,15.0,-12
Note_003890,54,298589.45,128.21,Left,BASS,3,0.89,0.89,True,0.402,5.0,0
Note_003891,58,298589.45,128.21,Left,INNER,2,0.937,0.937,True,0.402,5.0,0
Note_003892,56,298717.65,168.27,Left,BASS,5,0.937,0.937,True,0.402,-10.0,12
Note_003893,56,298717.65,192.31,Left,INNER,3,0.906,0.906,True,0.402,-10.0,12
Note_003894,54,298845.86,128.21,Left,BASS,2,0.937,0.937,True,0.402,15.0,-12
Note_003895,58,298845.86,128.2,Left,INNER,1,0.898,0.898,True,0.402,15.0,-12
Note_003896,53,298974.06,128.21,Left,BASS,2,0.937,0.937,False,0.397,15.0,-12
Note_003897,58,298974.06,128.21,Left,INNER,1,0.89,0.89,True,0.397,15.0,-12
Note_003898,56,299102.27,168.27,Left,BASS,5,0.89,0.89,True,0.402,-10.0,12
Note_003899,56,299102.27,184.29,Left,INNER,3,0.937,0.937,True,0.402,-10.0,12
Note_003900,46,299222.46,937.5,Left,BASS,4,0.969,0.969,True,0.364,10.0,-12
Note_003901,54,299230.47,128.21,Left,INNER,2,0.89,0.89,True,0.364,10.0,-12
Note_003902,58,299230.47,128.2,Left,INNER,1,0.945,0.945,True,0.364,10.0,-12
Note_003903,53,299358.68,128.21,Left,BASS,2,0.89,0.89,False,0.402,15.0,0
Note_003904,59,299358.68,144.23,Left,INNER,1,0.953,0.953,False,0.402,15.0,0
Note_003905,56,299486.88,184.29,Left,BASS,5,0.89,0.89,True,0.431,-10.0,12
Note_003906,61,299486.88,152.24,Left,INNER,3,0.953,0.953,True,0.431,-10.0,12
Note_003907,58,299615.09,128.2,Left,BASS,2,0.898,0.898,True,0.448,15.0,0
Note_003908,62,299615.09,128.21,Left,INNER,1,0.945,0.945,False,0.448,15.0,0
Note_003909,59,299743.29,144.23,Left,BASS,3,0.906,0.906,False,0.46,5.0,0
Note_003910,63,299743.29,256.41,Left,INNER,2,0.929,0.929,True,0.46,5.0,0
Note_003911,61,299871.5,152.24,Left,BASS,5,0.906,0.906,True,0.46,-10.0,12
Note_003912,32,299991.69,3028.84,Left,BASS,5,0.984,0.984,True,0.214,0.0,0
Note_003913,35,299991.69,2652.24,Left,INNER,4,0.976,0.976,False,0.214,0.0,0
Note_003914,43,299991.69,3012.82,Left,INNER,3,0.969,0.969,False,0.214,0.0,0
Note_003915,44,299999.7,128.21,Left,INNER,2,0.945,0.945,True,0.214,0.0,0
Note_003916,44,299999.7,2451.92,Left,INNER,1,0.969,0.969,True,0.214,0.0,0
Note_003917,62,299999.7,128.21,Right,INNER,1,0.898,0.898,False,0.54,0.0,-12
Note_003918,63,299999.7,2195.51,Right,INNER,2,0.969,0.969,True,0.54,0.0,-12
Note_003919,68,299999.7,2219.55,Right,INNER,3,0.969,0.969,True,0.54,0.0,-12
Note_003920,72,299999.7,2171.47,Right,INNER,4,0.969,0.969,False,0.54,0.0,-12
Note_003921,75,299999.7,2339.74,Right,INNER,5,0.969,0.969,True,0.54,0.0,-12
Note_003922,46,300127.91,128.21,Left,BASS,5,0.976,0.976,True,0.385,-0.0,0
Note_003923,63,300127.91,256.41,Left,INNER,1,0.882,0.882,True,0.385,-0.0,0
Note_003924,48,300256.11,128.21,Left,BASS,5,0.984,0.984,False,0.31,-10.0,0
Note_003925,44,300384.32,128.21,Left,BASS,2,0.898,0.898,True,0.276,15.0,-12
Note_003926,46,300384.32,128.21,Left,INNER,1,0.984,0.984,True,0.276,15.0,-12
Note_003927,44,300512.52,128.21,Left,BASS,3,0.984,0.984,True,0.276,5.0,0
Note_003928,46,300512.52,128.21,Left,INNER,2,0.937,0.937,True,0.276,5.0,0
Note_003929,46,300640.73,128.21,Left,BASS,2,0.984,0.984,True,0.299,15.0,0
Note_003930,48,300640.73,128.21,Left,INNER,1,0.945,0.945,False,0.299,15.0,0
Note_003931,46,300760.92,1290.06,Left,BASS,5,0.961,0.961,True,0.295,-15.0,12
Note_003932,46,300768.93,128.21,Left,INNER,4,0.945,0.945,True,0.295,-15.0,12
Note_003933,48,300768.93,128.21,Left,INNER,3,0.984,0.984,False,0.295,-15.0,12
Note_003934,44,300897.14,128.21,Left,BASS,2,0.945,0.945,True,0.299,15.0,0
Note_003935,50,300897.14,128.21,Left,INNER,1,0.984,0.984,False,0.299,15.0,0
Note_003936,46,301025.34,128.21,Left,BASS,3,0.945,0.945,True,0.316,5.0,0
Note_003937,51,301025.34,128.21,Left,INNER,2,0.984,0.984,True,0.316,5.0,0
Note_003938,48,301153.55,128.21,Left,BASS,3,0.945,0.945,False,0.339,10.0,0
Note_003939,53,301153.55,128.21,Left,INNER,1,0.984,0.984,False,0.339,10.0,0
Note_003940,50,301281.75,128.21,Left,BASS,5,0.945,0.945,False,0.368,-10.0,0
Note_003941,56,301281.75,128.21,Left,INNER,3,0.984,0.984,True,0.368,-10.0,0
Note_003942,51,301409.96,128.21,Left,BASS,2,0.945,0.945,True,0.368,15.0,0
Note_003943,55,301409.96,128.21,Left,INNER,1,0.984,0.984,False,0.368,15.0,0
Note_003944,53,301538.16,128.21,Left,BASS,5,0.945,0.945,False,0.385,-5.0,0
Note_003945,56,301538.16,128.21,Left,INNER,2,0.984,0.984,True,0.385,-5.0,0
Note_003946,56,301666.37,128.21,Left,BASS,5,0.945,0.945,True,0.414,-10.0,12
Note_003947,58,301666.37,128.21,Left,INNER,3,0.984,0.984,True,0.414,-10.0,12
Note_003948,55,301794.57,128.21,Left,BASS,2,0.945,0.945,False,0.42,15.0,0
Note_003949,60,301794.57,128.21,Left,INNER,1,0.984,0.984,False,0.42,15.0,0
Note_003950,56,301922.78,128.21,Left,BASS,3,0.945,0.945,True,0.437,5.0,0
Note_003951,62,301922.78,128.21,Left,INNER,2,0.984,0.984,False,0.437,5.0,0
Note_003952,58,302050.98,128.21,Left,BASS,5,0.945,0.945,True,0.454,-10.0,12
Note_003953,63,302050.98,128.21,Left,INNER,3,0.984,0.984,True,0.454,-10.0,12
Note_003954,60,302179.19,128.21,Left,BASS,2,0.945,0.945,False,0.448,15.0,0
Note_003955,60,302179.19,128.21,Left,INNER,1,0.961,0.961,False,0.448,15.0,0
Note_003956,46,302299.38,753.2,Left,BASS,5,0.961,0.961,True,0.414,-15.0,12
Note_003957,62,302307.39,128.21,Left,INNER,4,0.945,0.945,False,0.414,-15.0,12
Note_003958,63,302307.39,769.23,Left,INNER,3,0.984,0.984,True,0.414,-15.0,12
Note_003959,63,302435.6,128.21,Left,BASS,2,0.945,0.945,True,0.483,5.0,0
Note_003960,60,302563.8,128.21,Left,BASS,5,0.913,0.913,False,0.448,-10.0,0
Note_003961,63,302692.01,769.23,Left,BASS,2,0.945,0.945,True,0.483,5.0,0
Note_003962,34,303068.61,5817.3,Left,BASS,5,0.984,0.984,True,0.241,-0.0,0
Note_003963,35,303068.61,6089.74,Left,INNER,4,0.976,0.976,False,0.241,-0.0,0
Note_003964,49,303068.61,5072.11,Left,INNER,1,0.969,0.969,True,0.241,-0.0,0
Note_003965,46,303076.62,152.24,Left,INNER,3,0.929,0.929,True,0.241,-0.0,0
Note_003966,46,303076.62,7692.3,Left,INNER,2,0.969,0.969,True,0.241,-0.0,0
Note_003967,65,303076.62,7692.3,Right,INNER,1,0.969,0.969,False,0.58,5.0,0
Note_003968,70,303076.62,7692.3,Right,INNER,2,0.969,0.969,True,0.58,5.0,0
Note_003969,74,303076.62,7692.3,Right,INNER,3,0.969,0.969,False,0.58,5.0,0
Note_003970,77,303076.62,7692.3,Right,INNER,5,0.969,0.969,False,0.58,5.0,0
Note_003971,48,303204.83,128.21,Left,BASS,5,0.937,0.937,False,0.31,-10.0,0
Note_003972,50,303333.03,176.28,Left,BASS,1,0.937,0.937,False,0.333,10.0,0
Note_003973,46,303461.24,152.24,Left,BASS,3,0.882,0.882,True,0.299,5.0,0
Note_003974,48,303461.24,192.31,Left,INNER,2,0.937,0.937,False,0.299,5.0,0
Note_003975,48,303589.44,128.21,Left,BASS,5,0.882,0.882,False,0.322,-0.0,0
Note_003976,50,303589.44,144.23,Left,INNER,1,0.937,0.937,False,0.322,-0.0,0
Note_003977,50,303717.65,176.28,Left,BASS,5,0.882,0.882,False,0.339,-5.0,0
Note_003978,51,303717.65,128.21,Left,INNER,2,0.937,0.937,True,0.339,-5.0,0
Note_003979,48,303845.85,192.31,Left,BASS,2,0.89,0.89,False,0.322,15.0,0
Note_003980,50,303845.85,128.21,Left,INNER,1,0.937,0.937,False,0.322,15.0,0
Note_003981,50,303974.06,144.23,Left,BASS,5,0.89,0.89,False,0.339,-10.0,0
Note_003982,51,303974.06,128.21,Left,INNER,3,0.937,0.937,True,0.339,-10.0,0
Note_003983,51,304102.26,128.21,Left,BASS,2,0.89,0.89,True,0.356,15.0,0
Note_003984,53,304102.26,128.21,Left,INNER,1,0.945,0.945,False,0.356,15.0,0
Note_003985,50,304230.47,128.21,Left,BASS,5,0.89,0.89,False,0.345,-10.0,0
Note_003986,52,304230.47,128.21,Left,INNER,3,0.945,0.945,False,0.345,-10.0,0
Note_003987,51,304358.67,128.21,Left,BASS,2,0.89,0.89,True,0.356,15.0,0
Note_003988,53,304358.67,152.24,Left,INNER,1,0.945,0.945,False,0.356,15.0,0
Note_003989,53,304486.88,128.21,Left,BASS,5,0.898,0.898,False,0.379,-5.0,0
Note_003990,55,304486.88,128.21,Left,INNER,2,0.945,0.945,False,0.379,-5.0,0
Note_003991,52,304615.08,128.21,Left,BASS,5,0.898,0.898,False,0.362,-0.0,0
Note_003992,53,304615.08,128.21,Left,INNER,1,0.945,0.945,False,0.362,-0.0,0
Note_003993,53,304743.29,152.24,Left,BASS,3,0.898,0.898,False,0.385,5.0,0
Note_003994,56,304743.29,160.26,Left,INNER,2,0.953,0.953,True,0.385,5.0,0
Note_003995,55,304871.49,128.21,Left,BASS,5,0.898,0.898,False,0.391,-15.0,0
Note_003996,55,304871.49,136.22,Left,INNER,4,0.953,0.953,False,0.391,-15.0,0
Note_003997,53,304999.7,128.21,Left,BASS,5,0.898,0.898,False,0.368,-0.0,0
Note_003998,53,304999.7,136.22,Left,INNER,1,0.953,0.953,False,0.368,-0.0,0
Note_003999,55,305127.9,120.19,Left,BASS,3,0.953,0.953,False,0.397,5.0,0
Note_004000,56,305127.9,160.26,Left,INNER,2,0.906,0.906,True,0.397,5.0,0
Note_004001,55,305256.11,136.22,Left,BASS,5,0.906,0.906,False,0.397,-10.0,0
Note_004002,56,305256.11,160.26,Left,INNER,3,0.953,0.953,True,0.397,-10.0,0
Note_004003,53,305384.31,136.22,Left,BASS,2,0.906,0.906,False,0.397,15.0,-12
Note_004004,58,305384.31,80.13,Left,INNER,1,0.953,0.953,True,0.397,15.0,-12
Note_004005,55,305512.52,120.19,Left,BASS,5,0.906,0.906,False,0.42,-10.0,0
Note_004006,60,305512.52,104.17,Left,INNER,3,0.953,0.953,False,0.42,-10.0,0
Note_004007,56,305640.72,160.26,Left,BASS,2,0.906,0.906,True,0.437,15.0,0
Note_004008,62,305640.72,136.22,Left,INNER,1,0.961,0.961,False,0.437,15.0,0
Note_004009,58,305768.93,80.13,Left,BASS,5,0.906,0.906,True,0.454,-10.0,12
Note_004010,63,305768.93,136.22,Left,INNER,3,0.961,0.961,True,0.454,-10.0,12
Note_004011,60,305897.13,104.17,Left,BASS,5,0.913,0.913,False,0.46,-0.0,0
Note_004012,62,305897.13,88.14,Left,INNER,1,0.961,0.961,False,0.46,-0.0,0
Note_004013,60,306025.34,128.21,Left,BASS,5,0.961,0.961,False,0.46,-0.0,0
Note_004014,62,306025.34,136.22,Left,INNER,1,0.913,0.913,False,0.46,-0.0,0
Note_004015,62,306153.54,128.21,Left,BASS,3,0.961,0.961,False,0.477,5.0,0
Note_004016,63,306153.54,136.22,Left,INNER,2,0.913,0.913,True,0.477,5.0,0
Note_004017,62,306281.75,88.14,Left,BASS,5,0.913,0.913,False,0.477,-15.0,0
Note_004018,63,306281.75,120.19,Left,INNER,4,0.961,0.961,True,0.477,-15.0,0
Note_004019,60,306409.95,128.21,Left,BASS,5,0.913,0.913,False,0.477,-0.0,0
Note_004020,65,306409.95,112.18,Left,INNER,1,0.961,0.961,False,0.477,-0.0,0
Note_004021,62,306538.16,128.21,Left,BASS,2,0.921,0.921,False,0.5,15.0,0
Note_004022,67,306538.16,152.24,Left,INNER,1,0.969,0.969,False,0.5,15.0,0
Note_004023,63,306666.36,120.19,Left,BASS,3,0.921,0.921,True,0.511,5.0,0
Note_004024,68,306666.36,144.23,Left,INNER,2,0.969,0.969,True,0.511,5.0,0
Note_004025,65,306794.57,112.18,Left,BASS,5,0.921,0.921,False,0.534,-10.0,0
Note_004026,70,306794.57,168.27,Left,INNER,3,0.969,0.969,True,0.534,-10.0,0
Note_004027,67,306922.77,152.24,Left,BASS,2,0.921,0.921,False,0.534,15.0,-12
Note_004028,68,306922.77,96.15,Left,INNER,1,0.969,0.969,True,0.534,15.0,-12
Note_004029,65,307050.98,112.18,Left,BASS,5,0.969,0.969,False,0.523,-10.0,0
Note_004030,68,307050.98,144.23,Left,INNER,3,0.921,0.921,True,0.523,-10.0,0
Note_004031,67,307179.18,112.18,Left,BASS,2,0.969,0.969,False,0.546,15.0,-12
Note_004032,70,307179.18,168.27,Left,INNER,1,0.921,0.921,True,0.546,15.0,-12
Note_004033,68,307307.39,96.15,Left,BASS,3,0.921,0.921,True,0.552,5.0,0
Note_004034,70,307307.39,72.12,Left,INNER,2,0.969,0.969,True,0.552,5.0,0
Note_004035,65,307435.59,112.18,Left,BASS,5,0.929,0.929,False,0.546,-10.0,0
Note_004036,72,307435.59,128.21,Left,INNER,3,0.976,0.976,False,0.546,-10.0,0
Note_004037,67,307563.8,112.18,Left,BASS,2,0.929,0.929,False,0.569,15.0,0
Note_004038,74,307563.8,144.23,Left,INNER,1,0.976,0.976,False,0.569,15.0,0
Note_004039,70,307692.0,72.12,Left,BASS,3,0.929,0.929,True,0.592,5.0,0
Note_004040,75,307692.0,6145.83,Left,INNER,2,0.976,0.976,True,0.592,5.0,0
Note_004041,72,307820.21,128.21,Left,BASS,5,0.929,0.929,False,0.586,-10.0,0
Note_004042,74,307948.41,144.23,Left,BASS,2,0.929,0.929,False,0.609,5.0,0
Note_004043,75,308076.62,6145.83,Left,BASS,1,0.937,0.937,True,0.621,10.0,-12
Note_004044,46,311153.54,384.61,Left,BASS,5,0.906,0.906,True,0.356,-5.0,12
Note_004045,58,311153.54,384.61,Left,INNER,2,0.906,0.906,True,0.356,-5.0,12
Note_004046,45,311538.15,384.61,Left,BASS,2,0.921,0.921,False,0.345,15.0,0
Note_004047,57,311538.15,384.61,Left,INNER,1,0.921,0.921,False,0.345,15.0,0
Note_004048,46,311922.77,384.61,Left,BASS,5,0.929,0.929,True,0.356,-5.0,12
Note_004049,58,311922.77,384.61,Left,INNER,2,0.929,0.929,True,0.356,-5.0,12
Note_004050,48,312307.38,384.61,Left,BASS,2,0.937,0.937,False,0.379,15.0,0
Note_004051,60,312307.38,384.61,Left,INNER,1,0.937,0.937,False,0.379,15.0,0
Note_004052,46,312692.0,384.61,Left,BASS,5,0.945,0.945,True,0.356,-5.0,12
Note_004053,58,312692.0,384.61,Left,INNER,2,0.945,0.945,True,0.356,-5.0,12
Note_004054,50,313076.61,384.61,Left,BASS,2,0.961,0.961,False,0.402,15.0,0
Note_004055,62,313076.61,384.61,Left,INNER,1,0.961,0.961,False,0.402,15.0,0
Note_004056,46,313461.23,384.61,Left,BASS,5,0.969,0.969,True,0.356,-5.0,12
Note_004057,58,313461.23,384.61,Left,INNER,2,0.969,0.969,True,0.356,-5.0,12
Note_004058,51,313845.84,384.61,Left,BASS,2,0.969,0.969,True,0.414,15.0,-12
Note_004059,63,313845.84,384.61,Left,INNER,1,0.969,0.969,True,0.414,15.0,-12
Note_004060,46,314230.46,384.61,Left,BASS,5,0.969,0.969,True,0.356,-5.0,12
Note_004061,58,314230.46,384.61,Left,INNER,2,0.969,0.969,True,0.356,-5.0,12
Note_004062,53,314615.07,384.61,Left,BASS,5,0.969,0.969,False,0.437,-0.0,0
Note_004063,65,314615.07,384.61,Left,INNER,1,0.969,0.969,False,0.437,-0.0,0
Note_004064,46,314999.69,384.61,Left,BASS,2,0.969,0.969,True,0.356,15.0,-12
Note_004065,58,314999.69,384.61,Left,INNER,1,0.969,0.969,True,0.356,15.0,-12
Note_004066,35,315376.29,1017.63,Left,BASS,5,0.976,0.976,False,0.184,-10.0,0
Note_004067,39,315376.29,905.45,Left,INNER,3,0.984,0.984,True,0.184,-10.0,0
Note_004068,52,315376.29,1370.19,Right,INNER,2,0.969,0.969,False,0.421,-0.0,12
Note_004069,51,315384.3,32.05,Right,INNER,1,0.969,0.969,True,0.421,-0.0,12
Note_004070,55,315384.3,745.19,Right,INNER,3,0.969,0.969,False,0.421,-0.0,12
Note_004071,63,315384.3,24.04,Right,INNER,4,0.969,0.969,True,0.421,-0.0,12
Note_004072,67,315384.3,24.04,Right,INNER,5,0.969,0.969,False,0.421,-0.0,12
Note_004073,75,315408.34,873.4,Right,INNER,5,0.961,0.961,True,0.524,0.0,0
Note_004074,63,315416.35,873.4,Right,INNER,2,0.969,0.969,True,0.524,0.0,0
Note_004075,67,315416.35,881.41,Right,INNER,3,0.969,0.969,False,0.524,0.0,0
Note_004076,51,315424.36,913.46,Left,BASS,2,0.969,0.969,True,0.345,5.0,0
Note_004077,58,315424.36,344.55,Right,INNER,1,0.969,0.969,True,0.524,0.0,0
Note_004078,70,315424.36,881.41,Right,INNER,4,0.969,0.969,True,0.524,0.0,0
Note_004079,51,315576.61,296.47,Left,BASS,5,0.906,0.906,True,0.387,-15.0,12
Note_004080,55,315576.61,304.49,Left,INNER,4,0.874,0.874,False,0.387,-15.0,12
Note_004081,58,315576.61,184.29,Left,INNER,3,0.906,0.906,True,0.387,-15.0,12
Note_004082,46,315760.9,112.18,Left,BASS,5,0.945,0.945,True,0.368,5.0,0
Note_004083,55,315768.92,208.33,Left,INNER,2,0.913,0.913,False,0.368,5.0,0
Note_004084,58,315768.92,120.19,Left,INNER,1,0.85,0.85,True,0.368,5.0,0
Note_004085,63,315792.95,160.26,Left,BASS,3,0.866,0.866,True,0.483,-0.0,0
Note_004086,55,315961.22,304.49,Left,BASS,5,0.803,0.803,False,0.451,0.0,0
Note_004087,58,315961.22,208.33,Left,INNER,4,0.906,0.906,True,0.451,0.0,0
Note_004088,58,315961.22,184.29,Left,INNER,3,0.85,0.85,True,0.451,0.0,0
Note_004089,63,315961.22,40.06,Left,INNER,2,0.827,0.827,True,0.451,0.0,0
Note_004090,67,315969.24,176.28,Left,INNER,1,0.89,0.89,False,0.451,0.0,0
Note_004091,40,316145.52,1250.0,Left,BASS,2,0.976,0.976,False,0.253,15.0,-12
Note_004092,46,316145.52,304.49,Left,INNER,1,0.961,0.961,True,0.253,15.0,-12
Note_004093,58,316153.53,120.19,Right,INNER,1,0.772,0.772,True,0.485,-0.0,0
Note_004094,58,316153.53,168.27,Right,INNER,2,0.969,0.969,True,0.485,-0.0,0
Note_004095,63,316153.53,889.42,Right,INNER,3,0.898,0.898,True,0.485,-0.0,0
Note_004096,67,316153.53,56.09,Right,INNER,4,0.882,0.882,False,0.485,-0.0,0
Note_004097,70,316169.56,1097.76,Right,INNER,5,0.898,0.898,True,0.485,-0.0,0
Note_004098,63,316177.57,160.26,Left,BASS,3,0.787,0.787,True,0.483,-0.0,0
Note_004099,63,316345.84,40.06,Left,BASS,5,0.74,0.74,True,0.534,-0.0,0
Note_004100,63,316345.84,192.31,Left,INNER,4,0.969,0.969,True,0.534,-0.0,0
Note_004101,67,316345.84,200.32,Left,INNER,3,0.969,0.969,False,0.534,-0.0,0
Note_004102,70,316345.84,312.5,Left,INNER,1,0.953,0.953,True,0.534,-0.0,0
Note_004103,75,316345.84,272.44,Left,INNER,0,0.961,0.961,True,0.534,-0.0,0
Note_004104,67,316353.85,176.28,Left,INNER,2,0.827,0.827,False,0.534,-0.0,0
Note_004105,35,316530.13,176.28,Left,BASS,5,0.953,0.953,False,0.25,-0.0,-12
Note_004106,39,316530.13,392.63,Left,INNER,4,0.984,0.984,True,0.25,-0.0,-12
Note_004107,46,316530.13,472.76,Left,INNER,2,0.937,0.937,True,0.25,-0.0,-12
Note_004108,51,316538.15,352.56,Left,INNER,1,0.961,0.961,True,0.25,-0.0,-12
Note_004109,67,316538.15,56.09,Right,INNER,1,0.819,0.819,False,0.546,15.0,0
Note_004110,70,316554.17,1097.76,Right,INNER,2,0.835,0.835,True,0.546,15.0,0
Note_004111,35,316914.75,937.5,Left,BASS,5,0.976,0.976,False,0.253,-5.0,0
Note_004112,38,316914.75,921.47,Left,INNER,4,0.984,0.984,False,0.253,-5.0,0
Note_004113,49,316914.75,1338.14,Left,INNER,3,0.969,0.969,True,0.253,-5.0,0
Note_004114,50,316922.76,953.52,Left,INNER,1,0.969,0.969,False,0.253,-5.0,0
Note_004115,58,316922.76,464.74,Right,INNER,1,0.969,0.969,True,0.515,0.0,12
Note_004116,62,316922.76,801.28,Right,INNER,2,0.969,0.969,False,0.515,0.0,12
Note_004117,65,316922.76,841.35,Right,INNER,3,0.969,0.969,False,0.515,0.0,12
Note_004118,70,316922.76,865.38,Right,INNER,4,0.969,0.969,True,0.515,0.0,12
Note_004119,74,316922.76,825.32,Right,INNER,5,0.961,0.961,False,0.515,0.0,12
Note_004120,50,317115.07,256.41,Left,BASS,5,0.882,0.882,False,0.375,-5.0,0
Note_004121,53,317115.07,256.41,Left,INNER,3,0.874,0.874,False,0.375,-5.0,0
Note_004122,58,317131.09,168.27,Left,INNER,2,0.898,0.898,True,0.375,-5.0,0
Note_004123,46,317299.36,200.32,Left,BASS,4,0.937,0.937,True,0.36,10.0,-12
Note_004124,53,317307.38,248.4,Left,INNER,2,0.906,0.906,False,0.36,10.0,-12
Note_004125,58,317307.38,120.19,Left,INNER,1,0.866,0.866,True,0.36,10.0,-12
Note_004126,62,317339.43,152.24,Left,BASS,5,0.89,0.89,False,0.471,-10.0,0
Note_004127,53,317499.68,256.41,Left,BASS,5,0.803,0.803,False,0.439,0.0,0
Note_004128,58,317499.68,224.36,Left,INNER,4,0.89,0.89,True,0.439,0.0,0
Note_004129,62,317499.68,48.08,Left,INNER,2,0.866,0.866,False,0.439,0.0,0
Note_004130,58,317515.71,168.27,Left,INNER,3,0.843,0.843,True,0.439,0.0,0
Note_004131,65,317515.71,168.27,Left,INNER,1,0.882,0.882,False,0.439,0.0,0
Note_004132,40,317683.98,1137.82,Left,BASS,2,0.976,0.976,False,0.253,15.0,-12
Note_004133,46,317683.98,272.44,Left,INNER,1,0.961,0.961,True,0.253,15.0,-12
Note_004134,58,317691.99,120.19,Right,INNER,1,0.795,0.795,True,0.478,-0.0,0
Note_004135,58,317691.99,608.97,Right,INNER,2,0.961,0.961,True,0.478,-0.0,0
Note_004136,62,317691.99,881.41,Right,INNER,3,0.898,0.898,False,0.478,-0.0,0
Note_004137,65,317691.99,40.06,Right,INNER,4,0.89,0.89,False,0.478,-0.0,0
Note_004138,70,317691.99,945.51,Right,INNER,5,0.882,0.882,True,0.478,-0.0,0
Note_004139,62,317724.04,152.24,Left,BASS,5,0.827,0.827,False,0.471,-10.0,0
Note_004140,62,317884.3,48.08,Left,BASS,5,0.795,0.795,False,0.521,-0.0,-12
Note_004141,62,317884.3,320.51,Left,INNER,4,0.969,0.969,False,0.521,-0.0,-12
Note_004142,65,317884.3,216.35,Left,INNER,3,0.969,0.969,False,0.521,-0.0,-12
Note_004143,70,317884.3,232.37,Left,INNER,1,0.961,0.961,True,0.521,-0.0,-12
Note_004144,74,317884.3,216.35,Left,INNER,0,0.945,0.945,False,0.521,-0.0,-12
Note_004145,65,317900.32,168.27,Left,INNER,2,0.819,0.819,False,0.521,-0.0,-12
Note_004146,35,318068.59,144.23,Left,BASS,5,0.945,0.945,False,0.244,-0.0,0
Note_004147,38,318068.59,384.61,Left,INNER,4,0.984,0.984,False,0.244,-0.0,0
Note_004148,46,318068.59,568.91,Left,INNER,2,0.945,0.945,True,0.244,-0.0,0
Note_004149,50,318076.61,240.38,Left,INNER,1,0.921,0.921,False,0.244,-0.0,0
Note_004150,65,318076.61,40.06,Right,INNER,1,0.827,0.827,False,0.534,5.0,0
Note_004151,70,318076.61,945.51,Right,INNER,4,0.819,0.819,True,0.534,5.0,0
Note_004152,35,318453.21,961.54,Left,BASS,5,0.976,0.976,False,0.215,-5.0,0
Note_004153,36,318453.21,985.58,Left,INNER,4,0.984,0.984,False,0.215,-5.0,0
Note_004154,57,318453.21,1258.01,Right,INNER,1,0.969,0.969,False,0.475,-0.0,0
Note_004155,48,318461.22,809.29,Left,INNER,1,0.961,0.961,False,0.215,-5.0,0
Note_004156,55,318461.22,512.82,Right,INNER,0,0.969,0.969,False,0.475,-0.0,0
Note_004157,60,318461.22,785.26,Right,INNER,2,0.969,0.969,False,0.475,-0.0,0
Note_004158,63,318461.22,1258.01,Right,INNER,3,0.969,0.969,True,0.475,-0.0,0
Note_004159,67,318461.22,1225.96,Right,INNER,4,0.969,0.969,False,0.475,-0.0,0
Note_004160,72,318461.22,1201.92,Right,INNER,5,0.961,0.961,False,0.475,-0.0,0
Note_004161,60,318629.49,208.33,Left,INNER,2,0.882,0.882,False,0.383,-5.0,0
Note_004162,48,318653.53,224.36,Left,BASS,5,0.89,0.89,False,0.383,-5.0,0
Note_004163,55,318653.53,304.49,Left,INNER,3,0.874,0.874,False,0.383,-5.0,0
Note_004164,63,318829.81,200.32,Left,INNER,1,0.858,0.858,True,0.391,-0.0,0
Note_004165,46,318837.82,128.21,Left,BASS,5,0.937,0.937,True,0.391,-0.0,0
Note_004166,51,318845.84,192.31,Left,INNER,4,0.89,0.89,True,0.391,-0.0,0
Note_004167,60,318845.84,72.12,Left,INNER,2,0.898,0.898,False,0.391,-0.0,0
Note_004168,60,319014.1,208.33,Left,INNER,3,0.819,0.819,False,0.448,-0.0,0
Note_004169,55,319038.14,216.35,Left,BASS,5,0.898,0.898,False,0.448,-0.0,0
Note_004170,55,319038.14,304.49,Left,INNER,4,0.803,0.803,False,0.448,-0.0,0
Note_004171,63,319038.14,24.04,Left,INNER,2,0.85,0.85,True,0.448,-0.0,0
Note_004172,67,319038.14,184.29,Left,INNER,1,0.874,0.874,False,0.448,-0.0,0
Note_004173,63,319214.42,200.32,Right,INNER,3,0.78,0.78,True,0.469,-0.0,0
Note_004174,40,319222.44,584.94,Left,BASS,2,0.976,0.976,False,0.253,15.0,-12
Note_004175,46,319222.44,288.46,Left,INNER,1,0.961,0.961,True,0.253,15.0,-12
Note_004176,70,319222.44,1209.93,Right,INNER,5,0.898,0.898,True,0.469,-0.0,0
Note_004177,55,319230.45,568.91,Right,INNER,0,0.969,0.969,False,0.469,-0.0,0
Note_004178,58,319230.45,729.17,Right,INNER,1,0.89,0.89,True,0.469,-0.0,0
Note_004179,60,319230.45,72.12,Right,INNER,2,0.835,0.835,False,0.469,-0.0,0
Note_004180,65,319230.45,1346.15,Right,INNER,4,0.921,0.921,False,0.469,-0.0,0
Note_004181,60,319422.76,336.54,Left,BASS,5,0.945,0.945,False,0.487,-15.0,0
Note_004182,63,319422.76,24.04,Left,INNER,4,0.764,0.764,True,0.487,-15.0,0
Note_004183,67,319422.76,184.29,Left,INNER,3,0.803,0.803,False,0.487,-15.0,0
Note_004184,35,319607.05,128.21,Left,BASS,5,0.945,0.945,False,0.233,-0.0,0
Note_004185,36,319607.05,360.58,Left,INNER,4,0.984,0.984,False,0.233,-0.0,0
Note_004186,46,319607.05,392.63,Left,INNER,2,0.961,0.961,True,0.233,-0.0,0
Note_004187,70,319607.05,1209.93,Right,INNER,3,0.843,0.843,True,0.534,5.0,0
Note_004188,48,319615.07,168.27,Left,INNER,1,0.929,0.929,False,0.233,-0.0,0
Note_004189,65,319615.07,1346.15,Right,INNER,2,0.866,0.866,False,0.534,5.0,0
Note_004190,31,319991.67,729.17,Left,BASS,5,0.984,0.984,False,0.138,-0.0,0
Note_004191,35,319991.67,528.85,Left,INNER,1,0.969,0.969,False,0.138,-0.0,0
Note_004192,79,319999.68,1089.74,Right,MELODY,5,0.89,0.89,False,0.667,-10.0,0
Note_004193,35,320760.9,328.53,Left,BASS,5,0.976,0.976,False,0.167,-5.0,0
Note_004194,36,320760.9,424.68,Left,INNER,2,0.984,0.984,False,0.167,-5.0,0
Note_004195,60,320768.91,352.56,Right,INNER,1,0.969,0.969,False,0.533,-0.0,-12
Note_004196,63,320768.91,352.56,Right,INNER,2,0.969,0.969,True,0.533,-0.0,-12
Note_004197,67,320768.91,296.47,Right,INNER,3,0.969,0.969,False,0.533,-0.0,-12
Note_004198,72,320768.91,360.58,Right,INNER,4,0.913,0.913,False,0.533,-0.0,-12
Note_004199,75,320768.91,352.56,Right,INNER,5,0.795,0.795,True,0.533,-0.0,-12
Note_004200,35,321530.13,753.2,Left,BASS,5,0.984,0.984,False,0.207,-0.0,0
Note_004201,35,321530.13,560.9,Left,INNER,4,0.976,0.976,False,0.207,-0.0,0
Note_004202,43,321538.14,729.17,Left,INNER,2,0.913,0.913,False,0.207,-0.0,0
Note_004203,43,321538.14,801.28,Left,INNER,1,0.969,0.969,False,0.207,-0.0,0
Note_004204,79,321538.14,1017.63,Right,MELODY,5,0.906,0.906,False,0.667,-10.0,0
Note_004205,35,322299.36,304.49,Left,BASS,5,0.976,0.976,False,0.239,-10.0,0
Note_004206,36,322299.36,761.22,Left,INNER,4,0.984,0.984,False,0.239,-10.0,0
Note_004207,48,322307.37,304.49,Left,INNER,3,0.937,0.937,False,0.239,-10.0,0
Note_004208,48,322307.37,288.46,Left,INNER,2,0.969,0.969,False,0.239,-10.0,0
Note_004209,72,322307.37,416.67,Right,INNER,1,0.906,0.906,False,0.603,15.0,0
Note_004210,75,322307.37,488.78,Right,INNER,2,0.898,0.898,True,0.603,15.0,0
Note_004211,34,323068.59,705.13,Left,BASS,4,0.984,0.984,True,0.221,10.0,-12
Note_004212,35,323068.59,456.73,Left,INNER,3,0.976,0.976,False,0.221,10.0,-12
Note_004213,46,323076.6,432.69,Left,INNER,2,0.866,0.866,True,0.221,10.0,-12
Note_004214,46,323076.6,761.22,Left,INNER,1,0.945,0.945,True,0.221,10.0,-12
Note_004215,70,323076.6,1402.24,Right,INNER,3,0.906,0.906,True,0.605,-15.0,0
Note_004216,74,323076.6,769.23,Right,INNER,4,0.913,0.913,False,0.605,-15.0,0
Note_004217,77,323076.6,817.31,Right,INNER,5,0.937,0.937,False,0.605,-15.0,0
Note_004218,35,323837.82,480.77,Left,BASS,5,0.969,0.969,False,0.184,-15.0,0
Note_004219,39,323837.82,761.22,Left,INNER,4,0.984,0.984,True,0.184,-15.0,0
Note_004220,75,323845.83,777.24,Right,INNER,2,0.882,0.882,True,0.621,5.0,0
Note_004221,67,324230.45,384.61,Left,BASS,1,0.906,0.906,False,0.529,10.0,0
Note_004222,79,324230.45,456.73,Right,MELODY,5,0.882,0.882,False,0.667,-10.0,0
Note_004223,35,324607.05,873.4,Left,BASS,3,0.976,0.976,False,0.178,5.0,0
Note_004224,38,324607.05,849.36,Left,INNER,2,0.984,0.984,False,0.178,5.0,0
Note_004225,78,324615.06,801.28,Right,MELODY,4,0.866,0.866,True,0.655,-5.0,0
Note_004226,34,325376.28,408.65,Left,BASS,5,0.984,0.984,True,0.218,-5.0,0
Note_004227,40,325376.28,1314.1,Left,INNER,4,0.976,0.976,False,0.218,-5.0,0
Note_004228,46,325376.28,248.4,Left,INNER,1,0.961,0.961,True,0.218,-5.0,0
Note_004229,67,325384.29,400.64,Right,INNER,1,0.969,0.969,False,0.575,5.0,0
Note_004230,67,325384.29,296.47,Right,INNER,2,0.961,0.961,False,0.575,5.0,0
Note_004231,79,325384.29,2307.69,Right,MELODY,5,0.874,0.874,False,0.575,5.0,0
Note_004232,33,325760.89,400.64,Left,BASS,3,0.984,0.984,False,0.195,15.0,-12
Note_004233,35,325760.89,176.28,Left,INNER,2,0.969,0.969,False,0.195,15.0,-12
Note_004234,46,325760.89,136.22,Left,INNER,1,0.882,0.882,True,0.195,15.0,-12
Note_004235,69,325768.91,432.69,Right,INNER,2,0.961,0.961,False,0.598,0.0,0
Note_004236,69,325768.91,256.41,Right,INNER,3,0.969,0.969,False,0.598,0.0,0
Note_004237,81,325768.91,192.31,Right,MELODY,4,0.882,0.882,False,0.598,0.0,0
Note_004238,31,326145.51,440.7,Left,BASS,5,0.984,0.984,False,0.204,-0.0,-12
Note_004239,35,326145.51,817.31,Left,INNER,4,0.976,0.976,False,0.204,-0.0,-12
Note_004240,46,326145.51,208.33,Left,INNER,1,0.961,0.961,True,0.204,-0.0,-12
Note_004241,43,326153.52,1201.92,Left,INNER,2,0.961,0.961,False,0.204,-0.0,-12
Note_004242,82,326153.52,1538.46,Right,MELODY,4,0.913,0.913,True,0.701,-5.0,0
Note_004243,38,326530.12,416.67,Left,BASS,5,0.961,0.961,False,0.272,-0.0,0
Note_004244,46,326530.12,104.17,Left,INNER,3,0.882,0.882,True,0.272,-0.0,0
Note_004245,50,326538.14,1153.85,Left,INNER,1,0.961,0.961,False,0.272,-0.0,0
Note_004246,40,326914.74,224.36,Left,BASS,4,0.969,0.969,False,0.287,10.0,0
Note_004247,43,326914.74,352.56,Left,INNER,3,0.984,0.984,False,0.287,10.0,0
Note_004248,46,326914.74,216.35,Left,INNER,2,0.961,0.961,True,0.287,10.0,0
Note_004249,55,326922.75,785.26,Left,INNER,1,0.969,0.969,False,0.287,10.0,0
Note_004250,43,327107.04,208.33,Left,BASS,5,0.961,0.961,False,0.253,-10.0,0
Note_004251,31,327299.35,368.59,Left,BASS,3,0.984,0.984,False,0.184,15.0,0
Note_004252,35,327299.35,160.26,Left,INNER,2,0.976,0.976,False,0.184,15.0,0
Note_004253,45,327299.35,344.55,Left,INNER,1,0.961,0.961,False,0.184,15.0,0
Note_004254,58,327307.37,344.55,Right,INNER,2,0.866,0.866,True,0.425,5.0,0
Note_004255,32,327683.97,1089.74,Left,BASS,5,0.984,0.984,True,0.218,-0.0,0
Note_004256,35,327683.97,857.37,Left,INNER,4,0.976,0.976,False,0.218,-0.0,0
Note_004257,49,327683.97,2820.51,Left,INNER,1,0.969,0.969,True,0.218,-0.0,0
Note_004258,44,327691.98,1594.55,Left,INNER,2,0.969,0.969,True,0.218,-0.0,0
Note_004259,60,327691.98,1097.76,Right,INNER,1,0.961,0.961,False,0.501,0.0,0
Note_004260,60,327691.98,1290.06,Right,INNER,2,0.882,0.882,False,0.501,0.0,0
Note_004261,63,327691.98,1217.95,Right,INNER,3,0.882,0.882,True,0.501,0.0,0
Note_004262,68,327691.98,1562.5,Right,INNER,4,0.882,0.882,True,0.501,0.0,0
Note_004263,72,327691.98,769.23,Right,INNER,5,0.882,0.882,False,0.501,0.0,0
Note_004264,46,328068.58,192.31,Left,BASS,3,0.874,0.874,True,0.316,10.0,-12
Note_004265,51,328076.6,1065.7,Left,INNER,1,0.953,0.953,True,0.316,10.0,-12
Note_004266,40,328453.2,1274.04,Left,BASS,5,0.961,0.961,False,0.253,-10.0,0
Note_004267,46,328453.2,200.32,Left,INNER,3,0.961,0.961,True,0.253,-10.0,0
Note_004268,56,328461.21,777.24,Right,INNER,1,0.969,0.969,True,0.492,0.0,12
Note_004269,60,328461.21,608.97,Right,INNER,2,0.969,0.969,False,0.492,0.0,12
Note_004270,63,328461.21,745.19,Right,INNER,3,0.969,0.969,True,0.492,0.0,12
Note_004271,68,328461.21,825.32,Right,INNER,4,0.945,0.945,True,0.492,0.0,12
Note_004272,72,328461.21,769.23,Right,INNER,5,0.89,0.89,False,0.492,0.0,12
Note_004273,32,328837.81,336.54,Left,BASS,4,0.984,0.984,True,0.192,10.0,-12
Note_004274,35,328837.81,176.28,Left,INNER,2,0.969,0.969,False,0.192,10.0,-12
Note_004275,46,328837.81,88.14,Left,INNER,1,0.898,0.898,True,0.192,10.0,-12
Note_004276,60,328845.83,224.36,Right,INNER,1,0.921,0.921,False,0.529,10.0,0
Note_004277,74,328845.83,368.59,Right,INNER,3,0.866,0.866,False,0.529,10.0,0
Note_004278,62,329038.13,240.38,Left,BASS,3,0.898,0.898,False,0.471,-0.0,0
Note_004279,35,329222.43,1001.6,Left,BASS,5,0.969,0.969,False,0.25,-0.0,-12
Note_004280,39,329222.43,1354.17,Left,INNER,4,0.984,0.984,True,0.25,-0.0,-12
Note_004281,46,329222.43,112.18,Left,INNER,2,0.961,0.961,True,0.25,-0.0,-12
Note_004282,51,329230.44,360.58,Left,INNER,1,0.961,0.961,True,0.25,-0.0,-12
Note_004283,58,329230.44,1282.05,Right,INNER,0,0.913,0.913,True,0.491,-0.0,0
Note_004284,58,329230.44,753.2,Right,INNER,0,0.921,0.921,True,0.491,-0.0,0
Note_004285,63,329230.44,1538.46,Right,INNER,1,0.898,0.898,True,0.491,-0.0,0
Note_004286,63,329230.44,1105.77,Right,INNER,2,0.906,0.906,True,0.491,-0.0,0
Note_004287,67,329230.44,1538.46,Right,INNER,3,0.898,0.898,False,0.491,-0.0,0
Note_004288,67,329230.44,745.19,Right,INNER,4,0.937,0.937,False,0.491,-0.0,0
Note_004289,70,329230.44,1538.46,Right,INNER,5,0.898,0.898,True,0.491,-0.0,0
Note_004290,46,329607.04,192.31,Left,BASS,2,0.874,0.874,True,0.316,15.0,-12
Note_004291,51,329615.06,753.2,Left,INNER,1,0.858,0.858,True,0.316,15.0,-12
Note_004292,40,329991.66,456.73,Left,BASS,5,0.976,0.976,False,0.253,-5.0,0
Note_004293,46,329991.66,136.22,Left,INNER,2,0.969,0.969,True,0.253,-5.0,0
Note_004294,58,329999.67,280.45,Right,INNER,4,0.906,0.906,True,0.425,-5.0,0
Note_004295,35,330376.27,352.56,Left,BASS,2,0.969,0.969,False,0.224,15.0,-12
Note_004296,46,330376.27,104.17,Left,INNER,1,0.945,0.945,True,0.224,15.0,-12
Note_004297,35,330760.89,913.46,Left,BASS,5,0.969,0.969,False,0.241,-10.0,0
Note_004298,36,330760.89,993.59,Left,INNER,4,0.969,0.969,False,0.241,-10.0,0
Note_004299,49,330760.89,721.15,Left,INNER,2,0.961,0.961,True,0.241,-10.0,0
Note_004300,48,330768.9,1161.86,Left,INNER,3,0.961,0.961,False,0.241,-10.0,0
Note_004301,67,330768.9,488.78,Right,INNER,1,0.969,0.969,False,0.598,5.0,-12
Note_004302,72,330768.9,424.68,Right,INNER,2,0.961,0.961,False,0.598,5.0,-12
Note_004303,80,330768.9,352.56,Right,MELODY,5,0.953,0.953,True,0.598,5.0,-12
Note_004304,79,331153.51,424.68,Right,MELODY,5,0.961,0.961,False,0.667,-10.0,0
Note_004305,55,331153.52,392.63,Left,BASS,2,0.921,0.921,False,0.437,15.0,-12
Note_004306,63,331153.52,432.69,Left,INNER,1,0.945,0.945,True,0.437,15.0,-12
Note_004307,40,331530.12,1258.01,Left,BASS,5,0.969,0.969,False,0.23,-10.0,0
Note_004308,42,331530.12,296.47,Left,INNER,3,0.961,0.961,True,0.23,-10.0,0
Note_004309,60,331538.13,376.6,Right,INNER,1,0.969,0.969,False,0.546,10.0,0
Note_004310,67,331538.13,416.67,Right,INNER,2,0.969,0.969,False,0.546,10.0,0
Note_004311,72,331538.13,817.31,Right,INNER,3,0.961,0.961,False,0.546,10.0,0
Note_004312,75,331538.13,376.6,Right,INNER,4,0.945,0.945,True,0.546,10.0,0
Note_004313,35,331914.73,192.31,Left,BASS,3,0.929,0.929,False,0.192,15.0,-12
Note_004314,36,331914.73,360.58,Left,INNER,2,0.937,0.937,False,0.192,15.0,-12
Note_004315,42,331914.73,160.26,Left,INNER,1,0.921,0.921,True,0.192,15.0,-12
Note_004316,67,331922.74,240.38,Right,INNER,5,0.953,0.953,False,0.467,-5.0,0
Note_004317,55,331922.75,360.58,Right,INNER,1,0.961,0.961,False,0.467,-5.0,0
Note_004318,63,331922.75,368.59,Right,INNER,4,0.953,0.953,True,0.467,-5.0,0
Note_004319,70,332115.05,1674.68,Left,BASS,3,0.937,0.937,True,0.563,-0.0,0
Note_004320,31,332299.35,1177.88,Left,BASS,5,0.969,0.969,False,0.193,-0.0,0
Note_004321,35,332299.35,1266.02,Left,INNER,4,0.961,0.961,False,0.193,-0.0,0
Note_004322,42,332299.35,216.35,Left,INNER,2,0.953,0.953,True,0.193,-0.0,0
Note_004323,43,332307.36,1169.87,Left,INNER,1,0.953,0.953,False,0.193,-0.0,0
Note_004324,67,332307.36,456.73,Right,INNER,1,0.953,0.953,False,0.546,15.0,0
Note_004325,70,332307.36,592.95,Right,INNER,2,0.961,0.961,True,0.546,15.0,0
Note_004326,42,332683.96,120.19,Left,BASS,2,0.874,0.874,True,0.287,15.0,0
Note_004327,50,332691.98,432.69,Left,INNER,1,0.898,0.898,False,0.287,15.0,0
Note_004328,62,332691.98,697.11,Right,INNER,5,0.913,0.913,False,0.471,-10.0,0
Note_004329,40,333068.58,1209.93,Left,BASS,5,0.976,0.976,False,0.23,-5.0,0
Note_004330,42,333068.58,256.41,Left,INNER,2,0.969,0.969,True,0.23,-5.0,0
Note_004331,55,333076.59,745.19,Right,INNER,1,0.961,0.961,False,0.494,15.0,0
Note_004332,67,333076.59,1362.18,Right,INNER,2,0.969,0.969,False,0.494,15.0,0
Note_004333,70,333076.59,793.27,Right,INNER,3,0.961,0.961,True,0.494,15.0,0
Note_004334,34,333453.19,400.64,Left,BASS,4,0.945,0.945,True,0.241,10.0,0
Note_004335,42,333453.19,152.24,Left,INNER,2,0.89,0.89,True,0.241,10.0,0
Note_004336,50,333461.21,152.24,Left,INNER,1,0.898,0.898,False,0.241,10.0,0
Note_004337,62,333461.21,248.4,Right,INNER,5,0.961,0.961,False,0.471,-10.0,0
Note_004338,35,333837.81,913.46,Left,BASS,5,0.969,0.969,False,0.221,5.0,0
Note_004339,36,333837.81,1105.77,Left,INNER,3,0.984,0.984,False,0.221,5.0,0
Note_004340,42,333837.81,216.35,Left,INNER,2,0.961,0.961,True,0.221,5.0,0
Note_004341,48,333845.82,1169.87,Left,INNER,1,0.953,0.953,False,0.221,5.0,0
Note_004342,63,333845.82,793.27,Right,INNER,1,0.969,0.969,True,0.579,10.0,12
Note_004343,72,333845.82,520.83,Right,INNER,2,0.961,0.961,False,0.579,10.0,12
Note_004344,79,333845.82,424.68,Right,MELODY,4,0.953,0.953,False,0.579,10.0,12
Note_004345,42,334222.42,144.23,Left,BASS,4,0.898,0.898,True,0.316,5.0,0
Note_004346,77,334230.43,424.68,Right,INNER,5,0.945,0.945,False,0.644,-10.0,0
Note_004347,55,334230.44,408.65,Left,INNER,1,0.937,0.937,False,0.316,5.0,0
Note_004348,40,334607.04,1233.97,Left,BASS,5,0.976,0.976,False,0.23,-15.0,0
Note_004349,42,334607.04,248.4,Left,INNER,4,0.961,0.961,True,0.23,-15.0,0
Note_004350,60,334615.05,376.6,Right,INNER,1,0.969,0.969,False,0.546,10.0,0
Note_004351,67,334615.05,440.7,Right,INNER,2,0.969,0.969,False,0.546,10.0,0
Note_004352,72,334615.05,841.35,Right,INNER,3,0.961,0.961,False,0.546,10.0,0
Note_004353,75,334615.05,448.72,Right,INNER,4,0.937,0.937,True,0.546,10.0,0
Note_004354,35,334991.65,192.31,Left,BASS,3,0.969,0.969,False,0.192,15.0,-12
Note_004355,36,334991.65,336.54,Left,INNER,2,0.969,0.969,False,0.192,15.0,-12
Note_004356,42,334991.65,136.22,Left,INNER,1,0.921,0.921,True,0.192,15.0,-12
Note_004357,74,334999.67,232.37,Right,INNER,1,0.937,0.937,False,0.609,10.0,0
Note_004358,70,335191.97,1714.74,Left,BASS,3,0.945,0.945,True,0.563,-0.0,0
Note_004359,31,335376.27,1225.96,Left,BASS,5,0.984,0.984,False,0.193,-0.0,0
Note_004360,35,335376.27,945.51,Left,INNER,4,0.969,0.969,False,0.193,-0.0,0
Note_004361,42,335376.27,328.53,Left,INNER,2,0.961,0.961,True,0.193,-0.0,0
Note_004362,43,335384.28,1129.81,Left,INNER,1,0.969,0.969,False,0.193,-0.0,0
Note_004363,62,335384.28,1314.1,Right,INNER,1,0.929,0.929,False,0.521,10.0,0
Note_004364,67,335384.28,1434.29,Right,INNER,2,0.961,0.961,False,0.521,10.0,0
Note_004365,70,335384.28,1578.52,Right,INNER,4,0.961,0.961,True,0.521,10.0,0
Note_004366,46,335760.88,392.63,Left,BASS,2,0.953,0.953,True,0.287,5.0,0
Note_004367,40,336145.5,23076.9,Left,BASS,5,0.976,0.976,False,0.23,-10.0,0
Note_004368,42,336145.5,336.54,Left,INNER,3,0.961,0.961,True,0.23,-10.0,0
Note_004369,34,336530.11,400.64,Left,BASS,3,0.921,0.921,True,0.199,15.0,-12
Note_004370,35,336530.11,168.27,Left,INNER,2,0.969,0.969,False,0.199,15.0,-12
Note_004371,46,336530.11,384.61,Left,INNER,1,0.961,0.961,True,0.199,15.0,-12
Note_004372,35,336914.73,1209.93,Left,BASS,5,0.976,0.976,False,0.241,-0.0,-12
Note_004373,36,336914.73,1482.37,Left,INNER,4,0.984,0.984,False,0.241,-0.0,-12
Note_004374,49,336914.73,1057.69,Left,INNER,1,0.961,0.961,True,0.241,-0.0,-12
Note_004375,48,336922.74,1634.61,Left,INNER,2,0.953,0.953,False,0.241,-0.0,-12
Note_004376,63,336922.74,1418.27,Right,INNER,1,0.969,0.969,True,0.566,5.0,12
Note_004377,67,336922.74,600.96,Right,INNER,2,0.945,0.945,False,0.566,5.0,12
Note_004378,72,336922.74,945.51,Right,INNER,3,0.969,0.969,False,0.566,5.0,12
Note_004379,79,336922.74,368.59,Right,MELODY,5,0.945,0.945,False,0.566,5.0,12
Note_004380,75,337307.36,392.63,Left,BASS,3,0.929,0.929,True,0.621,-0.0,0
Note_004381,67,337691.97,681.09,Left,BASS,2,0.142,0.142,False,0.586,15.0,0
Note_004382,77,337691.97,448.72,Left,INNER,1,0.937,0.937,False,0.586,15.0,0
Note_004383,72,338076.59,128.21,Left,BASS,5,0.142,0.142,False,0.586,-10.0,0
Note_004384,79,338076.59,216.35,Right,MELODY,5,0.937,0.937,False,0.667,-10.0,0
Note_004385,75,338268.89,384.61,Left,BASS,2,0.929,0.929,True,0.621,5.0,0
Note_004386,32,338453.19,3149.04,Left,BASS,5,0.969,0.969,True,0.184,-0.0,0
Note_004387,35,338453.19,2836.54,Left,INNER,3,0.976,0.976,False,0.184,-0.0,0
Note_004388,57,338453.19,2812.5,Right,INNER,2,0.969,0.969,False,0.455,-0.0,0
Note_004389,44,338461.2,3133.01,Left,INNER,1,0.961,0.961,True,0.184,-0.0,0
Note_004390,56,338461.2,3060.89,Right,INNER,1,0.945,0.945,True,0.455,-0.0,0
Note_004391,59,338461.2,2708.33,Right,INNER,3,0.969,0.969,False,0.455,-0.0,0
Note_004392,63,338461.2,2892.63,Right,INNER,4,0.961,0.961,True,0.455,-0.0,0
Note_004393,68,338461.2,2916.66,Right,INNER,5,0.961,0.961,True,0.455,-0.0,0
Note_004394,71,338653.51,2788.46,Left,BASS,2,0.921,0.921,False,0.575,5.0,0
Note_004395,51,339991.65,208.33,Left,BASS,3,0.945,0.945,True,0.345,-0.0,0
Note_004396,51,340376.26,448.72,Left,BASS,2,0.937,0.937,True,0.345,5.0,0
Note_004397,51,340953.18,3790.06,Left,BASS,2,0.945,0.945,True,0.345,5.0,0
Note_004398,34,341530.11,3076.92,Left,BASS,4,0.984,0.984,True,0.155,-5.0,0
Note_004399,35,341530.11,2940.7,Left,INNER,3,0.976,0.976,False,0.155,-5.0,0
Note_004400,78,341538.12,104.17,Right,INNER,1,0.921,0.921,True,0.663,10.0,12
Note_004401,79,341538.12,384.61,Right,INNER,2,0.953,0.953,False,0.663,10.0,12
Note_004402,79,341538.12,432.69,Right,MELODY,4,0.819,0.819,False,0.663,10.0,12
Note_004403,77,341922.73,344.55,Left,INNER,2,0.945,0.945,False,0.598,5.0,0
Note_004404,65,341922.74,344.55,Left,BASS,5,0.937,0.937,False,0.598,5.0,0
Note_004405,77,341922.74,328.53,Left,INNER,1,0.866,0.866,False,0.598,5.0,0
Note_004406,63,342307.35,400.64,Left,BASS,5,0.921,0.921,True,0.563,-0.0,12
Note_004407,65,342307.35,448.72,Left,INNER,4,0.945,0.945,False,0.563,-0.0,12
Note_004408,68,342307.35,488.78,Left,INNER,3,0.945,0.945,True,0.563,-0.0,12
Note_004409,77,342307.35,448.72,Left,INNER,2,0.953,0.953,False,0.563,-0.0,12
Note_004410,77,342307.35,448.72,Left,INNER,1,0.913,0.913,False,0.563,-0.0,12
Note_004411,58,342691.97,456.73,Left,BASS,5,0.929,0.929,True,0.537,5.0,0
Note_004412,63,342691.97,328.53,Left,INNER,3,0.921,0.921,True,0.537,5.0,0
Note_004413,75,342691.97,328.53,Left,INNER,2,0.929,0.929,True,0.537,5.0,0
Note_004414,75,342691.97,376.6,Left,INNER,1,0.882,0.882,True,0.537,5.0,0
Note_004415,60,343076.58,1426.28,Left,BASS,5,0.937,0.937,False,0.533,-0.0,-12
Note_004416,63,343076.58,384.61,Left,INNER,4,0.929,0.929,True,0.533,-0.0,-12
Note_004417,63,343076.58,1330.13,Left,INNER,3,0.929,0.929,True,0.533,-0.0,-12
Note_004418,68,343076.58,1233.97,Left,INNER,2,0.929,0.929,True,0.533,-0.0,-12
Note_004419,75,343076.58,384.61,Left,INNER,1,0.937,0.937,True,0.533,-0.0,-12
Note_004420,75,343076.58,400.64,Left,INNER,0,0.874,0.874,True,0.533,-0.0,-12
Note_004421,72,343461.19,825.32,Left,INNER,2,0.929,0.929,False,0.54,5.0,0
Note_004422,60,343461.2,825.32,Left,BASS,5,0.913,0.913,False,0.54,5.0,0
Note_004423,72,343461.2,785.26,Left,INNER,1,0.898,0.898,False,0.54,5.0,0
Note_004424,58,343653.5,649.04,Left,BASS,3,0.142,0.142,True,0.425,-0.0,0
Note_004425,74,344230.42,376.6,Left,INNER,2,0.945,0.945,False,0.563,5.0,0
Note_004426,62,344230.43,376.6,Left,BASS,5,0.937,0.937,False,0.563,5.0,0
Note_004427,74,344230.43,376.6,Left,INNER,1,0.882,0.882,False,0.563,5.0,0
Note_004428,35,344607.03,1089.74,Left,BASS,5,0.961,0.961,False,0.192,-5.0,0
Note_004429,39,344607.03,5416.66,Left,INNER,3,0.976,0.976,True,0.192,-5.0,0
Note_004430,39,344615.04,801.28,Left,INNER,2,0.921,0.921,True,0.192,-5.0,0
Note_004431,75,344615.04,4687.5,Right,INNER,2,0.945,0.945,True,0.621,5.0,0
Note_004432,75,344615.04,1514.42,Right,INNER,3,0.811,0.811,True,0.621,5.0,0
Note_004433,46,344999.66,408.65,Left,BASS,1,0.937,0.937,True,0.287,10.0,-12
Note_004434,51,345376.26,384.61,Left,BASS,5,0.937,0.937,True,0.406,-5.0,12
Note_004435,51,345384.27,616.99,Left,INNER,3,0.961,0.961,True,0.406,-5.0,12
Note_004436,67,345384.27,400.64,Left,INNER,2,0.969,0.969,False,0.406,-5.0,12
Note_004437,35,345760.87,280.45,Left,BASS,5,0.953,0.953,False,0.161,-10.0,0
Note_004438,70,345768.89,432.69,Right,INNER,1,0.961,0.961,True,0.563,10.0,12
Note_004439,35,346145.49,1450.32,Left,BASS,5,0.969,0.969,False,0.161,-10.0,0
Note_004440,63,346153.5,1626.6,Right,INNER,1,0.921,0.921,True,0.547,0.0,12
Note_004441,68,346153.5,1474.36,Right,INNER,2,0.874,0.874,True,0.547,0.0,12
Note_004442,68,346153.5,480.77,Right,INNER,3,0.961,0.961,True,0.547,0.0,12
Note_004443,72,346153.5,464.74,Right,INNER,4,0.874,0.874,False,0.547,0.0,12
Note_004444,72,346153.5,440.7,Right,INNER,5,0.945,0.945,False,0.547,0.0,12
Note_004445,70,346538.12,440.7,Left,BASS,3,0.969,0.969,True,0.594,15.0,0
Note_004446,74,346538.12,584.94,Left,INNER,2,0.866,0.866,False,0.594,15.0,0
Note_004447,74,346538.12,392.63,Left,INNER,1,0.929,0.929,False,0.594,15.0,0
Note_004448,51,346914.72,384.61,Left,BASS,5,0.937,0.937,True,0.345,-10.0,12
Note_004449,68,346922.73,641.03,Right,INNER,3,0.945,0.945,True,0.571,-15.0,0
Note_004450,72,346922.73,408.65,Right,INNER,4,0.866,0.866,False,0.571,-15.0,0
Note_004451,72,346922.73,761.22,Right,INNER,5,0.953,0.953,False,0.571,-15.0,0
Note_004452,74,347307.35,376.6,Left,BASS,3,0.701,0.701,False,0.609,5.0,0
Note_004453,74,347307.35,416.67,Left,INNER,2,0.929,0.929,False,0.609,5.0,0
Note_004454,35,347683.95,1129.81,Left,BASS,5,0.961,0.961,False,0.161,-10.0,0
Note_004455,67,347691.96,1586.54,Right,INNER,1,0.756,0.756,False,0.546,10.0,0
Note_004456,67,347691.96,496.79,Right,INNER,2,0.961,0.961,False,0.546,10.0,0
Note_004457,70,347691.96,1538.46,Right,INNER,3,0.795,0.795,True,0.546,10.0,0
Note_004458,70,347691.96,520.83,Right,INNER,4,0.953,0.953,True,0.546,10.0,0
Note_004459,63,348076.58,1009.61,Left,BASS,2,0.953,0.953,True,0.483,5.0,0
Note_004460,51,348453.18,448.72,Left,BASS,5,0.937,0.937,True,0.437,-0.0,12
Note_004461,67,348461.19,368.59,Left,INNER,1,0.953,0.953,False,0.437,-0.0,12
Note_004462,35,348837.79,280.45,Left,BASS,1,0.921,0.921,False,0.161,10.0,0
Note_004463,70,348845.81,384.62,Right,INNER,5,0.945,0.945,True,0.563,-10.0,-12
Note_004464,35,349222.41,1410.26,Left,BASS,5,0.961,0.961,False,0.161,-10.0,0
Note_004465,66,349230.42,1626.6,Right,INNER,1,0.866,0.866,True,0.552,0.0,12
Note_004466,66,349230.42,1233.97,Right,INNER,2,0.961,0.961,True,0.552,0.0,12
Note_004467,69,349230.42,1193.91,Right,INNER,3,0.961,0.961,False,0.552,0.0,12
Note_004468,72,349230.42,472.76,Right,INNER,4,0.811,0.811,False,0.552,0.0,12
Note_004469,72,349230.42,440.7,Right,INNER,5,0.937,0.937,False,0.552,0.0,12
Note_004470,74,349615.04,352.56,Left,BASS,3,0.882,0.882,False,0.609,5.0,0
Note_004471,74,349615.04,376.6,Left,INNER,2,0.921,0.921,False,0.609,5.0,0
Note_004472,51,349991.64,600.96,Left,BASS,5,0.937,0.937,True,0.345,-10.0,12
Note_004473,72,349999.65,520.83,Right,INNER,4,0.85,0.85,False,0.586,-15.0,0
Note_004474,72,349999.65,432.69,Right,INNER,5,0.921,0.921,False,0.586,-15.0,0
Note_004475,74,350384.27,1963.14,Left,BASS,3,0.787,0.787,False,0.609,5.0,0
Note_004476,74,350384.27,400.64,Left,INNER,2,0.929,0.929,False,0.609,5.0,0
Note_004477,35,350760.87,1498.4,Left,BASS,5,0.953,0.953,False,0.161,-10.0,0
Note_004478,62,350768.88,40.06,Right,INNER,1,0.89,0.89,False,0.522,-0.0,-12
Note_004479,65,350768.88,2892.63,Right,INNER,2,0.559,0.559,False,0.522,-0.0,-12
Note_004480,65,350768.88,424.68,Right,INNER,3,0.953,0.953,False,0.522,-0.0,-12
Note_004481,70,350768.88,1466.34,Right,INNER,4,0.835,0.835,True,0.522,-0.0,-12
Note_004482,70,350768.88,857.37,Right,INNER,5,0.961,0.961,True,0.522,-0.0,-12
Note_004483,62,351153.5,705.13,Left,BASS,2,0.961,0.961,False,0.471,5.0,0
Note_004484,51,351530.1,496.79,Left,BASS,3,0.937,0.937,True,0.425,10.0,0
Note_004485,65,351538.11,616.99,Left,INNER,1,0.913,0.913,False,0.425,10.0,0
Note_004486,70,351922.73,280.45,Left,BASS,2,0.945,0.945,True,0.563,5.0,0
Note_004487,35,352299.33,977.56,Left,BASS,5,0.945,0.945,False,0.253,-0.0,-12
Note_004488,51,352299.33,504.81,Left,INNER,1,0.945,0.945,True,0.253,-0.0,-12
Note_004489,61,352307.34,1594.55,Right,INNER,1,0.913,0.913,True,0.51,-0.0,0
Note_004490,61,352307.34,1274.04,Right,INNER,2,0.953,0.953,True,0.51,-0.0,0
Note_004491,65,352307.34,1153.84,Right,INNER,3,0.961,0.961,False,0.51,-0.0,0
Note_004492,70,352307.34,440.7,Right,INNER,4,0.866,0.866,True,0.51,-0.0,0
Note_004493,70,352307.34,472.76,Right,INNER,5,0.969,0.969,True,0.51,-0.0,0
Note_004494,68,352691.96,352.56,Left,BASS,3,0.882,0.882,True,0.54,5.0,0
Note_004495,68,352691.96,272.44,Left,INNER,2,0.929,0.929,True,0.54,5.0,0
Note_004496,51,353068.56,448.72,Left,BASS,5,0.929,0.929,True,0.475,-15.0,12
Note_004497,68,353076.57,312.5,Left,INNER,4,0.913,0.913,True,0.475,-15.0,12
Note_004498,68,353076.57,392.63,Left,INNER,3,0.953,0.953,True,0.475,-15.0,12
Note_004499,35,353453.17,288.46,Left,BASS,1,0.929,0.929,False,0.161,10.0,0
Note_004500,67,353461.19,2323.72,Right,INNER,4,0.898,0.898,False,0.529,-15.0,0
Note_004501,67,353461.19,208.33,Right,INNER,5,0.921,0.921,False,0.529,-15.0,0
Note_004502,35,353837.79,5873.39,Left,BASS,5,0.953,0.953,False,0.161,-10.0,0
Note_004503,51,353837.79,496.79,Right,INNER,0,0.929,0.929,True,0.445,-0.0,0
Note_004504,52,353845.8,2604.16,Right,INNER,0,0.906,0.906,False,0.445,-0.0,0
Note_004505,60,353845.8,3501.6,Right,INNER,1,0.874,0.874,False,0.445,-0.0,0
Note_004506,60,353845.8,296.47,Right,INNER,2,0.921,0.921,False,0.445,-0.0,0
Note_004507,64,353845.8,1594.55,Right,INNER,3,0.835,0.835,False,0.445,-0.0,0
Note_004508,64,353845.8,504.81,Right,INNER,4,0.906,0.906,False,0.445,-0.0,0
Note_004509,67,353845.8,841.35,Right,INNER,5,0.953,0.953,False,0.445,-0.0,0
Note_004510,60,354230.42,2467.95,Left,BASS,2,0.898,0.898,False,0.448,5.0,0
Note_004511,51,354607.02,480.77,Left,BASS,3,0.929,0.929,True,0.42,10.0,0
Note_004512,64,354615.03,2339.74,Left,INNER,1,0.961,0.961,False,0.42,10.0,0
Note_004513,46,354991.63,256.41,Left,BASS,5,0.882,0.882,True,0.287,-10.0,12
Note_004514,70,354999.65,216.35,Right,INNER,5,0.921,0.921,True,0.563,-10.0,-12
Note_004515,46,355376.25,440.7,Left,BASS,3,0.898,0.898,True,0.316,5.0,0
Note_004516,51,355376.25,432.69,Left,INNER,2,0.929,0.929,True,0.316,5.0,0
Note_004517,70,355384.26,432.69,Right,INNER,4,0.795,0.795,True,0.563,-15.0,-12
Note_004518,70,355384.26,464.74,Right,INNER,5,0.945,0.945,True,0.563,-15.0,-12
Note_004519,44,355760.86,841.35,Left,BASS,5,0.929,0.929,True,0.264,-10.0,12
Note_004520,68,355768.88,368.59,Right,INNER,2,0.89,0.89,True,0.54,5.0,0
Note_004521,68,355768.88,256.41,Right,INNER,3,0.929,0.929,True,0.54,5.0,0
Note_004522,51,356145.48,568.91,Left,BASS,4,0.937,0.937,True,0.475,0.0,0
Note_004523,68,356153.49,376.6,Left,INNER,3,0.921,0.921,True,0.475,0.0,0
Note_004524,68,356153.49,280.45,Left,INNER,2,0.906,0.906,True,0.475,0.0,0
Note_004525,43,356530.09,272.44,Left,BASS,5,0.937,0.937,False,0.253,-10.0,0
Note_004526,67,356538.11,320.51,Right,INNER,1,0.921,0.921,False,0.529,15.0,0
Note_004527,67,356538.11,272.44,Right,INNER,2,0.906,0.906,False,0.529,15.0,0
Note_004528,43,356914.71,384.61,Left,INNER,3,0.945,0.945,False,0.27,5.0,-12
Note_004529,51,356914.71,625.0,Left,INNER,1,0.929,0.929,True,0.27,5.0,-12
Note_004530,36,356922.72,400.64,Left,BASS,5,0.969,0.969,False,0.27,5.0,-12
Note_004531,48,356922.72,1538.46,Left,INNER,2,0.945,0.945,False,0.27,5.0,-12
Note_004532,60,356922.72,384.61,Right,INNER,1,0.953,0.953,False,0.502,15.0,0
Note_004533,67,356922.72,1586.54,Right,INNER,2,0.913,0.913,False,0.502,15.0,0
Note_004534,67,356922.72,2299.68,Right,INNER,3,0.969,0.969,False,0.502,15.0,0
Note_004535,40,357299.32,312.5,Left,BASS,3,0.937,0.937,False,0.218,-0.0,0
Note_004536,64,357307.34,464.74,Right,INNER,4,0.898,0.898,False,0.494,-15.0,0
Note_004537,64,357307.34,416.67,Right,INNER,5,0.961,0.961,False,0.494,-15.0,0
Note_004538,36,357683.94,400.64,Left,BASS,1,0.945,0.945,False,0.172,10.0,0
Note_004539,51,357683.94,841.35,Right,INNER,1,0.85,0.85,True,0.414,15.0,12
Note_004540,60,357691.95,2299.68,Right,INNER,2,0.85,0.85,False,0.414,15.0,12
Note_004541,60,357691.95,681.09,Right,INNER,3,0.795,0.795,False,0.414,15.0,12
Note_004542,34,358068.55,416.67,Left,BASS,2,0.945,0.945,True,0.149,5.0,0
Note_004543,58,358076.57,416.67,Right,INNER,4,0.85,0.85,True,0.425,-15.0,-12
Note_004544,58,358076.57,344.55,Right,INNER,5,0.961,0.961,True,0.425,-15.0,-12
Note_004545,33,358453.17,1474.36,Left,BASS,5,0.945,0.945,False,0.138,-10.0,0
Note_004546,49,358453.17,1610.58,Right,INNER,0,0.921,0.921,True,0.425,0.0,0
Note_004547,53,358461.18,384.61,Right,INNER,0,0.969,0.969,False,0.425,0.0,0
Note_004548,57,358461.18,1634.61,Right,INNER,1,0.874,0.874,False,0.425,0.0,0
Note_004549,57,358461.18,384.61,Right,INNER,2,0.969,0.969,False,0.425,0.0,0
Note_004550,60,358461.18,384.61,Right,INNER,3,0.969,0.969,False,0.425,0.0,0
Note_004551,65,358461.18,11330.12,Right,INNER,4,0.835,0.835,False,0.425,0.0,0
Note_004552,65,358461.18,384.61,Right,INNER,5,0.969,0.969,False,0.425,0.0,0
Note_004553,48,358813.74,400.64,Left,BASS,1,0.906,0.906,False,0.31,10.0,0
Note_004554,53,359214.38,520.83,Left,BASS,5,0.945,0.945,False,0.437,-5.0,0
Note_004555,65,359230.41,809.29,Left,INNER,2,0.945,0.945,False,0.437,-5.0,0
Note_004556,48,359655.09,424.68,Left,BASS,1,0.803,0.803,False,0.31,10.0,0
Note_004557,58,359999.64,689.1,Left,BASS,4,0.843,0.843,True,0.448,-0.0,0
Note_004558,60,359999.64,104.17,Left,INNER,3,0.142,0.142,False,0.448,-0.0,0
Note_004559,62,360023.68,480.77,Left,INNER,2,0.929,0.929,False,0.448,-0.0,0
Note_004560,46,360031.69,913.46,Left,BASS,5,0.937,0.937,True,0.36,0.0,0
Note_004561,53,360031.69,5921.47,Left,INNER,3,0.921,0.921,False,0.36,0.0,0
Note_004562,58,360031.69,905.45,Left,INNER,1,0.961,0.961,True,0.36,0.0,0
Note_004563,62,360544.51,376.6,Left,BASS,2,0.827,0.827,False,0.471,5.0,0
Note_004564,57,360768.87,1001.6,Left,BASS,3,0.866,0.866,False,0.414,-0.0,0
Note_004565,57,360889.06,360.58,Left,INNER,2,0.858,0.858,False,0.379,5.0,0
Note_004566,60,360897.08,424.68,Left,INNER,1,0.953,0.953,False,0.379,5.0,0
Note_004567,45,360905.09,1041.67,Left,BASS,5,0.945,0.945,False,0.379,5.0,0
Note_004568,60,361401.88,456.73,Left,INNER,1,0.937,0.937,False,0.431,15.0,0
Note_004569,57,361409.9,352.56,Left,BASS,2,0.937,0.937,False,0.431,15.0,0
Note_004570,56,361730.41,1362.18,Left,BASS,3,0.835,0.835,True,0.402,-0.0,0
Note_004571,59,361890.66,1306.09,Left,INNER,1,0.898,0.898,False,0.368,5.0,12
Note_004572,44,361898.68,1506.41,Left,BASS,5,0.921,0.921,True,0.368,5.0,12
Note_004573,56,361906.69,1378.2,Left,INNER,2,0.961,0.961,True,0.368,5.0,12
Note_004574,65,362555.73,937.5,Left,BASS,4,0.937,0.937,False,0.506,-5.0,0
Note_004575,55,363076.56,2227.56,Left,BASS,3,0.701,0.701,False,0.431,10.0,0
Note_004576,62,363076.56,2876.6,Left,INNER,1,0.598,0.598,False,0.431,10.0,0
Note_004577,55,363300.92,2660.25,Left,INNER,2,0.906,0.906,False,0.356,5.0,-12
Note_004578,43,363308.93,2692.31,Left,BASS,5,0.961,0.961,False,0.356,5.0,-12
Note_004579,58,363308.93,2668.27,Left,INNER,1,0.961,0.961,True,0.356,5.0,-12
Note_004580,65,364206.37,1746.79,Left,BASS,3,0.937,0.937,False,0.506,-0.0,0
Note_004581,41,365576.56,4142.62,Left,BASS,5,0.142,0.142,False,0.337,5.0,0
Note_004582,53,365576.56,4206.73,Left,INNER,2,0.142,0.142,False,0.337,5.0,0
Note_004583,57,365576.56,4246.79,Left,INNER,1,0.142,0.142,False,0.337,5.0,0
Note_004584,41,365961.17,4615.38,Left,BASS,3,0.961,0.961,False,0.23,-0.0,0
Note_004585,53,366009.25,4807.69,Left,BASS,1,0.961,0.961,False,0.368,10.0,0
Note_004586,57,366057.33,4807.69,Left,BASS,5,0.961,0.961,False,0.414,-10.0,0
Note_004587,60,366105.4,4615.38,Left,BASS,2,0.961,0.961,False,0.448,5.0,0
Note_004588,65,366153.48,5000.0,Left,BASS,1,0.969,0.969,False,0.506,10.0,0
