---,Pitch,StartMs,DurationMs,Hand,Role,Finger,Pressure,KeyDepth,bIsBlack,WristPosNorm,WristYawDeg,WristRollDeg
Note_000000,63,0.0,126.05,Left,INNER,3,0.654,0.654,True,0.483,-0.0,0
Note_000001,71,0.0,126.05,Right,INNER,1,0.654,0.654,False,0.655,0.0,0
Note_000002,75,0.0,126.05,Right,INNER,2,0.654,0.654,True,0.655,0.0,0
Note_000003,83,0.0,126.05,Right,INNER,4,0.528,0.528,False,0.655,0.0,0
Note_000004,83,0.0,126.05,Right,MELODY,5,0.654,0.654,False,0.655,0.0,0
Note_000005,64,126.05,126.05,Left,INNER,2,0.654,0.654,False,0.494,5.0,0
Note_000006,73,126.05,126.05,Right,INNER,1,0.654,0.654,True,0.675,0.0,0
Note_000007,76,126.05,126.05,Right,INNER,2,0.654,0.654,False,0.675,0.0,0
Note_000008,85,126.05,126.05,Right,INNER,4,0.63,0.63,True,0.675,0.0,0
Note_000009,85,126.05,126.05,Right,MELODY,5,0.654,0.654,True,0.675,0.0,0
Note_000010,68,252.1,378.15,Left,INNER,2,0.654,0.654,True,0.557,15.0,0
Note_000011,71,252.1,378.15,Left,INNER,1,0.654,0.654,False,0.557,15.0,0
Note_000012,95,252.1,378.15,Right,MELODY,5,0.654,0.654,False,0.851,-10.0,0
Note_000013,90,504.2,63.03,Right,MELODY,4,0.512,0.512,True,0.793,-5.0,0
Note_000014,88,567.23,63.03,Right,MELODY,2,0.543,0.543,False,0.77,5.0,0
Note_000015,66,630.25,378.15,Left,INNER,2,0.654,0.654,True,0.517,5.0,0
Note_000016,95,630.25,378.15,Right,MELODY,5,0.654,0.654,False,0.851,-10.0,0
Note_000017,64,1008.4,252.1,Left,INNER,3,0.654,0.654,False,0.517,5.0,0
Note_000018,68,1008.4,252.1,Left,INNER,2,0.654,0.654,True,0.517,5.0,0
Note_000019,92,1008.4,252.1,Right,MELODY,4,0.654,0.654,True,0.816,-5.0,0
Note_000020,63,1260.5,504.2,Left,INNER,4,0.654,0.654,True,0.5,-5.0,0
Note_000021,66,1260.5,504.2,Left,INNER,3,0.654,0.654,True,0.5,-5.0,0
Note_000022,90,1260.5,504.2,Right,MELODY,1,0.654,0.654,True,0.793,10.0,12
Note_000023,27,1764.7,4537.81,Left,BASS,3,1.0,1.0,True,0.103,15.0,0
Note_000024,27,1764.7,4537.81,Left,INNER,2,1.0,1.0,True,0.103,15.0,0
Note_000025,36,1764.7,31.51,Left,INNER,1,0.693,0.693,False,0.103,15.0,0
Note_000026,78,1764.7,4537.81,Right,INNER,0,0.654,0.654,True,0.737,0.0,0
Note_000027,83,1764.7,4537.81,Right,INNER,0,0.654,0.654,False,0.737,0.0,0
Note_000028,85,1764.7,252.1,Right,INNER,1,0.669,0.669,True,0.737,0.0,0
Note_000029,85,1764.7,252.1,Right,INNER,2,0.512,0.512,True,0.737,0.0,0
Note_000030,85,1764.7,252.1,Right,INNER,3,1.0,1.0,True,0.737,0.0,0
Note_000031,90,1764.7,4537.81,Right,INNER,5,0.535,0.535,True,0.737,0.0,0
Note_000032,90,1764.7,4537.81,Right,MELODY,4,0.654,0.654,True,0.737,0.0,0
Note_000033,75,2016.8,252.1,Right,INNER,1,0.669,0.669,True,0.621,15.0,12
Note_000034,75,2016.8,252.1,Right,INNER,2,0.512,0.512,True,0.621,15.0,12
Note_000035,75,2016.8,252.1,Right,MELODY,3,1.0,1.0,True,0.621,15.0,12
Note_000036,83,2268.9,252.1,Right,INNER,1,0.669,0.669,False,0.713,5.0,0
Note_000037,83,2268.9,252.1,Right,INNER,2,0.512,0.512,False,0.713,5.0,0
Note_000038,83,2268.9,252.1,Right,MELODY,5,1.0,1.0,False,0.713,5.0,0
Note_000039,75,2521.01,252.1,Right,INNER,2,0.669,0.669,True,0.621,0.0,0
Note_000040,75,2521.01,252.1,Right,INNER,3,0.512,0.512,True,0.621,0.0,0
Note_000041,75,2521.01,252.1,Right,MELODY,4,1.0,1.0,True,0.621,0.0,0
Note_000042,78,2773.11,252.1,Right,INNER,1,0.669,0.669,True,0.655,15.0,12
Note_000043,78,2773.11,252.1,Right,INNER,2,0.512,0.512,True,0.655,15.0,12
Note_000044,78,2773.11,252.1,Right,MELODY,3,1.0,1.0,True,0.655,15.0,12
Note_000045,75,3025.21,252.1,Right,INNER,2,0.669,0.669,True,0.621,0.0,0
Note_000046,75,3025.21,252.1,Right,INNER,3,0.512,0.512,True,0.621,0.0,0
Note_000047,75,3025.21,252.1,Right,MELODY,4,1.0,1.0,True,0.621,0.0,0
Note_000048,85,3277.31,252.1,Right,INNER,1,0.669,0.669,True,0.736,15.0,12
Note_000049,85,3277.31,252.1,Right,INNER,2,0.512,0.512,True,0.736,15.0,12
Note_000050,85,3277.31,252.1,Right,MELODY,3,1.0,1.0,True,0.736,15.0,12
Note_000051,75,3529.41,252.1,Right,INNER,2,0.669,0.669,True,0.621,0.0,0
Note_000052,75,3529.41,252.1,Right,INNER,3,0.512,0.512,True,0.621,0.0,0
Note_000053,75,3529.41,252.1,Right,MELODY,4,1.0,1.0,True,0.621,0.0,0
Note_000054,83,3781.51,252.1,Right,INNER,1,0.669,0.669,False,0.713,5.0,0
Note_000055,83,3781.51,252.1,Right,INNER,2,0.512,0.512,False,0.713,5.0,0
Note_000056,83,3781.51,252.1,Right,MELODY,5,1.0,1.0,False,0.713,5.0,0
Note_000057,75,4033.61,252.1,Right,INNER,2,0.669,0.669,True,0.621,0.0,0
Note_000058,75,4033.61,252.1,Right,INNER,3,0.512,0.512,True,0.621,0.0,0
Note_000059,75,4033.61,252.1,Right,MELODY,4,1.0,1.0,True,0.621,0.0,0
Note_000060,36,4285.71,31.51,Left,BASS,5,0.441,0.441,False,0.172,-10.0,0
Note_000061,78,4285.71,252.1,Right,INNER,1,0.669,0.669,True,0.655,15.0,12
Note_000062,78,4285.71,252.1,Right,INNER,2,0.512,0.512,True,0.655,15.0,12
Note_000063,78,4285.71,252.1,Right,MELODY,3,1.0,1.0,True,0.655,15.0,12
Note_000064,36,4537.81,31.51,Left,BASS,5,0.551,0.551,False,0.172,-10.0,0
Note_000065,75,4537.81,252.1,Right,INNER,2,0.669,0.669,True,0.621,0.0,0
Note_000066,75,4537.81,252.1,Right,INNER,3,0.512,0.512,True,0.621,0.0,0
Note_000067,75,4537.81,252.1,Right,MELODY,4,1.0,1.0,True,0.621,0.0,0
Note_000068,36,4789.91,31.51,Left,BASS,5,0.441,0.441,False,0.172,-10.0,0
Note_000069,85,4789.91,252.1,Right,INNER,1,0.669,0.669,True,0.736,15.0,12
Note_000070,85,4789.91,252.1,Right,INNER,2,0.512,0.512,True,0.736,15.0,12
Note_000071,85,4789.91,252.1,Right,MELODY,3,1.0,1.0,True,0.736,15.0,12
Note_000072,36,5042.01,31.51,Left,BASS,5,0.551,0.551,False,0.172,-10.0,0
Note_000073,73,5042.01,1260.5,Right,INNER,1,0.787,0.787,True,0.615,10.0,12
Note_000074,75,5042.01,252.1,Right,INNER,2,0.669,0.669,True,0.615,10.0,12
Note_000075,75,5042.01,252.1,Right,INNER,3,0.512,0.512,True,0.615,10.0,12
Note_000076,75,5042.01,252.1,Right,MELODY,4,1.0,1.0,True,0.615,10.0,12
Note_000077,55,5105.04,31.51,Right,MELODY,5,0.024,0.024,False,0.391,-10.0,0
Note_000078,55,5168.06,31.51,Right,MELODY,4,0.024,0.024,False,0.391,-5.0,0
Note_000079,55,5231.09,31.51,Right,MELODY,4,0.063,0.063,False,0.391,-5.0,0
Note_000080,36,5294.11,31.51,Left,BASS,5,0.512,0.512,False,0.172,-10.0,0
Note_000081,83,5294.11,252.1,Right,INNER,1,0.669,0.669,False,0.713,5.0,0
Note_000082,83,5294.11,252.1,Right,INNER,2,0.512,0.512,False,0.713,5.0,0
Note_000083,83,5294.11,252.1,Right,MELODY,5,1.0,1.0,False,0.713,5.0,0
Note_000084,55,5357.14,31.51,Right,MELODY,4,0.11,0.11,False,0.391,-5.0,0
Note_000085,36,5420.16,31.51,Left,BASS,5,0.575,0.575,False,0.172,-10.0,0
Note_000086,55,5420.16,31.51,Right,MELODY,4,0.11,0.11,False,0.391,-5.0,0
Note_000087,55,5483.19,31.51,Right,MELODY,2,0.15,0.15,False,0.391,5.0,0
Note_000088,36,5546.21,31.51,Left,BASS,5,0.614,0.614,False,0.172,-10.0,0
Note_000089,75,5546.21,252.1,Right,INNER,2,0.669,0.669,True,0.621,0.0,0
Note_000090,75,5546.21,252.1,Right,INNER,3,0.512,0.512,True,0.621,0.0,0
Note_000091,75,5546.21,252.1,Right,MELODY,4,1.0,1.0,True,0.621,0.0,0
Note_000092,55,5609.24,31.51,Right,MELODY,1,0.26,0.26,False,0.391,10.0,0
Note_000093,36,5672.26,31.51,Left,BASS,5,0.63,0.63,False,0.172,-10.0,0
Note_000094,55,5672.26,31.51,Right,MELODY,4,0.26,0.26,False,0.391,-5.0,0
Note_000095,55,5735.29,31.51,Right,MELODY,2,0.299,0.299,False,0.391,5.0,0
Note_000096,36,5798.31,31.51,Left,BASS,5,0.646,0.646,False,0.172,-10.0,0
Note_000097,78,5798.31,252.1,Right,INNER,2,0.669,0.669,True,0.655,0.0,0
Note_000098,78,5798.31,252.1,Right,INNER,3,0.512,0.512,True,0.655,0.0,0
Note_000099,78,5798.31,252.1,Right,MELODY,4,1.0,1.0,True,0.655,0.0,0
Note_000100,55,5861.34,31.51,Right,MELODY,1,0.346,0.346,False,0.391,10.0,0
Note_000101,36,5924.36,31.51,Left,BASS,5,0.74,0.74,False,0.172,-10.0,0
Note_000102,55,5924.36,31.51,Right,MELODY,4,0.346,0.346,False,0.391,-5.0,0
Note_000103,55,5987.39,31.51,Right,MELODY,2,0.386,0.386,False,0.391,5.0,0
Note_000104,36,6050.41,31.51,Left,BASS,5,0.787,0.787,False,0.172,-10.0,0
Note_000105,75,6050.41,252.1,Right,INNER,2,0.669,0.669,True,0.621,0.0,0
Note_000106,75,6050.41,252.1,Right,INNER,3,0.512,0.512,True,0.621,0.0,0
Note_000107,75,6050.41,252.1,Right,MELODY,4,1.0,1.0,True,0.621,0.0,0
Note_000108,55,6113.44,31.51,Right,MELODY,1,0.496,0.496,False,0.391,10.0,0
Note_000109,36,6134.45,31.51,Left,BASS,5,0.787,0.787,False,0.172,-10.0,0
Note_000110,55,6176.46,31.51,Right,MELODY,4,0.496,0.496,False,0.391,-5.0,0
Note_000111,36,6218.48,31.51,Left,BASS,5,0.787,0.787,False,0.172,-10.0,0
Note_000112,55,6239.49,31.51,Right,MELODY,2,0.535,0.535,False,0.391,5.0,0
Note_000113,23,6302.51,252.1,Left,BASS,5,1.0,1.0,False,0.073,-0.0,0
Note_000114,23,6302.51,252.1,Left,INNER,3,1.0,1.0,False,0.073,-0.0,0
Note_000115,36,6302.51,31.51,Left,INNER,1,0.787,0.787,False,0.073,-0.0,0
Note_000116,75,6302.51,1008.4,Right,MELODY,4,0.732,0.732,True,0.621,-5.0,0
Note_000117,42,6428.56,31.51,Left,BASS,2,0.11,0.11,True,0.241,5.0,0
Note_000118,42,6554.61,31.51,Left,BASS,2,0.535,0.535,True,0.241,5.0,0
Note_000119,59,6680.66,126.05,Right,INNER,1,0.394,0.394,False,0.479,15.0,0
Note_000120,63,6680.66,126.05,Right,INNER,2,0.543,0.543,True,0.479,15.0,0
Note_000121,66,6680.66,126.05,Right,MELODY,3,0.394,0.394,True,0.479,15.0,0
Note_000122,23,6806.71,378.15,Left,BASS,5,1.0,1.0,False,0.109,5.0,0
Note_000123,23,6806.71,378.15,Left,INNER,3,1.0,1.0,False,0.109,5.0,0
Note_000124,36,6806.71,31.51,Left,INNER,2,0.85,0.85,False,0.109,5.0,0
Note_000125,40,6806.71,31.51,Left,INNER,1,0.74,0.74,False,0.109,5.0,0
Note_000126,59,6806.71,378.15,Right,INNER,1,0.543,0.543,False,0.479,10.0,0
Note_000127,63,6806.71,378.15,Right,INNER,2,0.543,0.543,True,0.479,10.0,0
Note_000128,66,6806.71,378.15,Right,MELODY,4,0.543,0.543,True,0.479,10.0,0
Note_000129,42,7058.81,31.51,Left,BASS,2,0.535,0.535,True,0.241,5.0,0
Note_000130,25,7184.86,252.1,Left,BASS,3,1.0,1.0,True,0.046,5.0,0
Note_000131,25,7184.86,252.1,Left,INNER,2,1.0,1.0,True,0.046,5.0,0
Note_000132,59,7184.86,21.01,Right,INNER,1,0.543,0.543,False,0.464,10.0,0
Note_000133,66,7184.86,126.05,Right,MELODY,4,0.709,0.709,True,0.464,10.0,0
Note_000134,59,7205.87,105.04,Right,INNER,2,0.709,0.709,False,0.464,10.0,0
Note_000135,36,7310.91,31.51,Left,BASS,1,0.85,0.85,False,0.172,10.0,0
Note_000136,64,7310.91,1008.4,Right,INNER,1,0.732,0.732,False,0.563,0.0,0
Note_000137,76,7310.91,1008.4,Right,MELODY,5,0.732,0.732,False,0.563,0.0,0
Note_000138,59,7436.96,378.15,Right,INNER,2,0.654,0.654,False,0.471,0.0,0
Note_000139,61,7436.96,378.15,Right,INNER,3,0.606,0.606,True,0.471,0.0,0
Note_000140,66,7436.96,378.15,Right,MELODY,4,0.654,0.654,True,0.471,0.0,0
Note_000141,25,7563.02,252.1,Left,BASS,5,1.0,1.0,True,0.111,-5.0,12
Note_000142,25,7563.02,252.1,Left,INNER,3,1.0,1.0,True,0.111,-5.0,12
Note_000143,42,7563.02,31.51,Left,INNER,2,0.535,0.535,True,0.111,-5.0,12
Note_000144,36,7815.12,31.51,Left,BASS,2,0.85,0.85,False,0.195,15.0,0
Note_000145,40,7815.12,31.51,Left,INNER,1,0.74,0.74,False,0.195,15.0,0
Note_000146,59,7815.12,21.01,Right,INNER,1,0.528,0.528,False,0.474,-0.0,-12
Note_000147,66,7815.12,21.01,Right,INNER,4,0.528,0.528,True,0.474,-0.0,-12
Note_000148,59,7836.12,105.04,Right,INNER,2,0.598,0.598,False,0.474,-0.0,-12
Note_000149,61,7836.12,105.04,Right,INNER,3,0.551,0.551,True,0.474,-0.0,-12
Note_000150,66,7836.12,105.04,Right,MELODY,5,0.598,0.598,True,0.474,-0.0,-12
Note_000151,25,7941.17,378.15,Left,BASS,5,1.0,1.0,True,0.111,-5.0,12
Note_000152,25,7941.17,378.15,Left,INNER,3,1.0,1.0,True,0.111,-5.0,12
Note_000153,42,7941.17,31.51,Left,INNER,2,0.213,0.213,True,0.111,-5.0,12
Note_000154,59,7941.17,126.05,Right,INNER,1,0.449,0.449,False,0.471,10.0,0
Note_000155,61,7941.17,126.05,Right,INNER,2,0.606,0.606,True,0.471,10.0,0
Note_000156,66,7941.17,126.05,Right,MELODY,4,0.449,0.449,True,0.471,10.0,0
Note_000157,42,8067.22,31.51,Left,BASS,2,0.535,0.535,True,0.241,5.0,0
Note_000158,59,8067.22,21.01,Right,INNER,1,0.528,0.528,False,0.474,-0.0,-12
Note_000159,66,8067.22,21.01,Right,INNER,4,0.528,0.528,True,0.474,-0.0,-12
Note_000160,59,8088.22,105.04,Right,INNER,2,0.646,0.646,False,0.474,-0.0,-12
Note_000161,61,8088.22,105.04,Right,INNER,3,0.598,0.598,True,0.474,-0.0,-12
Note_000162,66,8088.22,105.04,Right,MELODY,5,0.646,0.646,True,0.474,-0.0,-12
Note_000163,59,8193.27,126.05,Right,INNER,1,0.575,0.575,False,0.477,15.0,0
Note_000164,66,8193.27,126.05,Right,MELODY,2,0.575,0.575,True,0.477,15.0,0
Note_000165,27,8319.32,252.1,Left,BASS,3,1.0,1.0,True,0.103,15.0,0
Note_000166,27,8319.32,252.1,Left,INNER,2,1.0,1.0,True,0.103,15.0,0
Note_000167,36,8319.32,31.51,Left,INNER,1,0.85,0.85,False,0.103,15.0,0
Note_000168,78,8319.32,378.15,Right,MELODY,4,0.732,0.732,True,0.655,-5.0,0
Note_000169,42,8571.42,31.51,Left,BASS,5,0.535,0.535,True,0.241,-10.0,12
Note_000170,59,8697.47,126.05,Left,INNER,5,0.394,0.394,False,0.51,-5.0,0
Note_000171,66,8697.47,126.05,Left,INNER,3,0.394,0.394,True,0.51,-5.0,0
Note_000172,71,8697.47,378.15,Left,INNER,2,0.732,0.732,False,0.51,-5.0,0
Note_000173,83,8697.47,378.15,Right,MELODY,1,0.732,0.732,False,0.713,10.0,0
Note_000174,27,8823.52,378.15,Left,BASS,5,1.0,1.0,True,0.132,-0.0,12
Note_000175,27,8823.52,378.15,Left,INNER,4,1.0,1.0,True,0.132,-0.0,12
Note_000176,36,8823.52,31.51,Left,INNER,2,0.85,0.85,False,0.132,-0.0,12
Note_000177,40,8823.52,31.51,Left,INNER,1,0.74,0.74,False,0.132,-0.0,12
Note_000178,59,8823.52,378.15,Right,INNER,2,0.543,0.543,False,0.477,-5.0,-12
Note_000179,66,8823.52,378.15,Right,MELODY,5,0.543,0.543,True,0.477,-5.0,-12
Note_000180,42,9075.62,31.51,Left,BASS,2,0.535,0.535,True,0.241,5.0,0
Note_000181,70,9075.62,252.1,Right,INNER,1,0.732,0.732,True,0.632,5.0,12
Note_000182,82,9075.62,252.1,Right,MELODY,4,0.732,0.732,True,0.632,5.0,12
Note_000183,32,9201.67,252.1,Left,BASS,3,1.0,1.0,True,0.157,15.0,0
Note_000184,32,9201.67,252.1,Left,INNER,2,1.0,1.0,True,0.157,15.0,0
Note_000185,40,9201.67,31.51,Left,INNER,1,0.276,0.276,False,0.157,15.0,0
Note_000186,59,9201.67,21.01,Right,INNER,2,0.543,0.543,False,0.464,-5.0,-12
Note_000187,66,9201.67,126.05,Right,MELODY,5,0.709,0.709,True,0.464,-5.0,-12
Note_000188,59,9222.68,105.04,Right,INNER,3,0.709,0.709,False,0.464,-5.0,-12
Note_000189,36,9327.72,31.51,Left,BASS,1,0.85,0.85,False,0.172,10.0,0
Note_000190,71,9327.72,378.15,Right,INNER,1,0.732,0.732,False,0.644,5.0,0
Note_000191,83,9327.72,378.15,Right,MELODY,4,0.732,0.732,False,0.644,5.0,0
Note_000192,59,9453.77,378.15,Right,INNER,2,0.654,0.654,False,0.479,-5.0,-12
Note_000193,63,9453.77,378.15,Right,INNER,3,0.606,0.606,True,0.479,-5.0,-12
Note_000194,66,9453.77,378.15,Right,MELODY,5,0.654,0.654,True,0.479,-5.0,-12
Note_000195,32,9579.82,252.1,Left,BASS,5,1.0,1.0,True,0.165,-10.0,12
Note_000196,32,9579.82,252.1,Left,INNER,4,1.0,1.0,True,0.165,-10.0,12
Note_000197,42,9579.82,31.51,Left,INNER,2,0.535,0.535,True,0.165,-10.0,12
Note_000198,66,9705.87,378.15,Right,INNER,1,0.732,0.732,True,0.586,5.0,12
Note_000199,78,9705.87,378.15,Right,MELODY,4,0.732,0.732,True,0.586,5.0,12
Note_000200,36,9831.92,31.51,Left,BASS,2,0.85,0.85,False,0.195,15.0,0
Note_000201,40,9831.92,31.51,Left,INNER,1,0.74,0.74,False,0.195,15.0,0
Note_000202,59,9831.92,21.01,Right,INNER,1,0.528,0.528,False,0.478,-0.0,-12
Note_000203,66,9831.92,21.01,Right,INNER,4,0.528,0.528,True,0.478,-0.0,-12
Note_000204,59,9852.93,105.04,Right,INNER,2,0.598,0.598,False,0.478,-0.0,-12
Note_000205,63,9852.93,105.04,Right,INNER,3,0.551,0.551,True,0.478,-0.0,-12
Note_000206,66,9852.93,105.04,Right,MELODY,5,0.598,0.598,True,0.478,-0.0,-12
Note_000207,32,9957.97,378.15,Left,BASS,5,1.0,1.0,True,0.165,-10.0,12
Note_000208,32,9957.97,378.15,Left,INNER,4,1.0,1.0,True,0.165,-10.0,12
Note_000209,42,9957.97,31.51,Left,INNER,2,0.213,0.213,True,0.165,-10.0,12
Note_000210,59,9957.97,126.05,Right,INNER,1,0.449,0.449,False,0.479,10.0,0
Note_000211,63,9957.97,126.05,Right,INNER,2,0.606,0.606,True,0.479,10.0,0
Note_000212,66,9957.97,126.05,Right,MELODY,4,0.449,0.449,True,0.479,10.0,0
Note_000213,42,10084.02,31.51,Left,BASS,2,0.535,0.535,True,0.241,5.0,0
Note_000214,59,10084.02,21.01,Right,INNER,0,0.528,0.528,False,0.499,-0.0,0
Note_000215,63,10084.02,252.1,Right,INNER,1,0.732,0.732,True,0.499,-0.0,0
Note_000216,66,10084.02,21.01,Right,INNER,3,0.528,0.528,True,0.499,-0.0,0
Note_000217,75,10084.02,252.1,Right,MELODY,5,0.732,0.732,True,0.499,-0.0,0
Note_000218,59,10105.03,105.04,Right,INNER,0,0.646,0.646,False,0.499,-0.0,0
Note_000219,63,10105.03,105.04,Right,INNER,2,0.598,0.598,True,0.499,-0.0,0
Note_000220,66,10105.03,105.04,Right,INNER,4,0.646,0.646,True,0.499,-0.0,0
Note_000221,59,10210.07,126.05,Right,INNER,2,0.52,0.52,False,0.477,0.0,0
Note_000222,66,10210.07,126.05,Right,MELODY,4,0.52,0.52,True,0.477,0.0,0
Note_000223,32,10336.12,252.1,Left,BASS,5,1.0,1.0,True,0.142,-5.0,12
Note_000224,32,10336.12,252.1,Left,INNER,3,1.0,1.0,True,0.142,-5.0,12
Note_000225,36,10336.12,31.51,Left,INNER,2,0.85,0.85,False,0.142,-5.0,12
Note_000226,59,10336.12,378.15,Right,INNER,1,0.732,0.732,False,0.494,0.0,0
Note_000227,59,10336.12,378.15,Right,INNER,0,0.528,0.528,False,0.494,0.0,0
Note_000228,63,10336.12,378.15,Right,INNER,2,0.693,0.693,True,0.494,0.0,0
Note_000229,66,10336.12,21.01,Right,INNER,3,0.512,0.512,True,0.494,0.0,0
Note_000230,71,10336.12,378.15,Right,MELODY,5,0.732,0.732,False,0.494,0.0,0
Note_000231,66,10357.13,357.14,Right,INNER,4,0.528,0.528,True,0.494,0.0,0
Note_000232,42,10462.17,31.51,Left,BASS,2,0.11,0.11,True,0.241,5.0,0
Note_000233,42,10588.22,31.51,Left,BASS,2,0.535,0.535,True,0.241,5.0,0
Note_000234,59,10714.27,126.05,Right,INNER,1,0.394,0.394,False,0.499,-0.0,-12
Note_000235,61,10714.27,378.15,Right,INNER,2,0.732,0.732,True,0.499,-0.0,-12
Note_000236,63,10714.27,126.05,Right,INNER,3,0.543,0.543,True,0.499,-0.0,-12
Note_000237,66,10714.27,126.05,Right,INNER,4,0.394,0.394,True,0.499,-0.0,-12
Note_000238,73,10714.27,378.15,Right,MELODY,5,0.732,0.732,True,0.499,-0.0,-12
Note_000239,32,10840.32,378.15,Left,BASS,5,1.0,1.0,True,0.161,5.0,12
Note_000240,32,10840.32,378.15,Left,INNER,3,1.0,1.0,True,0.161,5.0,12
Note_000241,36,10840.32,31.51,Left,INNER,2,0.85,0.85,False,0.161,5.0,12
Note_000242,40,10840.32,31.51,Left,INNER,1,0.74,0.74,False,0.161,5.0,12
Note_000243,59,10840.32,378.15,Right,INNER,1,0.543,0.543,False,0.479,5.0,0
Note_000244,63,10840.32,378.15,Right,INNER,3,0.543,0.543,True,0.479,5.0,0
Note_000245,66,10840.32,378.15,Right,MELODY,4,0.543,0.543,True,0.479,5.0,0
Note_000246,42,11092.42,31.51,Left,BASS,2,0.535,0.535,True,0.241,5.0,0
Note_000247,63,11092.42,252.1,Right,INNER,2,0.732,0.732,True,0.552,-5.0,-12
Note_000248,75,11092.42,252.1,Right,MELODY,5,0.732,0.732,True,0.552,-5.0,-12
Note_000249,34,11218.47,252.1,Left,BASS,3,1.0,1.0,True,0.149,5.0,0
Note_000250,34,11218.47,252.1,Left,INNER,2,1.0,1.0,True,0.149,5.0,0
Note_000251,59,11218.47,21.01,Right,INNER,1,0.543,0.543,False,0.464,10.0,0
Note_000252,66,11218.47,126.05,Right,MELODY,4,0.709,0.709,True,0.464,10.0,0
Note_000253,59,11239.48,105.04,Right,INNER,2,0.709,0.709,False,0.464,10.0,0
Note_000254,36,11344.52,31.51,Left,BASS,1,0.85,0.85,False,0.172,10.0,0
Note_000255,61,11344.52,2016.8,Right,INNER,2,0.732,0.732,True,0.529,-5.0,-12
Note_000256,73,11344.52,2016.8,Right,MELODY,5,0.732,0.732,True,0.529,-5.0,-12
Note_000257,59,11470.57,378.15,Right,INNER,1,0.654,0.654,False,0.477,5.0,0
Note_000258,66,11470.57,378.15,Right,MELODY,4,0.654,0.654,True,0.477,5.0,0
Note_000259,34,11596.62,252.1,Left,BASS,5,1.0,1.0,True,0.18,-10.0,12
Note_000260,34,11596.62,252.1,Left,INNER,4,1.0,1.0,True,0.18,-10.0,12
Note_000261,42,11596.62,31.51,Left,INNER,2,0.535,0.535,True,0.18,-10.0,12
Note_000262,36,11848.72,31.51,Left,BASS,2,0.85,0.85,False,0.195,15.0,0
Note_000263,40,11848.72,31.51,Left,INNER,1,0.74,0.74,False,0.195,15.0,0
Note_000264,59,11848.72,21.01,Right,INNER,1,0.528,0.528,False,0.477,0.0,-12
Note_000265,66,11848.72,21.01,Right,INNER,4,0.528,0.528,True,0.477,0.0,-12
Note_000266,59,11869.73,105.04,Right,INNER,2,0.598,0.598,False,0.477,0.0,-12
Note_000267,66,11869.73,105.04,Right,MELODY,5,0.598,0.598,True,0.477,0.0,-12
Note_000268,34,11974.77,378.15,Left,BASS,5,1.0,1.0,True,0.18,-10.0,12
Note_000269,34,11974.77,378.15,Left,INNER,4,1.0,1.0,True,0.18,-10.0,12
Note_000270,42,11974.77,31.51,Left,INNER,2,0.213,0.213,True,0.18,-10.0,12
Note_000271,59,11974.77,126.05,Right,INNER,1,0.449,0.449,False,0.477,5.0,0
Note_000272,66,11974.77,126.05,Right,MELODY,4,0.449,0.449,True,0.477,5.0,0
Note_000273,42,12100.82,31.51,Left,BASS,2,0.535,0.535,True,0.241,5.0,0
Note_000274,59,12100.82,21.01,Right,INNER,1,0.528,0.528,False,0.477,0.0,-12
Note_000275,66,12100.82,21.01,Right,INNER,4,0.528,0.528,True,0.477,0.0,-12
Note_000276,59,12121.83,105.04,Right,INNER,2,0.646,0.646,False,0.477,0.0,-12
Note_000277,66,12121.83,105.04,Right,MELODY,5,0.646,0.646,True,0.477,0.0,-12
Note_000278,59,12226.87,126.05,Right,INNER,1,0.575,0.575,False,0.477,5.0,0
Note_000279,66,12226.87,126.05,Right,MELODY,4,0.575,0.575,True,0.477,5.0,0
Note_000280,27,12352.92,252.1,Left,BASS,5,1.0,1.0,True,0.103,-0.0,12
Note_000281,27,12352.92,252.1,Left,INNER,3,1.0,1.0,True,0.103,-0.0,12
Note_000282,36,12352.92,31.51,Left,INNER,1,0.85,0.85,False,0.103,-0.0,12
Note_000283,59,12352.92,378.15,Right,INNER,1,0.528,0.528,False,0.489,10.0,0
Note_000284,63,12352.92,378.15,Right,INNER,2,0.669,0.669,True,0.489,10.0,0
Note_000285,66,12352.92,21.01,Right,INNER,3,0.512,0.512,True,0.489,10.0,0
Note_000286,66,12373.93,357.14,Right,MELODY,4,0.528,0.528,True,0.489,10.0,0
Note_000287,42,12478.97,31.51,Left,BASS,2,0.134,0.134,True,0.241,5.0,0
Note_000288,42,12605.03,31.51,Left,BASS,2,0.535,0.535,True,0.241,5.0,0
Note_000289,59,12731.08,126.05,Right,INNER,1,0.394,0.394,False,0.479,10.0,0
Note_000290,63,12731.08,126.05,Right,INNER,2,0.638,0.638,True,0.479,10.0,0
Note_000291,66,12731.08,126.05,Right,MELODY,4,0.394,0.394,True,0.479,10.0,0
Note_000292,27,12857.13,378.15,Left,BASS,5,1.0,1.0,True,0.132,-0.0,12
Note_000293,27,12857.13,378.15,Left,INNER,4,1.0,1.0,True,0.132,-0.0,12
Note_000294,36,12857.13,31.51,Left,INNER,2,0.85,0.85,False,0.132,-0.0,12
Note_000295,40,12857.13,31.51,Left,INNER,1,0.74,0.74,False,0.132,-0.0,12
Note_000296,59,12857.13,378.15,Right,INNER,1,0.543,0.543,False,0.479,10.0,0
Note_000297,63,12857.13,378.15,Right,INNER,2,0.638,0.638,True,0.479,10.0,0
Note_000298,66,12857.13,378.15,Right,MELODY,4,0.543,0.543,True,0.479,10.0,0
Note_000299,42,13109.23,31.51,Left,BASS,2,0.535,0.535,True,0.241,5.0,0
Note_000300,28,13235.28,252.1,Left,BASS,5,1.0,1.0,False,0.126,5.0,0
Note_000301,28,13235.28,252.1,Left,INNER,2,1.0,1.0,False,0.126,5.0,0
Note_000302,40,13235.28,31.51,Left,INNER,1,0.276,0.276,False,0.126,5.0,0
Note_000303,59,13235.28,21.01,Right,INNER,1,0.543,0.543,False,0.471,10.0,0
Note_000304,64,13235.28,126.05,Right,INNER,3,0.528,0.528,False,0.471,10.0,0
Note_000305,66,13235.28,126.05,Right,MELODY,4,0.709,0.709,True,0.471,10.0,0
Note_000306,59,13256.28,105.04,Right,INNER,2,0.709,0.709,False,0.471,10.0,0
Note_000307,36,13361.33,31.51,Left,BASS,1,0.85,0.85,False,0.172,10.0,0
Note_000308,59,13487.38,378.15,Right,INNER,1,0.654,0.654,False,0.483,10.0,0
Note_000309,64,13487.38,378.15,Right,INNER,2,0.693,0.693,False,0.483,10.0,0
Note_000310,66,13487.38,378.15,Right,MELODY,4,0.654,0.654,True,0.483,10.0,0
Note_000311,28,13613.43,252.1,Left,BASS,5,1.0,1.0,False,0.134,-0.0,-12
Note_000312,28,13613.43,252.1,Left,INNER,3,1.0,1.0,False,0.134,-0.0,-12
Note_000313,42,13613.43,31.51,Left,INNER,1,0.535,0.535,True,0.134,-0.0,-12
Note_000314,36,13865.53,31.51,Left,BASS,5,0.85,0.85,False,0.195,-0.0,0
Note_000315,40,13865.53,31.51,Left,INNER,1,0.74,0.74,False,0.195,-0.0,0
Note_000316,59,13865.53,21.01,Right,INNER,1,0.528,0.528,False,0.48,0.0,-12
Note_000317,66,13865.53,21.01,Right,INNER,4,0.528,0.528,True,0.48,0.0,-12
Note_000318,59,13886.54,105.04,Right,INNER,2,0.598,0.598,False,0.48,0.0,-12
Note_000319,64,13886.54,105.04,Right,INNER,3,0.638,0.638,False,0.48,0.0,-12
Note_000320,66,13886.54,105.04,Right,MELODY,5,0.598,0.598,True,0.48,0.0,-12
Note_000321,28,13991.58,378.15,Left,BASS,5,1.0,1.0,False,0.134,-0.0,-12
Note_000322,28,13991.58,378.15,Left,INNER,3,1.0,1.0,False,0.134,-0.0,-12
Note_000323,42,13991.58,31.51,Left,INNER,1,0.213,0.213,True,0.134,-0.0,-12
Note_000324,59,13991.58,126.05,Right,INNER,1,0.449,0.449,False,0.483,10.0,0
Note_000325,64,13991.58,126.05,Right,INNER,2,0.693,0.693,False,0.483,10.0,0
Note_000326,66,13991.58,126.05,Right,MELODY,4,0.449,0.449,True,0.483,10.0,0
Note_000327,42,14117.63,31.51,Left,BASS,2,0.535,0.535,True,0.241,5.0,0
Note_000328,59,14117.63,21.01,Right,INNER,1,0.528,0.528,False,0.48,0.0,-12
Note_000329,66,14117.63,21.01,Right,INNER,4,0.528,0.528,True,0.48,0.0,-12
Note_000330,59,14138.64,105.04,Right,INNER,2,0.646,0.646,False,0.48,0.0,-12
Note_000331,64,14138.64,105.04,Right,INNER,3,0.685,0.685,False,0.48,0.0,-12
Note_000332,66,14138.64,105.04,Right,MELODY,5,0.646,0.646,True,0.48,0.0,-12
Note_000333,59,14243.68,126.05,Right,INNER,2,0.52,0.52,False,0.477,0.0,0
Note_000334,66,14243.68,126.05,Right,MELODY,4,0.52,0.52,True,0.477,0.0,0
Note_000335,30,14369.73,252.1,Left,BASS,5,1.0,1.0,True,0.126,-5.0,12
Note_000336,30,14369.73,252.1,Left,INNER,3,1.0,1.0,True,0.126,-5.0,12
Note_000337,36,14369.73,31.51,Left,INNER,2,0.85,0.85,False,0.126,-5.0,12
Note_000338,75,14369.73,1008.4,Right,MELODY,5,0.732,0.732,True,0.621,-10.0,-12
Note_000339,42,14495.78,31.51,Left,BASS,2,0.11,0.11,True,0.241,5.0,0
Note_000340,42,14621.83,31.51,Left,BASS,2,0.535,0.535,True,0.241,5.0,0
Note_000341,59,14747.88,126.05,Right,INNER,1,0.394,0.394,False,0.479,10.0,0
Note_000342,63,14747.88,126.05,Right,INNER,2,0.543,0.543,True,0.479,10.0,0
Note_000343,66,14747.88,126.05,Right,MELODY,4,0.394,0.394,True,0.479,10.0,0
Note_000344,30,14873.93,378.15,Left,BASS,5,1.0,1.0,True,0.149,5.0,12
Note_000345,30,14873.93,378.15,Left,INNER,3,1.0,1.0,True,0.149,5.0,12
Note_000346,36,14873.93,31.51,Left,INNER,2,0.85,0.85,False,0.149,5.0,12
Note_000347,40,14873.93,31.51,Left,INNER,1,0.74,0.74,False,0.149,5.0,12
Note_000348,59,14873.93,378.15,Right,INNER,1,0.543,0.543,False,0.479,10.0,0
Note_000349,63,14873.93,378.15,Right,INNER,2,0.543,0.543,True,0.479,10.0,0
Note_000350,66,14873.93,378.15,Right,MELODY,4,0.543,0.543,True,0.479,10.0,0
Note_000351,42,15126.03,31.51,Left,BASS,2,0.535,0.535,True,0.241,5.0,0
Note_000352,32,15252.08,252.1,Left,BASS,3,1.0,1.0,True,0.126,5.0,0
Note_000353,32,15252.08,252.1,Left,INNER,2,1.0,1.0,True,0.126,5.0,0
Note_000354,59,15252.08,21.01,Right,INNER,1,0.543,0.543,False,0.464,10.0,0
Note_000355,66,15252.08,126.05,Right,MELODY,4,0.709,0.709,True,0.464,10.0,0
Note_000356,59,15273.09,105.04,Right,INNER,2,0.709,0.709,False,0.464,10.0,0
Note_000357,36,15378.13,31.51,Left,BASS,1,0.85,0.85,False,0.172,10.0,0
Note_000358,64,15378.13,756.3,Right,INNER,1,0.732,0.732,False,0.563,0.0,0
Note_000359,76,15378.13,756.3,Right,MELODY,5,0.732,0.732,False,0.563,0.0,0
Note_000360,59,15504.18,378.15,Right,INNER,2,0.654,0.654,False,0.471,0.0,0
Note_000361,61,15504.18,378.15,Right,INNER,3,0.606,0.606,True,0.471,0.0,0
Note_000362,66,15504.18,378.15,Right,MELODY,4,0.654,0.654,True,0.471,0.0,0
Note_000363,32,15630.23,252.1,Left,BASS,5,1.0,1.0,True,0.165,-10.0,12
Note_000364,32,15630.23,252.1,Left,INNER,4,1.0,1.0,True,0.165,-10.0,12
Note_000365,42,15630.23,31.51,Left,INNER,2,0.535,0.535,True,0.165,-10.0,12
Note_000366,36,15882.33,31.51,Left,BASS,2,0.85,0.85,False,0.195,15.0,0
Note_000367,40,15882.33,31.51,Left,INNER,1,0.74,0.74,False,0.195,15.0,0
Note_000368,59,15882.33,21.01,Right,INNER,1,0.528,0.528,False,0.474,-0.0,-12
Note_000369,66,15882.33,21.01,Right,INNER,4,0.528,0.528,True,0.474,-0.0,-12
Note_000370,59,15903.34,105.04,Right,INNER,2,0.598,0.598,False,0.474,-0.0,-12
Note_000371,61,15903.34,105.04,Right,INNER,3,0.551,0.551,True,0.474,-0.0,-12
Note_000372,66,15903.34,105.04,Right,MELODY,5,0.598,0.598,True,0.474,-0.0,-12
Note_000373,32,16008.38,378.15,Left,BASS,5,1.0,1.0,True,0.165,-10.0,12
Note_000374,32,16008.38,378.15,Left,INNER,4,1.0,1.0,True,0.165,-10.0,12
Note_000375,42,16008.38,31.51,Left,INNER,2,0.213,0.213,True,0.165,-10.0,12
Note_000376,59,16008.38,126.05,Right,INNER,1,0.449,0.449,False,0.471,10.0,0
Note_000377,61,16008.38,126.05,Right,INNER,2,0.606,0.606,True,0.471,10.0,0
Note_000378,66,16008.38,126.05,Right,MELODY,4,0.449,0.449,True,0.471,10.0,0
Note_000379,42,16134.43,31.51,Left,BASS,2,0.535,0.535,True,0.241,5.0,0
Note_000380,59,16134.43,21.01,Right,INNER,0,0.528,0.528,False,0.496,0.0,0
Note_000381,63,16134.43,126.05,Right,INNER,2,0.732,0.732,True,0.496,0.0,0
Note_000382,66,16134.43,21.01,Right,INNER,3,0.528,0.528,True,0.496,0.0,0
Note_000383,75,16134.43,126.05,Right,MELODY,5,0.732,0.732,True,0.496,0.0,0
Note_000384,59,16155.44,105.04,Right,INNER,0,0.646,0.646,False,0.496,0.0,0
Note_000385,61,16155.44,105.04,Right,INNER,1,0.598,0.598,True,0.496,0.0,0
Note_000386,66,16155.44,105.04,Right,INNER,4,0.646,0.646,True,0.496,0.0,0
Note_000387,59,16260.48,126.05,Right,INNER,1,0.575,0.575,False,0.52,5.0,0
Note_000388,64,16260.48,126.05,Right,INNER,2,0.732,0.732,False,0.52,5.0,0
Note_000389,66,16260.48,126.05,Right,INNER,3,0.575,0.575,True,0.52,5.0,0
Note_000390,76,16260.48,126.05,Right,MELODY,5,0.732,0.732,False,0.52,5.0,0
Note_000391,34,16386.53,252.1,Left,BASS,3,1.0,1.0,True,0.157,15.0,0
Note_000392,34,16386.53,252.1,Left,INNER,2,1.0,1.0,True,0.157,15.0,0
Note_000393,36,16386.53,31.51,Left,INNER,1,0.85,0.85,False,0.157,15.0,0
Note_000394,78,16386.53,378.15,Right,MELODY,5,0.732,0.732,True,0.655,-10.0,-12
Note_000395,42,16638.63,31.51,Left,BASS,5,0.535,0.535,True,0.241,-10.0,12
Note_000396,59,16764.68,126.05,Left,INNER,5,0.394,0.394,False,0.506,5.0,0
Note_000397,64,16764.68,126.05,Left,INNER,3,0.543,0.543,False,0.506,5.0,0
Note_000398,66,16764.68,126.05,Left,INNER,2,0.394,0.394,True,0.506,5.0,0
Note_000399,71,16764.68,378.15,Left,INNER,1,0.732,0.732,False,0.506,5.0,0
Note_000400,83,16764.68,378.15,Right,MELODY,1,0.732,0.732,False,0.713,10.0,0
Note_000401,34,16890.73,378.15,Left,BASS,4,1.0,1.0,True,0.172,10.0,0
Note_000402,34,16890.73,378.15,Left,INNER,3,1.0,1.0,True,0.172,10.0,0
Note_000403,36,16890.73,31.51,Left,INNER,2,0.85,0.85,False,0.172,10.0,0
Note_000404,40,16890.73,31.51,Left,INNER,1,0.74,0.74,False,0.172,10.0,0
Note_000405,59,16890.73,378.15,Right,INNER,2,0.543,0.543,False,0.483,0.0,0
Note_000406,64,16890.73,378.15,Right,INNER,3,0.543,0.543,False,0.483,0.0,0
Note_000407,66,16890.73,378.15,Right,MELODY,4,0.543,0.543,True,0.483,0.0,0
Note_000408,42,17142.83,31.51,Left,BASS,5,0.535,0.535,True,0.339,-0.0,12
Note_000409,59,17142.83,252.1,Left,INNER,1,0.787,0.787,False,0.339,-0.0,12
Note_000410,73,17142.83,252.1,Right,INNER,1,0.732,0.732,True,0.667,0.0,0
Note_000411,85,17142.83,252.1,Right,MELODY,5,0.732,0.732,True,0.667,0.0,0
Note_000412,32,17268.88,252.1,Left,BASS,5,1.0,1.0,True,0.157,-10.0,12
Note_000413,32,17268.88,252.1,Left,INNER,4,1.0,1.0,True,0.157,-10.0,12
Note_000414,40,17268.88,31.51,Left,INNER,2,0.276,0.276,False,0.157,-10.0,12
Note_000415,59,17268.88,21.01,Right,INNER,1,0.543,0.543,False,0.471,10.0,0
Note_000416,64,17268.88,126.05,Right,INNER,3,0.654,0.654,False,0.471,10.0,0
Note_000417,66,17268.88,126.05,Right,MELODY,4,0.709,0.709,True,0.471,10.0,0
Note_000418,59,17289.89,105.04,Right,INNER,2,0.709,0.709,False,0.471,10.0,0
Note_000419,36,17394.93,31.51,Left,BASS,1,0.85,0.85,False,0.172,10.0,0
Note_000420,71,17394.93,756.3,Right,INNER,1,0.732,0.732,False,0.644,0.0,0
Note_000421,83,17394.93,756.3,Right,MELODY,5,0.732,0.732,False,0.644,0.0,0
Note_000422,59,17520.98,378.15,Right,INNER,2,0.654,0.654,False,0.477,0.0,0
Note_000423,66,17520.98,378.15,Right,MELODY,4,0.654,0.654,True,0.477,0.0,0
Note_000424,32,17647.04,252.1,Left,BASS,5,1.0,1.0,True,0.165,-10.0,12
Note_000425,32,17647.04,252.1,Left,INNER,4,1.0,1.0,True,0.165,-10.0,12
Note_000426,42,17647.04,31.51,Left,INNER,2,0.535,0.535,True,0.165,-10.0,12
Note_000427,36,17899.14,31.51,Left,BASS,5,0.85,0.85,False,0.195,-0.0,0
Note_000428,40,17899.14,31.51,Left,INNER,1,0.74,0.74,False,0.195,-0.0,0
Note_000429,59,17899.14,21.01,Right,INNER,1,0.528,0.528,False,0.477,0.0,-12
Note_000430,66,17899.14,21.01,Right,INNER,4,0.528,0.528,True,0.477,0.0,-12
Note_000431,59,17920.14,105.04,Right,INNER,2,0.598,0.598,False,0.477,0.0,-12
Note_000432,66,17920.14,105.04,Right,MELODY,5,0.598,0.598,True,0.477,0.0,-12
Note_000433,32,18025.19,378.15,Left,BASS,3,1.0,1.0,True,0.165,15.0,-12
Note_000434,32,18025.19,378.15,Left,INNER,2,1.0,1.0,True,0.165,15.0,-12
Note_000435,42,18025.19,31.51,Left,INNER,1,0.213,0.213,True,0.165,15.0,-12
Note_000436,59,18025.19,126.05,Right,INNER,2,0.449,0.449,False,0.477,0.0,0
Note_000437,66,18025.19,126.05,Right,MELODY,4,0.449,0.449,True,0.477,0.0,0
Note_000438,42,18151.24,31.51,Left,BASS,5,0.535,0.535,True,0.241,-10.0,12
Note_000439,83,18151.24,126.05,Right,INNER,1,0.512,0.512,False,0.713,0.0,0
Note_000440,83,18151.24,126.05,Right,INNER,3,1.0,1.0,False,0.713,0.0,0
Note_000441,83,18151.24,126.05,Right,MELODY,5,0.732,0.732,False,0.713,0.0,0
Note_000442,59,18277.29,126.05,Left,INNER,5,0.52,0.52,False,0.546,5.0,0
Note_000443,66,18277.29,126.05,Left,INNER,3,0.52,0.52,True,0.546,5.0,0
Note_000444,73,18277.29,126.05,Left,INNER,2,0.732,0.732,True,0.546,5.0,0
Note_000445,76,18277.29,126.05,Left,INNER,1,0.732,0.732,False,0.546,5.0,0
Note_000446,85,18277.29,126.05,Right,INNER,1,0.512,0.512,True,0.736,10.0,12
Note_000447,85,18277.29,126.05,Right,INNER,2,1.0,1.0,True,0.736,10.0,12
Note_000448,85,18277.29,126.05,Right,MELODY,4,0.732,0.732,True,0.736,10.0,12
Note_000449,31,18403.34,252.1,Left,BASS,5,1.0,1.0,False,0.134,-0.0,0
Note_000450,31,18403.34,252.1,Left,INNER,3,1.0,1.0,False,0.134,-0.0,0
Note_000451,36,18403.34,31.51,Left,INNER,1,0.85,0.85,False,0.134,-0.0,0
Note_000452,76,18403.34,378.15,Right,INNER,1,0.732,0.732,False,0.724,0.0,0
Note_000453,80,18403.34,378.15,Right,INNER,2,0.732,0.732,True,0.724,0.0,0
Note_000454,88,18403.34,378.15,Right,INNER,3,0.512,0.512,False,0.724,0.0,0
Note_000455,88,18403.34,378.15,Right,INNER,4,1.0,1.0,False,0.724,0.0,0
Note_000456,88,18403.34,378.15,Right,MELODY,5,0.732,0.732,False,0.724,0.0,0
Note_000457,42,18529.39,31.51,Left,BASS,2,0.11,0.11,True,0.241,5.0,0
Note_000458,42,18655.44,31.51,Left,BASS,5,0.535,0.535,True,0.241,-10.0,12
Note_000459,59,18781.49,126.05,Left,INNER,5,0.394,0.394,False,0.477,-5.0,0
Note_000460,66,18781.49,126.05,Left,INNER,2,0.394,0.394,True,0.477,-5.0,0
Note_000461,75,18781.49,378.15,Right,INNER,1,0.732,0.732,True,0.71,0.0,0
Note_000462,78,18781.49,378.15,Right,INNER,2,0.732,0.732,True,0.71,0.0,0
Note_000463,87,18781.49,378.15,Right,INNER,3,0.512,0.512,True,0.71,0.0,0
Note_000464,87,18781.49,378.15,Right,INNER,4,1.0,1.0,True,0.71,0.0,0
Note_000465,87,18781.49,378.15,Right,MELODY,5,0.732,0.732,True,0.71,0.0,0
Note_000466,31,18907.54,378.15,Left,BASS,5,1.0,1.0,False,0.155,5.0,0
Note_000467,31,18907.54,378.15,Left,INNER,3,1.0,1.0,False,0.155,5.0,0
Note_000468,36,18907.54,31.51,Left,INNER,2,0.85,0.85,False,0.155,5.0,0
Note_000469,40,18907.54,31.51,Left,INNER,1,0.74,0.74,False,0.155,5.0,0
Note_000470,59,18907.54,378.15,Right,INNER,2,0.543,0.543,False,0.477,0.0,0
Note_000471,66,18907.54,378.15,Right,MELODY,4,0.543,0.543,True,0.477,0.0,0
Note_000472,42,19159.64,31.51,Left,BASS,2,0.535,0.535,True,0.241,5.0,0
Note_000473,73,19159.64,252.1,Right,INNER,1,0.732,0.732,True,0.687,0.0,0
Note_000474,76,19159.64,252.1,Right,INNER,2,0.732,0.732,False,0.687,0.0,0
Note_000475,85,19159.64,252.1,Right,INNER,3,0.512,0.512,True,0.687,0.0,0
Note_000476,85,19159.64,252.1,Right,INNER,4,1.0,1.0,True,0.687,0.0,0
Note_000477,85,19159.64,252.1,Right,MELODY,5,0.732,0.732,True,0.687,0.0,0
Note_000478,30,19285.69,252.1,Left,BASS,3,1.0,1.0,True,0.103,5.0,0
Note_000479,30,19285.69,252.1,Left,INNER,2,1.0,1.0,True,0.103,5.0,0
Note_000480,59,19285.69,21.01,Right,INNER,1,0.543,0.543,False,0.464,10.0,0
Note_000481,66,19285.69,126.05,Right,MELODY,4,0.709,0.709,True,0.464,10.0,0
Note_000482,59,19306.7,105.04,Right,INNER,2,0.709,0.709,False,0.464,10.0,0
Note_000483,36,19411.74,31.51,Left,BASS,5,0.85,0.85,False,0.259,-0.0,-12
Note_000484,51,19411.74,1008.4,Left,INNER,1,0.787,0.787,True,0.259,-0.0,-12
Note_000485,71,19411.74,504.2,Right,INNER,1,0.732,0.732,False,0.667,0.0,0
Note_000486,75,19411.74,504.2,Right,INNER,2,0.732,0.732,True,0.667,0.0,0
Note_000487,83,19411.74,504.2,Right,INNER,3,0.512,0.512,False,0.667,0.0,0
Note_000488,83,19411.74,504.2,Right,INNER,4,1.0,1.0,False,0.667,0.0,0
Note_000489,83,19411.74,504.2,Right,MELODY,5,0.732,0.732,False,0.667,0.0,0
Note_000490,59,19537.79,378.15,Right,INNER,1,0.654,0.654,False,0.477,15.0,0
Note_000491,66,19537.79,378.15,Right,MELODY,2,0.654,0.654,True,0.477,15.0,0
Note_000492,30,19663.84,252.1,Left,BASS,3,1.0,1.0,True,0.149,15.0,-12
Note_000493,30,19663.84,252.1,Left,INNER,2,1.0,1.0,True,0.149,15.0,-12
Note_000494,42,19663.84,31.51,Left,INNER,1,0.535,0.535,True,0.149,15.0,-12
Note_000495,36,19915.94,31.51,Left,BASS,5,0.85,0.85,False,0.195,-10.0,0
Note_000496,40,19915.94,31.51,Left,INNER,3,0.74,0.74,False,0.195,-10.0,0
Note_000497,75,19915.94,252.1,Right,INNER,2,0.732,0.732,True,0.647,-10.0,-12
Note_000498,78,19915.94,252.1,Right,INNER,3,0.512,0.512,True,0.647,-10.0,-12
Note_000499,78,19915.94,252.1,Right,INNER,4,1.0,1.0,True,0.647,-10.0,-12
Note_000500,78,19915.94,252.1,Right,MELODY,5,0.732,0.732,True,0.647,-10.0,-12
Note_000501,30,20041.99,378.15,Left,BASS,5,1.0,1.0,True,0.149,-0.0,0
Note_000502,30,20041.99,378.15,Left,INNER,3,1.0,1.0,True,0.149,-0.0,0
Note_000503,42,20041.99,31.51,Left,INNER,1,0.213,0.213,True,0.149,-0.0,0
Note_000504,59,20041.99,126.05,Right,INNER,1,0.449,0.449,False,0.477,15.0,0
Note_000505,66,20041.99,126.05,Right,MELODY,2,0.449,0.449,True,0.477,15.0,0
Note_000506,42,20168.04,31.51,Left,BASS,2,0.535,0.535,True,0.241,5.0,0
Note_000507,80,20168.04,504.2,Right,INNER,3,0.512,0.512,True,0.678,-15.0,-12
Note_000508,80,20168.04,504.2,Right,INNER,4,1.0,1.0,True,0.678,-15.0,-12
Note_000509,80,20168.04,504.2,Right,MELODY,5,0.732,0.732,True,0.678,-15.0,-12
Note_000510,59,20294.09,126.05,Right,INNER,1,0.575,0.575,False,0.477,15.0,0
Note_000511,66,20294.09,126.05,Right,MELODY,2,0.575,0.575,True,0.477,15.0,0
Note_000512,29,20420.14,252.1,Left,BASS,5,1.0,1.0,False,0.119,-0.0,0
Note_000513,29,20420.14,252.1,Left,INNER,3,1.0,1.0,False,0.119,-0.0,0
Note_000514,36,20420.14,31.51,Left,INNER,1,0.85,0.85,False,0.119,-0.0,0
Note_000515,59,20420.14,378.15,Right,INNER,2,0.528,0.528,False,0.467,0.0,0
Note_000516,61,20420.14,378.15,Right,INNER,3,0.669,0.669,True,0.467,0.0,0
Note_000517,65,20441.15,357.14,Right,MELODY,4,0.528,0.528,False,0.467,0.0,0
Note_000518,42,20546.19,31.51,Left,BASS,2,0.134,0.134,True,0.241,5.0,0
Note_000519,42,20672.24,31.51,Left,BASS,2,0.535,0.535,True,0.241,5.0,0
Note_000520,73,20672.24,252.1,Right,INNER,1,0.732,0.732,True,0.69,0.0,0
Note_000521,77,20672.24,252.1,Right,INNER,2,0.732,0.732,False,0.69,0.0,0
Note_000522,85,20672.24,252.1,Right,INNER,3,0.512,0.512,True,0.69,0.0,0
Note_000523,85,20672.24,252.1,Right,INNER,4,1.0,1.0,True,0.69,0.0,0
Note_000524,85,20672.24,252.1,Right,MELODY,5,0.732,0.732,True,0.69,0.0,0
Note_000525,59,20798.29,126.05,Right,INNER,2,0.394,0.394,False,0.467,0.0,0
Note_000526,61,20798.29,126.05,Right,INNER,3,0.638,0.638,True,0.467,0.0,0
Note_000527,65,20798.29,126.05,Right,MELODY,4,0.394,0.394,False,0.467,0.0,0
Note_000528,29,20924.34,378.15,Left,BASS,5,1.0,1.0,False,0.144,-0.0,0
Note_000529,29,20924.34,378.15,Left,INNER,4,1.0,1.0,False,0.144,-0.0,0
Note_000530,36,20924.34,31.51,Left,INNER,2,0.85,0.85,False,0.144,-0.0,0
Note_000531,40,20924.34,31.51,Left,INNER,1,0.74,0.74,False,0.144,-0.0,0
Note_000532,73,20924.34,1260.5,Right,INNER,1,0.732,0.732,True,0.69,0.0,0
Note_000533,77,20924.34,1260.5,Right,INNER,2,0.732,0.732,False,0.69,0.0,0
Note_000534,85,20924.34,1260.5,Right,INNER,3,0.512,0.512,True,0.69,0.0,0
Note_000535,85,20924.34,1260.5,Right,INNER,4,1.0,1.0,True,0.69,0.0,0
Note_000536,85,20924.34,1260.5,Right,MELODY,5,0.732,0.732,True,0.69,0.0,0
Note_000537,42,21176.44,31.51,Left,BASS,2,0.535,0.535,True,0.241,5.0,0
Note_000538,29,21302.49,252.1,Left,BASS,5,1.0,1.0,False,0.134,5.0,0
Note_000539,29,21302.49,252.1,Left,INNER,2,1.0,1.0,False,0.134,5.0,0
Note_000540,40,21302.49,31.51,Left,INNER,1,0.276,0.276,False,0.134,5.0,0
Note_000541,59,21302.49,21.01,Right,INNER,1,0.543,0.543,False,0.46,10.0,0
Note_000542,61,21302.49,126.05,Right,INNER,3,0.528,0.528,True,0.46,10.0,0
Note_000543,65,21302.49,126.05,Right,MELODY,4,0.709,0.709,False,0.46,10.0,0
Note_000544,59,21323.5,105.04,Right,INNER,2,0.709,0.709,False,0.46,10.0,0
Note_000545,36,21428.54,31.51,Left,BASS,1,0.85,0.85,False,0.172,10.0,0
Note_000546,59,21554.59,378.15,Right,INNER,1,0.654,0.654,False,0.467,10.0,0
Note_000547,61,21554.59,378.15,Right,INNER,2,0.693,0.693,True,0.467,10.0,0
Note_000548,65,21554.59,378.15,Right,MELODY,4,0.654,0.654,False,0.467,10.0,0
Note_000549,29,21680.64,252.1,Left,BASS,5,1.0,1.0,False,0.142,0.0,-12
Note_000550,29,21680.64,252.1,Left,INNER,3,1.0,1.0,False,0.142,0.0,-12
Note_000551,42,21680.64,31.51,Left,INNER,1,0.535,0.535,True,0.142,0.0,-12
Note_000552,40,21848.71,31.51,Left,BASS,1,0.535,0.535,False,0.218,10.0,0
Note_000553,36,21932.74,31.51,Left,BASS,5,0.85,0.85,False,0.195,-5.0,0
Note_000554,40,21932.74,31.51,Left,INNER,2,0.74,0.74,False,0.195,-5.0,0
Note_000555,59,21932.74,21.01,Right,INNER,1,0.528,0.528,False,0.469,0.0,0
Note_000556,65,21932.74,21.01,Right,INNER,4,0.528,0.528,False,0.469,0.0,0
Note_000557,59,21953.75,105.04,Right,INNER,2,0.598,0.598,False,0.469,0.0,0
Note_000558,61,21953.75,105.04,Right,INNER,3,0.638,0.638,True,0.469,0.0,0
Note_000559,65,21953.75,105.04,Right,MELODY,5,0.598,0.598,False,0.469,0.0,0
Note_000560,29,22058.79,378.15,Left,BASS,4,1.0,1.0,False,0.142,5.0,-12
Note_000561,29,22058.79,378.15,Left,INNER,3,1.0,1.0,False,0.142,5.0,-12
Note_000562,42,22058.79,31.51,Left,INNER,1,0.213,0.213,True,0.142,5.0,-12
Note_000563,59,22058.79,126.05,Right,INNER,3,0.449,0.449,False,0.467,-15.0,0
Note_000564,61,22058.79,126.05,Right,INNER,4,0.693,0.693,True,0.467,-15.0,0
Note_000565,65,22058.79,126.05,Right,MELODY,5,0.449,0.449,False,0.467,-15.0,0
Note_000566,40,22100.81,31.51,Left,BASS,5,0.535,0.535,False,0.218,-10.0,0
Note_000567,42,22184.84,31.51,Left,BASS,3,0.535,0.535,True,0.241,-0.0,0
Note_000568,85,22184.84,126.05,Right,INNER,1,0.488,0.488,True,0.736,15.0,12
Note_000569,85,22184.84,126.05,Right,MELODY,2,0.732,0.732,True,0.736,15.0,12
Note_000570,59,22310.89,126.05,Left,INNER,3,0.52,0.52,False,0.521,15.0,-12
Note_000571,65,22310.89,126.05,Left,INNER,2,0.52,0.52,False,0.521,15.0,-12
Note_000572,75,22310.89,126.05,Left,INNER,1,0.732,0.732,True,0.521,15.0,-12
Note_000573,87,22310.89,126.05,Right,INNER,3,0.575,0.575,True,0.759,-5.0,0
Note_000574,87,22310.89,126.05,Right,MELODY,4,0.732,0.732,True,0.759,-5.0,0
Note_000575,28,22436.94,378.15,Left,BASS,5,1.0,1.0,False,0.111,0.0,0
Note_000576,28,22436.94,378.15,Left,INNER,3,1.0,1.0,False,0.111,0.0,0
Note_000577,36,22436.94,31.51,Left,INNER,1,0.85,0.85,False,0.111,0.0,0
Note_000578,88,22436.94,378.15,Right,INNER,1,0.63,0.63,False,0.77,10.0,0
Note_000579,88,22436.94,378.15,Right,MELODY,3,0.732,0.732,False,0.77,10.0,0
Note_000580,42,22562.99,31.51,Left,BASS,2,0.11,0.11,True,0.241,5.0,0
Note_000581,42,22689.05,31.51,Left,BASS,5,0.535,0.535,True,0.241,-10.0,12
Note_000582,59,22689.05,252.1,Right,INNER,2,0.787,0.787,False,0.506,-5.0,0
Note_000583,71,22689.05,252.1,Right,MELODY,5,0.787,0.787,False,0.506,-5.0,0
Note_000584,59,22815.1,126.05,Left,INNER,5,0.394,0.394,False,0.525,5.0,-12
Note_000585,66,22815.1,126.05,Left,INNER,2,0.394,0.394,True,0.525,5.0,-12
Note_000586,75,22815.1,378.15,Left,INNER,1,0.732,0.732,True,0.525,5.0,-12
Note_000587,87,22815.1,378.15,Right,INNER,1,0.591,0.591,True,0.759,5.0,12
Note_000588,87,22815.1,378.15,Right,MELODY,4,0.732,0.732,True,0.759,5.0,12
Note_000589,28,22941.15,378.15,Left,BASS,5,1.0,1.0,False,0.138,-0.0,0
Note_000590,28,22941.15,378.15,Left,INNER,4,1.0,1.0,False,0.138,-0.0,0
Note_000591,36,22941.15,31.51,Left,INNER,2,0.85,0.85,False,0.138,-0.0,0
Note_000592,40,22941.15,31.51,Left,INNER,1,0.74,0.74,False,0.138,-0.0,0
Note_000593,59,22941.15,378.15,Right,INNER,2,0.543,0.543,False,0.477,-5.0,-12
Note_000594,66,22941.15,378.15,Right,MELODY,5,0.543,0.543,True,0.477,-5.0,-12
Note_000595,42,23193.25,31.51,Left,BASS,5,0.535,0.535,True,0.339,-0.0,12
Note_000596,59,23193.25,252.1,Left,INNER,1,0.787,0.787,False,0.339,-0.0,12
Note_000597,71,23193.25,252.1,Right,INNER,1,0.787,0.787,False,0.661,10.0,0
Note_000598,73,23193.25,252.1,Right,INNER,2,0.732,0.732,True,0.661,10.0,0
Note_000599,85,23193.25,252.1,Right,INNER,3,0.551,0.551,True,0.661,10.0,0
Note_000600,85,23193.25,252.1,Right,MELODY,4,0.732,0.732,True,0.661,10.0,0
Note_000601,59,23319.3,21.01,Right,INNER,2,0.543,0.543,False,0.464,-5.0,-12
Note_000602,66,23319.3,126.05,Right,MELODY,5,0.709,0.709,True,0.464,-5.0,-12
Note_000603,59,23340.3,105.04,Right,INNER,3,0.709,0.709,False,0.464,-5.0,-12
Note_000604,28,23445.35,378.15,Left,BASS,5,1.0,1.0,False,0.111,0.0,0
Note_000605,28,23445.35,378.15,Left,INNER,3,1.0,1.0,False,0.111,0.0,0
Note_000606,36,23445.35,31.51,Left,INNER,1,0.85,0.85,False,0.111,0.0,0
Note_000607,71,23445.35,504.2,Right,INNER,1,0.732,0.732,False,0.667,10.0,0
Note_000608,83,23445.35,378.15,Right,INNER,2,0.63,0.63,False,0.667,10.0,0
Note_000609,83,23445.35,504.2,Right,MELODY,4,0.732,0.732,False,0.667,10.0,0
Note_000610,59,23571.4,378.15,Right,INNER,3,0.654,0.654,False,0.477,-10.0,-12
Note_000611,66,23571.4,378.15,Right,MELODY,5,0.654,0.654,True,0.477,-10.0,-12
Note_000612,42,23697.45,31.51,Left,BASS,2,0.535,0.535,True,0.241,5.0,0
Note_000613,59,23697.45,252.1,Right,INNER,1,0.787,0.787,False,0.506,15.0,0
Note_000614,71,23697.45,252.1,Right,MELODY,2,0.787,0.787,False,0.506,15.0,0
Note_000615,85,23823.5,63.03,Right,MELODY,4,0.543,0.543,True,0.736,-5.0,0
Note_000616,83,23886.52,63.03,Right,MELODY,1,0.543,0.543,False,0.713,10.0,0
Note_000617,28,23949.55,378.15,Left,BASS,5,1.0,1.0,False,0.138,-0.0,0
Note_000618,28,23949.55,378.15,Left,INNER,4,1.0,1.0,False,0.138,-0.0,0
Note_000619,36,23949.55,31.51,Left,INNER,2,0.85,0.85,False,0.138,-0.0,0
Note_000620,40,23949.55,31.51,Left,INNER,1,0.74,0.74,False,0.138,-0.0,0
Note_000621,78,23949.55,2268.9,Right,INNER,3,0.567,0.567,True,0.655,-5.0,0
Note_000622,78,23949.55,2268.9,Right,MELODY,4,0.732,0.732,True,0.655,-5.0,0
Note_000623,42,24075.6,31.51,Left,BASS,2,0.213,0.213,True,0.241,5.0,0
Note_000624,59,24075.6,126.05,Right,INNER,1,0.449,0.449,False,0.477,15.0,0
Note_000625,66,24075.6,126.05,Right,MELODY,2,0.449,0.449,True,0.477,15.0,0
Note_000626,42,24201.65,31.51,Left,BASS,2,0.535,0.535,True,0.241,5.0,0
Note_000627,59,24201.65,252.1,Right,INNER,1,0.787,0.787,False,0.487,-0.0,0
Note_000628,59,24201.65,21.01,Right,INNER,2,0.528,0.528,False,0.487,-0.0,0
Note_000629,66,24201.65,21.01,Right,INNER,3,0.528,0.528,True,0.487,-0.0,0
Note_000630,71,24201.65,252.1,Right,MELODY,5,0.787,0.787,False,0.487,-0.0,0
Note_000631,59,24222.66,105.04,Right,INNER,0,0.646,0.646,False,0.487,-0.0,0
Note_000632,66,24222.66,105.04,Right,INNER,4,0.646,0.646,True,0.487,-0.0,0
Note_000633,59,24327.7,126.05,Right,INNER,2,0.575,0.575,False,0.477,0.0,0
Note_000634,66,24327.7,126.05,Right,MELODY,4,0.575,0.575,True,0.477,0.0,0
Note_000635,27,24453.75,378.15,Left,BASS,5,1.0,1.0,True,0.103,-0.0,12
Note_000636,27,24453.75,378.15,Left,INNER,3,1.0,1.0,True,0.103,-0.0,12
Note_000637,36,24453.75,31.51,Left,INNER,1,0.85,0.85,False,0.103,-0.0,12
Note_000638,59,24453.75,378.15,Right,INNER,1,0.528,0.528,False,0.49,10.0,0
Note_000639,66,24453.75,21.01,Right,INNER,2,0.512,0.512,True,0.49,10.0,0
Note_000640,66,24474.76,357.14,Right,MELODY,4,0.528,0.528,True,0.49,10.0,0
Note_000641,42,24579.8,31.51,Left,BASS,2,0.11,0.11,True,0.241,5.0,0
Note_000642,42,24705.85,31.51,Left,BASS,2,0.535,0.535,True,0.241,5.0,0
Note_000643,59,24705.85,252.1,Right,INNER,2,0.787,0.787,False,0.506,-5.0,0
Note_000644,71,24705.85,252.1,Right,MELODY,5,0.787,0.787,False,0.506,-5.0,0
Note_000645,59,24831.9,126.05,Right,INNER,1,0.394,0.394,False,0.477,5.0,0
Note_000646,66,24831.9,126.05,Right,MELODY,4,0.394,0.394,True,0.477,5.0,0
Note_000647,27,24957.95,378.15,Left,BASS,5,1.0,1.0,True,0.132,-0.0,12
Note_000648,27,24957.95,378.15,Left,INNER,4,1.0,1.0,True,0.132,-0.0,12
Note_000649,36,24957.95,31.51,Left,INNER,2,0.85,0.85,False,0.132,-0.0,12
Note_000650,40,24957.95,31.51,Left,INNER,1,0.74,0.74,False,0.132,-0.0,12
Note_000651,59,24957.95,378.15,Right,INNER,3,0.543,0.543,False,0.477,-10.0,-12
Note_000652,66,24957.95,378.15,Right,MELODY,5,0.543,0.543,True,0.477,-10.0,-12
Note_000653,42,25210.05,31.51,Left,BASS,2,0.228,0.228,True,0.241,5.0,0
Note_000654,59,25210.05,252.1,Right,INNER,1,0.787,0.787,False,0.506,15.0,0
Note_000655,71,25210.05,252.1,Right,MELODY,2,0.787,0.787,False,0.506,15.0,0
Note_000656,42,25336.1,31.51,Left,BASS,2,0.535,0.535,True,0.241,5.0,0
Note_000657,59,25336.1,21.01,Right,INNER,1,0.543,0.543,False,0.464,-0.0,-12
Note_000658,66,25336.1,126.05,Right,MELODY,5,0.709,0.709,True,0.464,-0.0,-12
Note_000659,59,25357.11,105.04,Right,INNER,3,0.709,0.709,False,0.464,-0.0,-12
Note_000660,36,25462.15,31.51,Left,BASS,5,0.85,0.85,False,0.172,-10.0,0
Note_000661,42,25588.2,31.51,Left,BASS,2,0.252,0.252,True,0.241,5.0,0
Note_000662,59,25588.2,378.15,Right,INNER,3,0.654,0.654,False,0.477,-10.0,-12
Note_000663,66,25588.2,378.15,Right,MELODY,5,0.654,0.654,True,0.477,-10.0,-12
Note_000664,27,25714.25,252.1,Left,BASS,5,1.0,1.0,True,0.126,-5.0,0
Note_000665,27,25714.25,252.1,Left,INNER,4,1.0,1.0,True,0.126,-5.0,0
Note_000666,42,25714.25,31.51,Left,INNER,1,0.535,0.535,True,0.126,-5.0,0
Note_000667,59,25714.25,252.1,Right,INNER,1,0.787,0.787,False,0.506,15.0,0
Note_000668,71,25714.25,252.1,Right,MELODY,2,0.787,0.787,False,0.506,15.0,0
Note_000669,36,25966.35,31.51,Left,BASS,5,0.85,0.85,False,0.195,-0.0,0
Note_000670,40,25966.35,31.51,Left,INNER,1,0.74,0.74,False,0.195,-0.0,0
Note_000671,59,25966.35,21.01,Right,INNER,1,0.528,0.528,False,0.477,0.0,-12
Note_000672,66,25966.35,21.01,Right,INNER,4,0.528,0.528,True,0.477,0.0,-12
Note_000673,59,25987.36,105.04,Right,INNER,2,0.598,0.598,False,0.477,0.0,-12
Note_000674,66,25987.36,105.04,Right,MELODY,5,0.598,0.598,True,0.477,0.0,-12
Note_000675,27,26092.4,252.1,Left,BASS,2,1.0,1.0,True,0.069,15.0,-12
Note_000676,27,26092.4,252.1,Left,INNER,1,1.0,1.0,True,0.069,15.0,-12
Note_000677,59,26092.4,126.05,Right,INNER,1,0.449,0.449,False,0.477,15.0,0
Note_000678,66,26092.4,126.05,Right,MELODY,2,0.449,0.449,True,0.477,15.0,0
Note_000679,42,26218.45,31.51,Left,BASS,5,0.535,0.535,True,0.241,-10.0,12
Note_000680,85,26218.45,126.05,Right,INNER,3,0.52,0.52,True,0.736,-5.0,0
Note_000681,85,26218.45,126.05,Right,MELODY,4,0.732,0.732,True,0.736,-5.0,0
Note_000682,59,26344.5,126.05,Left,INNER,5,0.575,0.575,False,0.525,5.0,-12
Note_000683,66,26344.5,126.05,Left,INNER,2,0.575,0.575,True,0.525,5.0,-12
Note_000684,75,26344.5,126.05,Left,INNER,1,0.732,0.732,True,0.525,5.0,-12
Note_000685,87,26344.5,126.05,Right,INNER,1,0.52,0.52,True,0.759,15.0,12
Note_000686,87,26344.5,126.05,Right,MELODY,2,0.732,0.732,True,0.759,15.0,12
Note_000687,32,26470.55,378.15,Left,BASS,5,1.0,1.0,True,0.142,0.0,12
Note_000688,32,26470.55,378.15,Left,INNER,3,1.0,1.0,True,0.142,0.0,12
Note_000689,36,26470.55,31.51,Left,INNER,1,0.85,0.85,False,0.142,0.0,12
Note_000690,88,26470.55,378.15,Right,INNER,1,0.63,0.63,False,0.77,5.0,0
Note_000691,88,26470.55,378.15,Right,MELODY,4,0.732,0.732,False,0.77,5.0,0
Note_000692,42,26596.6,31.51,Left,BASS,2,0.11,0.11,True,0.241,5.0,0
Note_000693,42,26722.65,31.51,Left,BASS,5,0.535,0.535,True,0.241,-10.0,12
Note_000694,59,26722.65,252.1,Right,INNER,2,0.787,0.787,False,0.506,-5.0,0
Note_000695,71,26722.65,252.1,Right,MELODY,5,0.787,0.787,False,0.506,-5.0,0
Note_000696,59,26848.7,126.05,Left,INNER,5,0.394,0.394,False,0.525,5.0,-12
Note_000697,66,26848.7,126.05,Left,INNER,2,0.394,0.394,True,0.525,5.0,-12
Note_000698,75,26848.7,378.15,Left,INNER,1,0.732,0.732,True,0.525,5.0,-12
Note_000699,87,26848.7,378.15,Right,INNER,1,0.496,0.496,True,0.759,5.0,12
Note_000700,87,26848.7,378.15,Right,MELODY,4,0.732,0.732,True,0.759,5.0,12
Note_000701,32,26974.75,378.15,Left,BASS,4,1.0,1.0,True,0.161,10.0,0
Note_000702,32,26974.75,378.15,Left,INNER,3,1.0,1.0,True,0.161,10.0,0
Note_000703,36,26974.75,31.51,Left,INNER,2,0.85,0.85,False,0.161,10.0,0
Note_000704,40,26974.75,31.51,Left,INNER,1,0.74,0.74,False,0.161,10.0,0
Note_000705,59,26974.75,378.15,Right,INNER,2,0.543,0.543,False,0.477,-5.0,-12
Note_000706,66,26974.75,378.15,Right,MELODY,5,0.543,0.543,True,0.477,-5.0,-12
Note_000707,42,27226.85,31.51,Left,BASS,5,0.535,0.535,True,0.339,-0.0,12
Note_000708,59,27226.85,252.1,Left,INNER,1,0.787,0.787,False,0.339,-0.0,12
Note_000709,71,27226.85,252.1,Right,INNER,1,0.787,0.787,False,0.661,10.0,0
Note_000710,73,27226.85,252.1,Right,INNER,2,0.732,0.732,True,0.661,10.0,0
Note_000711,85,27226.85,252.1,Right,INNER,3,0.63,0.63,True,0.661,10.0,0
Note_000712,85,27226.85,252.1,Right,MELODY,4,0.732,0.732,True,0.661,10.0,0
Note_000713,59,27352.9,21.01,Right,INNER,2,0.543,0.543,False,0.464,-5.0,-12
Note_000714,66,27352.9,126.05,Right,MELODY,5,0.709,0.709,True,0.464,-5.0,-12
Note_000715,59,27373.91,105.04,Right,INNER,3,0.709,0.709,False,0.464,-5.0,-12
Note_000716,32,27478.95,378.15,Left,BASS,5,1.0,1.0,True,0.142,0.0,12
Note_000717,32,27478.95,378.15,Left,INNER,3,1.0,1.0,True,0.142,0.0,12
Note_000718,36,27478.95,31.51,Left,INNER,1,0.85,0.85,False,0.142,0.0,12
Note_000719,71,27478.95,504.2,Right,INNER,1,0.732,0.732,False,0.667,10.0,0
Note_000720,83,27478.95,378.15,Right,INNER,2,0.528,0.528,False,0.667,10.0,0
Note_000721,83,27478.95,504.2,Right,MELODY,4,0.732,0.732,False,0.667,10.0,0
Note_000722,59,27605.0,378.15,Right,INNER,3,0.654,0.654,False,0.477,-10.0,-12
Note_000723,66,27605.0,378.15,Right,MELODY,5,0.654,0.654,True,0.477,-10.0,-12
Note_000724,42,27731.06,31.51,Left,BASS,2,0.535,0.535,True,0.241,5.0,0
Note_000725,59,27731.06,252.1,Right,INNER,1,0.787,0.787,False,0.506,15.0,0
Note_000726,71,27731.06,252.1,Right,MELODY,2,0.787,0.787,False,0.506,15.0,0
Note_000727,85,27857.11,63.03,Right,MELODY,4,0.52,0.52,True,0.736,-5.0,0
Note_000728,87,27920.13,63.03,Right,MELODY,5,0.52,0.52,True,0.759,-10.0,-12
Note_000729,32,27983.16,378.15,Left,BASS,5,1.0,1.0,True,0.161,5.0,12
Note_000730,32,27983.16,378.15,Left,INNER,3,1.0,1.0,True,0.161,5.0,12
Note_000731,36,27983.16,31.51,Left,INNER,2,0.85,0.85,False,0.161,5.0,12
Note_000732,40,27983.16,31.51,Left,INNER,1,0.74,0.74,False,0.161,5.0,12
Note_000733,78,27983.16,2268.9,Right,INNER,1,0.732,0.732,True,0.747,0.0,0
Note_000734,90,27983.16,2268.9,Right,INNER,3,0.614,0.614,True,0.747,0.0,0
Note_000735,90,27983.16,2268.9,Right,MELODY,5,0.732,0.732,True,0.747,0.0,0
Note_000736,42,28109.21,31.51,Left,BASS,2,0.213,0.213,True,0.241,5.0,0
Note_000737,59,28109.21,126.05,Right,INNER,2,0.449,0.449,False,0.477,0.0,0
Note_000738,66,28109.21,126.05,Right,MELODY,4,0.449,0.449,True,0.477,0.0,0
Note_000739,42,28235.26,31.51,Left,BASS,2,0.535,0.535,True,0.241,5.0,0
Note_000740,59,28235.26,252.1,Right,INNER,1,0.787,0.787,False,0.487,-0.0,0
Note_000741,59,28235.26,21.01,Right,INNER,2,0.528,0.528,False,0.487,-0.0,0
Note_000742,66,28235.26,21.01,Right,INNER,3,0.528,0.528,True,0.487,-0.0,0
Note_000743,71,28235.26,252.1,Right,MELODY,5,0.787,0.787,False,0.487,-0.0,0
Note_000744,59,28256.26,105.04,Right,INNER,0,0.646,0.646,False,0.487,-0.0,0
Note_000745,66,28256.26,105.04,Right,INNER,4,0.646,0.646,True,0.487,-0.0,0
Note_000746,59,28361.31,126.05,Right,INNER,1,0.575,0.575,False,0.477,10.0,0
Note_000747,66,28361.31,126.05,Right,MELODY,3,0.575,0.575,True,0.477,10.0,0
Note_000748,30,28487.36,378.15,Left,BASS,5,1.0,1.0,True,0.126,-5.0,12
Note_000749,30,28487.36,378.15,Left,INNER,3,1.0,1.0,True,0.126,-5.0,12
Note_000750,36,28487.36,31.51,Left,INNER,2,0.85,0.85,False,0.126,-5.0,12
Note_000751,56,28487.36,756.3,Right,INNER,1,0.787,0.787,True,0.466,0.0,0
Note_000752,58,28487.36,378.15,Right,INNER,2,0.528,0.528,True,0.466,0.0,0
Note_000753,66,28487.36,21.01,Right,INNER,4,0.512,0.512,True,0.466,0.0,0
Note_000754,66,28508.36,357.14,Right,MELODY,5,0.528,0.528,True,0.466,0.0,0
Note_000755,42,28613.41,31.51,Left,BASS,2,0.11,0.11,True,0.241,5.0,0
Note_000756,42,28739.46,31.51,Left,BASS,2,0.535,0.535,True,0.241,5.0,0
Note_000757,58,28865.51,126.05,Right,INNER,2,0.394,0.394,True,0.471,0.0,0
Note_000758,66,28865.51,126.05,Right,MELODY,4,0.394,0.394,True,0.471,0.0,0
Note_000759,30,28991.56,378.15,Left,BASS,5,1.0,1.0,True,0.149,5.0,12
Note_000760,30,28991.56,378.15,Left,INNER,3,1.0,1.0,True,0.149,5.0,12
Note_000761,36,28991.56,31.51,Left,INNER,2,0.85,0.85,False,0.149,5.0,12
Note_000762,40,28991.56,31.51,Left,INNER,1,0.74,0.74,False,0.149,5.0,12
Note_000763,58,28991.56,378.15,Right,INNER,1,0.543,0.543,True,0.471,15.0,12
Note_000764,66,28991.56,378.15,Right,MELODY,2,0.543,0.543,True,0.471,15.0,12
Note_000765,42,29243.66,31.51,Left,BASS,2,0.535,0.535,True,0.241,5.0,0
Note_000766,54,29243.66,126.05,Right,MELODY,5,0.787,0.787,True,0.379,-10.0,-12
Note_000767,52,29369.71,126.05,Right,INNER,1,0.787,0.787,False,0.431,5.0,-12
Note_000768,58,29369.71,21.01,Right,INNER,2,0.543,0.543,True,0.431,5.0,-12
Note_000769,66,29369.71,126.05,Right,MELODY,5,0.709,0.709,True,0.431,5.0,-12
Note_000770,58,29390.72,105.04,Right,INNER,3,0.709,0.709,True,0.431,5.0,-12
Note_000771,36,29495.76,31.51,Left,BASS,5,0.85,0.85,False,0.172,-10.0,0
Note_000772,54,29495.76,1008.4,Right,MELODY,4,0.787,0.787,True,0.379,-5.0,0
Note_000773,58,29621.81,378.15,Right,INNER,1,0.654,0.654,True,0.471,15.0,12
Note_000774,66,29621.81,378.15,Right,MELODY,2,0.654,0.654,True,0.471,15.0,12
Note_000775,30,29747.86,252.1,Left,BASS,3,1.0,1.0,True,0.149,15.0,-12
Note_000776,30,29747.86,252.1,Left,INNER,2,1.0,1.0,True,0.149,15.0,-12
Note_000777,42,29747.86,31.51,Left,INNER,1,0.535,0.535,True,0.149,15.0,-12
Note_000778,36,29999.96,31.51,Left,BASS,5,0.85,0.85,False,0.195,-10.0,0
Note_000779,40,29999.96,31.51,Left,INNER,3,0.74,0.74,False,0.195,-10.0,0
Note_000780,58,29999.96,21.01,Right,INNER,1,0.528,0.528,True,0.471,0.0,0
Note_000781,66,29999.96,21.01,Right,INNER,4,0.528,0.528,True,0.471,0.0,0
Note_000782,58,30020.97,105.04,Right,INNER,2,0.598,0.598,True,0.471,0.0,0
Note_000783,66,30020.97,105.04,Right,MELODY,5,0.598,0.598,True,0.471,0.0,0
Note_000784,30,30126.01,252.1,Left,BASS,3,1.0,1.0,True,0.149,15.0,-12
Note_000785,30,30126.01,252.1,Left,INNER,2,1.0,1.0,True,0.149,15.0,-12
Note_000786,42,30126.01,31.51,Left,INNER,1,0.213,0.213,True,0.149,15.0,-12
Note_000787,58,30126.01,126.05,Right,INNER,1,0.449,0.449,True,0.471,10.0,12
Note_000788,66,30126.01,126.05,Right,MELODY,3,0.449,0.449,True,0.471,10.0,12
Note_000789,42,30252.06,31.51,Left,BASS,5,0.535,0.535,True,0.241,-10.0,12
Note_000790,78,30252.06,126.05,Right,INNER,1,0.732,0.732,True,0.733,0.0,0
Note_000791,81,30252.06,126.05,Right,INNER,2,0.732,0.732,False,0.733,0.0,0
Note_000792,90,30252.06,126.05,Right,INNER,4,0.488,0.488,True,0.733,0.0,0
Note_000793,90,30252.06,126.05,Right,MELODY,5,0.732,0.732,True,0.733,0.0,0
Note_000794,58,30378.11,126.05,Left,INNER,4,0.575,0.575,True,0.471,-0.0,0
Note_000795,66,30378.11,126.05,Left,INNER,2,0.575,0.575,True,0.471,-0.0,0
Note_000796,80,30378.11,126.05,Right,INNER,1,0.732,0.732,True,0.756,0.0,0
Note_000797,83,30378.11,126.05,Right,INNER,2,0.732,0.732,False,0.756,0.0,0
Note_000798,92,30378.11,126.05,Right,INNER,4,0.543,0.543,True,0.756,0.0,0
Note_000799,92,30378.11,126.05,Right,MELODY,5,0.732,0.732,True,0.756,0.0,0
Note_000800,30,30504.16,378.15,Left,BASS,5,1.0,1.0,True,0.126,-0.0,12
Note_000801,30,30504.16,378.15,Left,INNER,3,1.0,1.0,True,0.126,-0.0,12
Note_000802,36,30504.16,31.51,Left,INNER,1,0.85,0.85,False,0.126,-0.0,12
Note_000803,81,30504.16,378.15,Right,INNER,1,0.732,0.732,False,0.77,0.0,0
Note_000804,85,30504.16,378.15,Right,INNER,2,0.732,0.732,True,0.77,0.0,0
Note_000805,93,30504.16,378.15,Right,INNER,4,0.63,0.63,False,0.77,0.0,0
Note_000806,93,30504.16,378.15,Right,MELODY,5,0.732,0.732,False,0.77,0.0,0
Note_000807,42,30630.21,31.51,Left,BASS,2,0.11,0.11,True,0.241,5.0,0
Note_000808,42,30756.26,31.51,Left,BASS,5,0.535,0.535,True,0.241,-10.0,12
Note_000809,54,30882.31,126.05,Left,INNER,4,0.394,0.394,True,0.42,-0.0,0
Note_000810,61,30882.31,126.05,Left,INNER,2,0.394,0.394,True,0.42,-0.0,0
Note_000811,80,30882.31,378.15,Right,INNER,1,0.732,0.732,True,0.756,0.0,0
Note_000812,83,30882.31,378.15,Right,INNER,2,0.732,0.732,False,0.756,0.0,0
Note_000813,92,30882.31,378.15,Right,INNER,4,0.528,0.528,True,0.756,0.0,0
Note_000814,92,30882.31,378.15,Right,MELODY,5,0.732,0.732,True,0.756,0.0,0
Note_000815,30,31008.36,378.15,Left,BASS,5,1.0,1.0,True,0.149,5.0,12
Note_000816,30,31008.36,378.15,Left,INNER,3,1.0,1.0,True,0.149,5.0,12
Note_000817,36,31008.36,31.51,Left,INNER,2,0.85,0.85,False,0.149,5.0,12
Note_000818,40,31008.36,31.51,Left,INNER,1,0.74,0.74,False,0.149,5.0,12
Note_000819,54,31008.36,378.15,Right,INNER,1,0.543,0.543,True,0.42,10.0,12
Note_000820,61,31008.36,378.15,Right,MELODY,3,0.543,0.543,True,0.42,10.0,12
Note_000821,42,31260.46,31.51,Left,BASS,2,0.535,0.535,True,0.241,5.0,0
Note_000822,78,31260.46,252.1,Right,INNER,1,0.732,0.732,True,0.733,0.0,0
Note_000823,81,31260.46,252.1,Right,INNER,2,0.732,0.732,False,0.733,0.0,0
Note_000824,90,31260.46,252.1,Right,INNER,4,0.63,0.63,True,0.733,0.0,0
Note_000825,90,31260.46,252.1,Right,MELODY,5,0.732,0.732,True,0.733,0.0,0
Note_000826,54,31386.51,21.01,Right,INNER,2,0.543,0.543,True,0.406,-5.0,-12
Note_000827,61,31386.51,126.05,Right,MELODY,5,0.709,0.709,True,0.406,-5.0,-12
Note_000828,54,31407.52,105.04,Right,INNER,3,0.709,0.709,True,0.406,-5.0,-12
Note_000829,32,31512.56,378.15,Left,BASS,5,1.0,1.0,True,0.142,-5.0,12
Note_000830,32,31512.56,378.15,Left,INNER,3,1.0,1.0,True,0.142,-5.0,12
Note_000831,36,31512.56,31.51,Left,INNER,2,0.85,0.85,False,0.142,-5.0,12
Note_000832,76,31512.56,1008.4,Right,INNER,1,0.732,0.732,False,0.713,0.0,0
Note_000833,80,31512.56,1008.4,Right,INNER,2,0.732,0.732,True,0.713,0.0,0
Note_000834,88,31512.56,945.38,Right,INNER,4,0.63,0.63,False,0.713,0.0,0
Note_000835,88,31512.56,1008.4,Right,MELODY,5,0.732,0.732,False,0.713,0.0,0
Note_000836,52,31638.61,378.15,Right,INNER,1,0.654,0.654,False,0.397,10.0,0
Note_000837,59,31638.61,378.15,Right,MELODY,3,0.654,0.654,False,0.397,10.0,0
Note_000838,42,31764.66,31.51,Left,BASS,2,0.535,0.535,True,0.241,5.0,0
Note_000839,32,32016.76,378.15,Left,BASS,5,1.0,1.0,True,0.161,5.0,12
Note_000840,32,32016.76,378.15,Left,INNER,3,1.0,1.0,True,0.161,5.0,12
Note_000841,36,32016.76,31.51,Left,INNER,2,0.85,0.85,False,0.161,5.0,12
Note_000842,40,32016.76,31.51,Left,INNER,1,0.74,0.74,False,0.161,5.0,12
Note_000843,52,32016.76,21.01,Right,INNER,1,0.528,0.528,False,0.397,0.0,0
Note_000844,59,32016.76,21.01,Right,INNER,4,0.528,0.528,False,0.397,0.0,0
Note_000845,52,32037.77,105.04,Right,INNER,2,0.598,0.598,False,0.397,0.0,0
Note_000846,59,32037.77,105.04,Right,MELODY,5,0.598,0.598,False,0.397,0.0,0
Note_000847,42,32142.81,31.51,Left,BASS,2,0.213,0.213,True,0.241,5.0,0
Note_000848,52,32142.81,126.05,Right,INNER,1,0.449,0.449,False,0.397,5.0,0
Note_000849,59,32142.81,126.05,Right,MELODY,4,0.449,0.449,False,0.397,5.0,0
Note_000850,42,32268.86,31.51,Left,BASS,2,0.535,0.535,True,0.241,5.0,0
Note_000851,52,32268.86,21.01,Right,INNER,1,0.528,0.528,False,0.397,0.0,0
Note_000852,59,32268.86,21.01,Right,INNER,4,0.528,0.528,False,0.397,0.0,0
Note_000853,52,32289.87,105.04,Right,INNER,2,0.646,0.646,False,0.397,0.0,0
Note_000854,59,32289.87,105.04,Right,MELODY,5,0.646,0.646,False,0.397,0.0,0
Note_000855,52,32394.91,126.05,Right,INNER,2,0.575,0.575,False,0.397,0.0,0
Note_000856,59,32394.91,126.05,Right,MELODY,4,0.575,0.575,False,0.397,0.0,0
Note_000857,90,32457.94,63.03,Right,MELODY,5,0.543,0.543,True,0.793,-10.0,-12
Note_000858,33,32520.96,378.15,Left,BASS,5,1.0,1.0,False,0.149,-5.0,0
Note_000859,33,32520.96,378.15,Left,INNER,3,1.0,1.0,False,0.149,-5.0,0
Note_000860,36,32520.96,31.51,Left,INNER,2,0.85,0.85,False,0.149,-5.0,0
Note_000861,79,32520.96,378.15,Right,INNER,1,0.732,0.732,False,0.747,0.0,0
Note_000862,83,32520.96,378.15,Right,INNER,2,0.732,0.732,False,0.747,0.0,0
Note_000863,91,32520.96,378.15,Right,INNER,4,0.543,0.543,False,0.747,0.0,0
Note_000864,91,32520.96,378.15,Right,MELODY,5,0.732,0.732,False,0.747,0.0,0
Note_000865,42,32647.01,31.51,Left,BASS,2,0.11,0.11,True,0.241,5.0,0
Note_000866,42,32773.07,31.51,Left,BASS,3,0.535,0.535,True,0.241,-0.0,0
Note_000867,55,32899.12,126.05,Left,INNER,3,0.394,0.394,False,0.42,5.0,0
Note_000868,60,32899.12,126.05,Left,INNER,2,0.394,0.394,False,0.42,5.0,0
Note_000869,78,32899.12,378.15,Right,INNER,1,0.732,0.732,True,0.733,0.0,0
Note_000870,81,32899.12,378.15,Right,INNER,2,0.732,0.732,False,0.733,0.0,0
Note_000871,90,32899.12,378.15,Right,INNER,4,0.63,0.63,True,0.733,0.0,0
Note_000872,90,32899.12,378.15,Right,MELODY,5,0.732,0.732,True,0.733,0.0,0
Note_000873,33,33025.17,378.15,Left,BASS,5,1.0,1.0,False,0.167,5.0,0
Note_000874,33,33025.17,378.15,Left,INNER,3,1.0,1.0,False,0.167,5.0,0
Note_000875,36,33025.17,31.51,Left,INNER,2,0.85,0.85,False,0.167,5.0,0
Note_000876,40,33025.17,31.51,Left,INNER,1,0.74,0.74,False,0.167,5.0,0
Note_000877,55,33025.17,378.15,Right,INNER,3,0.543,0.543,False,0.42,-5.0,0
Note_000878,60,33025.17,378.15,Right,MELODY,4,0.543,0.543,False,0.42,-5.0,0
Note_000879,42,33277.27,31.51,Left,BASS,2,0.535,0.535,True,0.241,5.0,0
Note_000880,76,33277.27,252.1,Right,INNER,1,0.732,0.732,False,0.71,0.0,0
Note_000881,79,33277.27,252.1,Right,INNER,2,0.732,0.732,False,0.71,0.0,0
Note_000882,88,33277.27,252.1,Right,INNER,4,0.409,0.409,False,0.71,0.0,0
Note_000883,88,33277.27,252.1,Right,MELODY,5,0.732,0.732,False,0.71,0.0,0
Note_000884,55,33403.32,126.05,Right,INNER,1,0.709,0.709,False,0.429,15.0,0
Note_000885,60,33403.32,21.01,Right,INNER,2,0.543,0.543,False,0.429,15.0,0
Note_000886,60,33424.32,105.04,Right,MELODY,3,0.709,0.709,False,0.429,15.0,0
Note_000887,35,33529.37,378.15,Left,BASS,5,1.0,1.0,False,0.165,-5.0,0
Note_000888,35,33529.37,378.15,Left,INNER,3,1.0,1.0,False,0.165,-5.0,0
Note_000889,36,33529.37,31.51,Left,INNER,2,0.85,0.85,False,0.165,-5.0,0
Note_000890,74,33529.37,504.2,Right,INNER,1,0.732,0.732,False,0.69,0.0,0
Note_000891,78,33529.37,504.2,Right,INNER,2,0.732,0.732,True,0.69,0.0,0
Note_000892,86,33529.37,441.18,Right,INNER,4,0.63,0.63,False,0.69,0.0,0
Note_000893,86,33529.37,504.2,Right,MELODY,5,0.732,0.732,False,0.69,0.0,0
Note_000894,59,33655.42,378.15,Right,INNER,1,0.654,0.654,False,0.477,10.0,0
Note_000895,66,33655.42,378.15,Right,MELODY,3,0.654,0.654,True,0.477,10.0,0
Note_000896,42,33781.47,31.51,Left,BASS,2,0.535,0.535,True,0.241,5.0,0
Note_000897,88,33970.54,63.03,Right,MELODY,5,0.512,0.512,False,0.77,-10.0,0
Note_000898,24,34033.57,378.15,Left,BASS,5,1.0,1.0,False,0.08,-0.0,0
Note_000899,24,34033.57,378.15,Left,INNER,3,1.0,1.0,False,0.08,-0.0,0
Note_000900,36,34033.57,31.51,Left,INNER,1,0.85,0.85,False,0.08,-0.0,0
Note_000901,77,34033.57,378.15,Right,INNER,1,0.732,0.732,False,0.724,0.0,0
Note_000902,81,34033.57,378.15,Right,INNER,2,0.732,0.732,False,0.724,0.0,0
Note_000903,89,34033.57,378.15,Right,INNER,4,0.63,0.63,False,0.724,0.0,0
Note_000904,89,34033.57,378.15,Right,MELODY,5,0.732,0.732,False,0.724,0.0,0
Note_000905,42,34159.62,31.51,Left,BASS,2,0.213,0.213,True,0.241,5.0,0
Note_000906,42,34285.67,31.51,Left,BASS,5,0.535,0.535,True,0.241,-10.0,12
Note_000907,55,34411.72,21.01,Left,INNER,5,0.528,0.528,False,0.42,5.0,0
Note_000908,60,34411.72,21.01,Left,INNER,2,0.528,0.528,False,0.42,5.0,0
Note_000909,76,34411.72,378.15,Right,INNER,1,0.732,0.732,False,0.71,0.0,0
Note_000910,79,34411.72,378.15,Right,INNER,2,0.732,0.732,False,0.71,0.0,0
Note_000911,88,34411.72,378.15,Right,INNER,4,0.63,0.63,False,0.71,0.0,0
Note_000912,88,34411.72,378.15,Right,MELODY,5,0.732,0.732,False,0.71,0.0,0
Note_000913,55,34432.73,105.04,Left,INNER,3,0.598,0.598,False,0.42,5.0,0
Note_000914,60,34432.73,105.04,Left,INNER,1,0.598,0.598,False,0.42,5.0,0
Note_000915,24,34537.77,378.15,Left,BASS,5,1.0,1.0,False,0.08,-0.0,0
Note_000916,24,34537.77,378.15,Left,INNER,3,1.0,1.0,False,0.08,-0.0,0
Note_000917,36,34537.77,31.51,Left,INNER,1,0.85,0.85,False,0.08,-0.0,0
Note_000918,55,34537.77,378.15,Right,INNER,3,0.654,0.654,False,0.42,-5.0,0
Note_000919,60,34537.77,378.15,Right,MELODY,4,0.654,0.654,False,0.42,-5.0,0
Note_000920,42,34663.82,31.51,Left,BASS,2,0.11,0.11,True,0.241,5.0,0
Note_000921,42,34789.87,31.51,Left,BASS,2,0.535,0.535,True,0.241,5.0,0
Note_000922,74,34789.87,378.15,Right,INNER,1,0.732,0.732,False,0.687,0.0,0
Note_000923,77,34789.87,378.15,Right,INNER,2,0.732,0.732,False,0.687,0.0,0
Note_000924,86,34789.87,378.15,Right,INNER,4,0.63,0.63,False,0.687,0.0,0
Note_000925,86,34789.87,378.15,Right,MELODY,5,0.732,0.732,False,0.687,0.0,0
Note_000926,55,34915.92,21.01,Right,INNER,1,0.528,0.528,False,0.42,10.0,0
Note_000927,60,34915.92,21.01,Right,INNER,3,0.528,0.528,False,0.42,10.0,0
Note_000928,55,34936.93,105.04,Right,INNER,2,0.598,0.598,False,0.42,10.0,0
Note_000929,60,34936.93,105.04,Right,MELODY,4,0.598,0.598,False,0.42,10.0,0
Note_000930,24,35041.97,378.15,Left,BASS,5,1.0,1.0,False,0.08,-0.0,0
Note_000931,24,35041.97,378.15,Left,INNER,3,1.0,1.0,False,0.08,-0.0,0
Note_000932,36,35041.97,31.51,Left,INNER,1,0.85,0.85,False,0.08,-0.0,0
Note_000933,55,35041.97,378.15,Right,INNER,3,0.654,0.654,False,0.42,-5.0,0
Note_000934,60,35041.97,378.15,Right,MELODY,4,0.654,0.654,False,0.42,-5.0,0
Note_000935,42,35168.02,31.51,Left,BASS,2,0.213,0.213,True,0.241,5.0,0
Note_000936,72,35168.02,378.15,Right,INNER,1,0.732,0.732,False,0.667,0.0,0
Note_000937,76,35168.02,378.15,Right,INNER,2,0.732,0.732,False,0.667,0.0,0
Note_000938,84,35168.02,378.15,Right,INNER,4,0.63,0.63,False,0.667,0.0,0
Note_000939,84,35168.02,378.15,Right,MELODY,5,0.732,0.732,False,0.667,0.0,0
Note_000940,42,35294.07,31.51,Left,BASS,2,0.535,0.535,True,0.241,5.0,0
Note_000941,55,35420.12,21.01,Right,INNER,2,0.528,0.528,False,0.42,-10.0,0
Note_000942,60,35420.12,21.01,Right,INNER,4,0.528,0.528,False,0.42,-10.0,0
Note_000943,55,35441.13,105.04,Right,INNER,3,0.598,0.598,False,0.42,-10.0,0
Note_000944,60,35441.13,105.04,Right,MELODY,5,0.598,0.598,False,0.42,-10.0,0
Note_000945,28,35546.17,378.15,Left,BASS,5,1.0,1.0,False,0.111,0.0,0
Note_000946,28,35546.17,378.15,Left,INNER,3,1.0,1.0,False,0.111,0.0,0
Note_000947,36,35546.17,31.51,Left,INNER,1,0.85,0.85,False,0.111,0.0,0
Note_000948,67,35546.17,378.15,Right,INNER,1,0.732,0.732,False,0.612,0.0,0
Note_000949,72,35546.17,378.15,Right,INNER,2,0.732,0.732,False,0.612,0.0,0
Note_000950,79,35546.17,378.15,Right,INNER,4,0.63,0.63,False,0.612,0.0,0
Note_000951,79,35546.17,378.15,Right,MELODY,5,0.732,0.732,False,0.612,0.0,0
Note_000952,42,35672.22,31.51,Left,BASS,2,0.11,0.11,True,0.241,5.0,0
Note_000953,42,35798.27,31.51,Left,BASS,5,0.535,0.535,True,0.241,-10.0,12
Note_000954,55,35924.32,21.01,Left,INNER,5,0.528,0.528,False,0.45,-0.0,0
Note_000955,60,35924.32,21.01,Left,INNER,3,0.528,0.528,False,0.45,-0.0,0
Note_000956,64,35924.32,378.15,Left,INNER,1,0.732,0.732,False,0.45,-0.0,0
Note_000957,67,35924.32,378.15,Left,INNER,0,0.732,0.732,False,0.45,-0.0,0
Note_000958,76,35924.32,378.15,Right,INNER,3,0.63,0.63,False,0.632,-5.0,0
Note_000959,76,35924.32,378.15,Right,MELODY,4,0.732,0.732,False,0.632,-5.0,0
Note_000960,55,35945.33,105.04,Left,INNER,4,0.598,0.598,False,0.45,-0.0,0
Note_000961,60,35945.33,105.04,Left,INNER,2,0.598,0.598,False,0.45,-0.0,0
Note_000962,40,35966.34,31.51,Left,BASS,5,0.535,0.535,False,0.218,-10.0,0
Note_000963,31,36050.37,378.15,Left,BASS,5,1.0,1.0,False,0.155,5.0,0
Note_000964,31,36050.37,378.15,Left,INNER,3,1.0,1.0,False,0.155,5.0,0
Note_000965,36,36050.37,31.51,Left,INNER,2,0.85,0.85,False,0.155,5.0,0
Note_000966,40,36050.37,31.51,Left,INNER,1,0.74,0.74,False,0.155,5.0,0
Note_000967,55,36050.37,21.01,Right,INNER,1,0.528,0.528,False,0.42,5.0,0
Note_000968,60,36050.37,21.01,Right,INNER,3,0.528,0.528,False,0.42,5.0,0
Note_000969,55,36071.38,105.04,Right,INNER,2,0.598,0.598,False,0.42,5.0,0
Note_000970,60,36071.38,105.04,Right,MELODY,5,0.598,0.598,False,0.42,5.0,0
Note_000971,42,36176.42,31.51,Left,BASS,2,0.11,0.11,True,0.241,5.0,0
Note_000972,55,36176.42,126.05,Right,INNER,2,0.449,0.449,False,0.42,-5.0,0
Note_000973,60,36176.42,126.05,Right,MELODY,5,0.449,0.449,False,0.42,-5.0,0
Note_000974,40,36218.44,31.51,Left,BASS,5,0.535,0.535,False,0.218,-10.0,0
Note_000975,42,36302.47,31.51,Left,BASS,2,0.535,0.535,True,0.241,5.0,0
Note_000976,55,36302.47,21.01,Right,INNER,0,0.528,0.528,False,0.474,0.0,0
Note_000977,60,36302.47,252.1,Right,INNER,1,0.732,0.732,False,0.474,0.0,0
Note_000978,60,36302.47,21.01,Right,INNER,2,0.528,0.528,False,0.474,0.0,0
Note_000979,64,36302.47,252.1,Right,INNER,3,0.732,0.732,False,0.474,0.0,0
Note_000980,72,36302.47,252.1,Right,INNER,5,0.551,0.551,False,0.474,0.0,0
Note_000981,72,36302.47,252.1,Right,MELODY,4,0.732,0.732,False,0.474,0.0,0
Note_000982,55,36323.48,105.04,Right,INNER,0,0.646,0.646,False,0.474,0.0,0
Note_000983,60,36323.48,105.04,Right,INNER,0,0.646,0.646,False,0.474,0.0,0
Note_000984,55,36428.52,126.05,Right,INNER,2,0.575,0.575,False,0.42,-5.0,0
Note_000985,60,36428.52,126.05,Right,MELODY,5,0.575,0.575,False,0.42,-5.0,0
Note_000986,33,36554.57,252.1,Left,BASS,5,1.0,1.0,False,0.149,-5.0,0
Note_000987,33,36554.57,252.1,Left,INNER,3,1.0,1.0,False,0.149,-5.0,0
Note_000988,36,36554.57,31.51,Left,INNER,2,0.85,0.85,False,0.149,-5.0,0
Note_000989,77,36554.57,756.3,Right,INNER,1,0.63,0.63,False,0.644,5.0,0
Note_000990,77,36554.57,756.3,Right,MELODY,4,0.732,0.732,False,0.644,5.0,0
Note_000991,42,36680.62,31.51,Left,BASS,2,0.11,0.11,True,0.241,5.0,0
Note_000992,42,36806.67,31.51,Left,BASS,2,0.535,0.535,True,0.241,5.0,0
Note_000993,60,36932.72,126.05,Right,INNER,3,0.394,0.394,False,0.489,-10.0,0
Note_000994,67,36932.72,126.05,Right,MELODY,5,0.394,0.394,False,0.489,-10.0,0
Note_000995,33,37058.77,378.15,Left,BASS,5,1.0,1.0,False,0.167,5.0,0
Note_000996,33,37058.77,378.15,Left,INNER,3,1.0,1.0,False,0.167,5.0,0
Note_000997,36,37058.77,31.51,Left,INNER,2,0.85,0.85,False,0.167,5.0,0
Note_000998,40,37058.77,31.51,Left,INNER,1,0.74,0.74,False,0.167,5.0,0
Note_000999,60,37058.77,378.15,Right,INNER,1,0.543,0.543,False,0.489,10.0,0
Note_001000,67,37058.77,378.15,Right,MELODY,3,0.543,0.543,False,0.489,10.0,0
Note_001001,42,37310.87,31.51,Left,BASS,2,0.535,0.535,True,0.241,5.0,0
Note_001002,72,37310.87,252.1,Right,INNER,1,0.732,0.732,False,0.67,0.0,0
Note_001003,77,37310.87,252.1,Right,INNER,2,0.732,0.732,False,0.67,0.0,0
Note_001004,84,37310.87,252.1,Right,INNER,4,0.512,0.512,False,0.67,0.0,0
Note_001005,84,37310.87,252.1,Right,MELODY,5,0.732,0.732,False,0.67,0.0,0
Note_001006,33,37436.92,252.1,Left,BASS,5,1.0,1.0,False,0.138,-0.0,0
Note_001007,33,37436.92,252.1,Left,INNER,1,1.0,1.0,False,0.138,-0.0,0
Note_001008,60,37436.92,21.01,Right,INNER,2,0.543,0.543,False,0.489,-10.0,0
Note_001009,67,37436.92,21.01,Right,INNER,4,0.543,0.543,False,0.489,-10.0,0
Note_001010,60,37457.93,105.04,Right,INNER,3,0.709,0.709,False,0.489,-10.0,0
Note_001011,67,37457.93,105.04,Right,MELODY,5,0.709,0.709,False,0.489,-10.0,0
Note_001012,36,37562.97,31.51,Left,BASS,3,0.85,0.85,False,0.172,-0.0,0
Note_001013,72,37562.97,1764.7,Right,INNER,1,0.732,0.732,False,0.67,0.0,0
Note_001014,77,37562.97,1764.7,Right,INNER,2,0.732,0.732,False,0.67,0.0,0
Note_001015,84,37562.97,1764.7,Right,INNER,4,0.63,0.63,False,0.67,0.0,0
Note_001016,84,37562.97,1764.7,Right,MELODY,5,0.732,0.732,False,0.67,0.0,0
Note_001017,42,37689.02,31.51,Left,BASS,2,0.11,0.11,True,0.241,5.0,0
Note_001018,60,37689.02,378.15,Right,INNER,1,0.654,0.654,False,0.489,10.0,0
Note_001019,67,37689.02,378.15,Right,MELODY,3,0.654,0.654,False,0.489,10.0,0
Note_001020,33,37815.08,252.1,Left,BASS,5,1.0,1.0,False,0.172,-10.0,0
Note_001021,33,37815.08,252.1,Left,INNER,4,1.0,1.0,False,0.172,-10.0,0
Note_001022,42,37815.08,31.51,Left,INNER,2,0.535,0.535,True,0.172,-10.0,0
Note_001023,36,38067.18,31.51,Left,BASS,5,0.85,0.85,False,0.195,-0.0,0
Note_001024,40,38067.18,31.51,Left,INNER,1,0.74,0.74,False,0.195,-0.0,0
Note_001025,60,38067.18,21.01,Right,INNER,1,0.528,0.528,False,0.489,0.0,0
Note_001026,67,38067.18,21.01,Right,INNER,4,0.528,0.528,False,0.489,0.0,0
Note_001027,60,38088.18,105.04,Right,INNER,2,0.598,0.598,False,0.489,0.0,0
Note_001028,67,38088.18,105.04,Right,MELODY,5,0.598,0.598,False,0.489,0.0,0
Note_001029,33,38193.23,378.15,Left,BASS,5,1.0,1.0,False,0.138,-0.0,0
Note_001030,33,38193.23,378.15,Left,INNER,1,1.0,1.0,False,0.138,-0.0,0
Note_001031,60,38193.23,126.05,Right,INNER,1,0.449,0.449,False,0.489,0.0,0
Note_001032,67,38193.23,126.05,Right,MELODY,5,0.449,0.449,False,0.489,0.0,0
Note_001033,42,38319.28,31.51,Left,BASS,2,0.535,0.535,True,0.241,5.0,0
Note_001034,60,38319.28,21.01,Right,INNER,1,0.528,0.528,False,0.501,0.0,0
Note_001035,67,38319.28,21.01,Right,INNER,3,0.528,0.528,False,0.501,0.0,0
Note_001036,69,38319.28,126.05,Right,MELODY,5,0.535,0.535,False,0.501,0.0,0
Note_001037,60,38340.28,105.04,Right,INNER,2,0.646,0.646,False,0.501,0.0,0
Note_001038,67,38340.28,105.04,Right,INNER,4,0.646,0.646,False,0.501,0.0,0
Note_001039,60,38445.33,126.05,Right,INNER,1,0.575,0.575,False,0.517,5.0,0
Note_001040,67,38445.33,126.05,Right,INNER,2,0.575,0.575,False,0.517,5.0,0
Note_001041,71,38445.33,126.05,Right,MELODY,5,0.535,0.535,False,0.517,5.0,0
Note_001042,31,38571.38,378.15,Left,BASS,5,1.0,1.0,False,0.134,-5.0,0
Note_001043,31,38571.38,378.15,Left,INNER,3,1.0,1.0,False,0.134,-5.0,0
Note_001044,36,38571.38,31.51,Left,INNER,2,0.85,0.85,False,0.134,-5.0,0
Note_001045,60,38571.38,378.15,Right,INNER,1,0.528,0.528,False,0.549,10.0,0
Note_001046,67,38571.38,378.15,Right,INNER,2,0.528,0.528,False,0.549,10.0,0
Note_001047,72,38571.38,756.3,Right,INNER,3,0.535,0.535,False,0.549,10.0,0
Note_001048,76,38571.38,1008.4,Right,MELODY,4,0.457,0.457,False,0.549,10.0,0
Note_001049,42,38697.43,31.51,Left,BASS,2,0.11,0.11,True,0.241,5.0,0
Note_001050,42,38823.48,31.51,Left,BASS,2,0.535,0.535,True,0.241,5.0,0
Note_001051,60,38949.53,126.05,Right,INNER,2,0.394,0.394,False,0.489,-5.0,0
Note_001052,67,38949.53,126.05,Right,MELODY,5,0.394,0.394,False,0.489,-5.0,0
Note_001053,31,39075.58,378.15,Left,BASS,5,1.0,1.0,False,0.155,5.0,0
Note_001054,31,39075.58,378.15,Left,INNER,3,1.0,1.0,False,0.155,5.0,0
Note_001055,36,39075.58,31.51,Left,INNER,2,0.85,0.85,False,0.155,5.0,0
Note_001056,40,39075.58,31.51,Left,INNER,1,0.74,0.74,False,0.155,5.0,0
Note_001057,60,39075.58,378.15,Right,INNER,1,0.543,0.543,False,0.489,15.0,0
Note_001058,67,39075.58,378.15,Right,MELODY,2,0.543,0.543,False,0.489,15.0,0
Note_001059,42,39327.68,31.51,Left,BASS,2,0.535,0.535,True,0.241,5.0,0
Note_001060,72,39327.68,63.03,Right,MELODY,4,0.535,0.535,False,0.586,-5.0,0
Note_001061,74,39390.7,63.03,Right,MELODY,5,0.535,0.535,False,0.609,-10.0,0
Note_001062,60,39453.73,21.01,Right,INNER,1,0.543,0.543,False,0.508,-0.0,0
Note_001063,67,39453.73,21.01,Right,INNER,3,0.543,0.543,False,0.508,-0.0,0
Note_001064,72,39453.73,126.05,Right,MELODY,5,0.535,0.535,False,0.508,-0.0,0
Note_001065,60,39474.74,105.04,Right,INNER,2,0.709,0.709,False,0.508,-0.0,0
Note_001066,67,39474.74,105.04,Right,INNER,4,0.709,0.709,False,0.508,-0.0,0
Note_001067,29,39579.78,378.15,Left,BASS,5,1.0,1.0,False,0.119,-0.0,0
Note_001068,29,39579.78,378.15,Left,INNER,3,1.0,1.0,False,0.119,-0.0,0
Note_001069,36,39579.78,31.51,Left,INNER,1,0.85,0.85,False,0.119,-0.0,0
Note_001070,59,39579.78,1008.4,Right,INNER,1,0.787,0.787,False,0.54,0.0,0
Note_001071,71,39579.78,1260.5,Right,INNER,3,0.535,0.535,False,0.54,0.0,0
Note_001072,74,39579.78,1260.5,Right,MELODY,5,0.457,0.457,False,0.54,0.0,0
Note_001073,59,39705.83,378.15,Right,INNER,2,0.654,0.654,False,0.483,0.0,0
Note_001074,67,39705.83,378.15,Right,MELODY,4,0.654,0.654,False,0.483,0.0,0
Note_001075,42,39831.88,31.51,Left,BASS,2,0.535,0.535,True,0.241,5.0,0
Note_001076,29,40083.98,378.15,Left,BASS,5,1.0,1.0,False,0.144,-0.0,0
Note_001077,29,40083.98,378.15,Left,INNER,4,1.0,1.0,False,0.144,-0.0,0
Note_001078,36,40083.98,31.51,Left,INNER,2,0.85,0.85,False,0.144,-0.0,0
Note_001079,40,40083.98,31.51,Left,INNER,1,0.74,0.74,False,0.144,-0.0,0
Note_001080,59,40083.98,21.01,Right,INNER,1,0.528,0.528,False,0.483,0.0,0
Note_001081,67,40083.98,21.01,Right,INNER,4,0.528,0.528,False,0.483,0.0,0
Note_001082,59,40104.99,105.04,Right,INNER,2,0.598,0.598,False,0.483,0.0,0
Note_001083,67,40104.99,105.04,Right,MELODY,5,0.598,0.598,False,0.483,0.0,0
Note_001084,42,40210.03,31.51,Left,BASS,2,0.213,0.213,True,0.241,5.0,0
Note_001085,59,40210.03,126.05,Right,INNER,2,0.449,0.449,False,0.483,0.0,0
Note_001086,67,40210.03,126.05,Right,MELODY,4,0.449,0.449,False,0.483,0.0,0
Note_001087,42,40336.08,31.51,Left,BASS,5,0.535,0.535,True,0.372,-5.0,12
Note_001088,59,40336.08,21.01,Left,INNER,3,0.528,0.528,False,0.372,-5.0,12
Note_001089,67,40336.08,21.01,Right,INNER,0,0.528,0.528,False,0.622,0.0,0
Note_001090,69,40336.08,252.1,Right,INNER,0,0.732,0.732,False,0.622,0.0,0
Note_001091,74,40336.08,252.1,Right,INNER,1,0.732,0.732,False,0.622,0.0,0
Note_001092,81,40336.08,252.1,Right,INNER,3,0.512,0.512,False,0.622,0.0,0
Note_001093,81,40336.08,252.1,Right,INNER,4,1.0,1.0,False,0.622,0.0,0
Note_001094,81,40336.08,252.1,Right,INNER,5,0.52,0.52,False,0.622,0.0,0
Note_001095,81,40336.08,252.1,Right,MELODY,2,0.732,0.732,False,0.622,0.0,0
Note_001096,59,40357.09,105.04,Left,INNER,2,0.646,0.646,False,0.372,-5.0,12
Note_001097,67,40357.09,105.04,Right,INNER,0,0.646,0.646,False,0.622,0.0,0
Note_001098,59,40462.13,126.05,Right,INNER,2,0.575,0.575,False,0.483,0.0,0
Note_001099,67,40462.13,126.05,Right,MELODY,4,0.575,0.575,False,0.483,0.0,0
Note_001100,28,40588.18,378.15,Left,BASS,5,1.0,1.0,False,0.111,0.0,0
Note_001101,28,40588.18,378.15,Left,INNER,3,1.0,1.0,False,0.111,0.0,0
Note_001102,36,40588.18,31.51,Left,INNER,1,0.85,0.85,False,0.111,0.0,0
Note_001103,83,40588.18,756.3,Right,INNER,1,0.512,0.512,False,0.713,5.0,0
Note_001104,83,40588.18,756.3,Right,INNER,2,1.0,1.0,False,0.713,5.0,0
Note_001105,83,40588.18,756.3,Right,INNER,3,0.63,0.63,False,0.713,5.0,0
Note_001106,83,40588.18,756.3,Right,MELODY,5,0.732,0.732,False,0.713,5.0,0
Note_001107,42,40714.23,31.51,Left,BASS,2,0.11,0.11,True,0.241,5.0,0
Note_001108,42,40840.28,31.51,Left,BASS,2,0.535,0.535,True,0.241,5.0,0
Note_001109,62,40966.33,126.05,Right,INNER,1,0.394,0.394,False,0.494,5.0,0
Note_001110,66,40966.33,126.05,Right,MELODY,4,0.394,0.394,True,0.494,5.0,0
Note_001111,28,41092.38,378.15,Left,BASS,5,1.0,1.0,False,0.138,-0.0,0
Note_001112,28,41092.38,378.15,Left,INNER,4,1.0,1.0,False,0.138,-0.0,0
Note_001113,36,41092.38,31.51,Left,INNER,2,0.85,0.85,False,0.138,-0.0,0
Note_001114,40,41092.38,31.51,Left,INNER,1,0.74,0.74,False,0.138,-0.0,0
Note_001115,62,41092.38,378.15,Right,INNER,2,0.543,0.543,False,0.494,0.0,0
Note_001116,66,41092.38,378.15,Right,MELODY,4,0.543,0.543,True,0.494,0.0,0
Note_001117,42,41344.48,31.51,Left,BASS,2,0.535,0.535,True,0.241,5.0,0
Note_001118,76,41344.48,252.1,Right,INNER,0,0.732,0.732,False,0.738,-0.0,0
Note_001119,83,41344.48,252.1,Right,INNER,1,0.732,0.732,False,0.738,-0.0,0
Note_001120,88,41344.48,252.1,Right,INNER,3,0.512,0.512,False,0.738,-0.0,0
Note_001121,88,41344.48,252.1,Right,INNER,4,1.0,1.0,False,0.738,-0.0,0
Note_001122,88,41344.48,252.1,Right,INNER,5,0.528,0.528,False,0.738,-0.0,0
Note_001123,88,41344.48,252.1,Right,MELODY,2,0.732,0.732,False,0.738,-0.0,0
Note_001124,62,41470.53,126.05,Right,INNER,2,0.709,0.709,False,0.502,-0.0,0
Note_001125,66,41470.53,21.01,Right,INNER,3,0.543,0.543,True,0.502,-0.0,0
Note_001126,66,41491.54,105.04,Right,MELODY,4,0.709,0.709,True,0.502,-0.0,0
Note_001127,28,41596.58,378.15,Left,BASS,5,1.0,1.0,False,0.111,0.0,0
Note_001128,28,41596.58,378.15,Left,INNER,3,1.0,1.0,False,0.111,0.0,0
Note_001129,36,41596.58,31.51,Left,INNER,1,0.85,0.85,False,0.111,0.0,0
Note_001130,76,41596.58,1764.7,Right,INNER,0,0.732,0.732,False,0.738,-0.0,0
Note_001131,83,41596.58,1764.7,Right,INNER,1,0.732,0.732,False,0.738,-0.0,0
Note_001132,88,41596.58,1764.7,Right,INNER,3,0.512,0.512,False,0.738,-0.0,0
Note_001133,88,41596.58,1764.7,Right,INNER,4,1.0,1.0,False,0.738,-0.0,0
Note_001134,88,41596.58,1764.7,Right,INNER,5,0.63,0.63,False,0.738,-0.0,0
Note_001135,88,41596.58,1764.7,Right,MELODY,2,0.732,0.732,False,0.738,-0.0,0
Note_001136,62,41722.63,378.15,Right,INNER,1,0.654,0.654,False,0.494,10.0,0
Note_001137,64,41722.63,378.15,Right,INNER,2,0.394,0.394,False,0.494,10.0,0
Note_001138,66,41722.63,378.15,Right,MELODY,4,0.654,0.654,True,0.494,10.0,0
Note_001139,42,41848.68,31.51,Left,BASS,2,0.535,0.535,True,0.241,5.0,0
Note_001140,28,42100.78,378.15,Left,BASS,5,1.0,1.0,False,0.138,-0.0,0
Note_001141,28,42100.78,378.15,Left,INNER,4,1.0,1.0,False,0.138,-0.0,0
Note_001142,36,42100.78,31.51,Left,INNER,2,0.85,0.85,False,0.138,-0.0,0
Note_001143,40,42100.78,31.51,Left,INNER,1,0.74,0.74,False,0.138,-0.0,0
Note_001144,62,42100.78,21.01,Right,INNER,1,0.528,0.528,False,0.494,0.0,-12
Note_001145,64,42100.78,21.01,Right,INNER,2,0.268,0.268,False,0.494,0.0,-12
Note_001146,66,42100.78,21.01,Right,INNER,5,0.528,0.528,True,0.494,0.0,-12
Note_001147,62,42121.79,105.04,Right,INNER,0,0.598,0.598,False,0.494,0.0,-12
Note_001148,64,42121.79,105.04,Right,INNER,3,0.339,0.339,False,0.494,0.0,-12
Note_001149,66,42121.79,105.04,Right,MELODY,4,0.598,0.598,True,0.494,0.0,-12
Note_001150,42,42226.83,31.51,Left,BASS,2,0.213,0.213,True,0.241,5.0,0
Note_001151,62,42226.83,126.05,Right,INNER,1,0.449,0.449,False,0.494,10.0,0
Note_001152,64,42226.83,126.05,Right,INNER,2,0.189,0.189,False,0.494,10.0,0
Note_001153,66,42226.83,126.05,Right,MELODY,4,0.449,0.449,True,0.494,10.0,0
Note_001154,42,42352.88,31.51,Left,BASS,2,0.535,0.535,True,0.241,5.0,0
Note_001155,62,42352.88,21.01,Right,INNER,1,0.528,0.528,False,0.494,0.0,-12
Note_001156,64,42352.88,21.01,Right,INNER,2,0.268,0.268,False,0.494,0.0,-12
Note_001157,66,42352.88,21.01,Right,INNER,5,0.528,0.528,True,0.494,0.0,-12
Note_001158,62,42373.89,105.04,Right,INNER,0,0.646,0.646,False,0.494,0.0,-12
Note_001159,64,42373.89,105.04,Right,INNER,3,0.386,0.386,False,0.494,0.0,-12
Note_001160,66,42373.89,105.04,Right,MELODY,4,0.646,0.646,True,0.494,0.0,-12
Note_001161,62,42478.93,126.05,Right,INNER,1,0.575,0.575,False,0.494,10.0,0
Note_001162,64,42478.93,126.05,Right,INNER,2,0.315,0.315,False,0.494,10.0,0
Note_001163,66,42478.93,126.05,Right,MELODY,4,0.575,0.575,True,0.494,10.0,0
Note_001164,28,42604.98,378.15,Left,BASS,5,1.0,1.0,False,0.111,0.0,0
Note_001165,28,42604.98,378.15,Left,INNER,3,1.0,1.0,False,0.111,0.0,0
Note_001166,36,42604.98,31.51,Left,INNER,1,0.85,0.85,False,0.111,0.0,0
Note_001167,62,42604.98,21.01,Right,INNER,1,0.512,0.512,False,0.49,-0.0,-12
Note_001168,64,42604.98,21.01,Right,INNER,3,0.252,0.252,False,0.49,-0.0,-12
Note_001169,66,42604.98,378.15,Right,MELODY,5,0.528,0.528,True,0.49,-0.0,-12
Note_001170,62,42625.99,357.14,Right,INNER,2,0.528,0.528,False,0.49,-0.0,-12
Note_001171,64,42625.99,357.14,Right,INNER,4,0.268,0.268,False,0.49,-0.0,-12
Note_001172,42,42731.03,31.51,Left,BASS,2,0.11,0.11,True,0.241,5.0,0
Note_001173,42,42857.09,31.51,Left,BASS,2,0.535,0.535,True,0.241,5.0,0
Note_001174,62,42983.14,126.05,Right,INNER,1,0.394,0.394,False,0.494,10.0,0
Note_001175,64,42983.14,126.05,Right,INNER,2,0.134,0.134,False,0.494,10.0,0
Note_001176,66,42983.14,126.05,Right,MELODY,4,0.394,0.394,True,0.494,10.0,0
Note_001177,28,43109.19,378.15,Left,BASS,5,1.0,1.0,False,0.138,-0.0,0
Note_001178,28,43109.19,378.15,Left,INNER,4,1.0,1.0,False,0.138,-0.0,0
Note_001179,36,43109.19,31.51,Left,INNER,2,0.85,0.85,False,0.138,-0.0,0
Note_001180,40,43109.19,31.51,Left,INNER,1,0.74,0.74,False,0.138,-0.0,0
Note_001181,56,43109.19,126.05,Right,INNER,1,0.535,0.535,True,0.476,0.0,0
Note_001182,62,43109.19,378.15,Right,INNER,2,0.543,0.543,False,0.476,0.0,0
Note_001183,64,43109.19,126.05,Right,INNER,3,0.535,0.535,False,0.476,0.0,0
Note_001184,64,43109.19,378.15,Right,INNER,4,0.283,0.283,False,0.476,0.0,0
Note_001185,66,43109.19,378.15,Right,MELODY,5,0.543,0.543,True,0.476,0.0,0
Note_001186,42,43235.24,31.51,Left,BASS,2,0.213,0.213,True,0.241,5.0,0
Note_001187,57,43235.24,126.05,Right,INNER,1,0.535,0.535,False,0.466,10.0,0
Note_001188,66,43235.24,126.05,Right,MELODY,3,0.535,0.535,True,0.466,10.0,0
Note_001189,42,43361.29,31.51,Left,BASS,2,0.535,0.535,True,0.241,5.0,0
Note_001190,59,43361.29,126.05,Right,INNER,1,0.535,0.535,False,0.489,10.0,0
Note_001191,68,43361.29,126.05,Right,MELODY,3,0.535,0.535,True,0.489,10.0,0
Note_001192,62,43487.34,126.05,Right,INNER,0,0.709,0.709,False,0.511,0.0,0
Note_001193,64,43487.34,126.05,Right,INNER,1,0.535,0.535,False,0.511,0.0,0
Note_001194,64,43487.34,126.05,Right,INNER,2,0.449,0.449,False,0.511,0.0,0
Note_001195,66,43487.34,21.01,Right,INNER,3,0.543,0.543,True,0.511,0.0,0
Note_001196,71,43487.34,126.05,Right,MELODY,5,0.535,0.535,False,0.511,0.0,0
Note_001197,66,43508.34,105.04,Right,INNER,4,0.709,0.709,True,0.511,0.0,0
Note_001198,26,43613.39,378.15,Left,BASS,5,1.0,1.0,False,0.096,-0.0,0
Note_001199,26,43613.39,378.15,Left,INNER,3,1.0,1.0,False,0.096,-0.0,0
Note_001200,36,43613.39,31.51,Left,INNER,1,0.85,0.85,False,0.096,-0.0,0
Note_001201,59,43613.39,126.05,Right,INNER,1,0.535,0.535,False,0.489,10.0,0
Note_001202,68,43613.39,126.05,Right,MELODY,3,0.535,0.535,True,0.489,10.0,0
Note_001203,42,43739.44,31.51,Left,BASS,2,0.11,0.11,True,0.241,5.0,0
Note_001204,59,43739.44,378.15,Right,INNER,1,0.449,0.449,False,0.487,0.0,0
Note_001205,61,43739.44,126.05,Right,INNER,2,0.535,0.535,True,0.487,0.0,0
Note_001206,62,43739.44,378.15,Right,INNER,3,0.654,0.654,False,0.487,0.0,0
Note_001207,66,43739.44,378.15,Right,INNER,4,0.551,0.551,True,0.487,0.0,0
Note_001208,69,43739.44,126.05,Right,MELODY,5,0.535,0.535,False,0.487,0.0,0
Note_001209,42,43865.49,31.51,Left,BASS,2,0.535,0.535,True,0.241,5.0,0
Note_001210,62,43865.49,126.05,Right,INNER,2,0.535,0.535,False,0.523,-5.0,0
Note_001211,71,43865.49,126.05,Right,MELODY,5,0.535,0.535,False,0.523,-5.0,0
Note_001212,68,43991.54,126.05,Right,INNER,1,0.535,0.535,True,0.586,15.0,12
Note_001213,76,43991.54,126.05,Right,MELODY,2,0.535,0.535,False,0.586,15.0,12
Note_001214,26,44117.59,378.15,Left,BASS,5,1.0,1.0,False,0.126,-0.0,0
Note_001215,26,44117.59,378.15,Left,INNER,4,1.0,1.0,False,0.126,-0.0,0
Note_001216,36,44117.59,31.51,Left,INNER,2,0.85,0.85,False,0.126,-0.0,0
Note_001217,40,44117.59,31.51,Left,INNER,1,0.74,0.74,False,0.126,-0.0,0
Note_001218,59,44117.59,21.01,Right,INNER,0,0.323,0.323,False,0.493,0.0,-12
Note_001219,62,44117.59,21.01,Right,INNER,1,0.528,0.528,False,0.493,0.0,-12
Note_001220,64,44117.59,126.05,Right,INNER,2,0.535,0.535,False,0.493,0.0,-12
Note_001221,66,44117.59,21.01,Right,INNER,3,0.425,0.425,True,0.493,0.0,-12
Note_001222,73,44117.59,126.05,Right,MELODY,5,0.535,0.535,True,0.493,0.0,-12
Note_001223,59,44138.6,105.04,Right,INNER,0,0.394,0.394,False,0.493,0.0,-12
Note_001224,62,44138.6,105.04,Right,INNER,0,0.598,0.598,False,0.493,0.0,-12
Note_001225,66,44138.6,105.04,Right,INNER,4,0.496,0.496,True,0.493,0.0,-12
Note_001226,42,44243.64,31.51,Left,BASS,2,0.11,0.11,True,0.241,5.0,0
Note_001227,59,44243.64,126.05,Right,INNER,1,0.244,0.244,False,0.51,-0.0,0
Note_001228,62,44243.64,126.05,Right,INNER,2,0.449,0.449,False,0.51,-0.0,0
Note_001229,66,44243.64,126.05,Right,INNER,3,0.535,0.535,True,0.51,-0.0,0
Note_001230,66,44243.64,126.05,Right,INNER,4,0.346,0.346,True,0.51,-0.0,0
Note_001231,74,44243.64,126.05,Right,MELODY,5,0.535,0.535,False,0.51,-0.0,0
Note_001232,40,44285.65,31.51,Left,BASS,5,0.535,0.535,False,0.218,-10.0,0
Note_001233,42,44369.69,31.51,Left,BASS,4,0.535,0.535,True,0.241,-5.0,0
Note_001234,59,44369.69,21.01,Right,INNER,0,0.323,0.323,False,0.503,0.0,0
Note_001235,62,44369.69,21.01,Right,INNER,1,0.528,0.528,False,0.503,0.0,0
Note_001236,66,44369.69,21.01,Right,INNER,2,0.425,0.425,True,0.503,0.0,0
Note_001237,68,44369.69,126.05,Right,INNER,4,0.535,0.535,True,0.503,0.0,0
Note_001238,76,44369.69,126.05,Right,MELODY,5,0.535,0.535,False,0.503,0.0,0
Note_001239,59,44390.7,105.04,Right,INNER,0,0.441,0.441,False,0.503,0.0,0
Note_001240,62,44390.7,105.04,Right,INNER,0,0.646,0.646,False,0.503,0.0,0
Note_001241,66,44390.7,105.04,Right,INNER,3,0.543,0.543,True,0.503,0.0,0
Note_001242,59,44495.74,126.05,Left,INNER,4,0.37,0.37,False,0.509,10.0,0
Note_001243,62,44495.74,126.05,Left,INNER,3,0.575,0.575,False,0.509,10.0,0
Note_001244,66,44495.74,126.05,Left,INNER,2,0.472,0.472,True,0.509,10.0,0
Note_001245,74,44495.74,126.05,Left,INNER,1,0.535,0.535,False,0.509,10.0,0
Note_001246,83,44495.74,126.05,Right,MELODY,5,0.535,0.535,False,0.713,-10.0,0
Note_001247,25,44621.79,252.1,Left,BASS,3,1.0,1.0,True,0.088,15.0,0
Note_001248,25,44621.79,252.1,Left,INNER,2,1.0,1.0,True,0.088,15.0,0
Note_001249,36,44621.79,31.51,Left,INNER,1,0.85,0.85,False,0.088,15.0,0
Note_001250,73,44621.79,2016.8,Right,INNER,2,0.591,0.591,True,0.638,-10.0,0
Note_001251,76,44621.79,4537.81,Right,INNER,3,0.535,0.535,False,0.638,-10.0,0
Note_001252,76,44621.79,2016.8,Right,INNER,4,0.591,0.591,False,0.638,-10.0,0
Note_001253,81,44621.79,4537.81,Right,MELODY,5,0.535,0.535,False,0.638,-10.0,0
Note_001254,42,44873.89,31.51,Left,BASS,2,0.535,0.535,True,0.241,5.0,0
Note_001255,57,44999.94,126.05,Right,INNER,1,0.394,0.394,False,0.437,15.0,0
Note_001256,61,44999.94,126.05,Right,MELODY,2,0.394,0.394,True,0.437,15.0,0
Note_001257,25,45125.99,378.15,Left,BASS,5,1.0,1.0,True,0.121,5.0,12
Note_001258,25,45125.99,378.15,Left,INNER,3,1.0,1.0,True,0.121,5.0,12
Note_001259,36,45125.99,31.51,Left,INNER,2,0.85,0.85,False,0.121,5.0,12
Note_001260,40,45125.99,31.51,Left,INNER,1,0.74,0.74,False,0.121,5.0,12
Note_001261,57,45125.99,378.15,Right,INNER,1,0.543,0.543,False,0.437,5.0,0
Note_001262,61,45125.99,378.15,Right,MELODY,4,0.543,0.543,True,0.437,5.0,0
Note_001263,42,45252.04,31.51,Left,BASS,2,0.213,0.213,True,0.241,5.0,0
Note_001264,42,45378.09,31.51,Left,BASS,2,0.535,0.535,True,0.241,5.0,0
Note_001265,25,45504.14,252.1,Left,BASS,5,1.0,1.0,True,0.046,-15.0,12
Note_001266,25,45504.14,252.1,Left,INNER,4,1.0,1.0,True,0.046,-15.0,12
Note_001267,57,45504.14,21.01,Right,INNER,1,0.543,0.543,False,0.429,10.0,0
Note_001268,61,45504.14,126.05,Right,MELODY,4,0.709,0.709,True,0.429,10.0,0
Note_001269,57,45525.15,105.04,Right,INNER,2,0.709,0.709,False,0.429,10.0,0
Note_001270,36,45630.19,31.51,Left,BASS,3,0.85,0.85,False,0.172,-0.0,0
Note_001271,42,45756.24,31.51,Left,BASS,2,0.11,0.11,True,0.241,5.0,0
Note_001272,57,45756.24,378.15,Right,INNER,1,0.654,0.654,False,0.437,5.0,0
Note_001273,61,45756.24,378.15,Right,MELODY,4,0.654,0.654,True,0.437,5.0,0
Note_001274,25,45882.29,252.1,Left,BASS,5,1.0,1.0,True,0.111,-5.0,12
Note_001275,25,45882.29,252.1,Left,INNER,3,1.0,1.0,True,0.111,-5.0,12
Note_001276,42,45882.29,31.51,Left,INNER,2,0.535,0.535,True,0.111,-5.0,12
Note_001277,36,46134.39,31.51,Left,BASS,2,0.85,0.85,False,0.195,15.0,0
Note_001278,40,46134.39,31.51,Left,INNER,1,0.74,0.74,False,0.195,15.0,0
Note_001279,57,46134.39,21.01,Right,INNER,1,0.528,0.528,False,0.437,10.0,0
Note_001280,61,46134.39,21.01,Right,INNER,3,0.528,0.528,True,0.437,10.0,0
Note_001281,57,46155.4,105.04,Right,INNER,2,0.598,0.598,False,0.437,10.0,0
Note_001282,61,46155.4,105.04,Right,MELODY,4,0.598,0.598,True,0.437,10.0,0
Note_001283,25,46260.44,378.15,Left,BASS,5,1.0,1.0,True,0.046,-10.0,12
Note_001284,25,46260.44,378.15,Left,INNER,3,1.0,1.0,True,0.046,-10.0,12
Note_001285,57,46260.44,126.05,Right,INNER,1,0.449,0.449,False,0.437,5.0,0
Note_001286,61,46260.44,126.05,Right,MELODY,4,0.449,0.449,True,0.437,5.0,0
Note_001287,42,46386.49,31.51,Left,BASS,2,0.535,0.535,True,0.241,5.0,0
Note_001288,57,46386.49,21.01,Right,INNER,1,0.528,0.528,False,0.437,10.0,0
Note_001289,61,46386.49,21.01,Right,INNER,3,0.528,0.528,True,0.437,10.0,0
Note_001290,57,46407.5,105.04,Right,INNER,2,0.646,0.646,False,0.437,10.0,0
Note_001291,61,46407.5,105.04,Right,MELODY,4,0.646,0.646,True,0.437,10.0,0
Note_001292,57,46512.54,126.05,Right,INNER,2,0.575,0.575,False,0.437,0.0,0
Note_001293,61,46512.54,126.05,Right,MELODY,4,0.575,0.575,True,0.437,0.0,0
Note_001294,26,46638.59,252.1,Left,BASS,5,1.0,1.0,False,0.096,5.0,0
Note_001295,26,46638.59,252.1,Left,INNER,2,1.0,1.0,False,0.096,5.0,0
Note_001296,36,46638.59,31.51,Left,INNER,1,0.85,0.85,False,0.096,5.0,0
Note_001297,74,46638.59,2016.8,Right,INNER,1,0.591,0.591,False,0.632,10.0,0
Note_001298,78,46638.59,2016.8,Right,MELODY,3,0.591,0.591,True,0.632,10.0,0
Note_001299,42,46890.69,31.51,Left,BASS,2,0.535,0.535,True,0.241,5.0,0
Note_001300,57,47016.74,126.05,Right,INNER,2,0.394,0.394,False,0.443,0.0,0
Note_001301,62,47016.74,126.05,Right,MELODY,4,0.394,0.394,False,0.443,0.0,0
Note_001302,26,47142.79,378.15,Left,BASS,5,1.0,1.0,False,0.126,-0.0,0
Note_001303,26,47142.79,378.15,Left,INNER,4,1.0,1.0,False,0.126,-0.0,0
Note_001304,36,47142.79,31.51,Left,INNER,2,0.85,0.85,False,0.126,-0.0,0
Note_001305,40,47142.79,31.51,Left,INNER,1,0.74,0.74,False,0.126,-0.0,0
Note_001306,57,47142.79,378.15,Right,INNER,1,0.543,0.543,False,0.443,15.0,0
Note_001307,62,47142.79,378.15,Right,MELODY,2,0.543,0.543,False,0.443,15.0,0
Note_001308,42,47268.84,31.51,Left,BASS,2,0.213,0.213,True,0.241,5.0,0
Note_001309,42,47394.89,31.51,Left,BASS,2,0.535,0.535,True,0.241,5.0,0
Note_001310,80,47394.89,126.05,Right,MELODY,3,0.591,0.591,True,0.678,0.0,0
Note_001311,26,47520.94,252.1,Left,BASS,5,1.0,1.0,False,0.057,-0.0,0
Note_001312,26,47520.94,252.1,Left,INNER,1,1.0,1.0,False,0.057,-0.0,0
Note_001313,81,47520.94,126.05,Right,MELODY,4,0.591,0.591,False,0.69,-5.0,0
Note_001314,36,47646.99,31.51,Left,BASS,3,0.85,0.85,False,0.172,-0.0,0
Note_001315,83,47646.99,756.3,Right,MELODY,5,0.591,0.591,False,0.713,-10.0,0
Note_001316,42,47773.04,31.51,Left,BASS,2,0.11,0.11,True,0.241,5.0,0
Note_001317,57,47773.04,378.15,Right,INNER,1,0.654,0.654,False,0.443,5.0,0
Note_001318,62,47773.04,378.15,Right,MELODY,4,0.654,0.654,False,0.443,5.0,0
Note_001319,26,47899.1,252.1,Left,BASS,5,1.0,1.0,False,0.119,-5.0,0
Note_001320,26,47899.1,252.1,Left,INNER,3,1.0,1.0,False,0.119,-5.0,0
Note_001321,42,47899.1,31.51,Left,INNER,2,0.535,0.535,True,0.119,-5.0,0
Note_001322,36,48151.2,31.51,Left,BASS,2,0.85,0.85,False,0.195,15.0,0
Note_001323,40,48151.2,31.51,Left,INNER,1,0.74,0.74,False,0.195,15.0,0
Note_001324,57,48151.2,21.01,Right,INNER,1,0.528,0.528,False,0.443,10.0,0
Note_001325,62,48151.2,21.01,Right,INNER,3,0.528,0.528,False,0.443,10.0,0
Note_001326,57,48172.2,105.04,Right,INNER,2,0.598,0.598,False,0.443,10.0,0
Note_001327,62,48172.2,105.04,Right,MELODY,4,0.598,0.598,False,0.443,10.0,0
Note_001328,26,48277.25,378.15,Left,BASS,5,1.0,1.0,False,0.119,-5.0,0
Note_001329,26,48277.25,378.15,Left,INNER,3,1.0,1.0,False,0.119,-5.0,0
Note_001330,42,48277.25,31.51,Left,INNER,2,0.213,0.213,True,0.119,-5.0,0
Note_001331,57,48277.25,126.05,Right,INNER,2,0.449,0.449,False,0.443,0.0,0
Note_001332,62,48277.25,126.05,Right,MELODY,4,0.449,0.449,False,0.443,0.0,0
Note_001333,42,48403.3,31.51,Left,BASS,2,0.535,0.535,True,0.241,5.0,0
Note_001334,81,48403.3,126.05,Right,MELODY,5,0.591,0.591,False,0.69,-10.0,0
Note_001335,57,48529.35,126.05,Left,INNER,2,0.575,0.575,False,0.443,15.0,0
Note_001336,62,48529.35,126.05,Left,INNER,1,0.575,0.575,False,0.443,15.0,0
Note_001337,80,48529.35,126.05,Right,MELODY,4,0.591,0.591,True,0.678,-5.0,0
Note_001338,25,48655.4,252.1,Left,BASS,3,1.0,1.0,True,0.088,15.0,0
Note_001339,25,48655.4,252.1,Left,INNER,2,1.0,1.0,True,0.088,15.0,0
Note_001340,36,48655.4,31.51,Left,INNER,1,0.85,0.85,False,0.088,15.0,0
Note_001341,73,48655.4,2016.8,Right,INNER,1,0.591,0.591,True,0.64,10.0,12
Note_001342,76,48655.4,2016.8,Right,INNER,2,0.591,0.591,False,0.64,10.0,12
Note_001343,81,48655.4,2016.8,Right,MELODY,4,0.591,0.591,False,0.64,10.0,12
Note_001344,42,48907.5,31.51,Left,BASS,2,0.535,0.535,True,0.241,5.0,0
Note_001345,57,49033.55,126.05,Right,INNER,3,0.394,0.394,False,0.437,-10.0,-12
Note_001346,61,49033.55,126.05,Right,MELODY,5,0.394,0.394,True,0.437,-10.0,-12
Note_001347,25,49159.6,378.15,Left,BASS,5,1.0,1.0,True,0.121,5.0,12
Note_001348,25,49159.6,378.15,Left,INNER,3,1.0,1.0,True,0.121,5.0,12
Note_001349,36,49159.6,31.51,Left,INNER,2,0.85,0.85,False,0.121,5.0,12
Note_001350,40,49159.6,31.51,Left,INNER,1,0.74,0.74,False,0.121,5.0,12
Note_001351,57,49159.6,378.15,Right,INNER,1,0.543,0.543,False,0.456,15.0,0
Note_001352,61,49159.6,378.15,Right,INNER,2,0.543,0.543,True,0.456,15.0,0
Note_001353,64,49159.6,378.15,Right,MELODY,3,0.591,0.591,False,0.456,15.0,0
Note_001354,42,49285.65,31.51,Left,BASS,2,0.213,0.213,True,0.241,5.0,0
Note_001355,42,49411.7,31.51,Left,BASS,2,0.535,0.535,True,0.241,5.0,0
Note_001356,25,49537.75,252.1,Left,BASS,5,1.0,1.0,True,0.046,-15.0,12
Note_001357,25,49537.75,252.1,Left,INNER,4,1.0,1.0,True,0.046,-15.0,12
Note_001358,57,49537.75,21.01,Right,INNER,1,0.543,0.543,False,0.445,10.0,0
Note_001359,61,49537.75,126.05,Right,INNER,3,0.709,0.709,True,0.445,10.0,0
Note_001360,64,49537.75,94.54,Right,MELODY,4,0.591,0.591,False,0.445,10.0,0
Note_001361,57,49558.76,105.04,Right,INNER,2,0.709,0.709,False,0.445,10.0,0
Note_001362,36,49663.8,31.51,Left,BASS,3,0.85,0.85,False,0.172,-0.0,0
Note_001363,69,49663.8,378.15,Right,MELODY,5,0.591,0.591,False,0.552,-10.0,0
Note_001364,42,49789.85,31.51,Left,BASS,2,0.11,0.11,True,0.241,5.0,0
Note_001365,57,49789.85,378.15,Right,INNER,2,0.654,0.654,False,0.437,5.0,0
Note_001366,61,49789.85,378.15,Right,MELODY,3,0.654,0.654,True,0.437,5.0,0
Note_001367,25,49915.9,252.1,Left,BASS,5,1.0,1.0,True,0.111,-5.0,12
Note_001368,25,49915.9,252.1,Left,INNER,3,1.0,1.0,True,0.111,-5.0,12
Note_001369,42,49915.9,31.51,Left,INNER,2,0.535,0.535,True,0.111,-5.0,12
Note_001370,69,50041.95,94.54,Right,MELODY,4,0.591,0.591,False,0.552,-5.0,0
Note_001371,36,50168.0,31.51,Left,BASS,2,0.85,0.85,False,0.195,15.0,0
Note_001372,40,50168.0,31.51,Left,INNER,1,0.74,0.74,False,0.195,15.0,0
Note_001373,76,50168.0,378.15,Right,MELODY,5,0.591,0.591,False,0.632,-10.0,0
Note_001374,25,50294.05,378.15,Left,BASS,5,1.0,1.0,True,0.046,-15.0,12
Note_001375,25,50294.05,378.15,Left,INNER,4,1.0,1.0,True,0.046,-15.0,12
Note_001376,57,50294.05,126.05,Right,INNER,1,0.449,0.449,False,0.437,5.0,0
Note_001377,61,50294.05,126.05,Right,MELODY,4,0.449,0.449,True,0.437,5.0,0
Note_001378,42,50420.1,31.51,Left,BASS,3,0.535,0.535,True,0.241,-0.0,0
Note_001379,57,50420.1,21.01,Right,INNER,1,0.528,0.528,False,0.437,10.0,0
Note_001380,61,50420.1,21.01,Right,INNER,3,0.528,0.528,True,0.437,10.0,0
Note_001381,57,50441.11,105.04,Right,INNER,2,0.646,0.646,False,0.437,10.0,0
Note_001382,61,50441.11,105.04,Right,MELODY,4,0.646,0.646,True,0.437,10.0,0
Note_001383,57,50546.15,126.05,Left,INNER,3,0.575,0.575,False,0.437,5.0,0
Note_001384,61,50546.15,126.05,Left,INNER,2,0.575,0.575,True,0.437,5.0,0
Note_001385,76,50546.15,94.54,Right,MELODY,1,0.591,0.591,False,0.632,10.0,0
Note_001386,30,50672.2,252.1,Left,BASS,3,1.0,1.0,True,0.126,15.0,0
Note_001387,30,50672.2,252.1,Left,INNER,2,1.0,1.0,True,0.126,15.0,0
Note_001388,36,50672.2,31.51,Left,INNER,1,0.85,0.85,False,0.126,15.0,0
Note_001389,69,50672.2,1008.4,Right,INNER,1,0.591,0.591,False,0.632,0.0,0
Note_001390,73,50672.2,1008.4,Right,INNER,2,0.591,0.591,True,0.632,0.0,0
Note_001391,81,50672.2,756.3,Right,INNER,4,0.591,0.591,False,0.632,0.0,0
Note_001392,81,50672.2,1008.4,Right,MELODY,5,0.591,0.591,False,0.632,0.0,0
Note_001393,42,50924.3,31.51,Left,BASS,2,0.535,0.535,True,0.241,5.0,0
Note_001394,57,51050.35,126.05,Right,INNER,3,0.394,0.394,False,0.437,-5.0,0
Note_001395,61,51050.35,126.05,Right,MELODY,4,0.394,0.394,True,0.437,-5.0,0
Note_001396,30,51176.4,378.15,Left,BASS,5,1.0,1.0,True,0.149,5.0,12
Note_001397,30,51176.4,378.15,Left,INNER,3,1.0,1.0,True,0.149,5.0,12
Note_001398,36,51176.4,31.51,Left,INNER,2,0.85,0.85,False,0.149,5.0,12
Note_001399,40,51176.4,31.51,Left,INNER,1,0.74,0.74,False,0.149,5.0,12
Note_001400,57,51176.4,378.15,Right,INNER,2,0.543,0.543,False,0.437,5.0,0
Note_001401,61,51176.4,378.15,Right,MELODY,3,0.543,0.543,True,0.437,5.0,0
Note_001402,42,51302.45,31.51,Left,BASS,2,0.213,0.213,True,0.241,5.0,0
Note_001403,42,51428.5,31.51,Left,BASS,2,0.535,0.535,True,0.241,5.0,0
Note_001404,81,51428.5,63.03,Right,MELODY,4,0.591,0.591,False,0.69,-5.0,0
Note_001405,83,51491.53,63.03,Right,MELODY,5,0.591,0.591,False,0.713,-10.0,0
Note_001406,30,51554.55,252.1,Left,BASS,5,1.0,1.0,True,0.103,-15.0,12
Note_001407,30,51554.55,252.1,Left,INNER,4,1.0,1.0,True,0.103,-15.0,12
Note_001408,81,51554.55,126.05,Right,MELODY,5,0.591,0.591,False,0.69,-10.0,0
Note_001409,36,51680.6,31.51,Left,BASS,3,0.85,0.85,False,0.172,-0.0,0
Note_001410,68,51680.6,1008.4,Right,INNER,1,0.591,0.591,True,0.621,0.0,0
Note_001411,72,51680.6,1008.4,Right,INNER,2,0.591,0.591,False,0.621,0.0,0
Note_001412,80,51680.6,756.3,Right,INNER,4,0.591,0.591,True,0.621,0.0,0
Note_001413,80,51680.6,1008.4,Right,MELODY,5,0.591,0.591,True,0.621,0.0,0
Note_001414,42,51806.65,31.51,Left,BASS,2,0.11,0.11,True,0.241,5.0,0
Note_001415,56,51806.65,378.15,Right,INNER,1,0.654,0.654,True,0.425,10.0,12
Note_001416,60,51806.65,378.15,Right,MELODY,3,0.654,0.654,False,0.425,10.0,12
Note_001417,30,51932.7,252.1,Left,BASS,3,1.0,1.0,True,0.149,15.0,-12
Note_001418,30,51932.7,252.1,Left,INNER,2,1.0,1.0,True,0.149,15.0,-12
Note_001419,42,51932.7,31.51,Left,INNER,1,0.535,0.535,True,0.149,15.0,-12
Note_001420,36,52184.8,31.51,Left,BASS,5,0.85,0.85,False,0.195,-10.0,0
Note_001421,40,52184.8,31.51,Left,INNER,3,0.74,0.74,False,0.195,-10.0,0
Note_001422,56,52184.8,21.01,Right,INNER,1,0.528,0.528,True,0.425,10.0,12
Note_001423,60,52184.8,21.01,Right,INNER,3,0.528,0.528,False,0.425,10.0,12
Note_001424,56,52205.81,105.04,Right,INNER,2,0.598,0.598,True,0.425,10.0,12
Note_001425,60,52205.81,105.04,Right,MELODY,4,0.598,0.598,False,0.425,10.0,12
Note_001426,30,52310.85,378.15,Left,BASS,5,1.0,1.0,True,0.149,5.0,0
Note_001427,30,52310.85,378.15,Left,INNER,2,1.0,1.0,True,0.149,5.0,0
Note_001428,42,52310.85,31.51,Left,INNER,1,0.213,0.213,True,0.149,5.0,0
Note_001429,56,52310.85,126.05,Right,INNER,2,0.449,0.449,True,0.425,0.0,0
Note_001430,60,52310.85,126.05,Right,MELODY,4,0.449,0.449,False,0.425,0.0,0
Note_001431,42,52436.9,31.51,Left,BASS,3,0.535,0.535,True,0.241,-0.0,0
Note_001432,77,52436.9,126.05,Right,MELODY,1,0.591,0.591,False,0.644,10.0,0
Note_001433,56,52562.95,126.05,Left,INNER,3,0.575,0.575,True,0.425,5.0,0
Note_001434,60,52562.95,126.05,Left,INNER,2,0.575,0.575,False,0.425,5.0,0
Note_001435,78,52562.95,126.05,Right,MELODY,4,0.591,0.591,True,0.655,-5.0,0
Note_001436,29,52689.0,252.1,Left,BASS,5,1.0,1.0,False,0.119,5.0,0
Note_001437,29,52689.0,252.1,Left,INNER,2,1.0,1.0,False,0.119,5.0,0
Note_001438,36,52689.0,31.51,Left,INNER,1,0.85,0.85,False,0.119,5.0,0
Note_001439,72,52689.0,1008.4,Right,INNER,1,0.591,0.591,False,0.628,5.0,0
Note_001440,75,52689.0,1008.4,Right,INNER,3,0.591,0.591,True,0.628,5.0,0
Note_001441,80,52689.0,1764.7,Right,MELODY,4,0.591,0.591,True,0.628,5.0,0
Note_001442,42,52941.11,31.51,Left,BASS,2,0.535,0.535,True,0.241,5.0,0
Note_001443,56,53067.16,126.05,Right,INNER,2,0.394,0.394,True,0.443,-5.0,-12
Note_001444,63,53067.16,126.05,Right,MELODY,5,0.394,0.394,True,0.443,-5.0,-12
Note_001445,29,53193.21,378.15,Left,BASS,5,1.0,1.0,False,0.144,-0.0,0
Note_001446,29,53193.21,378.15,Left,INNER,4,1.0,1.0,False,0.144,-0.0,0
Note_001447,36,53193.21,31.51,Left,INNER,2,0.85,0.85,False,0.144,-0.0,0
Note_001448,40,53193.21,31.51,Left,INNER,1,0.74,0.74,False,0.144,-0.0,0
Note_001449,87,53193.21,504.2,Right,INNER,1,0.512,0.512,True,0.759,5.0,12
Note_001450,87,53193.21,504.2,Right,MELODY,4,1.0,1.0,True,0.759,5.0,12
Note_001451,42,53319.26,31.51,Left,BASS,2,0.213,0.213,True,0.241,5.0,0
Note_001452,42,53445.31,31.51,Left,BASS,2,0.535,0.535,True,0.241,5.0,0
Note_001453,34,53571.36,252.1,Left,BASS,5,1.0,1.0,True,0.149,-15.0,12
Note_001454,34,53571.36,252.1,Left,INNER,4,1.0,1.0,True,0.149,-15.0,12
Note_001455,56,53571.36,21.01,Right,INNER,2,0.543,0.543,True,0.421,-5.0,-12
Note_001456,61,53571.36,126.05,Right,MELODY,5,0.709,0.709,True,0.421,-5.0,-12
Note_001457,56,53592.36,105.04,Right,INNER,3,0.709,0.709,True,0.421,-5.0,-12
Note_001458,36,53697.41,31.51,Left,BASS,3,0.85,0.85,False,0.172,-0.0,0
Note_001459,85,53697.41,504.2,Right,INNER,1,0.512,0.512,True,0.736,5.0,12
Note_001460,85,53697.41,504.2,Right,MELODY,4,1.0,1.0,True,0.736,5.0,12
Note_001461,42,53823.46,31.51,Left,BASS,2,0.11,0.11,True,0.241,5.0,0
Note_001462,56,53823.46,378.15,Right,INNER,2,0.654,0.654,True,0.431,5.0,0
Note_001463,61,53823.46,378.15,Right,MELODY,3,0.654,0.654,True,0.431,5.0,0
Note_001464,34,53949.51,252.1,Left,BASS,5,1.0,1.0,True,0.18,-10.0,12
Note_001465,34,53949.51,252.1,Left,INNER,4,1.0,1.0,True,0.18,-10.0,12
Note_001466,42,53949.51,31.51,Left,INNER,2,0.535,0.535,True,0.18,-10.0,12
Note_001467,36,54201.61,31.51,Left,BASS,2,0.85,0.85,False,0.195,15.0,0
Note_001468,40,54201.61,31.51,Left,INNER,1,0.74,0.74,False,0.195,15.0,0
Note_001469,80,54201.61,504.2,Right,INNER,4,0.512,0.512,True,0.678,-15.0,-12
Note_001470,80,54201.61,504.2,Right,MELODY,5,1.0,1.0,True,0.678,-15.0,-12
Note_001471,34,54327.66,378.15,Left,BASS,5,1.0,1.0,True,0.149,-15.0,12
Note_001472,34,54327.66,378.15,Left,INNER,4,1.0,1.0,True,0.149,-15.0,12
Note_001473,56,54327.66,126.05,Right,INNER,2,0.449,0.449,True,0.431,5.0,0
Note_001474,61,54327.66,126.05,Right,MELODY,3,0.449,0.449,True,0.431,5.0,0
Note_001475,42,54453.71,31.51,Left,BASS,3,0.535,0.535,True,0.241,-0.0,0
Note_001476,78,54453.71,126.05,Right,INNER,1,0.591,0.591,True,0.707,5.0,12
Note_001477,87,54453.71,126.05,Right,MELODY,4,0.669,0.669,True,0.707,5.0,12
Note_001478,56,54579.76,126.05,Left,INNER,3,0.575,0.575,True,0.431,5.0,0
Note_001479,61,54579.76,126.05,Left,INNER,2,0.575,0.575,True,0.431,5.0,0
Note_001480,77,54579.76,126.05,Right,INNER,1,0.591,0.591,False,0.713,0.0,0
Note_001481,89,54579.76,126.05,Right,MELODY,5,0.669,0.669,False,0.713,0.0,0
Note_001482,27,54705.81,378.15,Left,BASS,5,1.0,1.0,True,0.103,-0.0,12
Note_001483,27,54705.81,378.15,Left,INNER,3,1.0,1.0,True,0.103,-0.0,12
Note_001484,36,54705.81,31.51,Left,INNER,1,0.85,0.85,False,0.103,-0.0,12
Note_001485,82,54705.81,504.2,Right,INNER,1,0.512,0.512,True,0.732,10.0,12
Note_001486,82,54705.81,504.2,Right,INNER,2,1.0,1.0,True,0.732,10.0,12
Note_001487,90,54705.81,378.15,Right,MELODY,4,0.669,0.669,True,0.732,10.0,12
Note_001488,42,54831.86,31.51,Left,BASS,2,0.11,0.11,True,0.241,5.0,0
Note_001489,42,54957.91,31.51,Left,BASS,3,0.535,0.535,True,0.241,-0.0,0
Note_001490,56,55083.96,126.05,Left,INNER,3,0.394,0.394,True,0.431,5.0,0
Note_001491,61,55083.96,126.05,Left,INNER,2,0.394,0.394,True,0.431,5.0,0
Note_001492,89,55083.96,378.15,Right,MELODY,4,0.669,0.669,False,0.782,-5.0,0
Note_001493,27,55210.01,378.15,Left,BASS,5,1.0,1.0,True,0.132,-0.0,12
Note_001494,27,55210.01,378.15,Left,INNER,4,1.0,1.0,True,0.132,-0.0,12
Note_001495,36,55210.01,31.51,Left,INNER,2,0.85,0.85,False,0.132,-0.0,12
Note_001496,40,55210.01,31.51,Left,INNER,1,0.74,0.74,False,0.132,-0.0,12
Note_001497,56,55210.01,378.15,Right,INNER,2,0.543,0.543,True,0.431,5.0,0
Note_001498,61,55210.01,378.15,Right,MELODY,3,0.543,0.543,True,0.431,5.0,0
Note_001499,42,55462.11,31.51,Left,BASS,2,0.535,0.535,True,0.241,5.0,0
Note_001500,87,55462.11,252.1,Right,MELODY,5,0.669,0.669,True,0.759,-10.0,-12
Note_001501,56,55588.16,21.01,Right,INNER,2,0.543,0.543,True,0.421,0.0,0
Note_001502,61,55588.16,126.05,Right,MELODY,4,0.709,0.709,True,0.421,0.0,0
Note_001503,56,55609.17,105.04,Right,INNER,3,0.709,0.709,True,0.421,0.0,0
Note_001504,27,55714.21,378.15,Left,BASS,5,1.0,1.0,True,0.103,-0.0,12
Note_001505,27,55714.21,378.15,Left,INNER,3,1.0,1.0,True,0.103,-0.0,12
Note_001506,36,55714.21,31.51,Left,INNER,1,0.85,0.85,False,0.103,-0.0,12
Note_001507,85,55714.21,378.15,Right,MELODY,5,0.669,0.669,True,0.736,-10.0,-12
Note_001508,56,55840.26,378.15,Right,INNER,2,0.654,0.654,True,0.431,0.0,0
Note_001509,61,55840.26,378.15,Right,MELODY,4,0.654,0.654,True,0.431,0.0,0
Note_001510,42,55966.31,31.51,Left,BASS,2,0.535,0.535,True,0.241,5.0,0
Note_001511,87,56092.36,63.03,Right,MELODY,5,0.669,0.669,True,0.759,-10.0,-12
Note_001512,85,56155.39,63.03,Right,MELODY,4,0.669,0.669,True,0.736,-5.0,0
Note_001513,27,56218.41,378.15,Left,BASS,5,1.0,1.0,True,0.132,-0.0,12
Note_001514,27,56218.41,378.15,Left,INNER,4,1.0,1.0,True,0.132,-0.0,12
Note_001515,36,56218.41,31.51,Left,INNER,2,0.85,0.85,False,0.132,-0.0,12
Note_001516,40,56218.41,31.51,Left,INNER,1,0.74,0.74,False,0.132,-0.0,12
Note_001517,80,56218.41,2268.9,Right,MELODY,3,0.669,0.669,True,0.678,0.0,0
Note_001518,42,56344.46,31.51,Left,BASS,2,0.213,0.213,True,0.241,5.0,0
Note_001519,56,56344.46,126.05,Right,INNER,1,0.449,0.449,True,0.431,15.0,12
Note_001520,61,56344.46,126.05,Right,MELODY,2,0.449,0.449,True,0.431,15.0,12
Note_001521,42,56470.51,31.51,Left,BASS,2,0.535,0.535,True,0.241,5.0,0
Note_001522,56,56470.51,21.01,Right,INNER,1,0.528,0.528,True,0.431,10.0,12
Note_001523,61,56470.51,21.01,Right,INNER,3,0.528,0.528,True,0.431,10.0,12
Note_001524,56,56491.52,105.04,Right,INNER,2,0.646,0.646,True,0.431,10.0,12
Note_001525,61,56491.52,105.04,Right,MELODY,4,0.646,0.646,True,0.431,10.0,12
Note_001526,56,56596.56,126.05,Right,INNER,2,0.575,0.575,True,0.431,5.0,0
Note_001527,61,56596.56,126.05,Right,MELODY,3,0.575,0.575,True,0.431,5.0,0
Note_001528,27,56722.61,378.15,Left,BASS,5,1.0,1.0,True,0.103,-0.0,12
Note_001529,27,56722.61,378.15,Left,INNER,3,1.0,1.0,True,0.103,-0.0,12
Note_001530,36,56722.61,31.51,Left,INNER,1,0.85,0.85,False,0.103,-0.0,12
Note_001531,70,56722.61,378.15,Right,INNER,1,0.591,0.591,True,0.609,5.0,12
Note_001532,78,56722.61,378.15,Right,MELODY,4,0.591,0.591,True,0.609,5.0,12
Note_001533,42,56848.66,31.51,Left,BASS,2,0.11,0.11,True,0.241,5.0,0
Note_001534,42,56974.71,31.51,Left,BASS,3,0.535,0.535,True,0.241,-0.0,0
Note_001535,56,57100.76,126.05,Left,INNER,3,0.394,0.394,True,0.467,15.0,-12
Note_001536,61,57100.76,126.05,Left,INNER,2,0.394,0.394,True,0.467,15.0,-12
Note_001537,68,57100.76,378.15,Left,INNER,1,0.591,0.591,True,0.467,15.0,-12
Note_001538,77,57100.76,378.15,Right,MELODY,4,0.591,0.591,False,0.644,-5.0,0
Note_001539,27,57226.81,378.15,Left,BASS,5,1.0,1.0,True,0.132,-0.0,12
Note_001540,27,57226.81,378.15,Left,INNER,4,1.0,1.0,True,0.132,-0.0,12
Note_001541,36,57226.81,31.51,Left,INNER,2,0.85,0.85,False,0.132,-0.0,12
Note_001542,40,57226.81,31.51,Left,INNER,1,0.74,0.74,False,0.132,-0.0,12
Note_001543,56,57226.81,378.15,Right,INNER,2,0.543,0.543,True,0.431,5.0,0
Note_001544,61,57226.81,378.15,Right,MELODY,3,0.543,0.543,True,0.431,5.0,0
Note_001545,42,57478.91,31.51,Left,BASS,2,0.228,0.228,True,0.241,5.0,0
Note_001546,66,57478.91,252.1,Right,INNER,1,0.591,0.591,True,0.569,5.0,12
Note_001547,75,57478.91,252.1,Right,MELODY,4,0.591,0.591,True,0.569,5.0,12
Note_001548,27,57604.96,252.1,Left,BASS,5,1.0,1.0,True,0.126,-5.0,0
Note_001549,27,57604.96,252.1,Left,INNER,4,1.0,1.0,True,0.126,-5.0,0
Note_001550,42,57604.96,31.51,Left,INNER,1,0.535,0.535,True,0.126,-5.0,0
Note_001551,56,57604.96,21.01,Right,INNER,2,0.543,0.543,True,0.421,-5.0,-12
Note_001552,61,57604.96,126.05,Right,MELODY,5,0.709,0.709,True,0.421,-5.0,-12
Note_001553,56,57625.97,105.04,Right,INNER,3,0.709,0.709,True,0.421,-5.0,-12
Note_001554,36,57731.01,31.51,Left,BASS,1,0.85,0.85,False,0.172,10.0,0
Note_001555,65,57731.01,504.2,Right,INNER,1,0.591,0.591,False,0.552,5.0,0
Note_001556,73,57731.01,504.2,Right,MELODY,4,0.591,0.591,True,0.552,5.0,0
Note_001557,42,57857.06,31.51,Left,BASS,2,0.252,0.252,True,0.241,5.0,0
Note_001558,56,57857.06,378.15,Right,INNER,2,0.654,0.654,True,0.431,5.0,0
Note_001559,61,57857.06,378.15,Right,MELODY,3,0.654,0.654,True,0.431,5.0,0
Note_001560,27,57983.12,252.1,Left,BASS,5,1.0,1.0,True,0.126,-5.0,0
Note_001561,27,57983.12,252.1,Left,INNER,4,1.0,1.0,True,0.126,-5.0,0
Note_001562,42,57983.12,31.51,Left,INNER,1,0.535,0.535,True,0.126,-5.0,0
Note_001563,36,58235.22,31.51,Left,BASS,5,0.85,0.85,False,0.195,-0.0,0
Note_001564,40,58235.22,31.51,Left,INNER,1,0.74,0.74,False,0.195,-0.0,0
Note_001565,56,58235.22,21.01,Right,INNER,0,0.528,0.528,True,0.475,0.0,0
Note_001566,61,58235.22,2521.0,Right,INNER,1,0.591,0.591,True,0.475,0.0,0
Note_001567,61,58235.22,21.01,Right,INNER,2,0.528,0.528,True,0.475,0.0,0
Note_001568,68,58235.22,5546.21,Right,INNER,4,0.591,0.591,True,0.475,0.0,0
Note_001569,73,58235.22,4537.81,Right,MELODY,5,0.591,0.591,True,0.475,0.0,0
Note_001570,56,58256.22,105.04,Right,INNER,0,0.598,0.598,True,0.475,0.0,0
Note_001571,61,58256.22,105.04,Right,INNER,3,0.598,0.598,True,0.475,0.0,0
Note_001572,27,58361.27,378.15,Left,BASS,5,1.0,1.0,True,0.126,-5.0,0
Note_001573,27,58361.27,378.15,Left,INNER,4,1.0,1.0,True,0.126,-5.0,0
Note_001574,42,58361.27,31.51,Left,INNER,1,0.331,0.331,True,0.126,-5.0,0
Note_001575,56,58361.27,126.05,Right,INNER,2,0.449,0.449,True,0.431,5.0,0
Note_001576,61,58361.27,126.05,Right,MELODY,3,0.449,0.449,True,0.431,5.0,0
Note_001577,42,58487.32,31.51,Left,BASS,3,0.63,0.63,True,0.241,-0.0,0
Note_001578,87,58487.32,126.05,Right,MELODY,4,0.669,0.669,True,0.759,-5.0,0
Note_001579,56,58613.37,126.05,Left,INNER,3,0.575,0.575,True,0.431,5.0,0
Note_001580,61,58613.37,126.05,Left,INNER,2,0.575,0.575,True,0.431,5.0,0
Note_001581,89,58613.37,126.05,Right,MELODY,4,0.669,0.669,False,0.782,-5.0,0
Note_001582,32,58739.42,378.15,Left,BASS,5,1.0,1.0,True,0.142,0.0,12
Note_001583,32,58739.42,378.15,Left,INNER,3,1.0,1.0,True,0.142,0.0,12
Note_001584,36,58739.42,31.51,Left,INNER,1,0.85,0.85,False,0.142,0.0,12
Note_001585,90,58739.42,378.15,Right,MELODY,5,0.669,0.669,True,0.793,-10.0,-12
Note_001586,42,58865.47,31.51,Left,BASS,2,0.11,0.11,True,0.241,5.0,0
Note_001587,42,58991.52,31.51,Left,BASS,3,0.535,0.535,True,0.241,-0.0,0
Note_001588,56,59117.57,126.05,Left,INNER,3,0.394,0.394,True,0.475,15.0,-12
Note_001589,61,59117.57,126.05,Left,INNER,2,0.394,0.394,True,0.475,15.0,-12
Note_001590,70,59117.57,126.05,Left,INNER,1,0.283,0.283,True,0.475,15.0,-12
Note_001591,89,59117.57,378.15,Right,MELODY,1,0.669,0.669,False,0.782,10.0,0
Note_001592,32,59243.62,378.15,Left,BASS,5,1.0,1.0,True,0.161,5.0,12
Note_001593,32,59243.62,378.15,Left,INNER,3,1.0,1.0,True,0.161,5.0,12
Note_001594,36,59243.62,31.51,Left,INNER,2,0.85,0.85,False,0.161,5.0,12
Note_001595,40,59243.62,31.51,Left,INNER,1,0.74,0.74,False,0.161,5.0,12
Note_001596,56,59243.62,378.15,Right,INNER,2,0.543,0.543,True,0.475,-5.0,-12
Note_001597,61,59243.62,378.15,Right,INNER,3,0.543,0.543,True,0.475,-5.0,-12
Note_001598,70,59243.62,378.15,Right,MELODY,5,0.433,0.433,True,0.475,-5.0,-12
Note_001599,42,59495.72,31.51,Left,BASS,2,0.535,0.535,True,0.241,5.0,0
Note_001600,87,59495.72,252.1,Right,MELODY,1,0.669,0.669,True,0.759,10.0,12
Note_001601,56,59621.77,21.01,Right,INNER,1,0.543,0.543,True,0.478,-0.0,0
Note_001602,61,59621.77,126.05,Right,INNER,3,0.709,0.709,True,0.478,-0.0,0
Note_001603,70,59621.77,21.01,Right,INNER,4,0.433,0.433,True,0.478,-0.0,0
Note_001604,56,59642.78,105.04,Right,INNER,2,0.709,0.709,True,0.478,-0.0,0
Note_001605,70,59642.78,105.04,Right,MELODY,5,0.598,0.598,True,0.478,-0.0,0
Note_001606,32,59747.82,378.15,Left,BASS,5,1.0,1.0,True,0.142,-5.0,12
Note_001607,32,59747.82,378.15,Left,INNER,3,1.0,1.0,True,0.142,-5.0,12
Note_001608,36,59747.82,31.51,Left,INNER,2,0.85,0.85,False,0.142,-5.0,12
Note_001609,85,59747.82,378.15,Right,MELODY,1,0.669,0.669,True,0.736,10.0,12
Note_001610,56,59873.87,378.15,Right,INNER,2,0.654,0.654,True,0.475,-5.0,-12
Note_001611,61,59873.87,378.15,Right,INNER,3,0.654,0.654,True,0.475,-5.0,-12
Note_001612,70,59873.87,378.15,Right,MELODY,5,0.543,0.543,True,0.475,-5.0,-12
Note_001613,42,59999.92,31.51,Left,BASS,2,0.535,0.535,True,0.241,5.0,0
Note_001614,87,60125.97,63.03,Right,MELODY,1,0.669,0.669,True,0.759,10.0,12
Note_001615,89,60188.99,63.03,Right,MELODY,4,0.669,0.669,False,0.782,-5.0,0
Note_001616,32,60252.02,378.15,Left,BASS,5,1.0,1.0,True,0.161,5.0,12
Note_001617,32,60252.02,378.15,Left,INNER,3,1.0,1.0,True,0.161,5.0,12
Note_001618,36,60252.02,31.51,Left,INNER,2,0.85,0.85,False,0.161,5.0,12
Note_001619,40,60252.02,31.51,Left,INNER,1,0.63,0.63,False,0.161,5.0,12
Note_001620,92,60252.02,3403.36,Right,MELODY,5,0.669,0.669,True,0.816,-10.0,-12
Note_001621,42,60378.07,31.51,Left,BASS,2,0.213,0.213,True,0.241,5.0,0
Note_001622,56,60378.07,126.05,Right,INNER,1,0.449,0.449,True,0.475,10.0,12
Note_001623,61,60378.07,126.05,Right,INNER,2,0.449,0.449,True,0.475,10.0,12
Note_001624,70,60378.07,126.05,Right,MELODY,4,0.339,0.339,True,0.475,10.0,12
Note_001625,42,60504.12,31.51,Left,BASS,2,0.535,0.535,True,0.241,5.0,0
Note_001626,56,60504.12,21.01,Right,INNER,1,0.528,0.528,True,0.475,-0.0,0
Note_001627,61,60504.12,21.01,Right,INNER,2,0.528,0.528,True,0.475,-0.0,0
Note_001628,70,60504.12,21.01,Right,INNER,5,0.417,0.417,True,0.475,-0.0,0
Note_001629,56,60525.13,105.04,Right,INNER,0,0.646,0.646,True,0.475,-0.0,0
Note_001630,61,60525.13,105.04,Right,INNER,3,0.646,0.646,True,0.475,-0.0,0
Note_001631,70,60525.13,105.04,Right,MELODY,4,0.535,0.535,True,0.475,-0.0,0
Note_001632,56,60630.17,126.05,Right,INNER,1,0.575,0.575,True,0.475,10.0,12
Note_001633,61,60630.17,126.05,Right,INNER,2,0.575,0.575,True,0.475,10.0,12
Note_001634,70,60630.17,126.05,Right,MELODY,4,0.465,0.465,True,0.475,10.0,12
Note_001635,25,60756.22,378.15,Left,BASS,5,1.0,1.0,True,0.088,0.0,12
Note_001636,25,60756.22,378.15,Left,INNER,3,1.0,1.0,True,0.088,0.0,12
Note_001637,36,60756.22,31.51,Left,INNER,1,0.85,0.85,False,0.088,0.0,12
Note_001638,59,60756.22,252.1,Right,INNER,1,0.748,0.748,False,0.458,-0.0,0
Note_001639,59,60756.22,21.01,Right,INNER,2,0.512,0.512,False,0.458,-0.0,0
Note_001640,61,60756.22,4033.61,Right,INNER,3,0.591,0.591,True,0.458,-0.0,0
Note_001641,63,60756.22,252.1,Right,INNER,4,0.748,0.748,True,0.458,-0.0,0
Note_001642,64,60756.22,378.15,Right,MELODY,5,0.528,0.528,False,0.458,-0.0,0
Note_001643,59,60777.23,357.14,Right,INNER,0,0.528,0.528,False,0.458,-0.0,0
Note_001644,42,60882.27,31.51,Left,BASS,2,0.11,0.11,True,0.241,5.0,0
Note_001645,42,61008.32,31.51,Left,BASS,2,0.535,0.535,True,0.241,5.0,0
Note_001646,59,61008.32,252.1,Right,INNER,1,0.386,0.386,False,0.46,15.0,0
Note_001647,63,61008.32,252.1,Right,MELODY,2,0.386,0.386,True,0.46,15.0,0
Note_001648,59,61134.37,126.05,Right,INNER,4,0.394,0.394,False,0.466,-15.0,0
Note_001649,64,61134.37,126.05,Right,MELODY,5,0.394,0.394,False,0.466,-15.0,0
Note_001650,25,61260.42,378.15,Left,BASS,5,1.0,1.0,True,0.121,5.0,12
Note_001651,25,61260.42,378.15,Left,INNER,3,1.0,1.0,True,0.121,5.0,12
Note_001652,36,61260.42,31.51,Left,INNER,2,0.85,0.85,False,0.121,5.0,12
Note_001653,40,61260.42,31.51,Left,INNER,1,0.74,0.74,False,0.121,5.0,12
Note_001654,59,61260.42,252.1,Right,INNER,1,0.748,0.748,False,0.463,10.0,0
Note_001655,59,61260.42,378.15,Right,INNER,2,0.543,0.543,False,0.463,10.0,0
Note_001656,63,61260.42,252.1,Right,INNER,3,0.748,0.748,True,0.463,10.0,0
Note_001657,64,61260.42,378.15,Right,MELODY,4,0.543,0.543,False,0.463,10.0,0
Note_001658,42,61512.52,31.51,Left,BASS,2,0.535,0.535,True,0.241,5.0,0
Note_001659,59,61512.52,252.1,Right,INNER,1,0.386,0.386,False,0.46,0.0,-12
Note_001660,63,61512.52,252.1,Right,MELODY,5,0.386,0.386,True,0.46,0.0,-12
Note_001661,25,61638.57,252.1,Left,BASS,3,1.0,1.0,True,0.046,5.0,0
Note_001662,25,61638.57,252.1,Left,INNER,2,1.0,1.0,True,0.046,5.0,0
Note_001663,59,61638.57,126.05,Right,INNER,2,0.709,0.709,False,0.475,-0.0,0
Note_001664,64,61638.57,21.01,Right,INNER,3,0.543,0.543,False,0.475,-0.0,0
Note_001665,64,61659.58,105.04,Right,MELODY,4,0.709,0.709,False,0.475,-0.0,0
Note_001666,36,61764.62,31.51,Left,BASS,1,0.85,0.85,False,0.172,10.0,0
Note_001667,59,61890.67,378.15,Right,INNER,1,0.654,0.654,False,0.466,15.0,0
Note_001668,64,61890.67,378.15,Right,MELODY,2,0.654,0.654,False,0.466,15.0,0
Note_001669,25,62016.72,252.1,Left,BASS,5,1.0,1.0,True,0.111,-5.0,12
Note_001670,25,62016.72,252.1,Left,INNER,3,1.0,1.0,True,0.111,-5.0,12
Note_001671,42,62016.72,31.51,Left,INNER,2,0.535,0.535,True,0.111,-5.0,12
Note_001672,36,62268.82,31.51,Left,BASS,2,0.85,0.85,False,0.195,15.0,0
Note_001673,40,62268.82,31.51,Left,INNER,1,0.63,0.63,False,0.195,15.0,0
Note_001674,59,62268.82,21.01,Right,INNER,1,0.528,0.528,False,0.466,10.0,0
Note_001675,64,62268.82,21.01,Right,INNER,3,0.528,0.528,False,0.466,10.0,0
Note_001676,59,62289.83,105.04,Right,INNER,2,0.598,0.598,False,0.466,10.0,0
Note_001677,64,62289.83,105.04,Right,MELODY,4,0.598,0.598,False,0.466,10.0,0
Note_001678,25,62394.87,378.15,Left,BASS,5,1.0,1.0,True,0.111,-5.0,12
Note_001679,25,62394.87,378.15,Left,INNER,3,1.0,1.0,True,0.111,-5.0,12
Note_001680,42,62394.87,31.51,Left,INNER,2,0.213,0.213,True,0.111,-5.0,12
Note_001681,59,62394.87,126.05,Right,INNER,1,0.449,0.449,False,0.466,5.0,0
Note_001682,64,62394.87,126.05,Right,MELODY,4,0.449,0.449,False,0.466,5.0,0
Note_001683,42,62520.92,31.51,Left,BASS,2,0.535,0.535,True,0.241,5.0,0
Note_001684,59,62520.92,21.01,Right,INNER,1,0.528,0.528,False,0.466,10.0,0
Note_001685,64,62520.92,21.01,Right,INNER,3,0.528,0.528,False,0.466,10.0,0
Note_001686,59,62541.93,105.04,Right,INNER,2,0.646,0.646,False,0.466,10.0,0
Note_001687,64,62541.93,105.04,Right,MELODY,4,0.646,0.646,False,0.466,10.0,0
Note_001688,59,62646.97,126.05,Right,INNER,1,0.575,0.575,False,0.466,5.0,0
Note_001689,64,62646.97,126.05,Right,MELODY,4,0.575,0.575,False,0.466,5.0,0
Note_001690,30,62773.02,378.15,Left,BASS,5,1.0,1.0,True,0.126,-5.0,12
Note_001691,30,62773.02,378.15,Left,INNER,3,1.0,1.0,True,0.126,-5.0,12
Note_001692,36,62773.02,31.51,Left,INNER,2,0.85,0.85,False,0.126,-5.0,12
Note_001693,61,62773.02,21.01,Right,INNER,1,0.512,0.512,True,0.517,0.0,12
Note_001694,66,62773.02,2016.8,Right,INNER,3,0.795,0.795,True,0.517,0.0,12
Note_001695,66,62773.02,378.15,Right,INNER,4,0.528,0.528,True,0.517,0.0,12
Note_001696,76,62773.02,1008.4,Right,MELODY,5,0.591,0.591,False,0.517,0.0,12
Note_001697,61,62794.03,357.14,Right,INNER,2,0.528,0.528,True,0.517,0.0,12
Note_001698,42,62899.07,31.51,Left,BASS,2,0.11,0.11,True,0.241,5.0,0
Note_001699,42,63025.13,31.51,Left,BASS,2,0.535,0.535,True,0.241,5.0,0
Note_001700,61,63151.18,126.05,Right,INNER,1,0.394,0.394,True,0.489,5.0,12
Note_001701,66,63151.18,126.05,Right,MELODY,4,0.394,0.394,True,0.489,5.0,12
Note_001702,30,63277.23,378.15,Left,BASS,5,1.0,1.0,True,0.126,-5.0,12
Note_001703,30,63277.23,378.15,Left,INNER,3,1.0,1.0,True,0.126,-5.0,12
Note_001704,36,63277.23,31.51,Left,INNER,2,0.85,0.85,False,0.126,-5.0,12
Note_001705,61,63277.23,378.15,Right,INNER,3,0.543,0.543,True,0.489,-5.0,0
Note_001706,66,63277.23,378.15,Right,MELODY,4,0.543,0.543,True,0.489,-5.0,0
Note_001707,42,63403.28,31.51,Left,BASS,2,0.213,0.213,True,0.241,5.0,0
Note_001708,42,63529.33,31.51,Left,BASS,2,0.535,0.535,True,0.241,5.0,0
Note_001709,56,63529.33,63.03,Right,INNER,1,0.354,0.354,True,0.431,15.0,12
Note_001710,61,63529.33,63.03,Right,MELODY,2,0.354,0.354,True,0.431,15.0,12
Note_001711,30,63655.38,252.1,Left,BASS,5,1.0,1.0,True,0.103,-15.0,12
Note_001712,30,63655.38,252.1,Left,INNER,4,1.0,1.0,True,0.103,-15.0,12
Note_001713,90,63655.38,63.03,Right,MELODY,3,0.669,0.669,True,0.793,0.0,0
Note_001714,92,63718.4,63.03,Right,MELODY,4,0.669,0.669,True,0.816,-5.0,0
Note_001715,36,63781.43,31.51,Left,BASS,3,0.85,0.85,False,0.172,-0.0,0
Note_001716,90,63781.43,1008.4,Right,MELODY,1,0.669,0.669,True,0.793,10.0,12
Note_001717,42,63907.48,31.51,Left,BASS,2,0.11,0.11,True,0.241,5.0,0
Note_001718,56,63907.48,63.03,Right,INNER,2,0.354,0.354,True,0.46,-10.0,-12
Note_001719,61,63907.48,63.03,Right,INNER,3,0.354,0.354,True,0.46,-10.0,-12
Note_001720,61,63907.48,378.15,Right,INNER,4,0.654,0.654,True,0.46,-10.0,-12
Note_001721,66,63907.48,378.15,Right,MELODY,5,0.654,0.654,True,0.46,-10.0,-12
Note_001722,30,64033.53,252.1,Left,BASS,3,1.0,1.0,True,0.149,15.0,-12
Note_001723,30,64033.53,252.1,Left,INNER,2,1.0,1.0,True,0.149,15.0,-12
Note_001724,42,64033.53,31.51,Left,INNER,1,0.535,0.535,True,0.149,15.0,-12
Note_001725,56,64033.53,63.03,Right,INNER,1,0.354,0.354,True,0.431,15.0,12
Note_001726,61,64033.53,63.03,Right,MELODY,2,0.354,0.354,True,0.431,15.0,12
Note_001727,56,64159.58,63.03,Right,INNER,2,0.354,0.354,True,0.431,5.0,0
Note_001728,61,64159.58,63.03,Right,MELODY,3,0.354,0.354,True,0.431,5.0,0
Note_001729,40,64201.59,31.51,Left,BASS,5,0.535,0.535,False,0.218,-10.0,0
Note_001730,36,64285.63,31.51,Left,BASS,5,0.85,0.85,False,0.195,-0.0,0
Note_001731,40,64285.63,31.51,Left,INNER,1,0.74,0.74,False,0.195,-0.0,0
Note_001732,56,64285.63,63.03,Right,INNER,0,0.354,0.354,True,0.469,-0.0,0
Note_001733,61,64285.63,63.03,Right,INNER,1,0.354,0.354,True,0.469,-0.0,0
Note_001734,61,64285.63,21.01,Right,INNER,2,0.528,0.528,True,0.469,-0.0,0
Note_001735,66,64285.63,21.01,Right,INNER,5,0.528,0.528,True,0.469,-0.0,0
Note_001736,61,64306.64,105.04,Right,INNER,3,0.598,0.598,True,0.469,-0.0,0
Note_001737,66,64306.64,105.04,Right,MELODY,4,0.598,0.598,True,0.469,-0.0,0
Note_001738,30,64411.68,378.15,Left,BASS,3,1.0,1.0,True,0.149,15.0,-12
Note_001739,30,64411.68,378.15,Left,INNER,2,1.0,1.0,True,0.149,15.0,-12
Note_001740,42,64411.68,31.51,Left,INNER,1,0.11,0.11,True,0.149,15.0,-12
Note_001741,56,64411.68,63.03,Right,INNER,1,0.354,0.354,True,0.46,5.0,0
Note_001742,61,64411.68,63.03,Right,INNER,2,0.354,0.354,True,0.46,5.0,0
Note_001743,61,64411.68,126.05,Right,INNER,3,0.449,0.449,True,0.46,5.0,0
Note_001744,66,64411.68,126.05,Right,MELODY,5,0.449,0.449,True,0.46,5.0,0
Note_001745,40,64453.69,31.51,Left,BASS,5,0.535,0.535,False,0.218,-10.0,0
Note_001746,42,64537.73,31.51,Left,BASS,2,0.535,0.535,True,0.241,5.0,0
Note_001747,61,64537.73,21.01,Right,INNER,2,0.528,0.528,True,0.489,-10.0,-12
Note_001748,66,64537.73,21.01,Right,INNER,4,0.528,0.528,True,0.489,-10.0,-12
Note_001749,61,64558.74,105.04,Right,INNER,3,0.646,0.646,True,0.489,-10.0,-12
Note_001750,66,64558.74,105.04,Right,MELODY,5,0.646,0.646,True,0.489,-10.0,-12
Note_001751,61,64663.78,126.05,Right,INNER,1,0.575,0.575,True,0.489,15.0,12
Note_001752,66,64663.78,126.05,Right,MELODY,2,0.575,0.575,True,0.489,15.0,12
Note_001753,23,64789.83,252.1,Left,BASS,5,1.0,1.0,False,0.073,-0.0,0
Note_001754,23,64789.83,252.1,Left,INNER,3,1.0,1.0,False,0.073,-0.0,0
Note_001755,36,64789.83,31.51,Left,INNER,1,0.85,0.85,False,0.073,-0.0,0
Note_001756,59,64789.83,378.15,Right,INNER,0,0.528,0.528,False,0.51,0.0,0
Note_001757,63,64789.83,1008.4,Right,INNER,1,0.732,0.732,True,0.51,0.0,0
Note_001758,63,64789.83,378.15,Right,INNER,2,0.693,0.693,True,0.51,0.0,0
Note_001759,66,64789.83,21.01,Right,INNER,3,0.512,0.512,True,0.51,0.0,0
Note_001760,75,64789.83,1008.4,Right,MELODY,5,0.732,0.732,True,0.51,0.0,0
Note_001761,66,64810.84,357.14,Right,INNER,4,0.528,0.528,True,0.51,0.0,0
Note_001762,42,64915.88,31.51,Left,BASS,2,0.11,0.11,True,0.241,5.0,0
Note_001763,42,65041.93,31.51,Left,BASS,2,0.535,0.535,True,0.241,5.0,0
Note_001764,59,65167.98,126.05,Right,INNER,2,0.394,0.394,False,0.479,0.0,0
Note_001765,63,65167.98,126.05,Right,INNER,3,0.543,0.543,True,0.479,0.0,0
Note_001766,66,65167.98,126.05,Right,MELODY,4,0.394,0.394,True,0.479,0.0,0
Note_001767,23,65294.03,378.15,Left,BASS,5,1.0,1.0,False,0.109,5.0,0
Note_001768,23,65294.03,378.15,Left,INNER,3,1.0,1.0,False,0.109,5.0,0
Note_001769,36,65294.03,31.51,Left,INNER,2,0.85,0.85,False,0.109,5.0,0
Note_001770,40,65294.03,31.51,Left,INNER,1,0.74,0.74,False,0.109,5.0,0
Note_001771,59,65294.03,378.15,Right,INNER,1,0.543,0.543,False,0.479,10.0,0
Note_001772,63,65294.03,378.15,Right,INNER,2,0.543,0.543,True,0.479,10.0,0
Note_001773,66,65294.03,378.15,Right,MELODY,4,0.543,0.543,True,0.479,10.0,0
Note_001774,42,65546.13,31.51,Left,BASS,2,0.535,0.535,True,0.241,5.0,0
Note_001775,25,65672.18,252.1,Left,BASS,3,1.0,1.0,True,0.046,5.0,0
Note_001776,25,65672.18,252.1,Left,INNER,2,1.0,1.0,True,0.046,5.0,0
Note_001777,59,65672.18,21.01,Right,INNER,1,0.543,0.543,False,0.464,10.0,0
Note_001778,66,65672.18,126.05,Right,MELODY,4,0.709,0.709,True,0.464,10.0,0
Note_001779,59,65693.19,105.04,Right,INNER,2,0.709,0.709,False,0.464,10.0,0
Note_001780,36,65798.23,31.51,Left,BASS,1,0.85,0.85,False,0.172,10.0,0
Note_001781,64,65798.23,1008.4,Right,INNER,1,0.732,0.732,False,0.563,0.0,0
Note_001782,76,65798.23,1008.4,Right,MELODY,5,0.732,0.732,False,0.563,0.0,0
Note_001783,59,65924.28,378.15,Right,INNER,2,0.654,0.654,False,0.471,0.0,0
Note_001784,61,65924.28,378.15,Right,INNER,3,0.606,0.606,True,0.471,0.0,0
Note_001785,66,65924.28,378.15,Right,MELODY,4,0.654,0.654,True,0.471,0.0,0
Note_001786,25,66050.33,252.1,Left,BASS,5,1.0,1.0,True,0.111,-5.0,12
Note_001787,25,66050.33,252.1,Left,INNER,3,1.0,1.0,True,0.111,-5.0,12
Note_001788,42,66050.33,31.51,Left,INNER,2,0.535,0.535,True,0.111,-5.0,12
Note_001789,36,66302.43,31.51,Left,BASS,2,0.85,0.85,False,0.195,15.0,0
Note_001790,40,66302.43,31.51,Left,INNER,1,0.74,0.74,False,0.195,15.0,0
Note_001791,59,66302.43,21.01,Right,INNER,1,0.528,0.528,False,0.474,-0.0,-12
Note_001792,66,66302.43,21.01,Right,INNER,4,0.528,0.528,True,0.474,-0.0,-12
Note_001793,59,66323.44,105.04,Right,INNER,2,0.598,0.598,False,0.474,-0.0,-12
Note_001794,61,66323.44,105.04,Right,INNER,3,0.551,0.551,True,0.474,-0.0,-12
Note_001795,66,66323.44,105.04,Right,MELODY,5,0.598,0.598,True,0.474,-0.0,-12
Note_001796,25,66428.48,378.15,Left,BASS,5,1.0,1.0,True,0.111,-5.0,12
Note_001797,25,66428.48,378.15,Left,INNER,3,1.0,1.0,True,0.111,-5.0,12
Note_001798,42,66428.48,31.51,Left,INNER,2,0.213,0.213,True,0.111,-5.0,12
Note_001799,59,66428.48,126.05,Right,INNER,1,0.449,0.449,False,0.471,10.0,0
Note_001800,61,66428.48,126.05,Right,INNER,2,0.606,0.606,True,0.471,10.0,0
Note_001801,66,66428.48,126.05,Right,MELODY,4,0.449,0.449,True,0.471,10.0,0
Note_001802,42,66554.53,31.51,Left,BASS,2,0.535,0.535,True,0.241,5.0,0
Note_001803,59,66554.53,21.01,Right,INNER,1,0.528,0.528,False,0.474,-0.0,-12
Note_001804,66,66554.53,21.01,Right,INNER,4,0.528,0.528,True,0.474,-0.0,-12
Note_001805,59,66575.54,105.04,Right,INNER,2,0.646,0.646,False,0.474,-0.0,-12
Note_001806,61,66575.54,105.04,Right,INNER,3,0.598,0.598,True,0.474,-0.0,-12
Note_001807,66,66575.54,105.04,Right,MELODY,5,0.646,0.646,True,0.474,-0.0,-12
Note_001808,59,66680.58,126.05,Right,INNER,1,0.575,0.575,False,0.477,15.0,0
Note_001809,66,66680.58,126.05,Right,MELODY,2,0.575,0.575,True,0.477,15.0,0
Note_001810,27,66806.63,252.1,Left,BASS,3,1.0,1.0,True,0.103,15.0,0
Note_001811,27,66806.63,252.1,Left,INNER,2,1.0,1.0,True,0.103,15.0,0
Note_001812,36,66806.63,31.51,Left,INNER,1,0.85,0.85,False,0.103,15.0,0
Note_001813,78,66806.63,378.15,Right,MELODY,4,0.732,0.732,True,0.655,-5.0,0
Note_001814,42,67058.73,31.51,Left,BASS,5,0.535,0.535,True,0.241,-10.0,12
Note_001815,59,67184.78,126.05,Left,INNER,5,0.394,0.394,False,0.51,-5.0,0
Note_001816,66,67184.78,126.05,Left,INNER,3,0.394,0.394,True,0.51,-5.0,0
Note_001817,71,67184.78,378.15,Left,INNER,2,0.732,0.732,False,0.51,-5.0,0
Note_001818,83,67184.78,378.15,Right,MELODY,1,0.732,0.732,False,0.713,10.0,0
Note_001819,27,67310.83,378.15,Left,BASS,5,1.0,1.0,True,0.132,-0.0,12
Note_001820,27,67310.83,378.15,Left,INNER,4,1.0,1.0,True,0.132,-0.0,12
Note_001821,36,67310.83,31.51,Left,INNER,2,0.85,0.85,False,0.132,-0.0,12
Note_001822,40,67310.83,31.51,Left,INNER,1,0.74,0.74,False,0.132,-0.0,12
Note_001823,59,67310.83,378.15,Right,INNER,2,0.543,0.543,False,0.477,-5.0,-12
Note_001824,66,67310.83,378.15,Right,MELODY,5,0.543,0.543,True,0.477,-5.0,-12
Note_001825,42,67562.93,31.51,Left,BASS,2,0.535,0.535,True,0.241,5.0,0
Note_001826,70,67562.93,252.1,Right,INNER,1,0.732,0.732,True,0.632,5.0,12
Note_001827,82,67562.93,252.1,Right,MELODY,4,0.732,0.732,True,0.632,5.0,12
Note_001828,32,67688.98,252.1,Left,BASS,3,1.0,1.0,True,0.157,15.0,0
Note_001829,32,67688.98,252.1,Left,INNER,2,1.0,1.0,True,0.157,15.0,0
Note_001830,40,67688.98,31.51,Left,INNER,1,0.276,0.276,False,0.157,15.0,0
Note_001831,59,67688.98,21.01,Right,INNER,2,0.543,0.543,False,0.464,-5.0,-12
Note_001832,66,67688.98,126.05,Right,MELODY,5,0.709,0.709,True,0.464,-5.0,-12
Note_001833,59,67709.99,105.04,Right,INNER,3,0.709,0.709,False,0.464,-5.0,-12
Note_001834,36,67815.03,31.51,Left,BASS,1,0.85,0.85,False,0.172,10.0,0
Note_001835,71,67815.03,378.15,Right,INNER,1,0.732,0.732,False,0.644,5.0,0
Note_001836,83,67815.03,378.15,Right,MELODY,4,0.732,0.732,False,0.644,5.0,0
Note_001837,59,67941.08,378.15,Right,INNER,2,0.654,0.654,False,0.479,-5.0,-12
Note_001838,63,67941.08,378.15,Right,INNER,3,0.606,0.606,True,0.479,-5.0,-12
Note_001839,66,67941.08,378.15,Right,MELODY,5,0.654,0.654,True,0.479,-5.0,-12
Note_001840,42,68067.13,31.51,Left,INNER,2,0.535,0.535,True,0.165,-10.0,12
Note_001841,32,68067.14,252.1,Left,BASS,5,1.0,1.0,True,0.165,-10.0,12
Note_001842,32,68067.14,252.1,Left,INNER,4,1.0,1.0,True,0.165,-10.0,12
Note_001843,66,68193.19,378.15,Right,INNER,1,0.732,0.732,True,0.586,5.0,12
Note_001844,78,68193.19,378.15,Right,MELODY,4,0.732,0.732,True,0.586,5.0,12
Note_001845,36,68319.24,31.51,Left,BASS,2,0.85,0.85,False,0.195,15.0,0
Note_001846,40,68319.24,31.51,Left,INNER,1,0.74,0.74,False,0.195,15.0,0
Note_001847,59,68319.24,21.01,Right,INNER,1,0.528,0.528,False,0.478,-0.0,-12
Note_001848,66,68319.24,21.01,Right,INNER,4,0.528,0.528,True,0.478,-0.0,-12
Note_001849,59,68340.24,105.04,Right,INNER,2,0.598,0.598,False,0.478,-0.0,-12
Note_001850,63,68340.24,105.04,Right,INNER,3,0.551,0.551,True,0.478,-0.0,-12
Note_001851,66,68340.24,105.04,Right,MELODY,5,0.598,0.598,True,0.478,-0.0,-12
Note_001852,32,68445.29,378.15,Left,BASS,5,1.0,1.0,True,0.165,-10.0,12
Note_001853,32,68445.29,378.15,Left,INNER,4,1.0,1.0,True,0.165,-10.0,12
Note_001854,42,68445.29,31.51,Left,INNER,2,0.213,0.213,True,0.165,-10.0,12
Note_001855,59,68445.29,126.05,Right,INNER,1,0.449,0.449,False,0.479,10.0,0
Note_001856,63,68445.29,126.05,Right,INNER,2,0.606,0.606,True,0.479,10.0,0
Note_001857,66,68445.29,126.05,Right,MELODY,4,0.449,0.449,True,0.479,10.0,0
Note_001858,42,68571.34,31.51,Left,BASS,2,0.535,0.535,True,0.241,5.0,0
Note_001859,59,68571.34,21.01,Right,INNER,0,0.528,0.528,False,0.499,-0.0,0
Note_001860,63,68571.34,252.1,Right,INNER,1,0.732,0.732,True,0.499,-0.0,0
Note_001861,66,68571.34,21.01,Right,INNER,3,0.528,0.528,True,0.499,-0.0,0
Note_001862,75,68571.34,252.1,Right,MELODY,5,0.732,0.732,True,0.499,-0.0,0
Note_001863,59,68592.34,105.04,Right,INNER,0,0.646,0.646,False,0.499,-0.0,0
Note_001864,63,68592.34,105.04,Right,INNER,2,0.598,0.598,True,0.499,-0.0,0
Note_001865,66,68592.34,105.04,Right,INNER,4,0.646,0.646,True,0.499,-0.0,0
Note_001866,59,68697.39,126.05,Right,INNER,2,0.52,0.52,False,0.477,0.0,0
Note_001867,66,68697.39,126.05,Right,MELODY,4,0.52,0.52,True,0.477,0.0,0
Note_001868,32,68823.44,252.1,Left,BASS,5,1.0,1.0,True,0.142,-5.0,12
Note_001869,32,68823.44,252.1,Left,INNER,3,1.0,1.0,True,0.142,-5.0,12
Note_001870,36,68823.44,31.51,Left,INNER,2,0.85,0.85,False,0.142,-5.0,12
Note_001871,59,68823.44,378.15,Right,INNER,1,0.732,0.732,False,0.494,0.0,0
Note_001872,59,68823.44,378.15,Right,INNER,0,0.528,0.528,False,0.494,0.0,0
Note_001873,63,68823.44,378.15,Right,INNER,2,0.693,0.693,True,0.494,0.0,0
Note_001874,66,68823.44,21.01,Right,INNER,3,0.512,0.512,True,0.494,0.0,0
Note_001875,71,68823.44,378.15,Right,MELODY,5,0.732,0.732,False,0.494,0.0,0
Note_001876,66,68844.44,357.14,Right,INNER,4,0.528,0.528,True,0.494,0.0,0
Note_001877,42,68949.49,31.51,Left,BASS,2,0.11,0.11,True,0.241,5.0,0
Note_001878,42,69075.54,31.51,Left,BASS,2,0.535,0.535,True,0.241,5.0,0
Note_001879,59,69201.59,126.05,Right,INNER,1,0.394,0.394,False,0.499,-0.0,-12
Note_001880,61,69201.59,378.15,Right,INNER,2,0.732,0.732,True,0.499,-0.0,-12
Note_001881,63,69201.59,126.05,Right,INNER,3,0.543,0.543,True,0.499,-0.0,-12
Note_001882,66,69201.59,126.05,Right,INNER,4,0.394,0.394,True,0.499,-0.0,-12
Note_001883,73,69201.59,378.15,Right,MELODY,5,0.732,0.732,True,0.499,-0.0,-12
Note_001884,32,69327.64,378.15,Left,BASS,5,1.0,1.0,True,0.161,5.0,12
Note_001885,32,69327.64,378.15,Left,INNER,3,1.0,1.0,True,0.161,5.0,12
Note_001886,36,69327.64,31.51,Left,INNER,2,0.85,0.85,False,0.161,5.0,12
Note_001887,40,69327.64,31.51,Left,INNER,1,0.74,0.74,False,0.161,5.0,12
Note_001888,59,69327.64,378.15,Right,INNER,1,0.543,0.543,False,0.479,5.0,0
Note_001889,63,69327.64,378.15,Right,INNER,3,0.543,0.543,True,0.479,5.0,0
Note_001890,66,69327.64,378.15,Right,MELODY,4,0.543,0.543,True,0.479,5.0,0
Note_001891,42,69579.74,31.51,Left,BASS,2,0.535,0.535,True,0.241,5.0,0
Note_001892,63,69579.74,252.1,Right,INNER,2,0.732,0.732,True,0.552,-5.0,-12
Note_001893,75,69579.74,252.1,Right,MELODY,5,0.732,0.732,True,0.552,-5.0,-12
Note_001894,34,69705.79,252.1,Left,BASS,3,1.0,1.0,True,0.149,5.0,0
Note_001895,34,69705.79,252.1,Left,INNER,2,1.0,1.0,True,0.149,5.0,0
Note_001896,59,69705.79,21.01,Right,INNER,1,0.543,0.543,False,0.464,10.0,0
Note_001897,66,69705.79,126.05,Right,MELODY,4,0.709,0.709,True,0.464,10.0,0
Note_001898,59,69726.8,105.04,Right,INNER,2,0.709,0.709,False,0.464,10.0,0
Note_001899,36,69831.84,31.51,Left,BASS,1,0.85,0.85,False,0.172,10.0,0
Note_001900,61,69831.84,2016.8,Right,INNER,1,0.732,0.732,True,0.529,10.0,12
Note_001901,73,69831.84,2016.8,Right,MELODY,3,0.732,0.732,True,0.529,10.0,12
Note_001902,59,69957.89,378.15,Right,INNER,2,0.654,0.654,False,0.477,0.0,0
Note_001903,66,69957.89,378.15,Right,MELODY,4,0.654,0.654,True,0.477,0.0,0
Note_001904,34,70083.94,252.1,Left,BASS,5,1.0,1.0,True,0.18,-10.0,12
Note_001905,34,70083.94,252.1,Left,INNER,4,1.0,1.0,True,0.18,-10.0,12
Note_001906,42,70083.94,31.51,Left,INNER,2,0.535,0.535,True,0.18,-10.0,12
Note_001907,36,70336.04,31.51,Left,BASS,2,0.85,0.85,False,0.195,15.0,0
Note_001908,40,70336.04,31.51,Left,INNER,1,0.74,0.74,False,0.195,15.0,0
Note_001909,59,70336.04,21.01,Right,INNER,1,0.528,0.528,False,0.477,0.0,-12
Note_001910,66,70336.04,21.01,Right,INNER,4,0.528,0.528,True,0.477,0.0,-12
Note_001911,59,70357.05,105.04,Right,INNER,2,0.598,0.598,False,0.477,0.0,-12
Note_001912,66,70357.05,105.04,Right,MELODY,5,0.598,0.598,True,0.477,0.0,-12
Note_001913,34,70462.09,378.15,Left,BASS,5,1.0,1.0,True,0.18,-10.0,12
Note_001914,34,70462.09,378.15,Left,INNER,4,1.0,1.0,True,0.18,-10.0,12
Note_001915,42,70462.09,31.51,Left,INNER,2,0.213,0.213,True,0.18,-10.0,12
Note_001916,59,70462.09,126.05,Right,INNER,1,0.449,0.449,False,0.477,5.0,0
Note_001917,66,70462.09,126.05,Right,MELODY,4,0.449,0.449,True,0.477,5.0,0
Note_001918,42,70588.14,31.51,Left,BASS,2,0.535,0.535,True,0.241,5.0,0
Note_001919,59,70588.14,21.01,Right,INNER,1,0.528,0.528,False,0.477,0.0,-12
Note_001920,66,70588.14,21.01,Right,INNER,4,0.528,0.528,True,0.477,0.0,-12
Note_001921,59,70609.15,105.04,Right,INNER,2,0.646,0.646,False,0.477,0.0,-12
Note_001922,66,70609.15,105.04,Right,MELODY,5,0.646,0.646,True,0.477,0.0,-12
Note_001923,59,70714.19,126.05,Right,INNER,1,0.575,0.575,False,0.477,5.0,0
Note_001924,66,70714.19,126.05,Right,MELODY,4,0.575,0.575,True,0.477,5.0,0
Note_001925,27,70840.24,252.1,Left,BASS,5,1.0,1.0,True,0.103,-0.0,12
Note_001926,27,70840.24,252.1,Left,INNER,3,1.0,1.0,True,0.103,-0.0,12
Note_001927,36,70840.24,31.51,Left,INNER,1,0.85,0.85,False,0.103,-0.0,12
Note_001928,59,70840.24,378.15,Right,INNER,1,0.528,0.528,False,0.489,10.0,0
Note_001929,63,70840.24,378.15,Right,INNER,2,0.669,0.669,True,0.489,10.0,0
Note_001930,66,70840.24,21.01,Right,INNER,3,0.512,0.512,True,0.489,10.0,0
Note_001931,66,70861.25,357.14,Right,MELODY,4,0.528,0.528,True,0.489,10.0,0
Note_001932,42,70966.29,31.51,Left,BASS,2,0.134,0.134,True,0.241,5.0,0
Note_001933,42,71092.34,31.51,Left,BASS,2,0.535,0.535,True,0.241,5.0,0
Note_001934,59,71218.39,126.05,Right,INNER,1,0.394,0.394,False,0.479,10.0,0
Note_001935,63,71218.39,126.05,Right,INNER,2,0.638,0.638,True,0.479,10.0,0
Note_001936,66,71218.39,126.05,Right,MELODY,4,0.394,0.394,True,0.479,10.0,0
Note_001937,27,71344.44,378.15,Left,BASS,5,1.0,1.0,True,0.132,-0.0,12
Note_001938,27,71344.44,378.15,Left,INNER,4,1.0,1.0,True,0.132,-0.0,12
Note_001939,36,71344.44,31.51,Left,INNER,2,0.85,0.85,False,0.132,-0.0,12
Note_001940,40,71344.44,31.51,Left,INNER,1,0.74,0.74,False,0.132,-0.0,12
Note_001941,59,71344.44,378.15,Right,INNER,1,0.543,0.543,False,0.479,10.0,0
Note_001942,63,71344.44,378.15,Right,INNER,2,0.638,0.638,True,0.479,10.0,0
Note_001943,66,71344.44,378.15,Right,MELODY,4,0.543,0.543,True,0.479,10.0,0
Note_001944,42,71596.54,31.51,Left,BASS,2,0.535,0.535,True,0.241,5.0,0
Note_001945,28,71722.59,252.1,Left,BASS,5,1.0,1.0,False,0.126,5.0,0
Note_001946,28,71722.59,252.1,Left,INNER,2,1.0,1.0,False,0.126,5.0,0
Note_001947,40,71722.59,31.51,Left,INNER,1,0.276,0.276,False,0.126,5.0,0
Note_001948,59,71722.59,21.01,Right,INNER,1,0.543,0.543,False,0.471,10.0,0
Note_001949,64,71722.59,126.05,Right,INNER,3,0.528,0.528,False,0.471,10.0,0
Note_001950,66,71722.59,126.05,Right,MELODY,4,0.709,0.709,True,0.471,10.0,0
Note_001951,59,71743.6,105.04,Right,INNER,2,0.709,0.709,False,0.471,10.0,0
Note_001952,36,71848.64,31.51,Left,BASS,1,0.85,0.85,False,0.172,10.0,0
Note_001953,59,71974.69,378.15,Right,INNER,1,0.654,0.654,False,0.483,10.0,0
Note_001954,64,71974.69,378.15,Right,INNER,2,0.693,0.693,False,0.483,10.0,0
Note_001955,66,71974.69,378.15,Right,MELODY,4,0.654,0.654,True,0.483,10.0,0
Note_001956,28,72100.74,252.1,Left,BASS,5,1.0,1.0,False,0.134,-0.0,-12
Note_001957,28,72100.74,252.1,Left,INNER,3,1.0,1.0,False,0.134,-0.0,-12
Note_001958,42,72100.74,31.51,Left,INNER,1,0.535,0.535,True,0.134,-0.0,-12
Note_001959,36,72352.84,31.51,Left,BASS,2,0.85,0.85,False,0.195,15.0,0
Note_001960,40,72352.84,31.51,Left,INNER,1,0.74,0.74,False,0.195,15.0,0
Note_001961,59,72352.84,21.01,Right,INNER,1,0.528,0.528,False,0.48,0.0,-12
Note_001962,66,72352.84,21.01,Right,INNER,4,0.528,0.528,True,0.48,0.0,-12
Note_001963,59,72373.85,105.04,Right,INNER,2,0.598,0.598,False,0.48,0.0,-12
Note_001964,64,72373.85,105.04,Right,INNER,3,0.638,0.638,False,0.48,0.0,-12
Note_001965,66,72373.85,105.04,Right,MELODY,5,0.598,0.598,True,0.48,0.0,-12
Note_001966,28,72478.89,378.15,Left,BASS,5,1.0,1.0,False,0.134,-0.0,-12
Note_001967,28,72478.89,378.15,Left,INNER,3,1.0,1.0,False,0.134,-0.0,-12
Note_001968,42,72478.89,31.51,Left,INNER,1,0.213,0.213,True,0.134,-0.0,-12
Note_001969,59,72478.89,126.05,Right,INNER,1,0.449,0.449,False,0.483,10.0,0
Note_001970,64,72478.89,126.05,Right,INNER,2,0.693,0.693,False,0.483,10.0,0
Note_001971,66,72478.89,126.05,Right,MELODY,4,0.449,0.449,True,0.483,10.0,0
Note_001972,42,72604.94,31.51,Left,BASS,2,0.535,0.535,True,0.241,5.0,0
Note_001973,59,72604.94,21.01,Right,INNER,1,0.528,0.528,False,0.48,0.0,-12
Note_001974,66,72604.94,21.01,Right,INNER,4,0.528,0.528,True,0.48,0.0,-12
Note_001975,59,72625.95,105.04,Right,INNER,2,0.646,0.646,False,0.48,0.0,-12
Note_001976,64,72625.95,105.04,Right,INNER,3,0.685,0.685,False,0.48,0.0,-12
Note_001977,66,72625.95,105.04,Right,MELODY,5,0.646,0.646,True,0.48,0.0,-12
Note_001978,59,72730.99,126.05,Right,INNER,2,0.52,0.52,False,0.477,0.0,0
Note_001979,66,72730.99,126.05,Right,MELODY,4,0.52,0.52,True,0.477,0.0,0
Note_001980,30,72857.04,252.1,Left,BASS,5,1.0,1.0,True,0.126,-5.0,12
Note_001981,30,72857.04,252.1,Left,INNER,3,1.0,1.0,True,0.126,-5.0,12
Note_001982,36,72857.04,31.51,Left,INNER,2,0.85,0.85,False,0.126,-5.0,12
Note_001983,75,72857.04,1008.4,Right,MELODY,5,0.732,0.732,True,0.621,-10.0,-12
Note_001984,42,72983.09,31.51,Left,BASS,2,0.11,0.11,True,0.241,5.0,0
Note_001985,42,73109.14,31.51,Left,BASS,2,0.535,0.535,True,0.241,5.0,0
Note_001986,59,73235.2,126.05,Right,INNER,1,0.394,0.394,False,0.479,10.0,0
Note_001987,63,73235.2,126.05,Right,INNER,2,0.543,0.543,True,0.479,10.0,0
Note_001988,66,73235.2,126.05,Right,MELODY,4,0.394,0.394,True,0.479,10.0,0
Note_001989,30,73361.25,378.15,Left,BASS,5,1.0,1.0,True,0.149,5.0,12
Note_001990,30,73361.25,378.15,Left,INNER,3,1.0,1.0,True,0.149,5.0,12
Note_001991,36,73361.25,31.51,Left,INNER,2,0.85,0.85,False,0.149,5.0,12
Note_001992,40,73361.25,31.51,Left,INNER,1,0.74,0.74,False,0.149,5.0,12
Note_001993,59,73361.25,378.15,Right,INNER,1,0.543,0.543,False,0.479,10.0,0
Note_001994,63,73361.25,378.15,Right,INNER,2,0.543,0.543,True,0.479,10.0,0
Note_001995,66,73361.25,378.15,Right,MELODY,4,0.543,0.543,True,0.479,10.0,0
Note_001996,42,73613.35,31.51,Left,BASS,2,0.535,0.535,True,0.241,5.0,0
Note_001997,32,73739.4,252.1,Left,BASS,3,1.0,1.0,True,0.126,5.0,0
Note_001998,32,73739.4,252.1,Left,INNER,2,1.0,1.0,True,0.126,5.0,0
Note_001999,59,73739.4,21.01,Right,INNER,1,0.543,0.543,False,0.464,10.0,0
Note_002000,66,73739.4,126.05,Right,MELODY,4,0.709,0.709,True,0.464,10.0,0
Note_002001,59,73760.4,105.04,Right,INNER,2,0.709,0.709,False,0.464,10.0,0
Note_002002,36,73865.45,31.51,Left,BASS,1,0.85,0.85,False,0.172,10.0,0
Note_002003,64,73865.45,756.3,Right,INNER,1,0.732,0.732,False,0.563,0.0,0
Note_002004,76,73865.45,756.3,Right,MELODY,5,0.732,0.732,False,0.563,0.0,0
Note_002005,59,73991.5,378.15,Right,INNER,2,0.654,0.654,False,0.471,0.0,0
Note_002006,61,73991.5,378.15,Right,INNER,3,0.606,0.606,True,0.471,0.0,0
Note_002007,66,73991.5,378.15,Right,MELODY,4,0.654,0.654,True,0.471,0.0,0
Note_002008,32,74117.55,252.1,Left,BASS,5,1.0,1.0,True,0.165,-10.0,12
Note_002009,32,74117.55,252.1,Left,INNER,4,1.0,1.0,True,0.165,-10.0,12
Note_002010,42,74117.55,31.51,Left,INNER,2,0.535,0.535,True,0.165,-10.0,12
Note_002011,36,74369.65,31.51,Left,BASS,2,0.85,0.85,False,0.195,15.0,0
Note_002012,40,74369.65,31.51,Left,INNER,1,0.74,0.74,False,0.195,15.0,0
Note_002013,59,74369.65,21.01,Right,INNER,1,0.528,0.528,False,0.474,-0.0,-12
Note_002014,66,74369.65,21.01,Right,INNER,4,0.528,0.528,True,0.474,-0.0,-12
Note_002015,59,74390.66,105.04,Right,INNER,2,0.598,0.598,False,0.474,-0.0,-12
Note_002016,61,74390.66,105.04,Right,INNER,3,0.551,0.551,True,0.474,-0.0,-12
Note_002017,66,74390.66,105.04,Right,MELODY,5,0.598,0.598,True,0.474,-0.0,-12
Note_002018,32,74495.7,378.15,Left,BASS,5,1.0,1.0,True,0.165,-10.0,12
Note_002019,32,74495.7,378.15,Left,INNER,4,1.0,1.0,True,0.165,-10.0,12
Note_002020,42,74495.7,31.51,Left,INNER,2,0.213,0.213,True,0.165,-10.0,12
Note_002021,59,74495.7,126.05,Right,INNER,1,0.449,0.449,False,0.471,10.0,0
Note_002022,61,74495.7,126.05,Right,INNER,2,0.606,0.606,True,0.471,10.0,0
Note_002023,66,74495.7,126.05,Right,MELODY,4,0.449,0.449,True,0.471,10.0,0
Note_002024,42,74621.75,31.51,Left,BASS,2,0.535,0.535,True,0.241,5.0,0
Note_002025,59,74621.75,21.01,Right,INNER,0,0.528,0.528,False,0.496,0.0,0
Note_002026,63,74621.75,126.05,Right,INNER,2,0.732,0.732,True,0.496,0.0,0
Note_002027,66,74621.75,21.01,Right,INNER,3,0.528,0.528,True,0.496,0.0,0
Note_002028,75,74621.75,126.05,Right,MELODY,5,0.732,0.732,True,0.496,0.0,0
Note_002029,59,74642.76,105.04,Right,INNER,0,0.646,0.646,False,0.496,0.0,0
Note_002030,61,74642.76,105.04,Right,INNER,1,0.598,0.598,True,0.496,0.0,0
Note_002031,66,74642.76,105.04,Right,INNER,4,0.646,0.646,True,0.496,0.0,0
Note_002032,59,74747.8,126.05,Right,INNER,1,0.575,0.575,False,0.52,5.0,0
Note_002033,64,74747.8,126.05,Right,INNER,2,0.732,0.732,False,0.52,5.0,0
Note_002034,66,74747.8,126.05,Right,INNER,3,0.575,0.575,True,0.52,5.0,0
Note_002035,76,74747.8,126.05,Right,MELODY,5,0.732,0.732,False,0.52,5.0,0
Note_002036,34,74873.85,252.1,Left,BASS,3,1.0,1.0,True,0.157,15.0,0
Note_002037,34,74873.85,252.1,Left,INNER,2,1.0,1.0,True,0.157,15.0,0
Note_002038,36,74873.85,31.51,Left,INNER,1,0.85,0.85,False,0.157,15.0,0
Note_002039,78,74873.85,378.15,Right,MELODY,5,0.732,0.732,True,0.655,-10.0,-12
Note_002040,42,75125.95,31.51,Left,BASS,5,0.535,0.535,True,0.241,-10.0,12
Note_002041,59,75252.0,126.05,Left,INNER,5,0.394,0.394,False,0.506,5.0,0
Note_002042,64,75252.0,126.05,Left,INNER,3,0.543,0.543,False,0.506,5.0,0
Note_002043,66,75252.0,126.05,Left,INNER,2,0.394,0.394,True,0.506,5.0,0
Note_002044,71,75252.0,378.15,Left,INNER,1,0.732,0.732,False,0.506,5.0,0
Note_002045,83,75252.0,378.15,Right,MELODY,1,0.732,0.732,False,0.713,10.0,0
Note_002046,34,75378.05,378.15,Left,BASS,4,1.0,1.0,True,0.172,10.0,0
Note_002047,34,75378.05,378.15,Left,INNER,3,1.0,1.0,True,0.172,10.0,0
Note_002048,36,75378.05,31.51,Left,INNER,2,0.85,0.85,False,0.172,10.0,0
Note_002049,40,75378.05,31.51,Left,INNER,1,0.74,0.74,False,0.172,10.0,0
Note_002050,59,75378.05,378.15,Right,INNER,2,0.543,0.543,False,0.483,0.0,0
Note_002051,64,75378.05,378.15,Right,INNER,3,0.543,0.543,False,0.483,0.0,0
Note_002052,66,75378.05,378.15,Right,MELODY,4,0.543,0.543,True,0.483,0.0,0
Note_002053,42,75630.15,31.51,Left,BASS,5,0.535,0.535,True,0.339,-0.0,12
Note_002054,59,75630.15,252.1,Left,INNER,1,0.787,0.787,False,0.339,-0.0,12
Note_002055,73,75630.15,252.1,Right,INNER,1,0.732,0.732,True,0.667,0.0,0
Note_002056,85,75630.15,252.1,Right,MELODY,5,0.732,0.732,True,0.667,0.0,0
Note_002057,32,75756.2,252.1,Left,BASS,5,1.0,1.0,True,0.157,-10.0,12
Note_002058,32,75756.2,252.1,Left,INNER,4,1.0,1.0,True,0.157,-10.0,12
Note_002059,40,75756.2,31.51,Left,INNER,2,0.276,0.276,False,0.157,-10.0,12
Note_002060,59,75756.2,21.01,Right,INNER,1,0.543,0.543,False,0.471,10.0,0
Note_002061,64,75756.2,126.05,Right,INNER,3,0.654,0.654,False,0.471,10.0,0
Note_002062,66,75756.2,126.05,Right,MELODY,4,0.709,0.709,True,0.471,10.0,0
Note_002063,59,75777.21,105.04,Right,INNER,2,0.709,0.709,False,0.471,10.0,0
Note_002064,36,75882.25,31.51,Left,BASS,1,0.85,0.85,False,0.172,10.0,0
Note_002065,71,75882.25,756.3,Right,INNER,1,0.732,0.732,False,0.644,0.0,0
Note_002066,83,75882.25,756.3,Right,MELODY,5,0.732,0.732,False,0.644,0.0,0
Note_002067,59,76008.3,378.15,Right,INNER,2,0.654,0.654,False,0.477,0.0,0
Note_002068,66,76008.3,378.15,Right,MELODY,4,0.654,0.654,True,0.477,0.0,0
Note_002069,32,76134.35,252.1,Left,BASS,5,1.0,1.0,True,0.165,-10.0,12
Note_002070,32,76134.35,252.1,Left,INNER,4,1.0,1.0,True,0.165,-10.0,12
Note_002071,42,76134.35,31.51,Left,INNER,2,0.535,0.535,True,0.165,-10.0,12
Note_002072,36,76386.45,31.51,Left,BASS,2,0.85,0.85,False,0.195,15.0,0
Note_002073,40,76386.45,31.51,Left,INNER,1,0.74,0.74,False,0.195,15.0,0
Note_002074,59,76386.45,21.01,Right,INNER,1,0.528,0.528,False,0.477,0.0,-12
Note_002075,66,76386.45,21.01,Right,INNER,4,0.528,0.528,True,0.477,0.0,-12
Note_002076,59,76407.46,105.04,Right,INNER,2,0.598,0.598,False,0.477,0.0,-12
Note_002077,66,76407.46,105.04,Right,MELODY,5,0.598,0.598,True,0.477,0.0,-12
Note_002078,32,76512.5,378.15,Left,BASS,3,1.0,1.0,True,0.165,15.0,-12
Note_002079,32,76512.5,378.15,Left,INNER,2,1.0,1.0,True,0.165,15.0,-12
Note_002080,42,76512.5,31.51,Left,INNER,1,0.213,0.213,True,0.165,15.0,-12
Note_002081,59,76512.5,126.05,Right,INNER,2,0.449,0.449,False,0.477,0.0,0
Note_002082,66,76512.5,126.05,Right,MELODY,4,0.449,0.449,True,0.477,0.0,0
Note_002083,42,76638.55,31.51,Left,BASS,5,0.535,0.535,True,0.241,-10.0,12
Note_002084,83,76638.55,126.05,Right,INNER,1,0.512,0.512,False,0.713,0.0,0
Note_002085,83,76638.55,126.05,Right,INNER,3,1.0,1.0,False,0.713,0.0,0
Note_002086,83,76638.55,126.05,Right,MELODY,5,0.732,0.732,False,0.713,0.0,0
Note_002087,59,76764.6,126.05,Left,INNER,5,0.52,0.52,False,0.546,5.0,0
Note_002088,66,76764.6,126.05,Left,INNER,3,0.52,0.52,True,0.546,5.0,0
Note_002089,73,76764.6,126.05,Left,INNER,2,0.732,0.732,True,0.546,5.0,0
Note_002090,76,76764.6,126.05,Left,INNER,1,0.732,0.732,False,0.546,5.0,0
Note_002091,85,76764.6,126.05,Right,INNER,1,0.512,0.512,True,0.736,10.0,12
Note_002092,85,76764.6,126.05,Right,INNER,2,1.0,1.0,True,0.736,10.0,12
Note_002093,85,76764.6,126.05,Right,MELODY,4,0.732,0.732,True,0.736,10.0,12
Note_002094,31,76890.65,252.1,Left,BASS,5,1.0,1.0,False,0.134,-0.0,0
Note_002095,31,76890.65,252.1,Left,INNER,3,1.0,1.0,False,0.134,-0.0,0
Note_002096,36,76890.65,31.51,Left,INNER,1,0.85,0.85,False,0.134,-0.0,0
Note_002097,76,76890.65,378.15,Right,INNER,1,0.732,0.732,False,0.724,0.0,0
Note_002098,80,76890.65,378.15,Right,INNER,2,0.732,0.732,True,0.724,0.0,0
Note_002099,88,76890.65,378.15,Right,INNER,3,0.512,0.512,False,0.724,0.0,0
Note_002100,88,76890.65,378.15,Right,INNER,4,1.0,1.0,False,0.724,0.0,0
Note_002101,88,76890.65,378.15,Right,MELODY,5,0.732,0.732,False,0.724,0.0,0
Note_002102,42,77016.7,31.51,Left,BASS,2,0.11,0.11,True,0.241,5.0,0
Note_002103,42,77142.75,31.51,Left,BASS,5,0.535,0.535,True,0.241,-10.0,12
Note_002104,59,77268.8,126.05,Left,INNER,5,0.394,0.394,False,0.477,-5.0,0
Note_002105,66,77268.8,126.05,Left,INNER,2,0.394,0.394,True,0.477,-5.0,0
Note_002106,75,77268.8,378.15,Right,INNER,1,0.732,0.732,True,0.71,0.0,0
Note_002107,78,77268.8,378.15,Right,INNER,2,0.732,0.732,True,0.71,0.0,0
Note_002108,87,77268.8,378.15,Right,INNER,3,0.512,0.512,True,0.71,0.0,0
Note_002109,87,77268.8,378.15,Right,INNER,4,1.0,1.0,True,0.71,0.0,0
Note_002110,87,77268.8,378.15,Right,MELODY,5,0.732,0.732,True,0.71,0.0,0
Note_002111,31,77394.85,378.15,Left,BASS,5,1.0,1.0,False,0.155,5.0,0
Note_002112,31,77394.85,378.15,Left,INNER,3,1.0,1.0,False,0.155,5.0,0
Note_002113,36,77394.85,31.51,Left,INNER,2,0.85,0.85,False,0.155,5.0,0
Note_002114,40,77394.85,31.51,Left,INNER,1,0.74,0.74,False,0.155,5.0,0
Note_002115,59,77394.85,378.15,Right,INNER,2,0.543,0.543,False,0.477,0.0,0
Note_002116,66,77394.85,378.15,Right,MELODY,4,0.543,0.543,True,0.477,0.0,0
Note_002117,42,77646.95,31.51,Left,BASS,2,0.535,0.535,True,0.241,5.0,0
Note_002118,73,77646.95,252.1,Right,INNER,1,0.732,0.732,True,0.687,0.0,0
Note_002119,76,77646.95,252.1,Right,INNER,2,0.732,0.732,False,0.687,0.0,0
Note_002120,85,77646.95,252.1,Right,INNER,3,0.512,0.512,True,0.687,0.0,0
Note_002121,85,77646.95,252.1,Right,INNER,4,1.0,1.0,True,0.687,0.0,0
Note_002122,85,77646.95,252.1,Right,MELODY,5,0.732,0.732,True,0.687,0.0,0
Note_002123,30,77773.0,252.1,Left,BASS,3,1.0,1.0,True,0.103,5.0,0
Note_002124,30,77773.0,252.1,Left,INNER,2,1.0,1.0,True,0.103,5.0,0
Note_002125,59,77773.0,21.01,Right,INNER,1,0.543,0.543,False,0.464,10.0,0
Note_002126,66,77773.0,126.05,Right,MELODY,4,0.709,0.709,True,0.464,10.0,0
Note_002127,59,77794.01,105.04,Right,INNER,2,0.709,0.709,False,0.464,10.0,0
Note_002128,36,77899.05,31.51,Left,BASS,5,0.85,0.85,False,0.259,-0.0,-12
Note_002129,51,77899.05,1008.4,Left,INNER,1,0.787,0.787,True,0.259,-0.0,-12
Note_002130,71,77899.05,504.2,Right,INNER,1,0.732,0.732,False,0.667,0.0,0
Note_002131,75,77899.05,504.2,Right,INNER,2,0.732,0.732,True,0.667,0.0,0
Note_002132,83,77899.05,504.2,Right,INNER,3,0.512,0.512,False,0.667,0.0,0
Note_002133,83,77899.05,504.2,Right,INNER,4,1.0,1.0,False,0.667,0.0,0
Note_002134,83,77899.05,504.2,Right,MELODY,5,0.732,0.732,False,0.667,0.0,0
Note_002135,59,78025.1,378.15,Right,INNER,1,0.654,0.654,False,0.477,15.0,0
Note_002136,66,78025.1,378.15,Right,MELODY,2,0.654,0.654,True,0.477,15.0,0
Note_002137,42,78151.15,31.51,Left,INNER,1,0.535,0.535,True,0.149,15.0,-12
Note_002138,30,78151.16,252.1,Left,BASS,3,1.0,1.0,True,0.149,15.0,-12
Note_002139,30,78151.16,252.1,Left,INNER,2,1.0,1.0,True,0.149,15.0,-12
Note_002140,36,78403.26,31.51,Left,BASS,5,0.85,0.85,False,0.195,-0.0,0
Note_002141,40,78403.26,31.51,Left,INNER,1,0.74,0.74,False,0.195,-0.0,0
Note_002142,75,78403.26,252.1,Right,INNER,2,0.732,0.732,True,0.647,-10.0,-12
Note_002143,78,78403.26,252.1,Right,INNER,3,0.512,0.512,True,0.647,-10.0,-12
Note_002144,78,78403.26,252.1,Right,INNER,4,1.0,1.0,True,0.647,-10.0,-12
Note_002145,78,78403.26,252.1,Right,MELODY,5,0.732,0.732,True,0.647,-10.0,-12
Note_002146,30,78529.31,378.15,Left,BASS,5,1.0,1.0,True,0.149,-0.0,0
Note_002147,30,78529.31,378.15,Left,INNER,3,1.0,1.0,True,0.149,-0.0,0
Note_002148,42,78529.31,31.51,Left,INNER,1,0.213,0.213,True,0.149,-0.0,0
Note_002149,59,78529.31,126.05,Right,INNER,1,0.449,0.449,False,0.477,15.0,0
Note_002150,66,78529.31,126.05,Right,MELODY,2,0.449,0.449,True,0.477,15.0,0
Note_002151,42,78655.36,31.51,Left,BASS,2,0.535,0.535,True,0.241,5.0,0
Note_002152,80,78655.36,504.2,Right,INNER,3,0.512,0.512,True,0.678,-15.0,-12
Note_002153,80,78655.36,504.2,Right,INNER,4,1.0,1.0,True,0.678,-15.0,-12
Note_002154,80,78655.36,504.2,Right,MELODY,5,0.732,0.732,True,0.678,-15.0,-12
Note_002155,59,78781.41,126.05,Right,INNER,1,0.575,0.575,False,0.477,15.0,0
Note_002156,66,78781.41,126.05,Right,MELODY,2,0.575,0.575,True,0.477,15.0,0
Note_002157,29,78907.46,252.1,Left,BASS,5,1.0,1.0,False,0.119,-0.0,0
Note_002158,29,78907.46,252.1,Left,INNER,3,1.0,1.0,False,0.119,-0.0,0
Note_002159,36,78907.46,31.51,Left,INNER,1,0.85,0.85,False,0.119,-0.0,0
Note_002160,59,78907.46,378.15,Right,INNER,2,0.528,0.528,False,0.467,0.0,0
Note_002161,61,78907.46,378.15,Right,INNER,3,0.669,0.669,True,0.467,0.0,0
Note_002162,65,78928.46,357.14,Right,MELODY,4,0.528,0.528,False,0.467,0.0,0
Note_002163,42,79033.51,31.51,Left,BASS,2,0.134,0.134,True,0.241,5.0,0
Note_002164,42,79159.56,31.51,Left,BASS,2,0.535,0.535,True,0.241,5.0,0
Note_002165,73,79159.56,252.1,Right,INNER,1,0.732,0.732,True,0.69,0.0,0
Note_002166,77,79159.56,252.1,Right,INNER,2,0.732,0.732,False,0.69,0.0,0
Note_002167,85,79159.56,252.1,Right,INNER,3,0.512,0.512,True,0.69,0.0,0
Note_002168,85,79159.56,252.1,Right,INNER,4,1.0,1.0,True,0.69,0.0,0
Note_002169,85,79159.56,252.1,Right,MELODY,5,0.732,0.732,True,0.69,0.0,0
Note_002170,59,79285.61,126.05,Right,INNER,2,0.394,0.394,False,0.467,0.0,0
Note_002171,61,79285.61,126.05,Right,INNER,3,0.638,0.638,True,0.467,0.0,0
Note_002172,65,79285.61,126.05,Right,MELODY,4,0.394,0.394,False,0.467,0.0,0
Note_002173,29,79411.66,378.15,Left,BASS,5,1.0,1.0,False,0.144,-0.0,0
Note_002174,29,79411.66,378.15,Left,INNER,4,1.0,1.0,False,0.144,-0.0,0
Note_002175,36,79411.66,31.51,Left,INNER,2,0.85,0.85,False,0.144,-0.0,0
Note_002176,40,79411.66,31.51,Left,INNER,1,0.74,0.74,False,0.144,-0.0,0
Note_002177,73,79411.66,1260.5,Right,INNER,1,0.732,0.732,True,0.69,0.0,0
Note_002178,77,79411.66,1260.5,Right,INNER,2,0.732,0.732,False,0.69,0.0,0
Note_002179,85,79411.66,1260.5,Right,INNER,3,0.512,0.512,True,0.69,0.0,0
Note_002180,85,79411.66,1260.5,Right,INNER,4,1.0,1.0,True,0.69,0.0,0
Note_002181,85,79411.66,1260.5,Right,MELODY,5,0.732,0.732,True,0.69,0.0,0
Note_002182,42,79663.76,31.51,Left,BASS,2,0.535,0.535,True,0.241,5.0,0
Note_002183,29,79789.81,252.1,Left,BASS,5,1.0,1.0,False,0.134,5.0,0
Note_002184,29,79789.81,252.1,Left,INNER,2,1.0,1.0,False,0.134,5.0,0
Note_002185,40,79789.81,31.51,Left,INNER,1,0.276,0.276,False,0.134,5.0,0
Note_002186,59,79789.81,21.01,Right,INNER,1,0.543,0.543,False,0.46,10.0,0
Note_002187,61,79789.81,126.05,Right,INNER,3,0.528,0.528,True,0.46,10.0,0
Note_002188,65,79789.81,126.05,Right,MELODY,4,0.709,0.709,False,0.46,10.0,0
Note_002189,59,79810.82,105.04,Right,INNER,2,0.709,0.709,False,0.46,10.0,0
Note_002190,36,79915.86,31.51,Left,BASS,1,0.85,0.85,False,0.172,10.0,0
Note_002191,59,80041.91,378.15,Right,INNER,1,0.654,0.654,False,0.467,10.0,0
Note_002192,61,80041.91,378.15,Right,INNER,2,0.693,0.693,True,0.467,10.0,0
Note_002193,65,80041.91,378.15,Right,MELODY,4,0.654,0.654,False,0.467,10.0,0
Note_002194,29,80167.96,252.1,Left,BASS,5,1.0,1.0,False,0.142,0.0,-12
Note_002195,29,80167.96,252.1,Left,INNER,3,1.0,1.0,False,0.142,0.0,-12
Note_002196,42,80167.96,31.51,Left,INNER,1,0.535,0.535,True,0.142,0.0,-12
Note_002197,40,80336.03,31.51,Left,BASS,1,0.535,0.535,False,0.218,10.0,0
Note_002198,36,80420.06,31.51,Left,BASS,5,0.85,0.85,False,0.195,-5.0,0
Note_002199,40,80420.06,31.51,Left,INNER,2,0.74,0.74,False,0.195,-5.0,0
Note_002200,59,80420.06,21.01,Right,INNER,1,0.528,0.528,False,0.469,0.0,0
Note_002201,65,80420.06,21.01,Right,INNER,4,0.528,0.528,False,0.469,0.0,0
Note_002202,59,80441.07,105.04,Right,INNER,2,0.598,0.598,False,0.469,0.0,0
Note_002203,61,80441.07,105.04,Right,INNER,3,0.638,0.638,True,0.469,0.0,0
Note_002204,65,80441.07,105.04,Right,MELODY,5,0.598,0.598,False,0.469,0.0,0
Note_002205,29,80546.11,378.15,Left,BASS,4,1.0,1.0,False,0.142,5.0,-12
Note_002206,29,80546.11,378.15,Left,INNER,3,1.0,1.0,False,0.142,5.0,-12
Note_002207,42,80546.11,31.51,Left,INNER,1,0.213,0.213,True,0.142,5.0,-12
Note_002208,59,80546.11,126.05,Right,INNER,3,0.449,0.449,False,0.467,-15.0,0
Note_002209,61,80546.11,126.05,Right,INNER,4,0.693,0.693,True,0.467,-15.0,0
Note_002210,65,80546.11,126.05,Right,MELODY,5,0.449,0.449,False,0.467,-15.0,0
Note_002211,40,80588.13,31.51,Left,BASS,5,0.535,0.535,False,0.218,-10.0,0
Note_002212,42,80672.16,31.51,Left,BASS,3,0.535,0.535,True,0.241,-0.0,0
Note_002213,85,80672.16,126.05,Right,INNER,1,0.488,0.488,True,0.736,15.0,12
Note_002214,85,80672.16,126.05,Right,MELODY,2,0.732,0.732,True,0.736,15.0,12
Note_002215,59,80798.21,126.05,Left,INNER,3,0.52,0.52,False,0.521,15.0,-12
Note_002216,65,80798.21,126.05,Left,INNER,2,0.52,0.52,False,0.521,15.0,-12
Note_002217,75,80798.21,126.05,Left,INNER,1,0.732,0.732,True,0.521,15.0,-12
Note_002218,87,80798.21,126.05,Right,INNER,3,0.575,0.575,True,0.759,-5.0,0
Note_002219,87,80798.21,126.05,Right,MELODY,4,0.732,0.732,True,0.759,-5.0,0
Note_002220,28,80924.26,378.15,Left,BASS,5,1.0,1.0,False,0.111,0.0,0
Note_002221,28,80924.26,378.15,Left,INNER,3,1.0,1.0,False,0.111,0.0,0
Note_002222,36,80924.26,31.51,Left,INNER,1,0.85,0.85,False,0.111,0.0,0
Note_002223,88,80924.26,378.15,Right,INNER,1,0.63,0.63,False,0.77,10.0,0
Note_002224,88,80924.26,378.15,Right,MELODY,3,0.732,0.732,False,0.77,10.0,0
Note_002225,42,81050.31,31.51,Left,BASS,2,0.11,0.11,True,0.241,5.0,0
Note_002226,42,81176.36,31.51,Left,BASS,5,0.535,0.535,True,0.241,-10.0,12
Note_002227,59,81176.36,252.1,Right,INNER,2,0.787,0.787,False,0.506,-5.0,0
Note_002228,71,81176.36,252.1,Right,MELODY,5,0.787,0.787,False,0.506,-5.0,0
Note_002229,59,81302.41,126.05,Left,INNER,5,0.394,0.394,False,0.525,5.0,-12
Note_002230,66,81302.41,126.05,Left,INNER,2,0.394,0.394,True,0.525,5.0,-12
Note_002231,75,81302.41,378.15,Left,INNER,1,0.732,0.732,True,0.525,5.0,-12
Note_002232,87,81302.41,378.15,Right,INNER,1,0.591,0.591,True,0.759,5.0,12
Note_002233,87,81302.41,378.15,Right,MELODY,4,0.732,0.732,True,0.759,5.0,12
Note_002234,28,81428.46,378.15,Left,BASS,5,1.0,1.0,False,0.138,-0.0,0
Note_002235,28,81428.46,378.15,Left,INNER,4,1.0,1.0,False,0.138,-0.0,0
Note_002236,36,81428.46,31.51,Left,INNER,2,0.85,0.85,False,0.138,-0.0,0
Note_002237,40,81428.46,31.51,Left,INNER,1,0.74,0.74,False,0.138,-0.0,0
Note_002238,59,81428.46,378.15,Right,INNER,2,0.543,0.543,False,0.477,-5.0,-12
Note_002239,66,81428.46,378.15,Right,MELODY,5,0.543,0.543,True,0.477,-5.0,-12
Note_002240,42,81680.56,31.51,Left,BASS,5,0.535,0.535,True,0.339,-0.0,12
Note_002241,59,81680.56,252.1,Left,INNER,1,0.787,0.787,False,0.339,-0.0,12
Note_002242,71,81680.56,252.1,Right,INNER,1,0.787,0.787,False,0.661,10.0,0
Note_002243,73,81680.56,252.1,Right,INNER,2,0.732,0.732,True,0.661,10.0,0
Note_002244,85,81680.56,252.1,Right,INNER,3,0.551,0.551,True,0.661,10.0,0
Note_002245,85,81680.56,252.1,Right,MELODY,4,0.732,0.732,True,0.661,10.0,0
Note_002246,59,81806.61,21.01,Right,INNER,2,0.543,0.543,False,0.464,-5.0,-12
Note_002247,66,81806.61,126.05,Right,MELODY,5,0.709,0.709,True,0.464,-5.0,-12
Note_002248,59,81827.62,105.04,Right,INNER,3,0.709,0.709,False,0.464,-5.0,-12
Note_002249,28,81932.66,378.15,Left,BASS,5,1.0,1.0,False,0.111,0.0,0
Note_002250,28,81932.66,378.15,Left,INNER,3,1.0,1.0,False,0.111,0.0,0
Note_002251,36,81932.66,31.51,Left,INNER,1,0.85,0.85,False,0.111,0.0,0
Note_002252,71,81932.66,504.2,Right,INNER,1,0.732,0.732,False,0.667,10.0,0
Note_002253,83,81932.66,378.15,Right,INNER,2,0.63,0.63,False,0.667,10.0,0
Note_002254,83,81932.66,504.2,Right,MELODY,4,0.732,0.732,False,0.667,10.0,0
Note_002255,59,82058.71,378.15,Right,INNER,3,0.654,0.654,False,0.477,-10.0,-12
Note_002256,66,82058.71,378.15,Right,MELODY,5,0.654,0.654,True,0.477,-10.0,-12
Note_002257,42,82184.76,31.51,Left,BASS,2,0.535,0.535,True,0.241,5.0,0
Note_002258,59,82184.76,252.1,Right,INNER,1,0.787,0.787,False,0.506,15.0,0
Note_002259,71,82184.76,252.1,Right,MELODY,2,0.787,0.787,False,0.506,15.0,0
Note_002260,85,82310.81,63.03,Right,MELODY,4,0.543,0.543,True,0.736,-5.0,0
Note_002261,83,82373.84,63.03,Right,MELODY,1,0.543,0.543,False,0.713,10.0,0
Note_002262,28,82436.86,378.15,Left,BASS,5,1.0,1.0,False,0.138,-0.0,0
Note_002263,28,82436.86,378.15,Left,INNER,4,1.0,1.0,False,0.138,-0.0,0
Note_002264,36,82436.86,31.51,Left,INNER,2,0.85,0.85,False,0.138,-0.0,0
Note_002265,40,82436.86,31.51,Left,INNER,1,0.74,0.74,False,0.138,-0.0,0
Note_002266,78,82436.86,2268.9,Right,INNER,3,0.567,0.567,True,0.655,-5.0,0
Note_002267,78,82436.86,2268.9,Right,MELODY,4,0.732,0.732,True,0.655,-5.0,0
Note_002268,42,82562.91,31.51,Left,BASS,2,0.213,0.213,True,0.241,5.0,0
Note_002269,59,82562.91,126.05,Right,INNER,1,0.449,0.449,False,0.477,15.0,0
Note_002270,66,82562.91,126.05,Right,MELODY,2,0.449,0.449,True,0.477,15.0,0
Note_002271,42,82688.96,31.51,Left,BASS,2,0.535,0.535,True,0.241,5.0,0
Note_002272,59,82688.96,252.1,Right,INNER,1,0.787,0.787,False,0.487,-0.0,0
Note_002273,59,82688.96,21.01,Right,INNER,2,0.528,0.528,False,0.487,-0.0,0
Note_002274,66,82688.96,21.01,Right,INNER,3,0.528,0.528,True,0.487,-0.0,0
Note_002275,71,82688.96,252.1,Right,MELODY,5,0.787,0.787,False,0.487,-0.0,0
Note_002276,59,82709.97,105.04,Right,INNER,0,0.646,0.646,False,0.487,-0.0,0
Note_002277,66,82709.97,105.04,Right,INNER,4,0.646,0.646,True,0.487,-0.0,0
Note_002278,59,82815.01,126.05,Right,INNER,2,0.575,0.575,False,0.477,0.0,0
Note_002279,66,82815.01,126.05,Right,MELODY,4,0.575,0.575,True,0.477,0.0,0
Note_002280,27,82941.06,378.15,Left,BASS,5,1.0,1.0,True,0.103,-0.0,12
Note_002281,27,82941.06,378.15,Left,INNER,3,1.0,1.0,True,0.103,-0.0,12
Note_002282,36,82941.06,31.51,Left,INNER,1,0.85,0.85,False,0.103,-0.0,12
Note_002283,59,82941.06,378.15,Right,INNER,1,0.528,0.528,False,0.49,10.0,0
Note_002284,66,82941.06,21.01,Right,INNER,2,0.512,0.512,True,0.49,10.0,0
Note_002285,66,82962.07,357.14,Right,MELODY,4,0.528,0.528,True,0.49,10.0,0
Note_002286,42,83067.11,31.51,Left,BASS,2,0.11,0.11,True,0.241,5.0,0
Note_002287,42,83193.16,31.51,Left,BASS,2,0.535,0.535,True,0.241,5.0,0
Note_002288,59,83193.16,252.1,Right,INNER,2,0.787,0.787,False,0.506,-5.0,0
Note_002289,71,83193.16,252.1,Right,MELODY,5,0.787,0.787,False,0.506,-5.0,0
Note_002290,59,83319.22,126.05,Right,INNER,1,0.394,0.394,False,0.477,5.0,0
Note_002291,66,83319.22,126.05,Right,MELODY,4,0.394,0.394,True,0.477,5.0,0
Note_002292,27,83445.27,378.15,Left,BASS,5,1.0,1.0,True,0.132,-0.0,12
Note_002293,27,83445.27,378.15,Left,INNER,4,1.0,1.0,True,0.132,-0.0,12
Note_002294,36,83445.27,31.51,Left,INNER,2,0.85,0.85,False,0.132,-0.0,12
Note_002295,40,83445.27,31.51,Left,INNER,1,0.74,0.74,False,0.132,-0.0,12
Note_002296,59,83445.27,378.15,Right,INNER,3,0.543,0.543,False,0.477,-10.0,-12
Note_002297,66,83445.27,378.15,Right,MELODY,5,0.543,0.543,True,0.477,-10.0,-12
Note_002298,42,83697.37,31.51,Left,BASS,2,0.228,0.228,True,0.241,5.0,0
Note_002299,59,83697.37,252.1,Right,INNER,1,0.787,0.787,False,0.506,15.0,0
Note_002300,71,83697.37,252.1,Right,MELODY,2,0.787,0.787,False,0.506,15.0,0
Note_002301,42,83823.42,31.51,Left,BASS,2,0.535,0.535,True,0.241,5.0,0
Note_002302,59,83823.42,21.01,Right,INNER,1,0.543,0.543,False,0.464,-0.0,-12
Note_002303,66,83823.42,126.05,Right,MELODY,5,0.709,0.709,True,0.464,-0.0,-12
Note_002304,59,83844.42,105.04,Right,INNER,3,0.709,0.709,False,0.464,-0.0,-12
Note_002305,36,83949.47,31.51,Left,BASS,5,0.85,0.85,False,0.172,-10.0,0
Note_002306,42,84075.52,31.51,Left,BASS,2,0.252,0.252,True,0.241,5.0,0
Note_002307,59,84075.52,378.15,Right,INNER,3,0.654,0.654,False,0.477,-10.0,-12
Note_002308,66,84075.52,378.15,Right,MELODY,5,0.654,0.654,True,0.477,-10.0,-12
Note_002309,27,84201.57,252.1,Left,BASS,5,1.0,1.0,True,0.126,-5.0,0
Note_002310,27,84201.57,252.1,Left,INNER,4,1.0,1.0,True,0.126,-5.0,0
Note_002311,42,84201.57,31.51,Left,INNER,1,0.535,0.535,True,0.126,-5.0,0
Note_002312,59,84201.57,252.1,Right,INNER,1,0.787,0.787,False,0.506,15.0,0
Note_002313,71,84201.57,252.1,Right,MELODY,2,0.787,0.787,False,0.506,15.0,0
Note_002314,36,84453.67,31.51,Left,BASS,2,0.85,0.85,False,0.195,15.0,0
Note_002315,40,84453.67,31.51,Left,INNER,1,0.74,0.74,False,0.195,15.0,0
Note_002316,59,84453.67,21.01,Right,INNER,1,0.528,0.528,False,0.477,0.0,-12
Note_002317,66,84453.67,21.01,Right,INNER,4,0.528,0.528,True,0.477,0.0,-12
Note_002318,59,84474.68,105.04,Right,INNER,2,0.598,0.598,False,0.477,0.0,-12
Note_002319,66,84474.68,105.04,Right,MELODY,5,0.598,0.598,True,0.477,0.0,-12
Note_002320,27,84579.72,252.1,Left,BASS,3,1.0,1.0,True,0.069,5.0,0
Note_002321,27,84579.72,252.1,Left,INNER,2,1.0,1.0,True,0.069,5.0,0
Note_002322,59,84579.72,126.05,Right,INNER,1,0.449,0.449,False,0.477,15.0,0
Note_002323,66,84579.72,126.05,Right,MELODY,2,0.449,0.449,True,0.477,15.0,0
Note_002324,42,84705.77,31.51,Left,BASS,1,0.535,0.535,True,0.241,10.0,-12
Note_002325,85,84705.77,126.05,Right,INNER,3,0.52,0.52,True,0.736,-5.0,0
Note_002326,85,84705.77,126.05,Right,MELODY,4,0.732,0.732,True,0.736,-5.0,0
Note_002327,59,84831.82,126.05,Left,INNER,5,0.575,0.575,False,0.525,5.0,-12
Note_002328,66,84831.82,126.05,Left,INNER,2,0.575,0.575,True,0.525,5.0,-12
Note_002329,75,84831.82,126.05,Left,INNER,1,0.732,0.732,True,0.525,5.0,-12
Note_002330,87,84831.82,126.05,Right,INNER,1,0.52,0.52,True,0.759,15.0,12
Note_002331,87,84831.82,126.05,Right,MELODY,2,0.732,0.732,True,0.759,15.0,12
Note_002332,32,84957.87,378.15,Left,BASS,5,1.0,1.0,True,0.142,0.0,12
Note_002333,32,84957.87,378.15,Left,INNER,3,1.0,1.0,True,0.142,0.0,12
Note_002334,36,84957.87,31.51,Left,INNER,1,0.85,0.85,False,0.142,0.0,12
Note_002335,88,84957.87,378.15,Right,INNER,1,0.63,0.63,False,0.77,5.0,0
Note_002336,88,84957.87,378.15,Right,MELODY,4,0.732,0.732,False,0.77,5.0,0
Note_002337,42,85083.92,31.51,Left,BASS,2,0.11,0.11,True,0.241,5.0,0
Note_002338,42,85209.97,31.51,Left,BASS,5,0.535,0.535,True,0.241,-10.0,12
Note_002339,59,85209.97,252.1,Right,INNER,2,0.787,0.787,False,0.506,-5.0,0
Note_002340,71,85209.97,252.1,Right,MELODY,5,0.787,0.787,False,0.506,-5.0,0
Note_002341,59,85336.02,126.05,Left,INNER,5,0.394,0.394,False,0.525,5.0,-12
Note_002342,66,85336.02,126.05,Left,INNER,2,0.394,0.394,True,0.525,5.0,-12
Note_002343,75,85336.02,378.15,Left,INNER,1,0.732,0.732,True,0.525,5.0,-12
Note_002344,87,85336.02,378.15,Right,INNER,1,0.496,0.496,True,0.759,5.0,12
Note_002345,87,85336.02,378.15,Right,MELODY,4,0.732,0.732,True,0.759,5.0,12
Note_002346,32,85462.07,378.15,Left,BASS,4,1.0,1.0,True,0.161,10.0,0
Note_002347,32,85462.07,378.15,Left,INNER,3,1.0,1.0,True,0.161,10.0,0
Note_002348,36,85462.07,31.51,Left,INNER,2,0.85,0.85,False,0.161,10.0,0
Note_002349,40,85462.07,31.51,Left,INNER,1,0.74,0.74,False,0.161,10.0,0
Note_002350,59,85462.07,378.15,Right,INNER,2,0.543,0.543,False,0.477,-5.0,-12
Note_002351,66,85462.07,378.15,Right,MELODY,5,0.543,0.543,True,0.477,-5.0,-12
Note_002352,42,85714.17,31.51,Left,BASS,5,0.535,0.535,True,0.339,-0.0,12
Note_002353,59,85714.17,252.1,Left,INNER,1,0.787,0.787,False,0.339,-0.0,12
Note_002354,71,85714.17,252.1,Right,INNER,1,0.787,0.787,False,0.661,10.0,0
Note_002355,73,85714.17,252.1,Right,INNER,2,0.732,0.732,True,0.661,10.0,0
Note_002356,85,85714.17,252.1,Right,INNER,3,0.63,0.63,True,0.661,10.0,0
Note_002357,85,85714.17,252.1,Right,MELODY,4,0.732,0.732,True,0.661,10.0,0
Note_002358,59,85840.22,21.01,Right,INNER,2,0.543,0.543,False,0.464,-5.0,-12
Note_002359,66,85840.22,126.05,Right,MELODY,5,0.709,0.709,True,0.464,-5.0,-12
Note_002360,59,85861.23,105.04,Right,INNER,3,0.709,0.709,False,0.464,-5.0,-12
Note_002361,32,85966.27,378.15,Left,BASS,5,1.0,1.0,True,0.142,0.0,12
Note_002362,32,85966.27,378.15,Left,INNER,3,1.0,1.0,True,0.142,0.0,12
Note_002363,36,85966.27,31.51,Left,INNER,1,0.85,0.85,False,0.142,0.0,12
Note_002364,71,85966.27,504.2,Right,INNER,1,0.732,0.732,False,0.667,10.0,0
Note_002365,83,85966.27,378.15,Right,INNER,2,0.528,0.528,False,0.667,10.0,0
Note_002366,83,85966.27,504.2,Right,MELODY,4,0.732,0.732,False,0.667,10.0,0
Note_002367,59,86092.32,378.15,Right,INNER,3,0.654,0.654,False,0.477,-10.0,-12
Note_002368,66,86092.32,378.15,Right,MELODY,5,0.654,0.654,True,0.477,-10.0,-12
Note_002369,42,86218.37,31.51,Left,BASS,2,0.535,0.535,True,0.241,5.0,0
Note_002370,59,86218.37,252.1,Right,INNER,1,0.787,0.787,False,0.506,15.0,0
Note_002371,71,86218.37,252.1,Right,MELODY,2,0.787,0.787,False,0.506,15.0,0
Note_002372,85,86344.42,63.03,Right,MELODY,4,0.52,0.52,True,0.736,-5.0,0
Note_002373,87,86407.45,63.03,Right,MELODY,5,0.52,0.52,True,0.759,-10.0,-12
Note_002374,32,86470.47,378.15,Left,BASS,5,1.0,1.0,True,0.161,5.0,12
Note_002375,32,86470.47,378.15,Left,INNER,3,1.0,1.0,True,0.161,5.0,12
Note_002376,36,86470.47,31.51,Left,INNER,2,0.85,0.85,False,0.161,5.0,12
Note_002377,40,86470.47,31.51,Left,INNER,1,0.74,0.74,False,0.161,5.0,12
Note_002378,78,86470.47,2268.9,Right,INNER,1,0.732,0.732,True,0.747,0.0,0
Note_002379,90,86470.47,2268.9,Right,INNER,3,0.614,0.614,True,0.747,0.0,0
Note_002380,90,86470.47,2268.9,Right,MELODY,5,0.732,0.732,True,0.747,0.0,0
Note_002381,42,86596.52,31.51,Left,BASS,2,0.213,0.213,True,0.241,5.0,0
Note_002382,59,86596.52,126.05,Right,INNER,2,0.449,0.449,False,0.477,0.0,0
Note_002383,66,86596.52,126.05,Right,MELODY,4,0.449,0.449,True,0.477,0.0,0
Note_002384,42,86722.57,31.51,Left,BASS,2,0.535,0.535,True,0.241,5.0,0
Note_002385,59,86722.57,252.1,Right,INNER,1,0.787,0.787,False,0.487,-0.0,0
Note_002386,59,86722.57,21.01,Right,INNER,2,0.528,0.528,False,0.487,-0.0,0
Note_002387,66,86722.57,21.01,Right,INNER,3,0.528,0.528,True,0.487,-0.0,0
Note_002388,71,86722.57,252.1,Right,MELODY,5,0.787,0.787,False,0.487,-0.0,0
Note_002389,59,86743.58,105.04,Right,INNER,0,0.646,0.646,False,0.487,-0.0,0
Note_002390,66,86743.58,105.04,Right,INNER,4,0.646,0.646,True,0.487,-0.0,0
Note_002391,59,86848.62,126.05,Right,INNER,1,0.575,0.575,False,0.477,10.0,0
Note_002392,66,86848.62,126.05,Right,MELODY,3,0.575,0.575,True,0.477,10.0,0
Note_002393,30,86974.67,378.15,Left,BASS,5,1.0,1.0,True,0.126,-5.0,12
Note_002394,30,86974.67,378.15,Left,INNER,3,1.0,1.0,True,0.126,-5.0,12
Note_002395,36,86974.67,31.51,Left,INNER,2,0.85,0.85,False,0.126,-5.0,12
Note_002396,56,86974.67,756.3,Right,INNER,1,0.787,0.787,True,0.466,0.0,0
Note_002397,58,86974.67,378.15,Right,INNER,2,0.528,0.528,True,0.466,0.0,0
Note_002398,66,86974.67,21.01,Right,INNER,4,0.512,0.512,True,0.466,0.0,0
Note_002399,66,86995.68,357.14,Right,MELODY,5,0.528,0.528,True,0.466,0.0,0
Note_002400,42,87100.72,31.51,Left,BASS,2,0.11,0.11,True,0.241,5.0,0
Note_002401,42,87226.77,31.51,Left,BASS,2,0.535,0.535,True,0.241,5.0,0
Note_002402,58,87352.82,126.05,Right,INNER,2,0.394,0.394,True,0.471,0.0,0
Note_002403,66,87352.82,126.05,Right,MELODY,4,0.394,0.394,True,0.471,0.0,0
Note_002404,30,87478.87,378.15,Left,BASS,5,1.0,1.0,True,0.149,5.0,12
Note_002405,30,87478.87,378.15,Left,INNER,3,1.0,1.0,True,0.149,5.0,12
Note_002406,36,87478.87,31.51,Left,INNER,2,0.85,0.85,False,0.149,5.0,12
Note_002407,40,87478.87,31.51,Left,INNER,1,0.74,0.74,False,0.149,5.0,12
Note_002408,58,87478.87,378.15,Right,INNER,1,0.543,0.543,True,0.471,15.0,12
Note_002409,66,87478.87,378.15,Right,MELODY,2,0.543,0.543,True,0.471,15.0,12
Note_002410,42,87730.97,31.51,Left,BASS,2,0.535,0.535,True,0.241,5.0,0
Note_002411,54,87730.97,126.05,Right,MELODY,5,0.787,0.787,True,0.379,-10.0,-12
Note_002412,52,87857.02,126.05,Right,INNER,1,0.787,0.787,False,0.431,5.0,-12
Note_002413,58,87857.02,21.01,Right,INNER,2,0.543,0.543,True,0.431,5.0,-12
Note_002414,66,87857.02,126.05,Right,MELODY,5,0.709,0.709,True,0.431,5.0,-12
Note_002415,58,87878.03,105.04,Right,INNER,3,0.709,0.709,True,0.431,5.0,-12
Note_002416,36,87983.07,31.51,Left,BASS,5,0.85,0.85,False,0.172,-10.0,0
Note_002417,54,87983.07,1008.4,Right,MELODY,4,0.787,0.787,True,0.379,-5.0,0
Note_002418,58,88109.12,378.15,Right,INNER,1,0.654,0.654,True,0.471,15.0,12
Note_002419,66,88109.12,378.15,Right,MELODY,2,0.654,0.654,True,0.471,15.0,12
Note_002420,42,88235.17,31.51,Left,INNER,1,0.535,0.535,True,0.149,15.0,-12
Note_002421,30,88235.18,252.1,Left,BASS,3,1.0,1.0,True,0.149,15.0,-12
Note_002422,30,88235.18,252.1,Left,INNER,2,1.0,1.0,True,0.149,15.0,-12
Note_002423,36,88487.28,31.51,Left,BASS,5,0.85,0.85,False,0.195,-0.0,0
Note_002424,40,88487.28,31.51,Left,INNER,1,0.74,0.74,False,0.195,-0.0,0
Note_002425,58,88487.28,21.01,Right,INNER,1,0.528,0.528,True,0.471,0.0,0
Note_002426,66,88487.28,21.01,Right,INNER,4,0.528,0.528,True,0.471,0.0,0
Note_002427,58,88508.28,105.04,Right,INNER,2,0.598,0.598,True,0.471,0.0,0
Note_002428,66,88508.28,105.04,Right,MELODY,5,0.598,0.598,True,0.471,0.0,0
Note_002429,30,88613.33,252.1,Left,BASS,3,1.0,1.0,True,0.149,15.0,-12
Note_002430,30,88613.33,252.1,Left,INNER,2,1.0,1.0,True,0.149,15.0,-12
Note_002431,42,88613.33,31.51,Left,INNER,1,0.213,0.213,True,0.149,15.0,-12
Note_002432,58,88613.33,126.05,Right,INNER,1,0.449,0.449,True,0.471,10.0,12
Note_002433,66,88613.33,126.05,Right,MELODY,3,0.449,0.449,True,0.471,10.0,12
Note_002434,42,88739.38,31.51,Left,BASS,5,0.535,0.535,True,0.241,-10.0,12
Note_002435,78,88739.38,126.05,Right,INNER,1,0.732,0.732,True,0.733,0.0,0
Note_002436,81,88739.38,126.05,Right,INNER,2,0.732,0.732,False,0.733,0.0,0
Note_002437,90,88739.38,126.05,Right,INNER,4,0.488,0.488,True,0.733,0.0,0
Note_002438,90,88739.38,126.05,Right,MELODY,5,0.732,0.732,True,0.733,0.0,0
Note_002439,58,88865.43,126.05,Left,INNER,4,0.575,0.575,True,0.471,-0.0,0
Note_002440,66,88865.43,126.05,Left,INNER,2,0.575,0.575,True,0.471,-0.0,0
Note_002441,80,88865.43,126.05,Right,INNER,1,0.732,0.732,True,0.756,0.0,0
Note_002442,83,88865.43,126.05,Right,INNER,2,0.732,0.732,False,0.756,0.0,0
Note_002443,92,88865.43,126.05,Right,INNER,4,0.543,0.543,True,0.756,0.0,0
Note_002444,92,88865.43,126.05,Right,MELODY,5,0.732,0.732,True,0.756,0.0,0
Note_002445,30,88991.48,378.15,Left,BASS,5,1.0,1.0,True,0.126,-0.0,12
Note_002446,30,88991.48,378.15,Left,INNER,3,1.0,1.0,True,0.126,-0.0,12
Note_002447,36,88991.48,31.51,Left,INNER,1,0.85,0.85,False,0.126,-0.0,12
Note_002448,81,88991.48,378.15,Right,INNER,1,0.732,0.732,False,0.77,0.0,0
Note_002449,85,88991.48,378.15,Right,INNER,2,0.732,0.732,True,0.77,0.0,0
Note_002450,93,88991.48,378.15,Right,INNER,4,0.63,0.63,False,0.77,0.0,0
Note_002451,93,88991.48,378.15,Right,MELODY,5,0.732,0.732,False,0.77,0.0,0
Note_002452,42,89117.53,31.51,Left,BASS,2,0.11,0.11,True,0.241,5.0,0
Note_002453,42,89243.58,31.51,Left,BASS,5,0.535,0.535,True,0.241,-10.0,12
Note_002454,54,89369.63,126.05,Left,INNER,4,0.394,0.394,True,0.42,-0.0,0
Note_002455,61,89369.63,126.05,Left,INNER,2,0.394,0.394,True,0.42,-0.0,0
Note_002456,80,89369.63,378.15,Right,INNER,1,0.732,0.732,True,0.756,0.0,0
Note_002457,83,89369.63,378.15,Right,INNER,2,0.732,0.732,False,0.756,0.0,0
Note_002458,92,89369.63,378.15,Right,INNER,4,0.528,0.528,True,0.756,0.0,0
Note_002459,92,89369.63,378.15,Right,MELODY,5,0.732,0.732,True,0.756,0.0,0
Note_002460,30,89495.68,378.15,Left,BASS,5,1.0,1.0,True,0.149,5.0,12
Note_002461,30,89495.68,378.15,Left,INNER,3,1.0,1.0,True,0.149,5.0,12
Note_002462,36,89495.68,31.51,Left,INNER,2,0.85,0.85,False,0.149,5.0,12
Note_002463,40,89495.68,31.51,Left,INNER,1,0.74,0.74,False,0.149,5.0,12
Note_002464,54,89495.68,378.15,Right,INNER,1,0.543,0.543,True,0.42,10.0,12
Note_002465,61,89495.68,378.15,Right,MELODY,3,0.543,0.543,True,0.42,10.0,12
Note_002466,42,89747.78,31.51,Left,BASS,2,0.535,0.535,True,0.241,5.0,0
Note_002467,78,89747.78,252.1,Right,INNER,1,0.732,0.732,True,0.733,0.0,0
Note_002468,81,89747.78,252.1,Right,INNER,2,0.732,0.732,False,0.733,0.0,0
Note_002469,90,89747.78,252.1,Right,INNER,4,0.63,0.63,True,0.733,0.0,0
Note_002470,90,89747.78,252.1,Right,MELODY,5,0.732,0.732,True,0.733,0.0,0
Note_002471,54,89873.83,21.01,Right,INNER,2,0.543,0.543,True,0.406,-5.0,-12
Note_002472,61,89873.83,126.05,Right,MELODY,5,0.709,0.709,True,0.406,-5.0,-12
Note_002473,54,89894.84,105.04,Right,INNER,3,0.709,0.709,True,0.406,-5.0,-12
Note_002474,32,89999.88,378.15,Left,BASS,5,1.0,1.0,True,0.142,-5.0,12
Note_002475,32,89999.88,378.15,Left,INNER,3,1.0,1.0,True,0.142,-5.0,12
Note_002476,36,89999.88,31.51,Left,INNER,2,0.85,0.85,False,0.142,-5.0,12
Note_002477,76,89999.88,1008.4,Right,INNER,1,0.732,0.732,False,0.713,0.0,0
Note_002478,80,89999.88,1008.4,Right,INNER,2,0.732,0.732,True,0.713,0.0,0
Note_002479,88,89999.88,945.38,Right,INNER,4,0.63,0.63,False,0.713,0.0,0
Note_002480,88,89999.88,1008.4,Right,MELODY,5,0.732,0.732,False,0.713,0.0,0
Note_002481,52,90125.93,378.15,Right,INNER,1,0.654,0.654,False,0.397,10.0,0
Note_002482,59,90125.93,378.15,Right,MELODY,3,0.654,0.654,False,0.397,10.0,0
Note_002483,42,90251.98,31.51,Left,BASS,2,0.535,0.535,True,0.241,5.0,0
Note_002484,32,90504.08,378.15,Left,BASS,5,1.0,1.0,True,0.161,5.0,12
Note_002485,32,90504.08,378.15,Left,INNER,3,1.0,1.0,True,0.161,5.0,12
Note_002486,36,90504.08,31.51,Left,INNER,2,0.85,0.85,False,0.161,5.0,12
Note_002487,40,90504.08,31.51,Left,INNER,1,0.74,0.74,False,0.161,5.0,12
Note_002488,52,90504.08,21.01,Right,INNER,1,0.528,0.528,False,0.397,0.0,0
Note_002489,59,90504.08,21.01,Right,INNER,4,0.528,0.528,False,0.397,0.0,0
Note_002490,52,90525.09,105.04,Right,INNER,2,0.598,0.598,False,0.397,0.0,0
Note_002491,59,90525.09,105.04,Right,MELODY,5,0.598,0.598,False,0.397,0.0,0
Note_002492,42,90630.13,31.51,Left,BASS,2,0.213,0.213,True,0.241,5.0,0
Note_002493,52,90630.13,126.05,Right,INNER,1,0.449,0.449,False,0.397,5.0,0
Note_002494,59,90630.13,126.05,Right,MELODY,4,0.449,0.449,False,0.397,5.0,0
Note_002495,42,90756.18,31.51,Left,BASS,2,0.535,0.535,True,0.241,5.0,0
Note_002496,52,90756.18,21.01,Right,INNER,1,0.528,0.528,False,0.397,0.0,0
Note_002497,59,90756.18,21.01,Right,INNER,4,0.528,0.528,False,0.397,0.0,0
Note_002498,52,90777.19,105.04,Right,INNER,2,0.646,0.646,False,0.397,0.0,0
Note_002499,59,90777.19,105.04,Right,MELODY,5,0.646,0.646,False,0.397,0.0,0
Note_002500,52,90882.23,126.05,Right,INNER,2,0.575,0.575,False,0.397,0.0,0
Note_002501,59,90882.23,126.05,Right,MELODY,4,0.575,0.575,False,0.397,0.0,0
Note_002502,90,90945.26,63.03,Right,MELODY,5,0.543,0.543,True,0.793,-10.0,-12
Note_002503,33,91008.28,378.15,Left,BASS,5,1.0,1.0,False,0.149,-5.0,0
Note_002504,33,91008.28,378.15,Left,INNER,3,1.0,1.0,False,0.149,-5.0,0
Note_002505,36,91008.28,31.51,Left,INNER,2,0.85,0.85,False,0.149,-5.0,0
Note_002506,79,91008.28,378.15,Right,INNER,1,0.732,0.732,False,0.747,0.0,0
Note_002507,83,91008.28,378.15,Right,INNER,2,0.732,0.732,False,0.747,0.0,0
Note_002508,91,91008.28,378.15,Right,INNER,4,0.543,0.543,False,0.747,0.0,0
Note_002509,91,91008.28,378.15,Right,MELODY,5,0.732,0.732,False,0.747,0.0,0
Note_002510,42,91134.33,31.51,Left,BASS,2,0.11,0.11,True,0.241,5.0,0
Note_002511,42,91260.38,31.51,Left,BASS,3,0.535,0.535,True,0.241,-0.0,0
Note_002512,55,91386.43,126.05,Left,INNER,3,0.394,0.394,False,0.42,5.0,0
Note_002513,60,91386.43,126.05,Left,INNER,2,0.394,0.394,False,0.42,5.0,0
Note_002514,78,91386.43,378.15,Right,INNER,1,0.732,0.732,True,0.733,0.0,0
Note_002515,81,91386.43,378.15,Right,INNER,2,0.732,0.732,False,0.733,0.0,0
Note_002516,90,91386.43,378.15,Right,INNER,4,0.63,0.63,True,0.733,0.0,0
Note_002517,90,91386.43,378.15,Right,MELODY,5,0.732,0.732,True,0.733,0.0,0
Note_002518,33,91512.48,378.15,Left,BASS,5,1.0,1.0,False,0.167,5.0,0
Note_002519,33,91512.48,378.15,Left,INNER,3,1.0,1.0,False,0.167,5.0,0
Note_002520,36,91512.48,31.51,Left,INNER,2,0.85,0.85,False,0.167,5.0,0
Note_002521,40,91512.48,31.51,Left,INNER,1,0.74,0.74,False,0.167,5.0,0
Note_002522,55,91512.48,378.15,Right,INNER,3,0.543,0.543,False,0.42,-5.0,0
Note_002523,60,91512.48,378.15,Right,MELODY,4,0.543,0.543,False,0.42,-5.0,0
Note_002524,42,91764.58,31.51,Left,BASS,2,0.535,0.535,True,0.241,5.0,0
Note_002525,76,91764.58,252.1,Right,INNER,1,0.732,0.732,False,0.71,0.0,0
Note_002526,79,91764.58,252.1,Right,INNER,2,0.732,0.732,False,0.71,0.0,0
Note_002527,88,91764.58,252.1,Right,INNER,4,0.409,0.409,False,0.71,0.0,0
Note_002528,88,91764.58,252.1,Right,MELODY,5,0.732,0.732,False,0.71,0.0,0
Note_002529,55,91890.63,126.05,Right,INNER,1,0.709,0.709,False,0.429,15.0,0
Note_002530,60,91890.63,21.01,Right,INNER,2,0.543,0.543,False,0.429,15.0,0
Note_002531,60,91911.64,105.04,Right,MELODY,3,0.709,0.709,False,0.429,15.0,0
Note_002532,35,92016.68,378.15,Left,BASS,5,1.0,1.0,False,0.165,-5.0,0
Note_002533,35,92016.68,378.15,Left,INNER,3,1.0,1.0,False,0.165,-5.0,0
Note_002534,36,92016.68,31.51,Left,INNER,2,0.85,0.85,False,0.165,-5.0,0
Note_002535,74,92016.68,504.2,Right,INNER,1,0.732,0.732,False,0.69,0.0,0
Note_002536,78,92016.68,504.2,Right,INNER,2,0.732,0.732,True,0.69,0.0,0
Note_002537,86,92016.68,441.18,Right,INNER,4,0.63,0.63,False,0.69,0.0,0
Note_002538,86,92016.68,504.2,Right,MELODY,5,0.732,0.732,False,0.69,0.0,0
Note_002539,59,92142.73,378.15,Right,INNER,1,0.654,0.654,False,0.477,10.0,0
Note_002540,66,92142.73,378.15,Right,MELODY,3,0.654,0.654,True,0.477,10.0,0
Note_002541,42,92268.78,31.51,Left,BASS,2,0.535,0.535,True,0.241,5.0,0
Note_002542,88,92457.86,63.03,Right,MELODY,5,0.512,0.512,False,0.77,-10.0,0
Note_002543,24,92520.88,378.15,Left,BASS,5,1.0,1.0,False,0.08,-0.0,0
Note_002544,24,92520.88,378.15,Left,INNER,3,1.0,1.0,False,0.08,-0.0,0
Note_002545,36,92520.88,31.51,Left,INNER,1,0.85,0.85,False,0.08,-0.0,0
Note_002546,77,92520.88,378.15,Right,INNER,1,0.732,0.732,False,0.724,0.0,0
Note_002547,81,92520.88,378.15,Right,INNER,2,0.732,0.732,False,0.724,0.0,0
Note_002548,89,92520.88,378.15,Right,INNER,4,0.63,0.63,False,0.724,0.0,0
Note_002549,89,92520.88,378.15,Right,MELODY,5,0.732,0.732,False,0.724,0.0,0
Note_002550,42,92646.93,31.51,Left,BASS,2,0.213,0.213,True,0.241,5.0,0
Note_002551,42,92772.98,31.51,Left,BASS,5,0.535,0.535,True,0.241,-10.0,12
Note_002552,55,92899.03,21.01,Left,INNER,5,0.528,0.528,False,0.42,5.0,0
Note_002553,60,92899.03,21.01,Left,INNER,2,0.528,0.528,False,0.42,5.0,0
Note_002554,76,92899.03,378.15,Right,INNER,1,0.732,0.732,False,0.71,0.0,0
Note_002555,79,92899.03,378.15,Right,INNER,2,0.732,0.732,False,0.71,0.0,0
Note_002556,88,92899.03,378.15,Right,INNER,4,0.63,0.63,False,0.71,0.0,0
Note_002557,88,92899.03,378.15,Right,MELODY,5,0.732,0.732,False,0.71,0.0,0
Note_002558,55,92920.04,105.04,Left,INNER,3,0.598,0.598,False,0.42,5.0,0
Note_002559,60,92920.04,105.04,Left,INNER,1,0.598,0.598,False,0.42,5.0,0
Note_002560,24,93025.08,378.15,Left,BASS,5,1.0,1.0,False,0.08,-0.0,0
Note_002561,24,93025.08,378.15,Left,INNER,3,1.0,1.0,False,0.08,-0.0,0
Note_002562,36,93025.08,31.51,Left,INNER,1,0.85,0.85,False,0.08,-0.0,0
Note_002563,55,93025.08,378.15,Right,INNER,3,0.654,0.654,False,0.42,-5.0,0
Note_002564,60,93025.08,378.15,Right,MELODY,4,0.654,0.654,False,0.42,-5.0,0
Note_002565,42,93151.13,31.51,Left,BASS,2,0.11,0.11,True,0.241,5.0,0
Note_002566,42,93277.18,31.51,Left,BASS,2,0.535,0.535,True,0.241,5.0,0
Note_002567,74,93277.19,378.15,Right,INNER,1,0.732,0.732,False,0.687,0.0,0
Note_002568,77,93277.19,378.15,Right,INNER,2,0.732,0.732,False,0.687,0.0,0
Note_002569,86,93277.19,378.15,Right,INNER,4,0.63,0.63,False,0.687,0.0,0
Note_002570,86,93277.19,378.15,Right,MELODY,5,0.732,0.732,False,0.687,0.0,0
Note_002571,55,93403.24,21.01,Right,INNER,1,0.528,0.528,False,0.42,10.0,0
Note_002572,60,93403.24,21.01,Right,INNER,3,0.528,0.528,False,0.42,10.0,0
Note_002573,55,93424.24,105.04,Right,INNER,2,0.598,0.598,False,0.42,10.0,0
Note_002574,60,93424.24,105.04,Right,MELODY,4,0.598,0.598,False,0.42,10.0,0
Note_002575,24,93529.29,378.15,Left,BASS,5,1.0,1.0,False,0.08,-0.0,0
Note_002576,24,93529.29,378.15,Left,INNER,3,1.0,1.0,False,0.08,-0.0,0
Note_002577,36,93529.29,31.51,Left,INNER,1,0.85,0.85,False,0.08,-0.0,0
Note_002578,55,93529.29,378.15,Right,INNER,3,0.654,0.654,False,0.42,-5.0,0
Note_002579,60,93529.29,378.15,Right,MELODY,4,0.654,0.654,False,0.42,-5.0,0
Note_002580,42,93655.34,31.51,Left,BASS,2,0.213,0.213,True,0.241,5.0,0
Note_002581,72,93655.34,378.15,Right,INNER,1,0.732,0.732,False,0.667,0.0,0
Note_002582,76,93655.34,378.15,Right,INNER,2,0.732,0.732,False,0.667,0.0,0
Note_002583,84,93655.34,378.15,Right,INNER,4,0.63,0.63,False,0.667,0.0,0
Note_002584,84,93655.34,378.15,Right,MELODY,5,0.732,0.732,False,0.667,0.0,0
Note_002585,42,93781.39,31.51,Left,BASS,2,0.535,0.535,True,0.241,5.0,0
Note_002586,55,93907.44,21.01,Right,INNER,2,0.528,0.528,False,0.42,-10.0,0
Note_002587,60,93907.44,21.01,Right,INNER,4,0.528,0.528,False,0.42,-10.0,0
Note_002588,55,93928.44,105.04,Right,INNER,3,0.598,0.598,False,0.42,-10.0,0
Note_002589,60,93928.44,105.04,Right,MELODY,5,0.598,0.598,False,0.42,-10.0,0
Note_002590,28,94033.49,378.15,Left,BASS,5,1.0,1.0,False,0.111,0.0,0
Note_002591,28,94033.49,378.15,Left,INNER,3,1.0,1.0,False,0.111,0.0,0
Note_002592,36,94033.49,31.51,Left,INNER,1,0.85,0.85,False,0.111,0.0,0
Note_002593,67,94033.49,378.15,Right,INNER,1,0.732,0.732,False,0.612,0.0,0
Note_002594,72,94033.49,378.15,Right,INNER,2,0.732,0.732,False,0.612,0.0,0
Note_002595,79,94033.49,378.15,Right,INNER,4,0.63,0.63,False,0.612,0.0,0
Note_002596,79,94033.49,378.15,Right,MELODY,5,0.732,0.732,False,0.612,0.0,0
Note_002597,42,94159.54,31.51,Left,BASS,2,0.11,0.11,True,0.241,5.0,0
Note_002598,42,94285.59,31.51,Left,BASS,5,0.535,0.535,True,0.241,-10.0,12
Note_002599,55,94411.64,21.01,Left,INNER,5,0.528,0.528,False,0.45,-0.0,0
Note_002600,60,94411.64,21.01,Left,INNER,3,0.528,0.528,False,0.45,-0.0,0
Note_002601,64,94411.64,378.15,Left,INNER,1,0.732,0.732,False,0.45,-0.0,0
Note_002602,67,94411.64,378.15,Left,INNER,0,0.732,0.732,False,0.45,-0.0,0
Note_002603,76,94411.64,378.15,Right,INNER,3,0.63,0.63,False,0.632,-5.0,0
Note_002604,76,94411.64,378.15,Right,MELODY,4,0.732,0.732,False,0.632,-5.0,0
Note_002605,55,94432.65,105.04,Left,INNER,4,0.598,0.598,False,0.45,-0.0,0
Note_002606,60,94432.65,105.04,Left,INNER,2,0.598,0.598,False,0.45,-0.0,0
Note_002607,40,94453.65,31.51,Left,BASS,5,0.535,0.535,False,0.218,-10.0,0
Note_002608,31,94537.69,378.15,Left,BASS,5,1.0,1.0,False,0.155,5.0,0
Note_002609,31,94537.69,378.15,Left,INNER,3,1.0,1.0,False,0.155,5.0,0
Note_002610,36,94537.69,31.51,Left,INNER,2,0.85,0.85,False,0.155,5.0,0
Note_002611,40,94537.69,31.51,Left,INNER,1,0.74,0.74,False,0.155,5.0,0
Note_002612,55,94537.69,21.01,Right,INNER,1,0.528,0.528,False,0.42,5.0,0
Note_002613,60,94537.69,21.01,Right,INNER,3,0.528,0.528,False,0.42,5.0,0
Note_002614,55,94558.7,105.04,Right,INNER,2,0.598,0.598,False,0.42,5.0,0
Note_002615,60,94558.7,105.04,Right,MELODY,5,0.598,0.598,False,0.42,5.0,0
Note_002616,42,94663.74,31.51,Left,BASS,2,0.11,0.11,True,0.241,5.0,0
Note_002617,55,94663.74,126.05,Right,INNER,2,0.449,0.449,False,0.42,-5.0,0
Note_002618,60,94663.74,126.05,Right,MELODY,5,0.449,0.449,False,0.42,-5.0,0
Note_002619,40,94705.75,31.51,Left,BASS,5,0.535,0.535,False,0.218,-10.0,0
Note_002620,42,94789.79,31.51,Left,BASS,2,0.535,0.535,True,0.241,5.0,0
Note_002621,55,94789.79,21.01,Right,INNER,0,0.528,0.528,False,0.474,0.0,0
Note_002622,60,94789.79,252.1,Right,INNER,1,0.732,0.732,False,0.474,0.0,0
Note_002623,60,94789.79,21.01,Right,INNER,2,0.528,0.528,False,0.474,0.0,0
Note_002624,64,94789.79,252.1,Right,INNER,3,0.732,0.732,False,0.474,0.0,0
Note_002625,72,94789.79,252.1,Right,INNER,5,0.551,0.551,False,0.474,0.0,0
Note_002626,72,94789.79,252.1,Right,MELODY,4,0.732,0.732,False,0.474,0.0,0
Note_002627,55,94810.8,105.04,Right,INNER,0,0.646,0.646,False,0.474,0.0,0
Note_002628,60,94810.8,105.04,Right,INNER,0,0.646,0.646,False,0.474,0.0,0
Note_002629,55,94915.84,126.05,Right,INNER,2,0.575,0.575,False,0.42,-5.0,0
Note_002630,60,94915.84,126.05,Right,MELODY,5,0.575,0.575,False,0.42,-5.0,0
Note_002631,33,95041.89,252.1,Left,BASS,5,1.0,1.0,False,0.149,-5.0,0
Note_002632,33,95041.89,252.1,Left,INNER,3,1.0,1.0,False,0.149,-5.0,0
Note_002633,36,95041.89,31.51,Left,INNER,2,0.85,0.85,False,0.149,-5.0,0
Note_002634,77,95041.89,756.3,Right,INNER,1,0.63,0.63,False,0.644,5.0,0
Note_002635,77,95041.89,756.3,Right,MELODY,4,0.732,0.732,False,0.644,5.0,0
Note_002636,42,95167.94,31.51,Left,BASS,2,0.11,0.11,True,0.241,5.0,0
Note_002637,42,95293.99,31.51,Left,BASS,2,0.535,0.535,True,0.241,5.0,0
Note_002638,60,95420.04,126.05,Right,INNER,3,0.394,0.394,False,0.489,-10.0,0
Note_002639,67,95420.04,126.05,Right,MELODY,5,0.394,0.394,False,0.489,-10.0,0
Note_002640,33,95546.09,378.15,Left,BASS,5,1.0,1.0,False,0.167,5.0,0
Note_002641,33,95546.09,378.15,Left,INNER,3,1.0,1.0,False,0.167,5.0,0
Note_002642,36,95546.09,31.51,Left,INNER,2,0.85,0.85,False,0.167,5.0,0
Note_002643,40,95546.09,31.51,Left,INNER,1,0.74,0.74,False,0.167,5.0,0
Note_002644,60,95546.09,378.15,Right,INNER,1,0.543,0.543,False,0.489,10.0,0
Note_002645,67,95546.09,378.15,Right,MELODY,3,0.543,0.543,False,0.489,10.0,0
Note_002646,42,95798.19,31.51,Left,BASS,2,0.535,0.535,True,0.241,5.0,0
Note_002647,72,95798.19,252.1,Right,INNER,1,0.732,0.732,False,0.67,0.0,0
Note_002648,77,95798.19,252.1,Right,INNER,2,0.732,0.732,False,0.67,0.0,0
Note_002649,84,95798.19,252.1,Right,INNER,4,0.512,0.512,False,0.67,0.0,0
Note_002650,84,95798.19,252.1,Right,MELODY,5,0.732,0.732,False,0.67,0.0,0
Note_002651,33,95924.24,252.1,Left,BASS,5,1.0,1.0,False,0.138,-0.0,0
Note_002652,33,95924.24,252.1,Left,INNER,1,1.0,1.0,False,0.138,-0.0,0
Note_002653,60,95924.24,21.01,Right,INNER,2,0.543,0.543,False,0.489,-10.0,0
Note_002654,67,95924.24,21.01,Right,INNER,4,0.543,0.543,False,0.489,-10.0,0
Note_002655,60,95945.25,105.04,Right,INNER,3,0.709,0.709,False,0.489,-10.0,0
Note_002656,67,95945.25,105.04,Right,MELODY,5,0.709,0.709,False,0.489,-10.0,0
Note_002657,36,96050.29,31.51,Left,BASS,3,0.85,0.85,False,0.172,-0.0,0
Note_002658,72,96050.29,1764.7,Right,INNER,1,0.732,0.732,False,0.67,0.0,0
Note_002659,77,96050.29,1764.7,Right,INNER,2,0.732,0.732,False,0.67,0.0,0
Note_002660,84,96050.29,1764.7,Right,INNER,4,0.63,0.63,False,0.67,0.0,0
Note_002661,84,96050.29,1764.7,Right,MELODY,5,0.732,0.732,False,0.67,0.0,0
Note_002662,42,96176.34,31.51,Left,BASS,2,0.11,0.11,True,0.241,5.0,0
Note_002663,60,96176.34,378.15,Right,INNER,1,0.654,0.654,False,0.489,10.0,0
Note_002664,67,96176.34,378.15,Right,MELODY,3,0.654,0.654,False,0.489,10.0,0
Note_002665,33,96302.39,252.1,Left,BASS,5,1.0,1.0,False,0.172,-10.0,0
Note_002666,33,96302.39,252.1,Left,INNER,4,1.0,1.0,False,0.172,-10.0,0
Note_002667,42,96302.39,31.51,Left,INNER,2,0.535,0.535,True,0.172,-10.0,0
Note_002668,36,96554.49,31.51,Left,BASS,2,0.85,0.85,False,0.195,15.0,0
Note_002669,40,96554.49,31.51,Left,INNER,1,0.74,0.74,False,0.195,15.0,0
Note_002670,60,96554.49,21.01,Right,INNER,1,0.528,0.528,False,0.489,0.0,0
Note_002671,67,96554.49,21.01,Right,INNER,4,0.528,0.528,False,0.489,0.0,0
Note_002672,60,96575.5,105.04,Right,INNER,2,0.598,0.598,False,0.489,0.0,0
Note_002673,67,96575.5,105.04,Right,MELODY,5,0.598,0.598,False,0.489,0.0,0
Note_002674,33,96680.54,378.15,Left,BASS,5,1.0,1.0,False,0.138,-10.0,0
Note_002675,33,96680.54,378.15,Left,INNER,3,1.0,1.0,False,0.138,-10.0,0
Note_002676,60,96680.54,126.05,Right,INNER,1,0.449,0.449,False,0.489,0.0,0
Note_002677,67,96680.54,126.05,Right,MELODY,5,0.449,0.449,False,0.489,0.0,0
Note_002678,42,96806.59,31.51,Left,BASS,2,0.535,0.535,True,0.241,5.0,0
Note_002679,60,96806.59,21.01,Right,INNER,1,0.528,0.528,False,0.501,0.0,0
Note_002680,67,96806.59,21.01,Right,INNER,3,0.528,0.528,False,0.501,0.0,0
Note_002681,69,96806.59,126.05,Right,MELODY,5,0.535,0.535,False,0.501,0.0,0
Note_002682,60,96827.6,105.04,Right,INNER,2,0.646,0.646,False,0.501,0.0,0
Note_002683,67,96827.6,105.04,Right,INNER,4,0.646,0.646,False,0.501,0.0,0
Note_002684,60,96932.64,126.05,Right,INNER,1,0.575,0.575,False,0.517,5.0,0
Note_002685,67,96932.64,126.05,Right,INNER,2,0.575,0.575,False,0.517,5.0,0
Note_002686,71,96932.64,126.05,Right,MELODY,5,0.535,0.535,False,0.517,5.0,0
Note_002687,31,97058.69,378.15,Left,BASS,5,1.0,1.0,False,0.134,-5.0,0
Note_002688,31,97058.69,378.15,Left,INNER,3,1.0,1.0,False,0.134,-5.0,0
Note_002689,36,97058.69,31.51,Left,INNER,2,0.85,0.85,False,0.134,-5.0,0
Note_002690,60,97058.69,378.15,Right,INNER,1,0.528,0.528,False,0.549,10.0,0
Note_002691,67,97058.69,378.15,Right,INNER,2,0.528,0.528,False,0.549,10.0,0
Note_002692,72,97058.69,756.3,Right,INNER,3,0.535,0.535,False,0.549,10.0,0
Note_002693,76,97058.69,1008.4,Right,MELODY,4,0.457,0.457,False,0.549,10.0,0
Note_002694,42,97184.74,31.51,Left,BASS,2,0.11,0.11,True,0.241,5.0,0
Note_002695,42,97310.79,31.51,Left,BASS,2,0.535,0.535,True,0.241,5.0,0
Note_002696,60,97436.84,126.05,Right,INNER,2,0.394,0.394,False,0.489,-5.0,0
Note_002697,67,97436.84,126.05,Right,MELODY,5,0.394,0.394,False,0.489,-5.0,0
Note_002698,31,97562.89,378.15,Left,BASS,5,1.0,1.0,False,0.155,5.0,0
Note_002699,31,97562.89,378.15,Left,INNER,3,1.0,1.0,False,0.155,5.0,0
Note_002700,36,97562.89,31.51,Left,INNER,2,0.85,0.85,False,0.155,5.0,0
Note_002701,40,97562.89,31.51,Left,INNER,1,0.74,0.74,False,0.155,5.0,0
Note_002702,60,97562.89,378.15,Right,INNER,1,0.543,0.543,False,0.489,15.0,0
Note_002703,67,97562.89,378.15,Right,MELODY,2,0.543,0.543,False,0.489,15.0,0
Note_002704,42,97814.99,31.51,Left,BASS,2,0.535,0.535,True,0.241,5.0,0
Note_002705,72,97814.99,63.03,Right,MELODY,4,0.535,0.535,False,0.586,-5.0,0
Note_002706,74,97878.02,63.03,Right,MELODY,5,0.535,0.535,False,0.609,-10.0,0
Note_002707,60,97941.04,21.01,Right,INNER,1,0.543,0.543,False,0.508,-0.0,0
Note_002708,67,97941.04,21.01,Right,INNER,3,0.543,0.543,False,0.508,-0.0,0
Note_002709,72,97941.04,126.05,Right,MELODY,5,0.535,0.535,False,0.508,-0.0,0
Note_002710,60,97962.05,105.04,Right,INNER,2,0.709,0.709,False,0.508,-0.0,0
Note_002711,67,97962.05,105.04,Right,INNER,4,0.709,0.709,False,0.508,-0.0,0
Note_002712,29,98067.09,378.15,Left,BASS,5,1.0,1.0,False,0.119,-0.0,0
Note_002713,29,98067.09,378.15,Left,INNER,3,1.0,1.0,False,0.119,-0.0,0
Note_002714,36,98067.09,31.51,Left,INNER,1,0.85,0.85,False,0.119,-0.0,0
Note_002715,59,98067.09,1008.4,Right,INNER,1,0.787,0.787,False,0.54,0.0,0
Note_002716,71,98067.09,1260.5,Right,INNER,3,0.535,0.535,False,0.54,0.0,0
Note_002717,74,98067.09,1260.5,Right,MELODY,5,0.457,0.457,False,0.54,0.0,0
Note_002718,59,98193.14,378.15,Right,INNER,2,0.654,0.654,False,0.483,0.0,0
Note_002719,67,98193.14,378.15,Right,MELODY,4,0.654,0.654,False,0.483,0.0,0
Note_002720,42,98319.19,31.51,Left,BASS,2,0.535,0.535,True,0.241,5.0,0
Note_002721,29,98571.3,378.15,Left,BASS,5,1.0,1.0,False,0.144,-0.0,0
Note_002722,29,98571.3,378.15,Left,INNER,4,1.0,1.0,False,0.144,-0.0,0
Note_002723,36,98571.3,31.51,Left,INNER,2,0.85,0.85,False,0.144,-0.0,0
Note_002724,40,98571.3,31.51,Left,INNER,1,0.74,0.74,False,0.144,-0.0,0
Note_002725,59,98571.3,21.01,Right,INNER,1,0.528,0.528,False,0.483,0.0,0
Note_002726,67,98571.3,21.01,Right,INNER,4,0.528,0.528,False,0.483,0.0,0
Note_002727,59,98592.3,105.04,Right,INNER,2,0.598,0.598,False,0.483,0.0,0
Note_002728,67,98592.3,105.04,Right,MELODY,5,0.598,0.598,False,0.483,0.0,0
Note_002729,42,98697.35,31.51,Left,BASS,2,0.213,0.213,True,0.241,5.0,0
Note_002730,59,98697.35,126.05,Right,INNER,2,0.449,0.449,False,0.483,0.0,0
Note_002731,67,98697.35,126.05,Right,MELODY,4,0.449,0.449,False,0.483,0.0,0
Note_002732,42,98823.4,31.51,Left,BASS,5,0.535,0.535,True,0.372,-5.0,12
Note_002733,59,98823.4,21.01,Left,INNER,3,0.528,0.528,False,0.372,-5.0,12
Note_002734,67,98823.4,21.01,Right,INNER,0,0.528,0.528,False,0.622,0.0,0
Note_002735,69,98823.4,252.1,Right,INNER,0,0.732,0.732,False,0.622,0.0,0
Note_002736,74,98823.4,252.1,Right,INNER,1,0.732,0.732,False,0.622,0.0,0
Note_002737,81,98823.4,252.1,Right,INNER,3,0.512,0.512,False,0.622,0.0,0
Note_002738,81,98823.4,252.1,Right,INNER,4,1.0,1.0,False,0.622,0.0,0
Note_002739,81,98823.4,252.1,Right,INNER,5,0.52,0.52,False,0.622,0.0,0
Note_002740,81,98823.4,252.1,Right,MELODY,2,0.732,0.732,False,0.622,0.0,0
Note_002741,59,98844.4,105.04,Left,INNER,2,0.646,0.646,False,0.372,-5.0,12
Note_002742,67,98844.4,105.04,Right,INNER,0,0.646,0.646,False,0.622,0.0,0
Note_002743,59,98949.45,126.05,Right,INNER,2,0.575,0.575,False,0.483,0.0,0
Note_002744,67,98949.45,126.05,Right,MELODY,4,0.575,0.575,False,0.483,0.0,0
Note_002745,28,99075.5,378.15,Left,BASS,5,1.0,1.0,False,0.111,0.0,0
Note_002746,28,99075.5,378.15,Left,INNER,3,1.0,1.0,False,0.111,0.0,0
Note_002747,36,99075.5,31.51,Left,INNER,1,0.85,0.85,False,0.111,0.0,0
Note_002748,83,99075.5,756.3,Right,INNER,1,0.512,0.512,False,0.713,5.0,0
Note_002749,83,99075.5,756.3,Right,INNER,2,1.0,1.0,False,0.713,5.0,0
Note_002750,83,99075.5,756.3,Right,INNER,3,0.63,0.63,False,0.713,5.0,0
Note_002751,83,99075.5,756.3,Right,MELODY,5,0.732,0.732,False,0.713,5.0,0
Note_002752,42,99201.55,31.51,Left,BASS,2,0.11,0.11,True,0.241,5.0,0
Note_002753,42,99327.6,31.51,Left,BASS,2,0.535,0.535,True,0.241,5.0,0
Note_002754,62,99453.65,126.05,Right,INNER,1,0.394,0.394,False,0.494,5.0,0
Note_002755,66,99453.65,126.05,Right,MELODY,4,0.394,0.394,True,0.494,5.0,0
Note_002756,28,99579.7,378.15,Left,BASS,5,1.0,1.0,False,0.138,-0.0,0
Note_002757,28,99579.7,378.15,Left,INNER,4,1.0,1.0,False,0.138,-0.0,0
Note_002758,36,99579.7,31.51,Left,INNER,2,0.85,0.85,False,0.138,-0.0,0
Note_002759,40,99579.7,31.51,Left,INNER,1,0.74,0.74,False,0.138,-0.0,0
Note_002760,62,99579.7,378.15,Right,INNER,2,0.543,0.543,False,0.494,0.0,0
Note_002761,66,99579.7,378.15,Right,MELODY,4,0.543,0.543,True,0.494,0.0,0
Note_002762,42,99831.8,31.51,Left,BASS,2,0.535,0.535,True,0.241,5.0,0
Note_002763,76,99831.8,252.1,Right,INNER,0,0.732,0.732,False,0.738,-0.0,0
Note_002764,83,99831.8,252.1,Right,INNER,1,0.732,0.732,False,0.738,-0.0,0
Note_002765,88,99831.8,252.1,Right,INNER,3,0.512,0.512,False,0.738,-0.0,0
Note_002766,88,99831.8,252.1,Right,INNER,4,1.0,1.0,False,0.738,-0.0,0
Note_002767,88,99831.8,252.1,Right,INNER,5,0.528,0.528,False,0.738,-0.0,0
Note_002768,88,99831.8,252.1,Right,MELODY,2,0.732,0.732,False,0.738,-0.0,0
Note_002769,62,99957.85,126.05,Right,INNER,2,0.709,0.709,False,0.502,-0.0,0
Note_002770,66,99957.85,21.01,Right,INNER,3,0.543,0.543,True,0.502,-0.0,0
Note_002771,66,99978.86,105.04,Right,MELODY,4,0.709,0.709,True,0.502,-0.0,0
Note_002772,28,100083.9,378.15,Left,BASS,5,1.0,1.0,False,0.111,0.0,0
Note_002773,28,100083.9,378.15,Left,INNER,3,1.0,1.0,False,0.111,0.0,0
Note_002774,36,100083.9,31.51,Left,INNER,1,0.85,0.85,False,0.111,0.0,0
Note_002775,76,100083.9,1764.7,Right,INNER,0,0.732,0.732,False,0.738,-0.0,0
Note_002776,83,100083.9,1764.7,Right,INNER,1,0.732,0.732,False,0.738,-0.0,0
Note_002777,88,100083.9,1764.7,Right,INNER,3,0.512,0.512,False,0.738,-0.0,0
Note_002778,88,100083.9,1764.7,Right,INNER,4,1.0,1.0,False,0.738,-0.0,0
Note_002779,88,100083.9,1764.7,Right,INNER,5,0.63,0.63,False,0.738,-0.0,0
Note_002780,88,100083.9,1764.7,Right,MELODY,2,0.732,0.732,False,0.738,-0.0,0
Note_002781,62,100209.95,378.15,Right,INNER,1,0.654,0.654,False,0.494,10.0,0
Note_002782,64,100209.95,378.15,Right,INNER,2,0.394,0.394,False,0.494,10.0,0
Note_002783,66,100209.95,378.15,Right,MELODY,4,0.654,0.654,True,0.494,10.0,0
Note_002784,42,100336.0,31.51,Left,BASS,2,0.535,0.535,True,0.241,5.0,0
Note_002785,28,100588.1,378.15,Left,BASS,5,1.0,1.0,False,0.138,-0.0,0
Note_002786,28,100588.1,378.15,Left,INNER,4,1.0,1.0,False,0.138,-0.0,0
Note_002787,36,100588.1,31.51,Left,INNER,2,0.85,0.85,False,0.138,-0.0,0
Note_002788,40,100588.1,31.51,Left,INNER,1,0.74,0.74,False,0.138,-0.0,0
Note_002789,62,100588.1,21.01,Right,INNER,1,0.528,0.528,False,0.494,0.0,-12
Note_002790,64,100588.1,21.01,Right,INNER,2,0.268,0.268,False,0.494,0.0,-12
Note_002791,66,100588.1,21.01,Right,INNER,5,0.528,0.528,True,0.494,0.0,-12
Note_002792,62,100609.11,105.04,Right,INNER,0,0.598,0.598,False,0.494,0.0,-12
Note_002793,64,100609.11,105.04,Right,INNER,3,0.339,0.339,False,0.494,0.0,-12
Note_002794,66,100609.11,105.04,Right,MELODY,4,0.598,0.598,True,0.494,0.0,-12
Note_002795,42,100714.15,31.51,Left,BASS,2,0.213,0.213,True,0.241,5.0,0
Note_002796,62,100714.15,126.05,Right,INNER,1,0.449,0.449,False,0.494,10.0,0
Note_002797,64,100714.15,126.05,Right,INNER,2,0.189,0.189,False,0.494,10.0,0
Note_002798,66,100714.15,126.05,Right,MELODY,4,0.449,0.449,True,0.494,10.0,0
Note_002799,42,100840.2,31.51,Left,BASS,2,0.535,0.535,True,0.241,5.0,0
Note_002800,62,100840.2,21.01,Right,INNER,1,0.528,0.528,False,0.494,0.0,-12
Note_002801,64,100840.2,21.01,Right,INNER,2,0.268,0.268,False,0.494,0.0,-12
Note_002802,66,100840.2,21.01,Right,INNER,5,0.528,0.528,True,0.494,0.0,-12
Note_002803,62,100861.21,105.04,Right,INNER,0,0.646,0.646,False,0.494,0.0,-12
Note_002804,64,100861.21,105.04,Right,INNER,3,0.386,0.386,False,0.494,0.0,-12
Note_002805,66,100861.21,105.04,Right,MELODY,4,0.646,0.646,True,0.494,0.0,-12
Note_002806,62,100966.25,126.05,Right,INNER,1,0.575,0.575,False,0.494,10.0,0
Note_002807,64,100966.25,126.05,Right,INNER,2,0.315,0.315,False,0.494,10.0,0
Note_002808,66,100966.25,126.05,Right,MELODY,4,0.575,0.575,True,0.494,10.0,0
Note_002809,28,101092.3,378.15,Left,BASS,5,1.0,1.0,False,0.111,0.0,0
Note_002810,28,101092.3,378.15,Left,INNER,3,1.0,1.0,False,0.111,0.0,0
Note_002811,36,101092.3,31.51,Left,INNER,1,0.85,0.85,False,0.111,0.0,0
Note_002812,62,101092.3,21.01,Right,INNER,1,0.512,0.512,False,0.49,-0.0,-12
Note_002813,64,101092.3,21.01,Right,INNER,3,0.252,0.252,False,0.49,-0.0,-12
Note_002814,66,101092.3,378.15,Right,MELODY,5,0.528,0.528,True,0.49,-0.0,-12
Note_002815,62,101113.31,357.14,Right,INNER,2,0.528,0.528,False,0.49,-0.0,-12
Note_002816,64,101113.31,357.14,Right,INNER,4,0.268,0.268,False,0.49,-0.0,-12
Note_002817,42,101218.35,31.51,Left,BASS,2,0.11,0.11,True,0.241,5.0,0
Note_002818,42,101344.4,31.51,Left,BASS,2,0.535,0.535,True,0.241,5.0,0
Note_002819,62,101470.45,126.05,Right,INNER,1,0.394,0.394,False,0.494,10.0,0
Note_002820,64,101470.45,126.05,Right,INNER,2,0.134,0.134,False,0.494,10.0,0
Note_002821,66,101470.45,126.05,Right,MELODY,4,0.394,0.394,True,0.494,10.0,0
Note_002822,28,101596.5,378.15,Left,BASS,5,1.0,1.0,False,0.138,-0.0,0
Note_002823,28,101596.5,378.15,Left,INNER,4,1.0,1.0,False,0.138,-0.0,0
Note_002824,36,101596.5,31.51,Left,INNER,2,0.85,0.85,False,0.138,-0.0,0
Note_002825,40,101596.5,31.51,Left,INNER,1,0.74,0.74,False,0.138,-0.0,0
Note_002826,56,101596.5,126.05,Right,INNER,1,0.535,0.535,True,0.476,0.0,0
Note_002827,62,101596.5,378.15,Right,INNER,2,0.543,0.543,False,0.476,0.0,0
Note_002828,64,101596.5,126.05,Right,INNER,3,0.535,0.535,False,0.476,0.0,0
Note_002829,64,101596.5,378.15,Right,INNER,4,0.283,0.283,False,0.476,0.0,0
Note_002830,66,101596.5,378.15,Right,MELODY,5,0.543,0.543,True,0.476,0.0,0
Note_002831,42,101722.55,31.51,Left,BASS,2,0.213,0.213,True,0.241,5.0,0
Note_002832,57,101722.55,126.05,Right,INNER,1,0.535,0.535,False,0.466,10.0,0
Note_002833,66,101722.55,126.05,Right,MELODY,3,0.535,0.535,True,0.466,10.0,0
Note_002834,42,101848.6,31.51,Left,BASS,2,0.535,0.535,True,0.241,5.0,0
Note_002835,59,101848.6,126.05,Right,INNER,1,0.535,0.535,False,0.489,10.0,0
Note_002836,68,101848.6,126.05,Right,MELODY,3,0.535,0.535,True,0.489,10.0,0
Note_002837,62,101974.65,126.05,Right,INNER,0,0.709,0.709,False,0.511,0.0,0
Note_002838,64,101974.65,126.05,Right,INNER,1,0.535,0.535,False,0.511,0.0,0
Note_002839,64,101974.65,126.05,Right,INNER,2,0.449,0.449,False,0.511,0.0,0
Note_002840,66,101974.65,21.01,Right,INNER,3,0.543,0.543,True,0.511,0.0,0
Note_002841,71,101974.65,126.05,Right,MELODY,5,0.535,0.535,False,0.511,0.0,0
Note_002842,66,101995.66,105.04,Right,INNER,4,0.709,0.709,True,0.511,0.0,0
Note_002843,26,102100.7,378.15,Left,BASS,5,1.0,1.0,False,0.096,-0.0,0
Note_002844,26,102100.7,378.15,Left,INNER,3,1.0,1.0,False,0.096,-0.0,0
Note_002845,36,102100.7,31.51,Left,INNER,1,0.85,0.85,False,0.096,-0.0,0
Note_002846,59,102100.7,126.05,Right,INNER,1,0.535,0.535,False,0.489,10.0,0
Note_002847,68,102100.7,126.05,Right,MELODY,3,0.535,0.535,True,0.489,10.0,0
Note_002848,42,102226.75,31.51,Left,BASS,2,0.11,0.11,True,0.241,5.0,0
Note_002849,59,102226.75,378.15,Right,INNER,1,0.449,0.449,False,0.487,0.0,0
Note_002850,61,102226.75,126.05,Right,INNER,2,0.535,0.535,True,0.487,0.0,0
Note_002851,62,102226.75,378.15,Right,INNER,3,0.654,0.654,False,0.487,0.0,0
Note_002852,66,102226.75,378.15,Right,INNER,4,0.551,0.551,True,0.487,0.0,0
Note_002853,69,102226.75,126.05,Right,MELODY,5,0.535,0.535,False,0.487,0.0,0
Note_002854,42,102352.8,31.51,Left,BASS,2,0.535,0.535,True,0.241,5.0,0
Note_002855,62,102352.8,126.05,Right,INNER,2,0.535,0.535,False,0.523,-5.0,0
Note_002856,71,102352.8,126.05,Right,MELODY,5,0.535,0.535,False,0.523,-5.0,0
Note_002857,68,102478.85,126.05,Right,INNER,1,0.535,0.535,True,0.586,15.0,12
Note_002858,76,102478.85,126.05,Right,MELODY,2,0.535,0.535,False,0.586,15.0,12
Note_002859,26,102604.9,378.15,Left,BASS,5,1.0,1.0,False,0.126,-0.0,0
Note_002860,26,102604.9,378.15,Left,INNER,4,1.0,1.0,False,0.126,-0.0,0
Note_002861,36,102604.9,31.51,Left,INNER,2,0.85,0.85,False,0.126,-0.0,0
Note_002862,40,102604.9,31.51,Left,INNER,1,0.74,0.74,False,0.126,-0.0,0
Note_002863,59,102604.9,21.01,Right,INNER,0,0.323,0.323,False,0.493,0.0,-12
Note_002864,62,102604.9,21.01,Right,INNER,1,0.528,0.528,False,0.493,0.0,-12
Note_002865,64,102604.9,126.05,Right,INNER,2,0.535,0.535,False,0.493,0.0,-12
Note_002866,66,102604.9,21.01,Right,INNER,3,0.425,0.425,True,0.493,0.0,-12
Note_002867,73,102604.9,126.05,Right,MELODY,5,0.535,0.535,True,0.493,0.0,-12
Note_002868,59,102625.91,105.04,Right,INNER,0,0.394,0.394,False,0.493,0.0,-12
Note_002869,62,102625.91,105.04,Right,INNER,0,0.598,0.598,False,0.493,0.0,-12
Note_002870,66,102625.91,105.04,Right,INNER,4,0.496,0.496,True,0.493,0.0,-12
Note_002871,42,102730.95,31.51,Left,BASS,2,0.11,0.11,True,0.241,5.0,0
Note_002872,59,102730.95,126.05,Right,INNER,1,0.244,0.244,False,0.51,-0.0,0
Note_002873,62,102730.95,126.05,Right,INNER,2,0.449,0.449,False,0.51,-0.0,0
Note_002874,66,102730.95,126.05,Right,INNER,3,0.535,0.535,True,0.51,-0.0,0
Note_002875,66,102730.95,126.05,Right,INNER,4,0.346,0.346,True,0.51,-0.0,0
Note_002876,74,102730.95,126.05,Right,MELODY,5,0.535,0.535,False,0.51,-0.0,0
Note_002877,40,102772.97,31.51,Left,BASS,5,0.535,0.535,False,0.218,-10.0,0
Note_002878,42,102857.0,31.51,Left,BASS,4,0.535,0.535,True,0.241,-5.0,0
Note_002879,59,102857.0,21.01,Right,INNER,0,0.323,0.323,False,0.503,0.0,0
Note_002880,62,102857.0,21.01,Right,INNER,1,0.528,0.528,False,0.503,0.0,0
Note_002881,66,102857.0,21.01,Right,INNER,2,0.425,0.425,True,0.503,0.0,0
Note_002882,68,102857.0,126.05,Right,INNER,4,0.535,0.535,True,0.503,0.0,0
Note_002883,76,102857.0,126.05,Right,MELODY,5,0.535,0.535,False,0.503,0.0,0
Note_002884,59,102878.01,105.04,Right,INNER,0,0.441,0.441,False,0.503,0.0,0
Note_002885,62,102878.01,105.04,Right,INNER,0,0.646,0.646,False,0.503,0.0,0
Note_002886,66,102878.01,105.04,Right,INNER,3,0.543,0.543,True,0.503,0.0,0
Note_002887,59,102983.05,126.05,Left,INNER,4,0.37,0.37,False,0.509,10.0,0
Note_002888,62,102983.05,126.05,Left,INNER,3,0.575,0.575,False,0.509,10.0,0
Note_002889,66,102983.05,126.05,Left,INNER,2,0.472,0.472,True,0.509,10.0,0
Note_002890,74,102983.05,126.05,Left,INNER,1,0.535,0.535,False,0.509,10.0,0
Note_002891,83,102983.05,126.05,Right,MELODY,5,0.535,0.535,False,0.713,-10.0,0
Note_002892,25,103109.1,252.1,Left,BASS,5,1.0,1.0,True,0.088,0.0,12
Note_002893,25,103109.1,252.1,Left,INNER,3,1.0,1.0,True,0.088,0.0,12
Note_002894,36,103109.1,31.51,Left,INNER,1,0.85,0.85,False,0.088,0.0,12
Note_002895,73,103109.1,2016.8,Right,INNER,2,0.591,0.591,True,0.638,-10.0,0
Note_002896,76,103109.1,4537.81,Right,INNER,3,0.535,0.535,False,0.638,-10.0,0
Note_002897,76,103109.1,2016.8,Right,INNER,4,0.591,0.591,False,0.638,-10.0,0
Note_002898,81,103109.1,4537.81,Right,MELODY,5,0.535,0.535,False,0.638,-10.0,0
Note_002899,42,103361.2,31.51,Left,BASS,2,0.535,0.535,True,0.241,5.0,0
Note_002900,57,103487.26,126.05,Right,INNER,1,0.394,0.394,False,0.437,15.0,0
Note_002901,61,103487.26,126.05,Right,MELODY,2,0.394,0.394,True,0.437,15.0,0
Note_002902,25,103613.31,378.15,Left,BASS,5,1.0,1.0,True,0.121,5.0,12
Note_002903,25,103613.31,378.15,Left,INNER,3,1.0,1.0,True,0.121,5.0,12
Note_002904,36,103613.31,31.51,Left,INNER,2,0.85,0.85,False,0.121,5.0,12
Note_002905,40,103613.31,31.51,Left,INNER,1,0.74,0.74,False,0.121,5.0,12
Note_002906,57,103613.31,378.15,Right,INNER,1,0.543,0.543,False,0.437,5.0,0
Note_002907,61,103613.31,378.15,Right,MELODY,4,0.543,0.543,True,0.437,5.0,0
Note_002908,42,103739.36,31.51,Left,BASS,2,0.213,0.213,True,0.241,5.0,0
Note_002909,42,103865.41,31.51,Left,BASS,2,0.535,0.535,True,0.241,5.0,0
Note_002910,25,103991.46,252.1,Left,BASS,5,1.0,1.0,True,0.046,-15.0,12
Note_002911,25,103991.46,252.1,Left,INNER,4,1.0,1.0,True,0.046,-15.0,12
Note_002912,57,103991.46,21.01,Right,INNER,1,0.543,0.543,False,0.429,10.0,0
Note_002913,61,103991.46,126.05,Right,MELODY,4,0.709,0.709,True,0.429,10.0,0
Note_002914,57,104012.46,105.04,Right,INNER,2,0.709,0.709,False,0.429,10.0,0
Note_002915,36,104117.51,31.51,Left,BASS,3,0.85,0.85,False,0.172,-0.0,0
Note_002916,42,104243.56,31.51,Left,BASS,2,0.11,0.11,True,0.241,5.0,0
Note_002917,57,104243.56,378.15,Right,INNER,1,0.654,0.654,False,0.437,5.0,0
Note_002918,61,104243.56,378.15,Right,MELODY,4,0.654,0.654,True,0.437,5.0,0
Note_002919,25,104369.61,252.1,Left,BASS,5,1.0,1.0,True,0.111,-5.0,12
Note_002920,25,104369.61,252.1,Left,INNER,3,1.0,1.0,True,0.111,-5.0,12
Note_002921,42,104369.61,31.51,Left,INNER,2,0.535,0.535,True,0.111,-5.0,12
Note_002922,36,104621.71,31.51,Left,BASS,2,0.85,0.85,False,0.195,15.0,0
Note_002923,40,104621.71,31.51,Left,INNER,1,0.74,0.74,False,0.195,15.0,0
Note_002924,57,104621.71,21.01,Right,INNER,1,0.528,0.528,False,0.437,10.0,0
Note_002925,61,104621.71,21.01,Right,INNER,3,0.528,0.528,True,0.437,10.0,0
Note_002926,57,104642.72,105.04,Right,INNER,2,0.598,0.598,False,0.437,10.0,0
Note_002927,61,104642.72,105.04,Right,MELODY,4,0.598,0.598,True,0.437,10.0,0
Note_002928,25,104747.76,378.15,Left,BASS,5,1.0,1.0,True,0.046,-10.0,12
Note_002929,25,104747.76,378.15,Left,INNER,3,1.0,1.0,True,0.046,-10.0,12
Note_002930,57,104747.76,126.05,Right,INNER,1,0.449,0.449,False,0.437,5.0,0
Note_002931,61,104747.76,126.05,Right,MELODY,4,0.449,0.449,True,0.437,5.0,0
Note_002932,42,104873.81,31.51,Left,BASS,2,0.535,0.535,True,0.241,5.0,0
Note_002933,57,104873.81,21.01,Right,INNER,1,0.528,0.528,False,0.437,10.0,0
Note_002934,61,104873.81,21.01,Right,INNER,3,0.528,0.528,True,0.437,10.0,0
Note_002935,57,104894.82,105.04,Right,INNER,2,0.646,0.646,False,0.437,10.0,0
Note_002936,61,104894.82,105.04,Right,MELODY,4,0.646,0.646,True,0.437,10.0,0
Note_002937,57,104999.86,126.05,Right,INNER,2,0.575,0.575,False,0.437,0.0,0
Note_002938,61,104999.86,126.05,Right,MELODY,4,0.575,0.575,True,0.437,0.0,0
Note_002939,26,105125.91,252.1,Left,BASS,5,1.0,1.0,False,0.096,-0.0,0
Note_002940,26,105125.91,252.1,Left,INNER,3,1.0,1.0,False,0.096,-0.0,0
Note_002941,36,105125.91,31.51,Left,INNER,1,0.85,0.85,False,0.096,-0.0,0
Note_002942,74,105125.91,2016.8,Right,INNER,1,0.591,0.591,False,0.632,10.0,0
Note_002943,78,105125.91,2016.8,Right,MELODY,3,0.591,0.591,True,0.632,10.0,0
Note_002944,42,105378.01,31.51,Left,BASS,2,0.535,0.535,True,0.241,5.0,0
Note_002945,57,105504.06,126.05,Right,INNER,2,0.394,0.394,False,0.443,0.0,0
Note_002946,62,105504.06,126.05,Right,MELODY,4,0.394,0.394,False,0.443,0.0,0
Note_002947,26,105630.11,378.15,Left,BASS,5,1.0,1.0,False,0.126,-0.0,0
Note_002948,26,105630.11,378.15,Left,INNER,4,1.0,1.0,False,0.126,-0.0,0
Note_002949,36,105630.11,31.51,Left,INNER,2,0.85,0.85,False,0.126,-0.0,0
Note_002950,40,105630.11,31.51,Left,INNER,1,0.74,0.74,False,0.126,-0.0,0
Note_002951,57,105630.11,378.15,Right,INNER,1,0.543,0.543,False,0.443,15.0,0
Note_002952,62,105630.11,378.15,Right,MELODY,2,0.543,0.543,False,0.443,15.0,0
Note_002953,42,105756.16,31.51,Left,BASS,2,0.213,0.213,True,0.241,5.0,0
Note_002954,42,105882.21,31.51,Left,BASS,2,0.535,0.535,True,0.241,5.0,0
Note_002955,80,105882.21,126.05,Right,MELODY,3,0.591,0.591,True,0.678,0.0,0
Note_002956,26,106008.26,252.1,Left,BASS,5,1.0,1.0,False,0.057,-0.0,0
Note_002957,26,106008.26,252.1,Left,INNER,1,1.0,1.0,False,0.057,-0.0,0
Note_002958,81,106008.26,126.05,Right,MELODY,4,0.591,0.591,False,0.69,-5.0,0
Note_002959,36,106134.31,31.51,Left,BASS,3,0.85,0.85,False,0.172,-0.0,0
Note_002960,83,106134.31,756.3,Right,MELODY,5,0.591,0.591,False,0.713,-10.0,0
Note_002961,42,106260.36,31.51,Left,BASS,2,0.11,0.11,True,0.241,5.0,0
Note_002962,57,106260.36,378.15,Right,INNER,1,0.654,0.654,False,0.443,5.0,0
Note_002963,62,106260.36,378.15,Right,MELODY,4,0.654,0.654,False,0.443,5.0,0
Note_002964,26,106386.41,252.1,Left,BASS,5,1.0,1.0,False,0.119,-5.0,0
Note_002965,26,106386.41,252.1,Left,INNER,3,1.0,1.0,False,0.119,-5.0,0
Note_002966,42,106386.41,31.51,Left,INNER,2,0.535,0.535,True,0.119,-5.0,0
Note_002967,36,106638.51,31.51,Left,BASS,2,0.85,0.85,False,0.195,15.0,0
Note_002968,40,106638.51,31.51,Left,INNER,1,0.74,0.74,False,0.195,15.0,0
Note_002969,57,106638.51,21.01,Right,INNER,1,0.528,0.528,False,0.443,10.0,0
Note_002970,62,106638.51,21.01,Right,INNER,3,0.528,0.528,False,0.443,10.0,0
Note_002971,57,106659.52,105.04,Right,INNER,2,0.598,0.598,False,0.443,10.0,0
Note_002972,62,106659.52,105.04,Right,MELODY,4,0.598,0.598,False,0.443,10.0,0
Note_002973,26,106764.56,378.15,Left,BASS,5,1.0,1.0,False,0.119,-5.0,0
Note_002974,26,106764.56,378.15,Left,INNER,3,1.0,1.0,False,0.119,-5.0,0
Note_002975,42,106764.56,31.51,Left,INNER,2,0.213,0.213,True,0.119,-5.0,0
Note_002976,57,106764.56,126.05,Right,INNER,2,0.449,0.449,False,0.443,0.0,0
Note_002977,62,106764.56,126.05,Right,MELODY,4,0.449,0.449,False,0.443,0.0,0
Note_002978,42,106890.61,31.51,Left,BASS,2,0.535,0.535,True,0.241,5.0,0
Note_002979,81,106890.61,126.05,Right,MELODY,5,0.591,0.591,False,0.69,-10.0,0
Note_002980,57,107016.66,126.05,Left,INNER,2,0.575,0.575,False,0.443,15.0,0
Note_002981,62,107016.66,126.05,Left,INNER,1,0.575,0.575,False,0.443,15.0,0
Note_002982,80,107016.66,126.05,Right,MELODY,4,0.591,0.591,True,0.678,-5.0,0
Note_002983,25,107142.71,252.1,Left,BASS,5,1.0,1.0,True,0.088,0.0,12
Note_002984,25,107142.71,252.1,Left,INNER,3,1.0,1.0,True,0.088,0.0,12
Note_002985,36,107142.71,31.51,Left,INNER,1,0.85,0.85,False,0.088,0.0,12
Note_002986,73,107142.71,2016.8,Right,INNER,1,0.591,0.591,True,0.64,10.0,12
Note_002987,76,107142.71,2016.8,Right,INNER,2,0.591,0.591,False,0.64,10.0,12
Note_002988,81,107142.71,2016.8,Right,MELODY,4,0.591,0.591,False,0.64,10.0,12
Note_002989,42,107394.81,31.51,Left,BASS,2,0.535,0.535,True,0.241,5.0,0
Note_002990,57,107520.86,126.05,Right,INNER,3,0.394,0.394,False,0.437,-10.0,-12
Note_002991,61,107520.86,126.05,Right,MELODY,5,0.394,0.394,True,0.437,-10.0,-12
Note_002992,25,107646.91,378.15,Left,BASS,5,1.0,1.0,True,0.121,5.0,12
Note_002993,25,107646.91,378.15,Left,INNER,3,1.0,1.0,True,0.121,5.0,12
Note_002994,36,107646.91,31.51,Left,INNER,2,0.85,0.85,False,0.121,5.0,12
Note_002995,40,107646.91,31.51,Left,INNER,1,0.74,0.74,False,0.121,5.0,12
Note_002996,57,107646.91,378.15,Right,INNER,1,0.543,0.543,False,0.456,15.0,0
Note_002997,61,107646.91,378.15,Right,INNER,2,0.543,0.543,True,0.456,15.0,0
Note_002998,64,107646.91,378.15,Right,MELODY,3,0.591,0.591,False,0.456,15.0,0
Note_002999,42,107772.96,31.51,Left,BASS,2,0.213,0.213,True,0.241,5.0,0
Note_003000,42,107899.01,31.51,Left,BASS,2,0.535,0.535,True,0.241,5.0,0
Note_003001,25,108025.06,252.1,Left,BASS,5,1.0,1.0,True,0.046,-15.0,12
Note_003002,25,108025.06,252.1,Left,INNER,4,1.0,1.0,True,0.046,-15.0,12
Note_003003,57,108025.06,21.01,Right,INNER,1,0.543,0.543,False,0.445,10.0,0
Note_003004,61,108025.06,126.05,Right,INNER,3,0.709,0.709,True,0.445,10.0,0
Note_003005,64,108025.06,94.54,Right,MELODY,4,0.591,0.591,False,0.445,10.0,0
Note_003006,57,108046.07,105.04,Right,INNER,2,0.709,0.709,False,0.445,10.0,0
Note_003007,36,108151.11,31.51,Left,BASS,3,0.85,0.85,False,0.172,-0.0,0
Note_003008,69,108151.11,378.15,Right,MELODY,5,0.591,0.591,False,0.552,-10.0,0
Note_003009,42,108277.16,31.51,Left,BASS,2,0.11,0.11,True,0.241,5.0,0
Note_003010,57,108277.16,378.15,Right,INNER,2,0.654,0.654,False,0.437,5.0,0
Note_003011,61,108277.16,378.15,Right,MELODY,3,0.654,0.654,True,0.437,5.0,0
Note_003012,42,108403.21,31.51,Left,INNER,2,0.535,0.535,True,0.111,-5.0,12
Note_003013,25,108403.22,252.1,Left,BASS,5,1.0,1.0,True,0.111,-5.0,12
Note_003014,25,108403.22,252.1,Left,INNER,3,1.0,1.0,True,0.111,-5.0,12
Note_003015,69,108529.27,94.54,Right,MELODY,4,0.591,0.591,False,0.552,-5.0,0
Note_003016,36,108655.32,31.51,Left,BASS,2,0.85,0.85,False,0.195,15.0,0
Note_003017,40,108655.32,31.51,Left,INNER,1,0.74,0.74,False,0.195,15.0,0
Note_003018,76,108655.32,378.15,Right,MELODY,5,0.591,0.591,False,0.632,-10.0,0
Note_003019,25,108781.37,378.15,Left,BASS,5,1.0,1.0,True,0.046,-15.0,12
Note_003020,25,108781.37,378.15,Left,INNER,4,1.0,1.0,True,0.046,-15.0,12
Note_003021,57,108781.37,126.05,Right,INNER,1,0.449,0.449,False,0.437,5.0,0
Note_003022,61,108781.37,126.05,Right,MELODY,4,0.449,0.449,True,0.437,5.0,0
Note_003023,42,108907.42,31.51,Left,BASS,3,0.535,0.535,True,0.241,-0.0,0
Note_003024,57,108907.42,21.01,Right,INNER,1,0.528,0.528,False,0.437,10.0,0
Note_003025,61,108907.42,21.01,Right,INNER,3,0.528,0.528,True,0.437,10.0,0
Note_003026,57,108928.42,105.04,Right,INNER,2,0.646,0.646,False,0.437,10.0,0
Note_003027,61,108928.42,105.04,Right,MELODY,4,0.646,0.646,True,0.437,10.0,0
Note_003028,57,109033.47,126.05,Left,INNER,3,0.575,0.575,False,0.437,5.0,0
Note_003029,61,109033.47,126.05,Left,INNER,2,0.575,0.575,True,0.437,5.0,0
Note_003030,76,109033.47,94.54,Right,MELODY,1,0.591,0.591,False,0.632,10.0,0
Note_003031,30,109159.52,252.1,Left,BASS,5,1.0,1.0,True,0.126,-0.0,12
Note_003032,30,109159.52,252.1,Left,INNER,3,1.0,1.0,True,0.126,-0.0,12
Note_003033,36,109159.52,31.51,Left,INNER,1,0.85,0.85,False,0.126,-0.0,12
Note_003034,69,109159.52,1008.4,Right,INNER,1,0.591,0.591,False,0.632,0.0,0
Note_003035,73,109159.52,1008.4,Right,INNER,2,0.591,0.591,True,0.632,0.0,0
Note_003036,81,109159.52,756.3,Right,INNER,4,0.591,0.591,False,0.632,0.0,0
Note_003037,81,109159.52,1008.4,Right,MELODY,5,0.591,0.591,False,0.632,0.0,0
Note_003038,42,109411.62,31.51,Left,BASS,2,0.535,0.535,True,0.241,5.0,0
Note_003039,57,109537.67,126.05,Right,INNER,3,0.394,0.394,False,0.437,-5.0,0
Note_003040,61,109537.67,126.05,Right,MELODY,4,0.394,0.394,True,0.437,-5.0,0
Note_003041,30,109663.72,378.15,Left,BASS,5,1.0,1.0,True,0.149,5.0,12
Note_003042,30,109663.72,378.15,Left,INNER,3,1.0,1.0,True,0.149,5.0,12
Note_003043,36,109663.72,31.51,Left,INNER,2,0.85,0.85,False,0.149,5.0,12
Note_003044,40,109663.72,31.51,Left,INNER,1,0.74,0.74,False,0.149,5.0,12
Note_003045,57,109663.72,378.15,Right,INNER,2,0.543,0.543,False,0.437,5.0,0
Note_003046,61,109663.72,378.15,Right,MELODY,3,0.543,0.543,True,0.437,5.0,0
Note_003047,42,109789.77,31.51,Left,BASS,2,0.213,0.213,True,0.241,5.0,0
Note_003048,42,109915.82,31.51,Left,BASS,2,0.535,0.535,True,0.241,5.0,0
Note_003049,81,109915.82,63.03,Right,MELODY,4,0.591,0.591,False,0.69,-5.0,0
Note_003050,83,109978.84,63.03,Right,MELODY,5,0.591,0.591,False,0.713,-10.0,0
Note_003051,30,110041.87,252.1,Left,BASS,5,1.0,1.0,True,0.103,-15.0,12
Note_003052,30,110041.87,252.1,Left,INNER,4,1.0,1.0,True,0.103,-15.0,12
Note_003053,81,110041.87,126.05,Right,MELODY,5,0.591,0.591,False,0.69,-10.0,0
Note_003054,36,110167.92,31.51,Left,BASS,3,0.85,0.85,False,0.172,-0.0,0
Note_003055,68,110167.92,1008.4,Right,INNER,1,0.591,0.591,True,0.621,0.0,0
Note_003056,72,110167.92,1008.4,Right,INNER,2,0.591,0.591,False,0.621,0.0,0
Note_003057,80,110167.92,756.3,Right,INNER,4,0.591,0.591,True,0.621,0.0,0
Note_003058,80,110167.92,1008.4,Right,MELODY,5,0.591,0.591,True,0.621,0.0,0
Note_003059,42,110293.97,31.51,Left,BASS,2,0.11,0.11,True,0.241,5.0,0
Note_003060,56,110293.97,378.15,Right,INNER,1,0.654,0.654,True,0.425,10.0,12
Note_003061,60,110293.97,378.15,Right,MELODY,3,0.654,0.654,False,0.425,10.0,12
Note_003062,30,110420.02,252.1,Left,BASS,3,1.0,1.0,True,0.149,15.0,-12
Note_003063,30,110420.02,252.1,Left,INNER,2,1.0,1.0,True,0.149,15.0,-12
Note_003064,42,110420.02,31.51,Left,INNER,1,0.535,0.535,True,0.149,15.0,-12
Note_003065,36,110672.12,31.51,Left,BASS,5,0.85,0.85,False,0.195,-0.0,0
Note_003066,40,110672.12,31.51,Left,INNER,1,0.74,0.74,False,0.195,-0.0,0
Note_003067,56,110672.12,21.01,Right,INNER,1,0.528,0.528,True,0.425,10.0,12
Note_003068,60,110672.12,21.01,Right,INNER,3,0.528,0.528,False,0.425,10.0,12
Note_003069,56,110693.13,105.04,Right,INNER,2,0.598,0.598,True,0.425,10.0,12
Note_003070,60,110693.13,105.04,Right,MELODY,4,0.598,0.598,False,0.425,10.0,12
Note_003071,30,110798.17,378.15,Left,BASS,5,1.0,1.0,True,0.149,5.0,0
Note_003072,30,110798.17,378.15,Left,INNER,2,1.0,1.0,True,0.149,5.0,0
Note_003073,42,110798.17,31.51,Left,INNER,1,0.213,0.213,True,0.149,5.0,0
Note_003074,56,110798.17,126.05,Right,INNER,2,0.449,0.449,True,0.425,0.0,0
Note_003075,60,110798.17,126.05,Right,MELODY,4,0.449,0.449,False,0.425,0.0,0
Note_003076,42,110924.22,31.51,Left,BASS,3,0.535,0.535,True,0.241,-0.0,0
Note_003077,77,110924.22,126.05,Right,MELODY,1,0.591,0.591,False,0.644,10.0,0
Note_003078,56,111050.27,126.05,Left,INNER,3,0.575,0.575,True,0.425,5.0,0
Note_003079,60,111050.27,126.05,Left,INNER,2,0.575,0.575,False,0.425,5.0,0
Note_003080,78,111050.27,126.05,Right,MELODY,4,0.591,0.591,True,0.655,-5.0,0
Note_003081,29,111176.32,252.1,Left,BASS,5,1.0,1.0,False,0.119,-0.0,0
Note_003082,29,111176.32,252.1,Left,INNER,3,1.0,1.0,False,0.119,-0.0,0
Note_003083,36,111176.32,31.51,Left,INNER,1,0.85,0.85,False,0.119,-0.0,0
Note_003084,72,111176.32,1008.4,Right,INNER,1,0.591,0.591,False,0.628,5.0,0
Note_003085,75,111176.32,1008.4,Right,INNER,3,0.591,0.591,True,0.628,5.0,0
Note_003086,80,111176.32,1764.7,Right,MELODY,4,0.591,0.591,True,0.628,5.0,0
Note_003087,42,111428.42,31.51,Left,BASS,2,0.535,0.535,True,0.241,5.0,0
Note_003088,56,111554.47,126.05,Right,INNER,2,0.394,0.394,True,0.443,-5.0,-12
Note_003089,63,111554.47,126.05,Right,MELODY,5,0.394,0.394,True,0.443,-5.0,-12
Note_003090,29,111680.52,378.15,Left,BASS,5,1.0,1.0,False,0.144,-0.0,0
Note_003091,29,111680.52,378.15,Left,INNER,4,1.0,1.0,False,0.144,-0.0,0
Note_003092,36,111680.52,31.51,Left,INNER,2,0.85,0.85,False,0.144,-0.0,0
Note_003093,40,111680.52,31.51,Left,INNER,1,0.74,0.74,False,0.144,-0.0,0
Note_003094,87,111680.52,504.2,Right,INNER,1,0.512,0.512,True,0.759,5.0,12
Note_003095,87,111680.52,504.2,Right,MELODY,4,1.0,1.0,True,0.759,5.0,12
Note_003096,42,111806.57,31.51,Left,BASS,2,0.213,0.213,True,0.241,5.0,0
Note_003097,42,111932.62,31.51,Left,BASS,2,0.535,0.535,True,0.241,5.0,0
Note_003098,34,112058.67,252.1,Left,BASS,5,1.0,1.0,True,0.149,-15.0,12
Note_003099,34,112058.67,252.1,Left,INNER,4,1.0,1.0,True,0.149,-15.0,12
Note_003100,56,112058.67,21.01,Right,INNER,2,0.543,0.543,True,0.421,-5.0,-12
Note_003101,61,112058.67,126.05,Right,MELODY,5,0.709,0.709,True,0.421,-5.0,-12
Note_003102,56,112079.68,105.04,Right,INNER,3,0.709,0.709,True,0.421,-5.0,-12
Note_003103,36,112184.72,31.51,Left,BASS,3,0.85,0.85,False,0.172,-0.0,0
Note_003104,85,112184.72,504.2,Right,INNER,1,0.512,0.512,True,0.736,5.0,12
Note_003105,85,112184.72,504.2,Right,MELODY,4,1.0,1.0,True,0.736,5.0,12
Note_003106,42,112310.77,31.51,Left,BASS,2,0.11,0.11,True,0.241,5.0,0
Note_003107,56,112310.77,378.15,Right,INNER,2,0.654,0.654,True,0.431,5.0,0
Note_003108,61,112310.77,378.15,Right,MELODY,3,0.654,0.654,True,0.431,5.0,0
Note_003109,34,112436.82,252.1,Left,BASS,5,1.0,1.0,True,0.18,-10.0,12
Note_003110,34,112436.82,252.1,Left,INNER,4,1.0,1.0,True,0.18,-10.0,12
Note_003111,42,112436.82,31.51,Left,INNER,2,0.535,0.535,True,0.18,-10.0,12
Note_003112,36,112688.92,31.51,Left,BASS,2,0.85,0.85,False,0.195,15.0,0
Note_003113,40,112688.92,31.51,Left,INNER,1,0.74,0.74,False,0.195,15.0,0
Note_003114,80,112688.92,504.2,Right,INNER,4,0.512,0.512,True,0.678,-15.0,-12
Note_003115,80,112688.92,504.2,Right,MELODY,5,1.0,1.0,True,0.678,-15.0,-12
Note_003116,34,112814.97,378.15,Left,BASS,5,1.0,1.0,True,0.149,-15.0,12
Note_003117,34,112814.97,378.15,Left,INNER,4,1.0,1.0,True,0.149,-15.0,12
Note_003118,56,112814.97,126.05,Right,INNER,2,0.449,0.449,True,0.431,5.0,0
Note_003119,61,112814.97,126.05,Right,MELODY,3,0.449,0.449,True,0.431,5.0,0
Note_003120,42,112941.02,31.51,Left,BASS,3,0.535,0.535,True,0.241,-0.0,0
Note_003121,78,112941.02,126.05,Right,INNER,1,0.591,0.591,True,0.707,5.0,12
Note_003122,87,112941.02,126.05,Right,MELODY,4,0.669,0.669,True,0.707,5.0,12
Note_003123,56,113067.07,126.05,Left,INNER,3,0.575,0.575,True,0.431,5.0,0
Note_003124,61,113067.07,126.05,Left,INNER,2,0.575,0.575,True,0.431,5.0,0
Note_003125,77,113067.07,126.05,Right,INNER,1,0.591,0.591,False,0.713,0.0,0
Note_003126,89,113067.07,126.05,Right,MELODY,5,0.669,0.669,False,0.713,0.0,0
Note_003127,27,113193.12,378.15,Left,BASS,5,1.0,1.0,True,0.103,-0.0,12
Note_003128,27,113193.12,378.15,Left,INNER,3,1.0,1.0,True,0.103,-0.0,12
Note_003129,36,113193.12,31.51,Left,INNER,1,0.85,0.85,False,0.103,-0.0,12
Note_003130,82,113193.12,504.2,Right,INNER,1,0.512,0.512,True,0.732,10.0,12
Note_003131,82,113193.12,504.2,Right,INNER,2,1.0,1.0,True,0.732,10.0,12
Note_003132,90,113193.12,378.15,Right,MELODY,4,0.669,0.669,True,0.732,10.0,12
Note_003133,42,113319.17,31.51,Left,BASS,2,0.11,0.11,True,0.241,5.0,0
Note_003134,42,113445.22,31.51,Left,BASS,3,0.535,0.535,True,0.241,-0.0,0
Note_003135,56,113571.28,126.05,Left,INNER,3,0.394,0.394,True,0.431,5.0,0
Note_003136,61,113571.28,126.05,Left,INNER,2,0.394,0.394,True,0.431,5.0,0
Note_003137,89,113571.28,378.15,Right,MELODY,4,0.669,0.669,False,0.782,-5.0,0
Note_003138,27,113697.33,378.15,Left,BASS,5,1.0,1.0,True,0.132,-0.0,12
Note_003139,27,113697.33,378.15,Left,INNER,4,1.0,1.0,True,0.132,-0.0,12
Note_003140,36,113697.33,31.51,Left,INNER,2,0.85,0.85,False,0.132,-0.0,12
Note_003141,40,113697.33,31.51,Left,INNER,1,0.74,0.74,False,0.132,-0.0,12
Note_003142,56,113697.33,378.15,Right,INNER,2,0.543,0.543,True,0.431,5.0,0
Note_003143,61,113697.33,378.15,Right,MELODY,3,0.543,0.543,True,0.431,5.0,0
Note_003144,42,113949.43,31.51,Left,BASS,2,0.535,0.535,True,0.241,5.0,0
Note_003145,87,113949.43,252.1,Right,MELODY,5,0.669,0.669,True,0.759,-10.0,-12
Note_003146,56,114075.48,21.01,Right,INNER,2,0.543,0.543,True,0.421,0.0,0
Note_003147,61,114075.48,126.05,Right,MELODY,4,0.709,0.709,True,0.421,0.0,0
Note_003148,56,114096.48,105.04,Right,INNER,3,0.709,0.709,True,0.421,0.0,0
Note_003149,27,114201.53,378.15,Left,BASS,5,1.0,1.0,True,0.103,-0.0,12
Note_003150,27,114201.53,378.15,Left,INNER,3,1.0,1.0,True,0.103,-0.0,12
Note_003151,36,114201.53,31.51,Left,INNER,1,0.85,0.85,False,0.103,-0.0,12
Note_003152,85,114201.53,378.15,Right,MELODY,5,0.669,0.669,True,0.736,-10.0,-12
Note_003153,56,114327.58,378.15,Right,INNER,2,0.654,0.654,True,0.431,0.0,0
Note_003154,61,114327.58,378.15,Right,MELODY,4,0.654,0.654,True,0.431,0.0,0
Note_003155,42,114453.63,31.51,Left,BASS,2,0.535,0.535,True,0.241,5.0,0
Note_003156,87,114579.68,63.03,Right,MELODY,5,0.669,0.669,True,0.759,-10.0,-12
Note_003157,85,114642.7,63.03,Right,MELODY,4,0.669,0.669,True,0.736,-5.0,0
Note_003158,27,114705.73,378.15,Left,BASS,5,1.0,1.0,True,0.132,-0.0,12
Note_003159,27,114705.73,378.15,Left,INNER,4,1.0,1.0,True,0.132,-0.0,12
Note_003160,36,114705.73,31.51,Left,INNER,2,0.85,0.85,False,0.132,-0.0,12
Note_003161,40,114705.73,31.51,Left,INNER,1,0.74,0.74,False,0.132,-0.0,12
Note_003162,80,114705.73,2268.9,Right,MELODY,3,0.669,0.669,True,0.678,0.0,0
Note_003163,42,114831.78,31.51,Left,BASS,2,0.213,0.213,True,0.241,5.0,0
Note_003164,56,114831.78,126.05,Right,INNER,1,0.449,0.449,True,0.431,15.0,12
Note_003165,61,114831.78,126.05,Right,MELODY,2,0.449,0.449,True,0.431,15.0,12
Note_003166,42,114957.83,31.51,Left,BASS,2,0.535,0.535,True,0.241,5.0,0
Note_003167,56,114957.83,21.01,Right,INNER,1,0.528,0.528,True,0.431,10.0,12
Note_003168,61,114957.83,21.01,Right,INNER,3,0.528,0.528,True,0.431,10.0,12
Note_003169,56,114978.84,105.04,Right,INNER,2,0.646,0.646,True,0.431,10.0,12
Note_003170,61,114978.84,105.04,Right,MELODY,4,0.646,0.646,True,0.431,10.0,12
Note_003171,56,115083.88,126.05,Right,INNER,2,0.575,0.575,True,0.431,5.0,0
Note_003172,61,115083.88,126.05,Right,MELODY,3,0.575,0.575,True,0.431,5.0,0
Note_003173,27,115209.93,378.15,Left,BASS,5,1.0,1.0,True,0.103,-0.0,12
Note_003174,27,115209.93,378.15,Left,INNER,3,1.0,1.0,True,0.103,-0.0,12
Note_003175,36,115209.93,31.51,Left,INNER,1,0.85,0.85,False,0.103,-0.0,12
Note_003176,70,115209.93,378.15,Right,INNER,1,0.591,0.591,True,0.609,5.0,12
Note_003177,78,115209.93,378.15,Right,MELODY,4,0.591,0.591,True,0.609,5.0,12
Note_003178,42,115335.98,31.51,Left,BASS,2,0.11,0.11,True,0.241,5.0,0
Note_003179,42,115462.03,31.51,Left,BASS,3,0.535,0.535,True,0.241,-0.0,0
Note_003180,56,115588.08,126.05,Left,INNER,3,0.394,0.394,True,0.467,15.0,-12
Note_003181,61,115588.08,126.05,Left,INNER,2,0.394,0.394,True,0.467,15.0,-12
Note_003182,68,115588.08,378.15,Left,INNER,1,0.591,0.591,True,0.467,15.0,-12
Note_003183,77,115588.08,378.15,Right,MELODY,4,0.591,0.591,False,0.644,-5.0,0
Note_003184,27,115714.13,378.15,Left,BASS,5,1.0,1.0,True,0.132,-0.0,12
Note_003185,27,115714.13,378.15,Left,INNER,4,1.0,1.0,True,0.132,-0.0,12
Note_003186,36,115714.13,31.51,Left,INNER,2,0.85,0.85,False,0.132,-0.0,12
Note_003187,40,115714.13,31.51,Left,INNER,1,0.74,0.74,False,0.132,-0.0,12
Note_003188,56,115714.13,378.15,Right,INNER,2,0.543,0.543,True,0.431,5.0,0
Note_003189,61,115714.13,378.15,Right,MELODY,3,0.543,0.543,True,0.431,5.0,0
Note_003190,42,115966.23,31.51,Left,BASS,2,0.228,0.228,True,0.241,5.0,0
Note_003191,66,115966.23,252.1,Right,INNER,1,0.591,0.591,True,0.569,5.0,12
Note_003192,75,115966.23,252.1,Right,MELODY,4,0.591,0.591,True,0.569,5.0,12
Note_003193,27,116092.28,252.1,Left,BASS,5,1.0,1.0,True,0.126,-5.0,0
Note_003194,27,116092.28,252.1,Left,INNER,4,1.0,1.0,True,0.126,-5.0,0
Note_003195,42,116092.28,31.51,Left,INNER,1,0.535,0.535,True,0.126,-5.0,0
Note_003196,56,116092.28,21.01,Right,INNER,2,0.543,0.543,True,0.421,-5.0,-12
Note_003197,61,116092.28,126.05,Right,MELODY,5,0.709,0.709,True,0.421,-5.0,-12
Note_003198,56,116113.29,105.04,Right,INNER,3,0.709,0.709,True,0.421,-5.0,-12
Note_003199,36,116218.33,31.51,Left,BASS,1,0.85,0.85,False,0.172,10.0,0
Note_003200,65,116218.33,504.2,Right,INNER,1,0.591,0.591,False,0.552,5.0,0
Note_003201,73,116218.33,504.2,Right,MELODY,4,0.591,0.591,True,0.552,5.0,0
Note_003202,42,116344.38,31.51,Left,BASS,2,0.252,0.252,True,0.241,5.0,0
Note_003203,56,116344.38,378.15,Right,INNER,2,0.654,0.654,True,0.431,5.0,0
Note_003204,61,116344.38,378.15,Right,MELODY,3,0.654,0.654,True,0.431,5.0,0
Note_003205,27,116470.43,252.1,Left,BASS,5,1.0,1.0,True,0.126,-5.0,0
Note_003206,27,116470.43,252.1,Left,INNER,4,1.0,1.0,True,0.126,-5.0,0
Note_003207,42,116470.43,31.51,Left,INNER,1,0.535,0.535,True,0.126,-5.0,0
Note_003208,36,116722.53,31.51,Left,BASS,2,0.85,0.85,False,0.195,15.0,0
Note_003209,40,116722.53,31.51,Left,INNER,1,0.74,0.74,False,0.195,15.0,0
Note_003210,56,116722.53,21.01,Right,INNER,0,0.528,0.528,True,0.475,0.0,0
Note_003211,61,116722.53,2521.01,Right,INNER,1,0.591,0.591,True,0.475,0.0,0
Note_003212,61,116722.53,21.01,Right,INNER,2,0.528,0.528,True,0.475,0.0,0
Note_003213,68,116722.53,5546.21,Right,INNER,4,0.591,0.591,True,0.475,0.0,0
Note_003214,73,116722.53,4537.81,Right,MELODY,5,0.591,0.591,True,0.475,0.0,0
Note_003215,56,116743.54,105.04,Right,INNER,0,0.598,0.598,True,0.475,0.0,0
Note_003216,61,116743.54,105.04,Right,INNER,3,0.598,0.598,True,0.475,0.0,0
Note_003217,27,116848.58,378.15,Left,BASS,5,1.0,1.0,True,0.126,-5.0,0
Note_003218,27,116848.58,378.15,Left,INNER,4,1.0,1.0,True,0.126,-5.0,0
Note_003219,42,116848.58,31.51,Left,INNER,1,0.331,0.331,True,0.126,-5.0,0
Note_003220,56,116848.58,126.05,Right,INNER,2,0.449,0.449,True,0.431,5.0,0
Note_003221,61,116848.58,126.05,Right,MELODY,3,0.449,0.449,True,0.431,5.0,0
Note_003222,42,116974.63,31.51,Left,BASS,3,0.63,0.63,True,0.241,-0.0,0
Note_003223,87,116974.63,126.05,Right,MELODY,4,0.669,0.669,True,0.759,-5.0,0
Note_003224,56,117100.68,126.05,Left,INNER,3,0.575,0.575,True,0.431,5.0,0
Note_003225,61,117100.68,126.05,Left,INNER,2,0.575,0.575,True,0.431,5.0,0
Note_003226,89,117100.68,126.05,Right,MELODY,4,0.669,0.669,False,0.782,-5.0,0
Note_003227,32,117226.73,378.15,Left,BASS,5,1.0,1.0,True,0.142,0.0,12
Note_003228,32,117226.73,378.15,Left,INNER,3,1.0,1.0,True,0.142,0.0,12
Note_003229,36,117226.73,31.51,Left,INNER,1,0.85,0.85,False,0.142,0.0,12
Note_003230,90,117226.73,378.15,Right,MELODY,5,0.669,0.669,True,0.793,-10.0,-12
Note_003231,42,117352.78,31.51,Left,BASS,2,0.11,0.11,True,0.241,5.0,0
Note_003232,42,117478.83,31.51,Left,BASS,3,0.535,0.535,True,0.241,-0.0,0
Note_003233,56,117604.88,126.05,Left,INNER,3,0.394,0.394,True,0.475,15.0,-12
Note_003234,61,117604.88,126.05,Left,INNER,2,0.394,0.394,True,0.475,15.0,-12
Note_003235,70,117604.88,126.05,Left,INNER,1,0.283,0.283,True,0.475,15.0,-12
Note_003236,89,117604.88,378.15,Right,MELODY,1,0.669,0.669,False,0.782,10.0,0
Note_003237,32,117730.93,378.15,Left,BASS,5,1.0,1.0,True,0.161,5.0,12
Note_003238,32,117730.93,378.15,Left,INNER,3,1.0,1.0,True,0.161,5.0,12
Note_003239,36,117730.93,31.51,Left,INNER,2,0.85,0.85,False,0.161,5.0,12
Note_003240,40,117730.93,31.51,Left,INNER,1,0.74,0.74,False,0.161,5.0,12
Note_003241,56,117730.93,378.15,Right,INNER,2,0.543,0.543,True,0.475,-5.0,-12
Note_003242,61,117730.93,378.15,Right,INNER,3,0.543,0.543,True,0.475,-5.0,-12
Note_003243,70,117730.93,378.15,Right,MELODY,5,0.433,0.433,True,0.475,-5.0,-12
Note_003244,42,117983.03,31.51,Left,BASS,2,0.535,0.535,True,0.241,5.0,0
Note_003245,87,117983.03,252.1,Right,MELODY,1,0.669,0.669,True,0.759,10.0,12
Note_003246,56,118109.08,21.01,Right,INNER,1,0.543,0.543,True,0.478,-0.0,0
Note_003247,61,118109.08,126.05,Right,INNER,3,0.709,0.709,True,0.478,-0.0,0
Note_003248,70,118109.08,21.01,Right,INNER,4,0.433,0.433,True,0.478,-0.0,0
Note_003249,56,118130.09,105.04,Right,INNER,2,0.709,0.709,True,0.478,-0.0,0
Note_003250,70,118130.09,105.04,Right,MELODY,5,0.598,0.598,True,0.478,-0.0,0
Note_003251,32,118235.13,378.15,Left,BASS,5,1.0,1.0,True,0.142,-5.0,12
Note_003252,32,118235.13,378.15,Left,INNER,3,1.0,1.0,True,0.142,-5.0,12
Note_003253,36,118235.13,31.51,Left,INNER,2,0.85,0.85,False,0.142,-5.0,12
Note_003254,85,118235.13,378.15,Right,MELODY,1,0.669,0.669,True,0.736,10.0,12
Note_003255,56,118361.18,378.15,Right,INNER,2,0.654,0.654,True,0.475,-5.0,-12
Note_003256,61,118361.18,378.15,Right,INNER,3,0.654,0.654,True,0.475,-5.0,-12
Note_003257,70,118361.18,378.15,Right,MELODY,5,0.543,0.543,True,0.475,-5.0,-12
Note_003258,42,118487.23,31.51,Left,BASS,2,0.535,0.535,True,0.241,5.0,0
Note_003259,87,118613.29,63.03,Right,MELODY,1,0.669,0.669,True,0.759,10.0,12
Note_003260,89,118676.31,63.03,Right,MELODY,4,0.669,0.669,False,0.782,-5.0,0
Note_003261,32,118739.34,378.15,Left,BASS,5,1.0,1.0,True,0.161,5.0,12
Note_003262,32,118739.34,378.15,Left,INNER,3,1.0,1.0,True,0.161,5.0,12
Note_003263,36,118739.34,31.51,Left,INNER,2,0.85,0.85,False,0.161,5.0,12
Note_003264,40,118739.34,31.51,Left,INNER,1,0.63,0.63,False,0.161,5.0,12
Note_003265,92,118739.34,3403.36,Right,MELODY,5,0.669,0.669,True,0.816,-10.0,-12
Note_003266,42,118865.39,31.51,Left,BASS,2,0.213,0.213,True,0.241,5.0,0
Note_003267,56,118865.39,126.05,Right,INNER,1,0.449,0.449,True,0.475,10.0,12
Note_003268,61,118865.39,126.05,Right,INNER,2,0.449,0.449,True,0.475,10.0,12
Note_003269,70,118865.39,126.05,Right,MELODY,4,0.339,0.339,True,0.475,10.0,12
Note_003270,42,118991.44,31.51,Left,BASS,2,0.535,0.535,True,0.241,5.0,0
Note_003271,56,118991.44,21.01,Right,INNER,1,0.528,0.528,True,0.475,-0.0,0
Note_003272,61,118991.44,21.01,Right,INNER,2,0.528,0.528,True,0.475,-0.0,0
Note_003273,70,118991.44,21.01,Right,INNER,5,0.417,0.417,True,0.475,-0.0,0
Note_003274,56,119012.44,105.04,Right,INNER,0,0.646,0.646,True,0.475,-0.0,0
Note_003275,61,119012.44,105.04,Right,INNER,3,0.646,0.646,True,0.475,-0.0,0
Note_003276,70,119012.44,105.04,Right,MELODY,4,0.535,0.535,True,0.475,-0.0,0
Note_003277,56,119117.49,126.05,Right,INNER,1,0.575,0.575,True,0.475,10.0,12
Note_003278,61,119117.49,126.05,Right,INNER,2,0.575,0.575,True,0.475,10.0,12
Note_003279,70,119117.49,126.05,Right,MELODY,4,0.465,0.465,True,0.475,10.0,12
Note_003280,25,119243.54,378.15,Left,BASS,5,1.0,1.0,True,0.088,0.0,12
Note_003281,25,119243.54,378.15,Left,INNER,3,1.0,1.0,True,0.088,0.0,12
Note_003282,36,119243.54,31.51,Left,INNER,1,0.85,0.85,False,0.088,0.0,12
Note_003283,59,119243.54,252.1,Right,INNER,1,0.748,0.748,False,0.458,-0.0,0
Note_003284,59,119243.54,21.01,Right,INNER,2,0.512,0.512,False,0.458,-0.0,0
Note_003285,61,119243.54,4033.61,Right,INNER,3,0.591,0.591,True,0.458,-0.0,0
Note_003286,63,119243.54,252.1,Right,INNER,4,0.748,0.748,True,0.458,-0.0,0
Note_003287,64,119243.54,378.15,Right,MELODY,5,0.528,0.528,False,0.458,-0.0,0
Note_003288,59,119264.54,357.14,Right,INNER,0,0.528,0.528,False,0.458,-0.0,0
Note_003289,42,119369.59,31.51,Left,BASS,2,0.11,0.11,True,0.241,5.0,0
Note_003290,42,119495.64,31.51,Left,BASS,2,0.535,0.535,True,0.241,5.0,0
Note_003291,59,119495.64,252.1,Right,INNER,1,0.386,0.386,False,0.46,15.0,0
Note_003292,63,119495.64,252.1,Right,MELODY,2,0.386,0.386,True,0.46,15.0,0
Note_003293,59,119621.69,126.05,Right,INNER,4,0.394,0.394,False,0.466,-15.0,0
Note_003294,64,119621.69,126.05,Right,MELODY,5,0.394,0.394,False,0.466,-15.0,0
Note_003295,25,119747.74,378.15,Left,BASS,5,1.0,1.0,True,0.121,5.0,12
Note_003296,25,119747.74,378.15,Left,INNER,3,1.0,1.0,True,0.121,5.0,12
Note_003297,36,119747.74,31.51,Left,INNER,2,0.85,0.85,False,0.121,5.0,12
Note_003298,40,119747.74,31.51,Left,INNER,1,0.74,0.74,False,0.121,5.0,12
Note_003299,59,119747.74,252.1,Right,INNER,1,0.748,0.748,False,0.463,10.0,0
Note_003300,59,119747.74,378.15,Right,INNER,2,0.543,0.543,False,0.463,10.0,0
Note_003301,63,119747.74,252.1,Right,INNER,3,0.748,0.748,True,0.463,10.0,0
Note_003302,64,119747.74,378.15,Right,MELODY,4,0.543,0.543,False,0.463,10.0,0
Note_003303,42,119999.84,31.51,Left,BASS,2,0.535,0.535,True,0.241,5.0,0
Note_003304,59,119999.84,252.1,Right,INNER,1,0.386,0.386,False,0.46,0.0,-12
Note_003305,63,119999.84,252.1,Right,MELODY,5,0.386,0.386,True,0.46,0.0,-12
Note_003306,25,120125.89,252.1,Left,BASS,3,1.0,1.0,True,0.046,5.0,0
Note_003307,25,120125.89,252.1,Left,INNER,2,1.0,1.0,True,0.046,5.0,0
Note_003308,59,120125.89,126.05,Right,INNER,2,0.709,0.709,False,0.475,-0.0,0
Note_003309,64,120125.89,21.01,Right,INNER,3,0.543,0.543,False,0.475,-0.0,0
Note_003310,64,120146.9,105.04,Right,MELODY,4,0.709,0.709,False,0.475,-0.0,0
Note_003311,36,120251.94,31.51,Left,BASS,1,0.85,0.85,False,0.172,10.0,0
Note_003312,59,120377.99,378.15,Right,INNER,1,0.654,0.654,False,0.466,15.0,0
Note_003313,64,120377.99,378.15,Right,MELODY,2,0.654,0.654,False,0.466,15.0,0
Note_003314,25,120504.04,252.1,Left,BASS,5,1.0,1.0,True,0.111,-5.0,12
Note_003315,25,120504.04,252.1,Left,INNER,3,1.0,1.0,True,0.111,-5.0,12
Note_003316,42,120504.04,31.51,Left,INNER,2,0.535,0.535,True,0.111,-5.0,12
Note_003317,36,120756.14,31.51,Left,BASS,2,0.85,0.85,False,0.195,15.0,0
Note_003318,40,120756.14,31.51,Left,INNER,1,0.63,0.63,False,0.195,15.0,0
Note_003319,59,120756.14,21.01,Right,INNER,1,0.528,0.528,False,0.466,10.0,0
Note_003320,64,120756.14,21.01,Right,INNER,3,0.528,0.528,False,0.466,10.0,0
Note_003321,59,120777.15,105.04,Right,INNER,2,0.598,0.598,False,0.466,10.0,0
Note_003322,64,120777.15,105.04,Right,MELODY,4,0.598,0.598,False,0.466,10.0,0
Note_003323,25,120882.19,378.15,Left,BASS,5,1.0,1.0,True,0.111,-5.0,12
Note_003324,25,120882.19,378.15,Left,INNER,3,1.0,1.0,True,0.111,-5.0,12
Note_003325,42,120882.19,31.51,Left,INNER,2,0.213,0.213,True,0.111,-5.0,12
Note_003326,59,120882.19,126.05,Right,INNER,1,0.449,0.449,False,0.466,5.0,0
Note_003327,64,120882.19,126.05,Right,MELODY,4,0.449,0.449,False,0.466,5.0,0
Note_003328,42,121008.24,31.51,Left,BASS,2,0.535,0.535,True,0.241,5.0,0
Note_003329,59,121008.24,21.01,Right,INNER,1,0.528,0.528,False,0.466,10.0,0
Note_003330,64,121008.24,21.01,Right,INNER,3,0.528,0.528,False,0.466,10.0,0
Note_003331,59,121029.25,105.04,Right,INNER,2,0.646,0.646,False,0.466,10.0,0
Note_003332,64,121029.25,105.04,Right,MELODY,4,0.646,0.646,False,0.466,10.0,0
Note_003333,59,121134.29,126.05,Right,INNER,1,0.575,0.575,False,0.466,5.0,0
Note_003334,64,121134.29,126.05,Right,MELODY,4,0.575,0.575,False,0.466,5.0,0
Note_003335,30,121260.34,378.15,Left,BASS,5,1.0,1.0,True,0.126,-5.0,12
Note_003336,30,121260.34,378.15,Left,INNER,3,1.0,1.0,True,0.126,-5.0,12
Note_003337,36,121260.34,31.51,Left,INNER,2,0.85,0.85,False,0.126,-5.0,12
Note_003338,61,121260.34,21.01,Right,INNER,1,0.512,0.512,True,0.517,0.0,12
Note_003339,66,121260.34,2016.8,Right,INNER,3,0.795,0.795,True,0.517,0.0,12
Note_003340,66,121260.34,378.15,Right,INNER,4,0.528,0.528,True,0.517,0.0,12
Note_003341,76,121260.34,1008.4,Right,MELODY,5,0.591,0.591,False,0.517,0.0,12
Note_003342,61,121281.35,357.14,Right,INNER,2,0.528,0.528,True,0.517,0.0,12
Note_003343,42,121386.39,31.51,Left,BASS,2,0.11,0.11,True,0.241,5.0,0
Note_003344,42,121512.44,31.51,Left,BASS,2,0.535,0.535,True,0.241,5.0,0
Note_003345,61,121638.49,126.05,Right,INNER,1,0.394,0.394,True,0.489,5.0,12
Note_003346,66,121638.49,126.05,Right,MELODY,4,0.394,0.394,True,0.489,5.0,12
Note_003347,30,121764.54,378.15,Left,BASS,5,1.0,1.0,True,0.126,-5.0,12
Note_003348,30,121764.54,378.15,Left,INNER,3,1.0,1.0,True,0.126,-5.0,12
Note_003349,36,121764.54,31.51,Left,INNER,2,0.85,0.85,False,0.126,-5.0,12
Note_003350,61,121764.54,378.15,Right,INNER,3,0.543,0.543,True,0.489,-5.0,0
Note_003351,66,121764.54,378.15,Right,MELODY,4,0.543,0.543,True,0.489,-5.0,0
Note_003352,42,121890.59,31.51,Left,BASS,2,0.213,0.213,True,0.241,5.0,0
Note_003353,42,122016.64,31.51,Left,BASS,2,0.535,0.535,True,0.241,5.0,0
Note_003354,56,122016.64,63.03,Right,INNER,1,0.354,0.354,True,0.431,15.0,12
Note_003355,61,122016.64,63.03,Right,MELODY,2,0.354,0.354,True,0.431,15.0,12
Note_003356,30,122142.69,252.1,Left,BASS,5,1.0,1.0,True,0.103,-15.0,12
Note_003357,30,122142.69,252.1,Left,INNER,4,1.0,1.0,True,0.103,-15.0,12
Note_003358,90,122142.69,63.03,Right,MELODY,3,0.669,0.669,True,0.793,0.0,0
Note_003359,92,122205.72,63.03,Right,MELODY,4,0.669,0.669,True,0.816,-5.0,0
Note_003360,36,122268.74,31.51,Left,BASS,3,0.85,0.85,False,0.172,-0.0,0
Note_003361,90,122268.74,1008.4,Right,MELODY,1,0.669,0.669,True,0.793,10.0,12
Note_003362,42,122394.79,31.51,Left,BASS,2,0.11,0.11,True,0.241,5.0,0
Note_003363,56,122394.79,63.03,Right,INNER,2,0.354,0.354,True,0.46,-10.0,-12
Note_003364,61,122394.79,63.03,Right,INNER,3,0.354,0.354,True,0.46,-10.0,-12
Note_003365,61,122394.79,378.15,Right,INNER,4,0.654,0.654,True,0.46,-10.0,-12
Note_003366,66,122394.79,378.15,Right,MELODY,5,0.654,0.654,True,0.46,-10.0,-12
Note_003367,30,122520.84,252.1,Left,BASS,3,1.0,1.0,True,0.149,15.0,-12
Note_003368,30,122520.84,252.1,Left,INNER,2,1.0,1.0,True,0.149,15.0,-12
Note_003369,42,122520.84,31.51,Left,INNER,1,0.535,0.535,True,0.149,15.0,-12
Note_003370,56,122520.84,63.03,Right,INNER,1,0.354,0.354,True,0.431,15.0,12
Note_003371,61,122520.84,63.03,Right,MELODY,2,0.354,0.354,True,0.431,15.0,12
Note_003372,56,122646.89,63.03,Right,INNER,2,0.354,0.354,True,0.431,5.0,0
Note_003373,61,122646.89,63.03,Right,MELODY,3,0.354,0.354,True,0.431,5.0,0
Note_003374,40,122688.91,31.51,Left,BASS,5,0.535,0.535,False,0.218,-10.0,0
Note_003375,36,122772.94,31.51,Left,BASS,5,0.85,0.85,False,0.195,-0.0,0
Note_003376,40,122772.94,31.51,Left,INNER,1,0.74,0.74,False,0.195,-0.0,0
Note_003377,56,122772.94,63.03,Right,INNER,0,0.354,0.354,True,0.469,-0.0,0
Note_003378,61,122772.94,63.03,Right,INNER,1,0.354,0.354,True,0.469,-0.0,0
Note_003379,61,122772.94,21.01,Right,INNER,2,0.528,0.528,True,0.469,-0.0,0
Note_003380,66,122772.94,21.01,Right,INNER,5,0.528,0.528,True,0.469,-0.0,0
Note_003381,61,122793.95,105.04,Right,INNER,3,0.598,0.598,True,0.469,-0.0,0
Note_003382,66,122793.95,105.04,Right,MELODY,4,0.598,0.598,True,0.469,-0.0,0
Note_003383,30,122898.99,378.15,Left,BASS,3,1.0,1.0,True,0.149,15.0,-12
Note_003384,30,122898.99,378.15,Left,INNER,2,1.0,1.0,True,0.149,15.0,-12
Note_003385,42,122898.99,31.51,Left,INNER,1,0.11,0.11,True,0.149,15.0,-12
Note_003386,56,122898.99,63.03,Right,INNER,1,0.354,0.354,True,0.46,5.0,0
Note_003387,61,122898.99,63.03,Right,INNER,2,0.354,0.354,True,0.46,5.0,0
Note_003388,61,122898.99,126.05,Right,INNER,3,0.449,0.449,True,0.46,5.0,0
Note_003389,66,122898.99,126.05,Right,MELODY,5,0.449,0.449,True,0.46,5.0,0
Note_003390,40,122941.01,31.51,Left,BASS,5,0.535,0.535,False,0.218,-10.0,0
Note_003391,42,123025.04,31.51,Left,BASS,2,0.535,0.535,True,0.241,5.0,0
Note_003392,61,123025.04,21.01,Right,INNER,1,0.528,0.528,True,0.489,10.0,12
Note_003393,66,123025.04,21.01,Right,INNER,3,0.528,0.528,True,0.489,10.0,12
Note_003394,61,123046.05,105.04,Right,INNER,2,0.646,0.646,True,0.489,10.0,12
Note_003395,66,123046.05,105.04,Right,MELODY,4,0.646,0.646,True,0.489,10.0,12
Note_003396,61,123151.09,126.05,Right,INNER,2,0.575,0.575,True,0.489,0.0,0
Note_003397,66,123151.09,126.05,Right,MELODY,4,0.575,0.575,True,0.489,0.0,0
